StationID,Date,Time,Temp,RelHum,Rain,SolarRad
1,22/07/20,13:30,25.8,60,0.00,491
1,22/07/20,14:00,25.8,59,0.00,476
1,22/07/20,14:30,26.1,58,0.00,365
1,22/07/20,15:00,26.0,58,0.00,316
1,22/07/20,15:30,26.2,58,0.00,299
1,22/07/20,16:00,25.8,60,0.00,243
1,22/07/20,16:30,26.3,59,0.00,238
1,22/07/20,17:00,25.6,61,0.00,103
1,22/07/20,17:30,23.6,69,0.00,29
1,22/07/20,18:00,23.1,71,0.00,7
1,22/07/20,18:30,22.6,72,0.00,0
1,22/07/20,19:00,22.3,73,0.00,0
1,22/07/20,19:30,21.7,75,0.00,0
1,22/07/20,20:00,21.7,76,0.00,0
1,22/07/20,20:30,21.1,78,0.00,0
1,22/07/20,21:00,20.1,82,0.00,0
1,22/07/20,21:30,20.3,81,0.00,0
1,22/07/20,22:00,20.1,82,0.00,0
1,22/07/20,22:30,20.2,81,0.00,0
1,22/07/20,23:00,20.1,80,0.00,0
1,22/07/20,23:30,20.0,80,0.00,0
1,23/07/20,00:00,19.8,80,0.00,0
1,23/07/20,0:30,19.8,80,0.00,0
1,23/07/20,1:00,19.5,81,0.00,0
1,23/07/20,1:30,19.1,82,0.00,0
1,23/07/20,2:00,18.9,82,0.00,0
1,23/07/20,2:30,18.6,84,0.00,0
1,23/07/20,3:00,18.3,85,0.00,0
1,23/07/20,3:30,18.4,84,0.00,0
1,23/07/20,4:00,18.2,84,0.00,0
1,23/07/20,4:30,18.3,84,0.00,0
1,23/07/20,5:00,17.4,87,0.00,0
1,23/07/20,5:30,18.6,83,0.00,0
1,23/07/20,6:00,18.1,84,0.00,0
1,23/07/20,6:30,17.8,84,0.00,0
1,23/07/20,7:00,16.2,90,0.00,0
1,23/07/20,7:30,17.4,86,0.00,0
1,23/07/20,8:00,17.9,84,0.00,17
1,23/07/20,8:30,17.8,84,0.00,54
1,23/07/20,9:00,18.6,82,0.00,133
1,23/07/20,9:30,19.1,82,0.00,217
1,23/07/20,10:00,20.3,78,0.00,305
1,23/07/20,10:30,21.1,74,0.00,428
1,23/07/20,11:00,21.3,73,0.00,516
1,23/07/20,11:30,21.3,71,0.00,488
1,23/07/20,12:00,22.2,69,0.00,562
1,23/07/20,12:30,23.1,68,0.00,629
1,23/07/20,13:00,23.3,69,0.00,597
1,23/07/20,13:30,24.5,61,0.00,439
1,23/07/20,14:00,25.7,56,0.00,484
1,23/07/20,14:30,26.1,57,0.00,397
1,23/07/20,15:00,26.0,55,0.00,342
1,23/07/20,15:30,25.8,55,0.00,287
1,23/07/20,16:00,25.1,60,0.00,191
1,23/07/20,16:30,24.9,64,0.00,173
1,23/07/20,17:00,24.2,65,0.00,131
1,23/07/20,17:30,22.9,69,0.00,65
1,23/07/20,18:00,22.1,72,0.00,15
1,23/07/20,18:30,21.4,73,0.00,0
1,23/07/20,19:00,20.9,75,0.00,0
1,23/07/20,19:30,20.7,75,0.00,0
1,23/07/20,20:00,20.4,76,0.00,0
1,23/07/20,20:30,20.7,76,0.00,0
1,23/07/20,21:00,20.6,76,0.00,0
1,23/07/20,21:30,20.1,78,0.00,0
1,23/07/20,22:00,20.1,78,0.00,0
1,23/07/20,22:30,19.7,80,0.00,0
1,23/07/20,23:00,19.5,80,0.00,0
1,23/07/20,23:30,19.5,80,0.00,0
1,24/07/20,00:00,19.5,79,0.00,0
1,24/07/20,0:30,19.3,79,0.00,0
1,24/07/20,1:00,19.5,78,0.00,0
1,24/07/20,1:30,19.5,78,0.00,0
1,24/07/20,2:00,19.6,77,0.00,0
1,24/07/20,2:30,19.2,77,0.00,0
1,24/07/20,3:00,18.1,82,0.00,0
1,24/07/20,3:30,18.1,82,0.00,0
1,24/07/20,4:00,17.6,84,0.00,0
1,24/07/20,4:30,15.7,94,0.00,0
1,24/07/20,5:00,15.5,95,0.00,0
1,24/07/20,5:30,15.4,96,0.00,0
1,24/07/20,6:00,15.1,96,0.00,0
1,24/07/20,6:30,14.6,96,0.00,0
1,24/07/20,7:00,14.3,96,0.00,0
1,24/07/20,7:30,13.7,96,0.00,0
1,24/07/20,8:00,12.7,96,0.00,0
1,24/07/20,8:30,11.8,96,0.00,11
1,24/07/20,9:00,11.6,96,0.00,32
1,24/07/20,9:30,11.3,95,0.00,49
1,24/07/20,10:00,11.6,94,0.00,77
1,24/07/20,10:30,11.2,93,0.00,65
1,24/07/20,11:00,11.1,93,0.00,127
1,24/07/20,11:30,11.3,94,0.00,189
1,24/07/20,12:00,11.1,94,0.00,153
1,24/07/20,12:30,10.4,96,0.00,83
1,24/07/20,13:00,10.8,92,0.00,74
1,24/07/20,13:30,10.9,90,0.00,86
1,24/07/20,14:00,10.9,88,0.00,69
1,24/07/20,14:30,10.7,88,0.00,74
1,24/07/20,15:00,10.3,87,0.00,57
1,24/07/20,15:30,9.9,89,0.00,32
1,24/07/20,16:00,9.7,89,0.00,24
1,24/07/20,16:30,8.8,93,0.00,11
1,24/07/20,17:00,8.8,92,0.00,6
1,24/07/20,17:30,8.8,91,0.00,2
1,24/07/20,18:00,8.6,92,0.00,0
1,24/07/20,18:30,8.2,94,1.27,0
1,24/07/20,19:00,7.9,94,0.51,0
1,24/07/20,19:30,7.4,93,0.51,0
1,24/07/20,20:00,7.3,94,0.00,0
1,24/07/20,20:30,7.3,95,0.51,0
1,24/07/20,21:00,6.8,96,2.54,0
1,24/07/20,21:30,6.9,96,0.51,0
1,24/07/20,22:00,6.7,96,2.03,0
1,24/07/20,22:30,6.5,96,4.06,0
1,24/07/20,23:00,6.4,96,4.32,0
1,24/07/20,23:30,6.4,97,2.29,0
1,25/07/20,00:00,6.2,96,2.79,0
1,25/07/20,0:30,6.1,96,3.56,0
1,25/07/20,1:00,6.1,96,2.29,0
1,25/07/20,1:30,5.6,95,5.08,0
1,25/07/20,2:00,5.5,96,1.27,0
1,25/07/20,2:30,5.2,95,0.76,0
1,25/07/20,3:00,4.7,95,0.76,0
1,25/07/20,3:30,4.8,95,1.02,0
1,25/07/20,4:00,4.8,96,0.51,0
1,25/07/20,4:30,5.1,96,0.00,0
1,25/07/20,5:00,5.3,95,0.25,0
1,25/07/20,5:30,5.3,94,0.00,0
1,25/07/20,6:00,5.3,94,0.00,0
1,25/07/20,6:30,5.4,95,0.00,0
1,25/07/20,7:00,5.5,94,0.00,0
1,25/07/20,7:30,5.4,93,0.00,0
1,25/07/20,8:00,5.4,92,0.00,7
1,25/07/20,8:30,5.3,92,0.00,43
1,25/07/20,9:00,5.8,90,0.00,131
1,25/07/20,9:30,6.6,87,0.00,234
1,25/07/20,10:00,7.3,83,0.00,340
1,25/07/20,10:30,8.2,81,0.00,436
1,25/07/20,11:00,9.1,76,0.00,510
1,25/07/20,11:30,9.8,73,0.00,559
1,25/07/20,12:00,10.2,70,0.00,598
1,25/07/20,12:30,10.8,66,0.00,616
1,25/07/20,13:00,11.3,62,0.00,618
1,25/07/20,13:30,11.8,60,0.00,606
1,25/07/20,14:00,12.4,53,0.00,580
1,25/07/20,14:30,12.3,52,0.00,537
1,25/07/20,15:00,12.6,58,0.00,478
1,25/07/20,15:30,12.8,59,0.00,409
1,25/07/20,16:00,12.5,57,0.00,326
1,25/07/20,16:30,12.3,56,0.00,235
1,25/07/20,17:00,11.9,60,0.00,126
1,25/07/20,17:30,11.3,57,0.00,36
1,25/07/20,18:00,9.6,66,0.00,9
1,25/07/20,18:30,8.3,71,0.00,0
1,25/07/20,19:00,8.2,69,0.00,0
1,25/07/20,19:30,7.5,72,0.00,0
1,25/07/20,20:00,7.3,72,0.00,0
1,25/07/20,20:30,6.7,74,0.00,0
1,25/07/20,21:00,7.3,69,0.00,0
1,25/07/20,21:30,7.4,68,0.00,0
1,25/07/20,22:00,6.5,72,0.00,0
1,25/07/20,22:30,6.0,74,0.00,0
1,25/07/20,23:00,5.8,75,0.00,0
1,25/07/20,23:30,5.8,75,0.00,0
1,26/07/20,00:00,6.6,72,0.00,0
1,26/07/20,0:30,6.4,73,0.00,0
1,26/07/20,1:00,6.7,71,0.00,0
1,26/07/20,1:30,6.2,73,0.00,0
1,26/07/20,2:00,5.7,75,0.00,0
1,26/07/20,2:30,6.1,73,0.00,0
1,26/07/20,3:00,5.7,75,0.00,0
1,26/07/20,3:30,5.4,76,0.00,0
1,26/07/20,4:00,5.3,76,0.00,0
1,26/07/20,4:30,5.4,76,0.00,0
1,26/07/20,5:00,5.4,77,0.00,0
1,26/07/20,5:30,4.3,81,0.00,0
1,26/07/20,6:00,4.4,85,0.00,0
1,26/07/20,6:30,4.6,83,0.00,0
1,26/07/20,7:00,4.4,84,0.00,0
1,26/07/20,7:30,4.7,84,0.00,0
1,26/07/20,8:00,6.1,78,0.00,18
1,26/07/20,8:30,5.6,81,0.00,91
1,26/07/20,9:00,6.2,82,0.00,200
1,26/07/20,9:30,7.2,80,0.00,305
1,26/07/20,10:00,7.3,82,0.00,390
1,26/07/20,10:30,8.8,79,0.00,465
1,26/07/20,11:00,10.0,71,0.00,528
1,26/07/20,11:30,10.9,69,0.00,577
1,26/07/20,12:00,11.7,66,0.00,611
1,26/07/20,12:30,12.8,65,0.00,627
1,26/07/20,13:00,13.1,63,0.00,637
1,26/07/20,13:30,13.9,61,0.00,596
1,26/07/20,14:00,14.7,54,0.00,613
1,26/07/20,14:30,14.6,53,0.00,550
1,26/07/20,15:00,14.6,51,0.00,461
1,26/07/20,15:30,14.8,52,0.00,424
1,26/07/20,16:00,15.0,55,0.00,331
1,26/07/20,16:30,14.8,57,0.00,238
1,26/07/20,17:00,14.5,55,0.00,130
1,26/07/20,17:30,13.6,57,0.00,40
1,26/07/20,18:00,11.9,63,0.00,7
1,26/07/20,18:30,11.3,64,0.00,0
1,26/07/20,19:00,10.6,68,0.00,0
1,26/07/20,19:30,10.0,71,0.00,0
1,26/07/20,20:00,10.4,70,0.00,0
1,26/07/20,20:30,10.7,70,0.00,0
1,26/07/20,21:00,10.4,70,0.00,0
1,26/07/20,21:30,9.9,72,0.00,0
1,26/07/20,22:00,9.2,75,0.00,0
1,26/07/20,22:30,9.2,75,0.00,0
1,26/07/20,23:00,8.8,77,0.00,0
1,26/07/20,23:30,9.1,76,0.00,0
1,27/07/20,00:00,9.1,76,0.00,0
1,27/07/20,0:30,8.8,78,0.00,0
1,27/07/20,1:00,9.1,76,0.00,0
1,27/07/20,1:30,9.8,74,0.00,0
1,27/07/20,2:00,9.6,75,0.00,0
1,27/07/20,2:30,9.7,74,0.00,0
1,27/07/20,3:00,9.7,74,0.00,0
1,27/07/20,3:30,9.1,75,0.00,0
1,27/07/20,4:00,9.6,74,0.00,0
1,27/07/20,4:30,9.9,73,0.00,0
1,27/07/20,5:00,9.6,75,0.00,0
1,27/07/20,5:30,9.7,74,0.00,0
1,27/07/20,6:00,9.6,75,0.00,0
1,27/07/20,6:30,9.5,75,0.00,0
1,27/07/20,7:00,9.1,77,0.00,0
1,27/07/20,7:30,9.0,78,0.00,0
1,27/07/20,8:00,9.1,79,0.00,30
1,27/07/20,8:30,10.8,76,0.00,128
1,27/07/20,9:00,10.6,78,0.00,121
1,27/07/20,9:30,11.1,77,0.00,178
1,27/07/20,10:00,13.2,72,0.00,318
1,27/07/20,10:30,13.9,70,0.00,432
1,27/07/20,11:00,13.8,73,0.00,348
1,27/07/20,11:30,14.3,71,0.00,313
1,27/07/20,12:00,15.1,68,0.00,408
1,27/07/20,12:30,14.7,67,0.00,262
1,27/07/20,13:00,14.9,65,0.00,252
1,27/07/20,13:30,15.1,64,0.00,246
1,27/07/20,14:00,15.8,64,0.00,281
1,27/07/20,14:30,14.7,68,0.00,213
1,27/07/20,15:00,14.0,68,0.00,145
1,27/07/20,15:30,13.8,66,0.00,153
1,27/07/20,16:00,13.8,68,0.00,145
1,27/07/20,16:30,13.4,75,0.00,73
1,27/07/20,17:00,13.1,76,0.00,51
1,27/07/20,17:30,12.6,76,0.00,16
1,27/07/20,18:00,12.3,72,0.00,3
1,27/07/20,18:30,12.2,73,0.00,0
1,27/07/20,19:00,11.7,79,0.00,0
1,27/07/20,19:30,11.4,80,0.00,0
1,27/07/20,20:00,11.1,82,0.25,0
1,27/07/20,20:30,10.9,82,0.00,0
1,27/07/20,21:00,11.1,82,0.00,0
1,27/07/20,21:30,10.8,83,0.00,0
1,27/07/20,22:00,10.6,86,0.00,0
1,27/07/20,22:30,10.5,86,0.00,0
1,27/07/20,23:00,10.1,90,0.25,0
1,27/07/20,23:30,10.0,90,0.00,0
1,28/07/20,00:00,9.8,88,0.00,0
1,28/07/20,0:30,9.7,86,0.00,0
1,28/07/20,1:00,9.7,89,0.00,0
1,28/07/20,1:30,9.8,91,0.00,0
1,28/07/20,2:00,9.7,93,0.00,0
1,28/07/20,2:30,9.8,90,0.00,0
1,28/07/20,3:00,9.2,93,0.00,0
1,28/07/20,3:30,8.7,93,0.00,0
1,28/07/20,4:00,8.2,79,0.00,0
1,28/07/20,4:30,7.1,82,0.00,0
1,28/07/20,5:00,6.3,83,0.00,0
1,28/07/20,5:30,5.6,85,0.00,0
1,28/07/20,6:00,5.0,85,0.00,0
1,28/07/20,6:30,3.9,89,0.00,0
1,28/07/20,7:00,3.3,90,0.00,0
1,28/07/20,7:30,3.0,91,0.00,0
1,28/07/20,8:00,3.2,91,0.00,25
1,28/07/20,8:30,3.6,91,0.00,75
1,28/07/20,9:00,4.1,90,0.00,157
1,28/07/20,9:30,5.1,85,0.00,314
1,28/07/20,10:00,5.8,81,0.00,408
1,28/07/20,10:30,6.5,71,0.00,487
1,28/07/20,11:00,6.7,71,0.00,537
1,28/07/20,11:30,7.2,68,0.00,632
1,28/07/20,12:00,8.1,68,0.00,713
1,28/07/20,12:30,7.5,66,0.00,608
1,28/07/20,13:00,8.1,67,0.00,663
1,28/07/20,13:30,8.1,67,0.00,649
1,28/07/20,14:00,8.4,63,0.00,571
1,28/07/20,14:30,8.9,64,0.00,578
1,28/07/20,15:00,9.1,64,0.00,513
1,28/07/20,15:30,9.0,60,0.00,485
1,28/07/20,16:00,8.1,60,0.00,303
1,28/07/20,16:30,8.6,60,0.00,228
1,28/07/20,17:00,8.2,64,0.00,114
1,28/07/20,17:30,7.5,69,0.00,50
1,28/07/20,18:00,6.8,69,0.00,12
1,28/07/20,18:30,5.9,73,0.00,0
1,28/07/20,19:00,5.8,73,0.00,0
1,28/07/20,19:30,6.1,72,0.00,0
1,28/07/20,20:00,6.0,72,0.00,0
1,28/07/20,20:30,5.4,75,0.00,0
1,28/07/20,21:00,5.1,76,0.00,0
1,28/07/20,21:30,4.5,78,0.00,0
1,28/07/20,22:00,3.9,82,0.00,0
1,28/07/20,22:30,3.6,82,0.00,0
1,28/07/20,23:00,3.3,82,0.00,0
1,28/07/20,23:30,3.2,82,0.00,0
1,29/07/20,00:00,2.8,83,0.00,0
1,29/07/20,0:30,2.9,82,0.00,0
1,29/07/20,1:00,2.2,84,0.00,0
1,29/07/20,1:30,1.9,86,0.00,0
1,29/07/20,2:00,1.2,84,0.00,0
1,29/07/20,2:30,1.5,82,0.00,0
1,29/07/20,3:00,1.2,86,0.00,0
1,29/07/20,3:30,0.8,89,0.00,0
1,29/07/20,4:00,0.9,91,0.00,0
1,29/07/20,4:30,1.1,89,0.00,0
1,29/07/20,5:00,0.7,89,0.00,0
1,29/07/20,5:30,0.6,89,0.00,0
1,29/07/20,6:00,0.8,88,0.00,0
1,29/07/20,6:30,0.6,88,0.00,0
1,29/07/20,7:00,0.6,87,0.00,0
1,29/07/20,7:30,0.6,87,0.00,1
1,29/07/20,8:00,2.1,82,0.00,30
1,29/07/20,8:30,2.9,79,0.00,131
1,29/07/20,9:00,3.6,78,0.00,238
1,29/07/20,9:30,3.4,78,0.00,327
1,29/07/20,10:00,4.3,75,0.00,413
1,29/07/20,10:30,5.7,71,0.00,489
1,29/07/20,11:00,6.3,67,0.00,552
1,29/07/20,11:30,7.1,67,0.00,601
1,29/07/20,12:00,7.8,65,0.00,637
1,29/07/20,12:30,8.8,64,0.00,653
1,29/07/20,13:00,8.8,65,0.00,654
1,29/07/20,13:30,9.6,63,0.00,639
1,29/07/20,14:00,9.7,63,0.00,608
1,29/07/20,14:30,10.3,62,0.00,562
1,29/07/20,15:00,10.6,62,0.00,502
1,29/07/20,15:30,10.6,61,0.00,429
1,29/07/20,16:00,10.4,60,0.00,346
1,29/07/20,16:30,10.7,61,0.00,253
1,29/07/20,17:00,10.2,61,0.00,143
1,29/07/20,17:30,9.4,63,0.00,47
1,29/07/20,18:00,8.1,66,0.00,10
1,29/07/20,18:30,7.4,69,0.00,0
1,29/07/20,19:00,6.9,71,0.00,0
1,29/07/20,19:30,6.1,74,0.00,0
1,29/07/20,20:00,6.0,76,0.00,0
1,29/07/20,20:30,5.9,76,0.00,0
1,29/07/20,21:00,5.7,78,0.00,0
1,29/07/20,21:30,5.2,80,0.00,0
1,29/07/20,22:00,5.4,79,0.00,0
1,29/07/20,22:30,5.4,79,0.00,0
1,29/07/20,23:00,5.5,79,0.00,0
1,29/07/20,23:30,5.6,79,0.00,0
1,30/07/20,00:00,4.5,82,0.00,0
1,30/07/20,0:30,3.7,84,0.00,0
1,30/07/20,1:00,4.3,85,0.00,0
1,30/07/20,1:30,4.3,84,0.00,0
1,30/07/20,2:00,4.1,84,0.00,0
1,30/07/20,2:30,3.6,85,0.00,0
1,30/07/20,3:00,2.9,88,0.00,0
1,30/07/20,3:30,2.8,87,0.00,0
1,30/07/20,4:00,2.8,87,0.00,0
1,30/07/20,4:30,3.3,88,0.00,0
1,30/07/20,5:00,3.2,86,0.00,0
1,30/07/20,5:30,3.6,86,0.00,0
1,30/07/20,6:00,3.4,86,0.00,0
1,30/07/20,6:30,4.1,85,0.00,0
1,30/07/20,7:00,4.3,86,0.00,0
1,30/07/20,7:30,4.3,85,0.00,1
1,30/07/20,8:00,4.8,84,0.00,24
1,30/07/20,8:30,5.7,84,0.00,108
1,30/07/20,9:00,6.6,83,0.00,222
1,30/07/20,9:30,7.6,78,0.00,329
1,30/07/20,10:00,8.4,75,0.00,419
1,30/07/20,10:30,9.1,73,0.00,496
1,30/07/20,11:00,10.0,70,0.00,559
1,30/07/20,11:30,10.9,70,0.00,608
1,30/07/20,12:00,11.8,63,0.00,641
1,30/07/20,12:30,12.4,62,0.00,658
1,30/07/20,13:00,12.9,60,0.00,661
1,30/07/20,13:30,13.1,55,0.00,647
1,30/07/20,14:00,13.6,59,0.00,617
1,30/07/20,14:30,13.4,58,0.00,571
1,30/07/20,15:00,13.3,57,0.00,509
1,30/07/20,15:30,13.2,60,0.00,436
1,30/07/20,16:00,13.3,61,0.00,350
1,30/07/20,16:30,13.3,63,0.00,258
1,30/07/20,17:00,13.1,63,0.00,148
1,30/07/20,17:30,12.6,64,0.00,54
1,30/07/20,18:00,11.3,68,0.00,13
1,30/07/20,18:30,10.4,73,0.00,0
1,30/07/20,19:00,9.7,76,0.00,0
1,30/07/20,19:30,9.2,78,0.00,0
1,30/07/20,20:00,9.1,80,0.00,0
1,30/07/20,20:30,8.8,82,0.00,0
1,30/07/20,21:00,8.6,83,0.00,0
1,30/07/20,21:30,8.2,85,0.00,0
1,30/07/20,22:00,8.1,86,0.00,0
1,30/07/20,22:30,8.0,87,0.00,0
1,30/07/20,23:00,8.1,87,0.00,0
1,30/07/20,23:30,7.6,89,0.00,0
1,31/07/20,00:00,7.7,88,0.00,0
1,31/07/20,0:30,7.9,88,0.00,0
1,31/07/20,1:00,8.7,86,0.00,0
1,31/07/20,1:30,9.0,87,0.00,0
1,31/07/20,2:00,8.8,88,0.00,0
1,31/07/20,2:30,8.6,89,0.00,0
1,31/07/20,3:00,8.3,91,0.00,0
1,31/07/20,3:30,7.9,92,0.00,0
1,31/07/20,4:00,7.8,91,0.00,0
1,31/07/20,4:30,7.4,92,0.00,0
1,31/07/20,5:00,7.3,93,0.00,0
1,31/07/20,5:30,7.0,93,0.00,0
1,31/07/20,6:00,7.1,93,0.00,0
1,31/07/20,6:30,7.1,92,0.00,0
1,31/07/20,7:00,6.8,93,0.00,0
1,31/07/20,7:30,6.8,92,0.00,2
1,31/07/20,8:00,6.6,92,0.00,34
1,31/07/20,8:30,7.9,89,0.00,127
1,31/07/20,9:00,8.8,87,0.00,219
1,31/07/20,9:30,10.2,83,0.00,317
1,31/07/20,10:00,11.3,79,0.00,399
1,31/07/20,10:30,11.4,79,0.00,476
1,31/07/20,11:00,12.8,76,0.00,540
1,31/07/20,11:30,13.9,74,0.00,586
1,31/07/20,12:00,15.3,72,0.00,618
1,31/07/20,12:30,16.1,67,0.00,635
1,31/07/20,13:00,16.4,65,0.00,431
1,31/07/20,13:30,17.0,64,0.00,407
1,31/07/20,14:00,17.4,63,0.00,418
1,31/07/20,14:30,17.8,66,0.00,345
1,31/07/20,15:00,17.7,63,0.00,291
1,31/07/20,15:30,17.9,64,0.00,325
1,31/07/20,16:00,18.1,63,0.00,246
1,31/07/20,16:30,18.4,62,0.00,206
1,31/07/20,17:00,17.9,65,0.00,121
1,31/07/20,17:30,17.6,66,0.00,60
1,31/07/20,18:00,15.9,73,0.00,12
1,31/07/20,18:30,15.3,76,0.00,0
1,31/07/20,19:00,15.1,77,0.00,0
1,31/07/20,19:30,14.7,78,0.00,0
1,31/07/20,20:00,13.4,85,2.29,0
1,31/07/20,20:30,13.5,84,0.25,0
1,31/07/20,21:00,13.3,86,0.25,0
1,31/07/20,21:30,13.3,86,0.00,0
1,31/07/20,22:00,13.3,85,0.51,0
1,31/07/20,22:30,13.1,87,0.25,0
1,31/07/20,23:00,13.1,86,0.25,0
1,31/07/20,23:30,13.1,85,0.00,0
1,01/08/20,00:00,13.2,85,0.00,0
1,01/08/20,0:30,13.2,83,0.00,0
1,01/08/20,1:00,13.5,81,0.00,0
1,01/08/20,1:30,13.6,80,0.00,0
1,01/08/20,2:00,13.3,82,0.00,0
1,01/08/20,2:30,13.3,82,0.00,0
1,01/08/20,3:00,13.3,82,0.00,0
1,01/08/20,3:30,13.1,84,0.00,0
1,01/08/20,4:00,13.4,82,0.00,0
1,01/08/20,4:30,13.4,82,0.00,0
1,01/08/20,5:00,14.0,80,0.00,0
1,01/08/20,5:30,13.8,81,0.00,0
1,01/08/20,6:00,13.3,83,0.00,0
1,01/08/20,6:30,14.0,80,0.00,0
1,01/08/20,7:00,14.2,79,0.00,0
1,01/08/20,7:30,13.9,80,0.00,2
1,01/08/20,8:00,14.5,78,0.00,30
1,01/08/20,8:30,14.8,77,0.00,106
1,01/08/20,9:00,15.4,77,0.00,116
1,01/08/20,9:30,16.7,73,0.00,271
1,01/08/20,10:00,17.2,72,0.00,372
1,01/08/20,10:30,17.6,71,0.00,412
1,01/08/20,11:00,17.8,71,0.00,509
1,01/08/20,11:30,18.2,72,0.00,549
1,01/08/20,12:00,18.6,73,0.00,596
1,01/08/20,12:30,19.2,73,0.00,617
1,01/08/20,13:00,20.1,70,0.00,619
1,01/08/20,13:30,20.4,68,0.00,604
1,01/08/20,14:00,20.9,70,0.00,573
1,01/08/20,14:30,21.6,64,0.00,531
1,01/08/20,15:00,21.9,66,0.00,474
1,01/08/20,15:30,22.0,61,0.00,403
1,01/08/20,16:00,21.9,60,0.00,323
1,01/08/20,16:30,21.7,61,0.00,235
1,01/08/20,17:00,20.8,63,0.00,136
1,01/08/20,17:30,20.0,64,0.00,52
1,01/08/20,18:00,18.4,72,0.00,13
1,01/08/20,18:30,17.6,76,0.00,0
1,01/08/20,19:00,17.2,78,0.00,0
1,01/08/20,19:30,16.7,80,0.00,0
1,01/08/20,20:00,16.2,81,0.00,0
1,01/08/20,20:30,15.8,83,0.00,0
1,01/08/20,21:00,15.4,85,0.00,0
1,01/08/20,21:30,15.4,85,0.00,0
1,01/08/20,22:00,14.6,87,0.00,0
1,01/08/20,22:30,14.3,88,0.00,0
1,01/08/20,23:00,14.2,88,0.00,0
1,01/08/20,23:30,14.5,88,0.00,0
1,02/08/20,00:00,13.9,89,0.00,0
1,02/08/20,0:30,14.3,88,0.00,0
1,02/08/20,1:00,13.7,89,0.00,0
1,02/08/20,1:30,14.1,89,0.00,0
1,02/08/20,2:00,14.1,87,0.00,0
1,02/08/20,2:30,14.2,87,0.00,0
1,02/08/20,3:00,13.8,87,0.00,0
1,02/08/20,3:30,13.6,87,0.00,0
1,02/08/20,4:00,13.8,85,0.00,0
1,02/08/20,4:30,14.1,83,0.00,0
1,02/08/20,5:00,14.0,83,0.00,0
1,02/08/20,5:30,14.3,82,0.00,0
1,02/08/20,6:00,14.6,80,0.00,0
1,02/08/20,6:30,15.3,76,0.00,0
1,02/08/20,7:00,15.3,76,0.00,0
1,02/08/20,7:30,15.4,74,0.00,0
1,02/08/20,8:00,15.2,75,0.00,13
1,02/08/20,8:30,15.2,74,0.00,48
1,02/08/20,9:00,15.7,73,0.00,97
1,02/08/20,9:30,16.5,72,0.00,243
1,02/08/20,10:00,16.9,70,0.00,301
1,02/08/20,10:30,17.4,69,0.00,344
1,02/08/20,11:00,19.7,67,0.00,482
1,02/08/20,11:30,19.8,68,0.00,566
1,02/08/20,12:00,20.5,69,0.00,520
1,02/08/20,12:30,21.1,68,0.00,450
1,02/08/20,13:00,21.7,68,0.00,426
1,02/08/20,13:30,22.2,69,0.00,396
1,02/08/20,14:00,23.4,68,0.00,477
1,02/08/20,14:30,24.3,62,0.00,358
1,02/08/20,15:00,24.7,62,0.00,464
1,02/08/20,15:30,24.9,60,0.00,401
1,02/08/20,16:00,25.0,61,0.00,329
1,02/08/20,16:30,25.3,57,0.00,239
1,02/08/20,17:00,25.0,61,0.00,139
1,02/08/20,17:30,23.5,67,0.00,55
1,02/08/20,18:00,22.3,71,0.00,13
1,02/08/20,18:30,21.4,74,0.00,0
1,02/08/20,19:00,21.2,76,0.00,0
1,02/08/20,19:30,20.7,78,0.00,0
1,02/08/20,20:00,20.3,80,0.00,0
1,02/08/20,20:30,19.9,81,0.00,0
1,02/08/20,21:00,19.9,80,0.00,0
1,02/08/20,21:30,20.2,77,0.00,0
1,02/08/20,22:00,19.8,78,0.00,0
1,02/08/20,22:30,19.1,81,0.00,0
1,02/08/20,23:00,18.9,81,0.00,0
1,02/08/20,23:30,19.3,79,0.00,0
1,03/08/20,00:00,19.3,79,0.00,0
1,03/08/20,0:30,19.2,80,0.00,0
1,03/08/20,1:00,19.2,80,0.00,0
1,03/08/20,1:30,19.1,81,0.00,0
1,03/08/20,2:00,18.7,81,0.00,0
1,03/08/20,2:30,18.9,79,0.00,0
1,03/08/20,3:00,19.1,77,0.00,0
1,03/08/20,3:30,19.3,76,0.00,0
1,03/08/20,4:00,18.3,80,0.00,0
1,03/08/20,4:30,18.5,80,0.00,0
1,03/08/20,5:00,17.3,85,0.00,0
1,03/08/20,5:30,17.3,85,0.00,0
1,03/08/20,6:00,17.1,86,0.00,0
1,03/08/20,6:30,17.9,82,0.00,0
1,03/08/20,7:00,17.3,85,0.00,0
1,03/08/20,7:30,17.8,82,0.00,1
1,03/08/20,8:00,18.3,81,0.00,27
1,03/08/20,8:30,19.4,77,0.00,98
1,03/08/20,9:00,20.0,77,0.00,200
1,03/08/20,9:30,20.8,75,0.00,295
1,03/08/20,10:00,21.2,76,0.00,383
1,03/08/20,10:30,21.2,77,0.00,458
1,03/08/20,11:00,21.8,76,0.00,520
1,03/08/20,11:30,22.7,74,0.00,568
1,03/08/20,12:00,23.5,72,0.00,603
1,03/08/20,12:30,24.3,65,0.00,621
1,03/08/20,13:00,24.8,63,0.00,624
1,03/08/20,13:30,25.3,62,0.00,614
1,03/08/20,14:00,25.7,60,0.00,584
1,03/08/20,14:30,26.2,55,0.00,541
1,03/08/20,15:00,26.3,53,0.00,483
1,03/08/20,15:30,26.3,56,0.00,414
1,03/08/20,16:00,26.3,47,0.00,334
1,03/08/20,16:30,25.7,51,0.00,245
1,03/08/20,17:00,25.0,58,0.00,144
1,03/08/20,17:30,23.9,63,0.00,55
1,03/08/20,18:00,22.6,68,0.00,14
1,03/08/20,18:30,21.9,68,0.00,0
1,03/08/20,19:00,21.3,69,0.00,0
1,03/08/20,19:30,20.6,71,0.00,0
1,03/08/20,20:00,20.4,76,0.00,0
1,03/08/20,20:30,20.2,78,0.00,0
1,03/08/20,21:00,20.3,78,0.00,0
1,03/08/20,21:30,20.4,77,0.00,0
1,03/08/20,22:00,20.1,77,0.00,0
1,03/08/20,22:30,19.8,76,0.00,0
1,03/08/20,23:00,19.8,74,0.00,0
1,03/08/20,23:30,19.4,77,0.00,0
1,04/08/20,00:00,17.4,85,0.00,0
1,04/08/20,0:30,17.4,85,0.00,0
1,04/08/20,1:00,16.6,87,0.00,0
1,04/08/20,1:30,16.9,86,0.00,0
1,04/08/20,2:00,18.1,80,0.00,0
1,04/08/20,2:30,17.0,84,0.00,0
1,04/08/20,3:00,17.1,83,0.00,0
1,04/08/20,3:30,17.5,79,0.00,0
1,04/08/20,4:00,16.9,79,0.00,0
1,04/08/20,4:30,17.2,77,0.00,0
1,04/08/20,5:00,17.1,76,0.00,0
1,04/08/20,5:30,16.8,77,0.00,0
1,04/08/20,6:00,16.9,77,0.00,0
1,04/08/20,6:30,16.6,77,0.00,0
1,04/08/20,7:00,16.1,78,0.00,0
1,04/08/20,7:30,15.7,79,0.00,2
1,04/08/20,8:00,16.6,75,0.00,29
1,04/08/20,8:30,16.8,76,0.00,107
1,04/08/20,9:00,17.9,75,0.00,217
1,04/08/20,9:30,18.9,73,0.00,317
1,04/08/20,10:00,20.1,69,0.00,404
1,04/08/20,10:30,21.1,65,0.00,480
1,04/08/20,11:00,21.1,67,0.00,545
1,04/08/20,11:30,21.7,65,0.00,596
1,04/08/20,12:00,22.3,64,0.00,631
1,04/08/20,12:30,23.2,61,0.00,651
1,04/08/20,13:00,23.6,55,0.00,653
1,04/08/20,13:30,23.9,56,0.00,641
1,04/08/20,14:00,24.5,48,0.00,610
1,04/08/20,14:30,24.9,49,0.00,564
1,04/08/20,15:00,24.8,49,0.00,504
1,04/08/20,15:30,24.9,50,0.00,433
1,04/08/20,16:00,24.8,50,0.00,352
1,04/08/20,16:30,24.8,47,0.00,264
1,04/08/20,17:00,24.5,48,0.00,158
1,04/08/20,17:30,23.3,51,0.00,61
1,04/08/20,18:00,21.9,55,0.00,13
1,04/08/20,18:30,20.3,60,0.00,0
1,04/08/20,19:00,19.9,61,0.00,0
1,04/08/20,19:30,19.3,65,0.00,0
1,04/08/20,20:00,18.8,66,0.00,0
1,04/08/20,20:30,18.8,64,0.00,0
1,04/08/20,21:00,18.3,66,0.00,0
1,04/08/20,21:30,17.8,66,0.00,0
1,04/08/20,22:00,17.8,66,0.00,0
1,04/08/20,22:30,17.9,65,0.00,0
1,04/08/20,23:00,17.7,64,0.00,0
1,04/08/20,23:30,17.3,64,0.00,0
1,05/08/20,00:00,16.9,66,0.00,0
1,05/08/20,0:30,16.9,66,0.00,0
1,05/08/20,1:00,16.2,68,0.00,0
1,05/08/20,1:30,16.2,68,0.00,0
1,05/08/20,2:00,16.3,67,0.00,0
1,05/08/20,2:30,16.6,68,0.00,0
1,05/08/20,3:00,16.9,66,0.00,0
1,05/08/20,3:30,16.7,68,0.00,0
1,05/08/20,4:00,16.6,68,0.00,0
1,05/08/20,4:30,16.7,68,0.00,0
1,05/08/20,5:00,16.6,68,0.00,0
1,05/08/20,5:30,16.7,68,0.00,0
1,05/08/20,6:00,16.5,70,0.00,0
1,05/08/20,6:30,16.5,71,0.00,0
1,05/08/20,7:00,16.0,73,0.00,0
1,05/08/20,7:30,15.7,76,0.00,3
1,05/08/20,8:00,16.1,75,0.00,31
1,05/08/20,8:30,16.7,73,0.00,108
1,05/08/20,9:00,16.5,74,0.00,217
1,05/08/20,9:30,16.0,76,0.00,320
1,05/08/20,10:00,16.7,76,0.00,408
1,05/08/20,10:30,17.1,75,0.00,484
1,05/08/20,11:00,18.7,72,0.00,548
1,05/08/20,11:30,20.0,68,0.00,598
1,05/08/20,12:00,21.2,64,0.00,634
1,05/08/20,12:30,22.5,60,0.00,652
1,05/08/20,13:00,23.1,55,0.00,655
1,05/08/20,13:30,23.2,55,0.00,643
1,05/08/20,14:00,24.0,53,0.00,611
1,05/08/20,14:30,24.3,52,0.00,564
1,05/08/20,15:00,24.5,53,0.00,507
1,05/08/20,15:30,24.2,54,0.00,434
1,05/08/20,16:00,24.4,55,0.00,350
1,05/08/20,16:30,24.2,55,0.00,257
1,05/08/20,17:00,23.8,57,0.00,154
1,05/08/20,17:30,22.6,61,0.00,61
1,05/08/20,18:00,21.2,66,0.00,15
1,05/08/20,18:30,19.8,72,0.00,0
1,05/08/20,19:00,19.3,73,0.00,0
1,05/08/20,19:30,19.1,74,0.00,0
1,05/08/20,20:00,19.1,74,0.00,0
1,05/08/20,20:30,19.1,75,0.00,0
1,05/08/20,21:00,18.9,75,0.00,0
1,05/08/20,21:30,18.7,76,0.00,0
1,05/08/20,22:00,18.3,76,0.00,0
1,05/08/20,22:30,17.3,80,0.00,0
1,05/08/20,23:00,16.6,83,0.00,0
1,05/08/20,23:30,16.6,83,0.00,0
1,06/08/20,00:00,16.3,84,0.00,0
1,06/08/20,0:30,16.3,83,0.00,0
1,06/08/20,1:00,16.6,82,0.00,0
1,06/08/20,1:30,16.7,80,0.00,0
1,06/08/20,2:00,16.8,80,0.00,0
1,06/08/20,2:30,17.0,78,0.00,0
1,06/08/20,3:00,16.8,79,0.00,0
1,06/08/20,3:30,16.7,78,0.00,0
1,06/08/20,4:00,16.5,79,0.00,0
1,06/08/20,4:30,16.7,78,0.00,0
1,06/08/20,5:00,16.6,78,0.00,0
1,06/08/20,5:30,16.4,78,0.00,0
1,06/08/20,6:00,16.2,78,0.00,0
1,06/08/20,6:30,16.8,76,0.00,0
1,06/08/20,7:00,16.2,78,0.00,0
1,06/08/20,7:30,15.9,78,0.00,4
1,06/08/20,8:00,16.2,79,0.00,34
1,06/08/20,8:30,15.9,80,0.00,112
1,06/08/20,9:00,16.4,79,0.00,220
1,06/08/20,9:30,17.4,76,0.00,319
1,06/08/20,10:00,18.6,73,0.00,406
1,06/08/20,10:30,20.2,69,0.00,483
1,06/08/20,11:00,21.2,67,0.00,549
1,06/08/20,11:30,22.7,60,0.00,598
1,06/08/20,12:00,23.3,59,0.00,631
1,06/08/20,12:30,24.0,58,0.00,647
1,06/08/20,13:00,24.8,57,0.00,648
1,06/08/20,13:30,25.3,54,0.00,633
1,06/08/20,14:00,25.9,51,0.00,600
1,06/08/20,14:30,26.6,49,0.00,552
1,06/08/20,15:00,26.4,51,0.00,484
1,06/08/20,15:30,26.5,50,0.00,408
1,06/08/20,16:00,25.7,51,0.00,309
1,06/08/20,16:30,25.4,55,0.00,225
1,06/08/20,17:00,24.5,56,0.00,148
1,06/08/20,17:30,23.6,59,0.00,61
1,06/08/20,18:00,21.9,64,0.00,16
1,06/08/20,18:30,20.9,65,0.00,0
1,06/08/20,19:00,20.3,76,0.00,0
1,06/08/20,19:30,18.7,81,0.00,0
1,06/08/20,20:00,17.3,85,0.00,0
1,06/08/20,20:30,16.1,89,0.00,0
1,06/08/20,21:00,15.4,90,0.00,0
1,06/08/20,21:30,14.6,91,0.00,0
1,06/08/20,22:00,14.3,92,0.00,0
1,06/08/20,22:30,13.7,93,0.00,0
1,06/08/20,23:00,13.7,94,0.00,0
1,06/08/20,23:30,13.3,95,0.00,0
1,07/08/20,00:00,12.9,95,0.00,0
1,07/08/20,0:30,12.9,95,0.00,0
1,07/08/20,1:00,12.7,95,0.00,0
1,07/08/20,1:30,12.6,94,0.00,0
1,07/08/20,2:00,12.8,94,0.00,0
1,07/08/20,2:30,13.0,94,0.00,0
1,07/08/20,3:00,13.0,93,0.00,0
1,07/08/20,3:30,13.1,94,0.00,0
1,07/08/20,4:00,13.1,94,0.00,0
1,07/08/20,4:30,13.1,94,0.00,0
1,07/08/20,5:00,13.1,94,0.00,0
1,07/08/20,5:30,12.9,94,0.00,0
1,07/08/20,6:00,13.0,94,0.00,0
1,07/08/20,6:30,12.9,94,0.00,0
1,07/08/20,7:00,12.9,94,0.00,0
1,07/08/20,7:30,13.2,95,0.00,5
1,07/08/20,8:00,13.4,95,0.00,22
1,07/08/20,8:30,13.5,94,0.00,52
1,07/08/20,9:00,13.4,94,0.00,94
1,07/08/20,9:30,14.0,94,0.00,156
1,07/08/20,10:00,14.3,93,0.00,223
1,07/08/20,10:30,15.0,90,0.00,247
1,07/08/20,11:00,15.5,88,0.00,418
1,07/08/20,11:30,16.4,86,0.00,559
1,07/08/20,12:00,17.3,83,0.00,602
1,07/08/20,12:30,17.8,82,0.00,624
1,07/08/20,13:00,18.4,81,0.00,629
1,07/08/20,13:30,18.9,79,0.00,619
1,07/08/20,14:00,19.7,76,0.00,593
1,07/08/20,14:30,20.2,76,0.00,550
1,07/08/20,15:00,20.6,75,0.00,491
1,07/08/20,15:30,20.9,74,0.00,421
1,07/08/20,16:00,21.2,73,0.00,336
1,07/08/20,16:30,20.7,74,0.00,246
1,07/08/20,17:00,20.0,76,0.00,149
1,07/08/20,17:30,19.1,80,0.00,65
1,07/08/20,18:00,17.7,83,0.00,18
1,07/08/20,18:30,16.8,86,0.00,0
1,07/08/20,19:00,16.2,87,0.00,0
1,07/08/20,19:30,15.8,89,0.00,0
1,07/08/20,20:00,15.7,89,0.00,0
1,07/08/20,20:30,15.4,90,0.00,0
1,07/08/20,21:00,14.8,92,0.00,0
1,07/08/20,21:30,14.6,94,0.00,0
1,07/08/20,22:00,14.5,95,0.00,0
1,07/08/20,22:30,14.9,94,0.00,0
1,07/08/20,23:00,14.8,93,0.00,0
1,07/08/20,23:30,14.4,94,0.00,0
1,08/08/20,00:00,14.8,92,0.00,0
1,08/08/20,0:30,14.1,94,0.00,0
1,08/08/20,1:00,14.2,94,0.00,0
1,08/08/20,1:30,13.5,96,0.00,0
1,08/08/20,2:00,13.3,96,0.00,0
1,08/08/20,2:30,13.1,97,0.00,0
1,08/08/20,3:00,12.9,97,0.00,0
1,08/08/20,3:30,12.8,97,0.00,0
1,08/08/20,4:00,12.8,97,0.00,0
1,08/08/20,4:30,12.6,96,0.00,0
1,08/08/20,5:00,12.6,95,0.00,0
1,08/08/20,5:30,12.9,91,0.00,0
1,08/08/20,6:00,12.3,92,0.00,0
1,08/08/20,6:30,13.7,85,0.00,0
1,08/08/20,7:00,12.3,88,0.00,0
1,08/08/20,7:30,12.6,86,0.00,5
1,08/08/20,8:00,13.6,83,0.00,41
1,08/08/20,8:30,14.2,80,0.00,121
1,08/08/20,9:00,15.1,79,0.00,226
1,08/08/20,9:30,15.8,78,0.00,324
1,08/08/20,10:00,16.8,74,0.00,409
1,08/08/20,10:30,18.3,68,0.00,486
1,08/08/20,11:00,18.7,75,0.00,548
1,08/08/20,11:30,19.2,70,0.00,603
1,08/08/20,12:00,19.6,71,0.00,639
1,08/08/20,12:30,20.2,66,0.00,662
1,08/08/20,13:00,21.1,63,0.00,668
1,08/08/20,13:30,21.6,61,0.00,656
1,08/08/20,14:00,21.9,60,0.00,619
1,08/08/20,14:30,22.5,60,0.00,572
1,08/08/20,15:00,22.7,59,0.00,510
1,08/08/20,15:30,22.3,62,0.00,436
1,08/08/20,16:00,22.2,63,0.00,352
1,08/08/20,16:30,22.1,62,0.00,264
1,08/08/20,17:00,21.5,66,0.00,155
1,08/08/20,17:30,20.7,69,0.00,67
1,08/08/20,18:00,19.7,73,0.00,16
1,08/08/20,18:30,19.1,75,0.00,0
1,08/08/20,19:00,18.3,76,0.00,0
1,08/08/20,19:30,17.6,81,0.00,0
1,08/08/20,20:00,16.9,83,0.00,0
1,08/08/20,20:30,16.9,84,0.00,0
1,08/08/20,21:00,16.6,86,0.00,0
1,08/08/20,21:30,16.2,86,0.00,0
1,08/08/20,22:00,16.2,84,0.00,0
1,08/08/20,22:30,15.9,84,0.00,0
1,08/08/20,23:00,15.6,85,0.00,0
1,08/08/20,23:30,15.1,86,0.00,0
1,09/08/20,00:00,14.3,88,0.00,0
1,09/08/20,0:30,13.7,90,0.00,0
1,09/08/20,1:00,14.3,90,0.00,0
1,09/08/20,1:30,13.4,92,0.00,0
1,09/08/20,2:00,13.1,93,0.00,0
1,09/08/20,2:30,12.8,94,0.00,0
1,09/08/20,3:00,12.4,95,0.00,0
1,09/08/20,3:30,12.2,95,0.00,0
1,09/08/20,4:00,12.6,91,0.00,0
1,09/08/20,4:30,13.1,88,0.00,0
1,09/08/20,5:00,13.7,83,0.00,0
1,09/08/20,5:30,13.3,84,0.00,0
1,09/08/20,6:00,13.1,85,0.00,0
1,09/08/20,6:30,13.2,85,0.00,0
1,09/08/20,7:00,12.6,87,0.00,0
1,09/08/20,7:30,12.1,90,0.00,4
1,09/08/20,8:00,12.4,89,0.00,37
1,09/08/20,8:30,14.5,83,0.00,118
1,09/08/20,9:00,15.0,83,0.00,220
1,09/08/20,9:30,15.4,83,0.00,314
1,09/08/20,10:00,16.0,82,0.00,396
1,09/08/20,10:30,17.6,78,0.00,471
1,09/08/20,11:00,18.6,77,0.00,531
1,09/08/20,11:30,19.0,76,0.00,581
1,09/08/20,12:00,19.4,74,0.00,610
1,09/08/20,12:30,20.2,72,0.00,622
1,09/08/20,13:00,20.8,72,0.00,622
1,09/08/20,13:30,22.1,67,0.00,609
1,09/08/20,14:00,23.0,66,0.00,579
1,09/08/20,14:30,24.1,57,0.00,534
1,09/08/20,15:00,24.6,57,0.00,478
1,09/08/20,15:30,24.4,56,0.00,408
1,09/08/20,16:00,24.4,56,0.00,329
1,09/08/20,16:30,24.4,54,0.00,241
1,09/08/20,17:00,23.3,61,0.00,149
1,09/08/20,17:30,22.3,64,0.00,72
1,09/08/20,18:00,21.2,71,0.00,21
1,09/08/20,18:30,20.2,73,0.00,1
1,09/08/20,19:00,19.7,75,0.00,0
1,09/08/20,19:30,19.3,77,0.00,0
1,09/08/20,20:00,18.7,79,0.00,0
1,09/08/20,20:30,18.4,80,0.00,0
1,09/08/20,21:00,18.0,79,0.00,0
1,09/08/20,21:30,17.9,79,0.00,0
1,09/08/20,22:00,17.6,79,0.00,0
1,09/08/20,22:30,17.2,80,0.00,0
1,09/08/20,23:00,16.7,82,0.00,0
1,09/08/20,23:30,16.1,83,0.00,0
1,10/08/20,00:00,16.4,81,0.00,0
1,10/08/20,0:30,16.6,81,0.00,0
1,10/08/20,1:00,16.7,80,0.00,0
1,10/08/20,1:30,16.8,81,0.00,0
1,10/08/20,2:00,16.6,81,0.00,0
1,10/08/20,2:30,16.6,82,0.00,0
1,10/08/20,3:00,15.9,84,0.00,0
1,10/08/20,3:30,15.8,84,0.00,0
1,10/08/20,4:00,15.3,85,0.00,0
1,10/08/20,4:30,15.2,86,0.00,0
1,10/08/20,5:00,15.0,87,0.00,0
1,10/08/20,5:30,14.9,87,0.00,0
1,10/08/20,6:00,15.1,86,0.00,0
1,10/08/20,6:30,14.8,87,0.00,0
1,10/08/20,7:00,14.8,86,0.00,0
1,10/08/20,7:30,15.2,84,0.00,5
1,10/08/20,8:00,15.7,83,0.00,41
1,10/08/20,8:30,16.4,78,0.00,120
1,10/08/20,9:00,17.4,75,0.00,209
1,10/08/20,9:30,18.1,74,0.00,309
1,10/08/20,10:00,19.3,69,0.00,384
1,10/08/20,10:30,20.7,66,0.00,450
1,10/08/20,11:00,21.8,60,0.00,507
1,10/08/20,11:30,22.1,62,0.00,532
1,10/08/20,12:00,23.7,60,0.00,568
1,10/08/20,12:30,25.1,54,0.00,508
1,10/08/20,13:00,26.1,50,0.00,552
1,10/08/20,13:30,25.6,52,0.00,411
1,10/08/20,14:00,25.2,54,0.00,460
1,10/08/20,14:30,23.7,59,0.00,353
1,10/08/20,15:00,23.2,64,0.00,221
1,10/08/20,15:30,22.8,66,0.00,321
1,10/08/20,16:00,22.7,65,0.00,214
1,10/08/20,16:30,22.9,65,0.00,212
1,10/08/20,17:00,22.2,67,0.00,90
1,10/08/20,17:30,22.1,67,0.00,32
1,10/08/20,18:00,22.1,66,0.00,8
1,10/08/20,18:30,22.2,65,0.00,0
1,10/08/20,19:00,22.1,64,0.00,0
1,10/08/20,19:30,22.2,62,0.00,0
1,10/08/20,20:00,22.4,60,0.00,0
1,10/08/20,20:30,22.3,61,0.00,0
1,10/08/20,21:00,21.8,63,0.00,0
1,10/08/20,21:30,20.7,68,0.00,0
1,10/08/20,22:00,19.6,75,0.00,0
1,10/08/20,22:30,17.5,81,0.00,0
1,10/08/20,23:00,14.7,87,0.00,0
1,10/08/20,23:30,14.2,84,0.00,0
1,11/08/20,00:00,13.8,85,0.00,0
1,11/08/20,0:30,13.4,77,0.00,0
1,11/08/20,1:00,13.0,77,0.00,0
1,11/08/20,1:30,12.2,68,0.00,0
1,11/08/20,2:00,11.2,73,0.00,0
1,11/08/20,2:30,10.8,75,0.00,0
1,11/08/20,3:00,8.8,75,1.02,0
1,11/08/20,3:30,9.1,89,0.51,0
1,11/08/20,4:00,6.9,89,3.30,0
1,11/08/20,4:30,7.1,88,0.00,0
1,11/08/20,5:00,7.1,90,0.00,0
1,11/08/20,5:30,6.9,90,0.00,0
1,11/08/20,6:00,7.1,90,0.00,0
1,11/08/20,6:30,7.3,92,0.00,0
1,11/08/20,7:00,7.3,91,0.00,0
1,11/08/20,7:30,7.6,86,0.00,2
1,11/08/20,8:00,7.6,82,0.00,20
1,11/08/20,8:30,7.4,75,0.00,42
1,11/08/20,9:00,7.2,76,0.00,82
1,11/08/20,9:30,7.9,74,0.00,143
1,11/08/20,10:00,7.7,77,0.00,183
1,11/08/20,10:30,8.3,76,0.00,237
1,11/08/20,11:00,9.4,58,0.00,349
1,11/08/20,11:30,9.4,56,0.00,350
1,11/08/20,12:00,9.6,56,0.00,358
1,11/08/20,12:30,10.2,55,0.00,413
1,11/08/20,13:00,9.9,54,0.00,373
1,11/08/20,13:30,10.9,55,0.00,364
1,11/08/20,14:00,10.3,52,0.00,433
1,11/08/20,14:30,9.8,50,0.00,307
1,11/08/20,15:00,9.2,51,0.00,184
1,11/08/20,15:30,9.1,51,0.00,120
1,11/08/20,16:00,9.1,49,0.00,135
1,11/08/20,16:30,8.9,53,0.00,108
1,11/08/20,17:00,8.8,48,0.00,77
1,11/08/20,17:30,8.9,46,0.00,72
1,11/08/20,18:00,8.5,47,0.00,20
1,11/08/20,18:30,7.9,55,0.00,0
1,11/08/20,19:00,8.2,48,0.00,0
1,11/08/20,19:30,7.5,57,0.00,0
1,11/08/20,20:00,7.6,53,0.00,0
1,11/08/20,20:30,7.6,51,0.00,0
1,11/08/20,21:00,7.8,47,0.00,0
1,11/08/20,21:30,7.9,52,0.00,0
1,11/08/20,22:00,6.1,66,0.00,0
1,11/08/20,22:30,6.6,60,0.00,0
1,11/08/20,23:00,5.9,61,0.00,0
1,11/08/20,23:30,6.0,61,0.00,0
1,12/08/20,00:00,5.5,64,0.00,0
1,12/08/20,0:30,5.8,65,0.00,0
1,12/08/20,1:00,5.4,73,0.00,0
1,12/08/20,1:30,4.6,81,0.00,0
1,12/08/20,2:00,4.1,74,0.00,0
1,12/08/20,2:30,4.4,71,0.00,0
1,12/08/20,3:00,4.6,74,0.00,0
1,12/08/20,3:30,4.9,79,0.00,0
1,12/08/20,4:00,5.0,79,0.00,0
1,12/08/20,4:30,4.7,80,0.00,0
1,12/08/20,5:00,4.2,79,0.00,0
1,12/08/20,5:30,4.7,78,0.00,0
1,12/08/20,6:00,4.4,78,0.00,0
1,12/08/20,6:30,4.8,74,0.00,0
1,12/08/20,7:00,4.8,74,0.00,0
1,12/08/20,7:30,5.0,75,0.00,3
1,12/08/20,8:00,5.1,75,0.00,37
1,12/08/20,8:30,6.1,74,0.00,103
1,12/08/20,9:00,6.4,72,0.00,145
1,12/08/20,9:30,7.1,71,0.00,211
1,12/08/20,10:00,8.0,71,0.00,319
1,12/08/20,10:30,8.9,69,0.00,489
1,12/08/20,11:00,9.6,65,0.00,598
1,12/08/20,11:30,10.1,63,0.00,648
1,12/08/20,12:00,10.4,55,0.00,682
1,12/08/20,12:30,10.8,62,0.00,699
1,12/08/20,13:00,11.1,65,0.00,694
1,12/08/20,13:30,11.7,63,0.00,674
1,12/08/20,14:00,12.5,59,0.00,639
1,12/08/20,14:30,12.8,57,0.00,592
1,12/08/20,15:00,13.0,58,0.00,531
1,12/08/20,15:30,13.0,58,0.00,454
1,12/08/20,16:00,12.8,59,0.00,338
1,12/08/20,16:30,12.3,62,0.00,202
1,12/08/20,17:00,12.3,63,0.00,128
1,12/08/20,17:30,11.5,66,0.00,76
1,12/08/20,18:00,10.9,70,0.00,22
1,12/08/20,18:30,10.3,73,0.00,0
1,12/08/20,19:00,9.4,76,0.00,0
1,12/08/20,19:30,8.9,78,0.00,0
1,12/08/20,20:00,8.4,79,0.00,0
1,12/08/20,20:30,8.9,78,0.00,0
1,12/08/20,21:00,9.1,77,0.00,0
1,12/08/20,21:30,8.9,78,0.00,0
1,12/08/20,22:00,8.8,79,0.00,0
1,12/08/20,22:30,8.9,79,0.00,0
1,12/08/20,23:00,8.8,80,0.00,0
1,12/08/20,23:30,8.9,81,0.00,0
1,13/08/20,00:00,8.7,82,0.00,0
1,13/08/20,0:30,8.7,83,0.00,0
1,13/08/20,1:00,8.7,84,0.00,0
1,13/08/20,1:30,8.8,86,0.00,0
1,13/08/20,2:00,9.0,86,0.00,0
1,13/08/20,2:30,9.1,85,0.00,0
1,13/08/20,3:00,9.1,86,0.00,0
1,13/08/20,3:30,9.1,87,0.00,0
1,13/08/20,4:00,8.9,88,0.00,0
1,13/08/20,4:30,8.8,89,0.00,0
1,13/08/20,5:00,8.8,89,0.00,0
1,13/08/20,5:30,8.8,90,0.00,0
1,13/08/20,6:00,8.7,90,0.00,0
1,13/08/20,6:30,8.8,91,0.00,0
1,13/08/20,7:00,8.9,91,0.00,0
1,13/08/20,7:30,9.0,91,0.00,1
1,13/08/20,8:00,9.3,91,0.00,17
1,13/08/20,8:30,9.6,91,0.00,50
1,13/08/20,9:00,9.6,91,0.00,72
1,13/08/20,9:30,9.8,91,0.00,93
1,13/08/20,10:00,9.9,91,0.00,112
1,13/08/20,10:30,10.5,91,0.00,187
1,13/08/20,11:00,11.0,90,0.00,169
1,13/08/20,11:30,11.6,90,0.00,258
1,13/08/20,12:00,12.8,86,0.00,320
1,13/08/20,12:30,14.0,83,0.00,375
1,13/08/20,13:00,14.7,80,0.00,463
1,13/08/20,13:30,14.6,81,0.00,237
1,13/08/20,14:00,15.0,78,0.00,206
1,13/08/20,14:30,15.2,76,0.00,276
1,13/08/20,15:00,14.9,78,0.00,216
1,13/08/20,15:30,14.9,78,0.00,173
1,13/08/20,16:00,14.6,80,0.00,98
1,13/08/20,16:30,14.1,83,0.00,78
1,13/08/20,17:00,13.4,86,0.00,87
1,13/08/20,17:30,12.9,87,0.00,69
1,13/08/20,18:00,12.6,88,0.00,19
1,13/08/20,18:30,12.5,89,0.00,0
1,13/08/20,19:00,12.3,89,0.00,0
1,13/08/20,19:30,12.3,89,0.00,0
1,13/08/20,20:00,12.3,90,0.00,0
1,13/08/20,20:30,12.2,91,0.00,0
1,13/08/20,21:00,12.0,92,0.00,0
1,13/08/20,21:30,12.1,92,0.00,0
1,13/08/20,22:00,12.1,93,0.00,0
1,13/08/20,22:30,12.0,92,0.00,0
1,13/08/20,23:00,11.9,93,0.00,0
1,13/08/20,23:30,11.9,93,0.00,0
1,14/08/20,00:00,11.9,91,0.00,0
1,14/08/20,0:30,11.9,92,0.00,0
1,14/08/20,1:00,11.7,92,0.00,0
1,14/08/20,1:30,11.8,92,0.00,0
1,14/08/20,2:00,11.7,92,0.00,0
1,14/08/20,2:30,11.6,92,0.00,0
1,14/08/20,3:00,11.6,93,0.00,0
1,14/08/20,3:30,11.6,94,0.00,0
1,14/08/20,4:00,11.3,95,0.00,0
1,14/08/20,4:30,11.3,95,0.00,0
1,14/08/20,5:00,11.3,95,0.00,0
1,14/08/20,5:30,11.3,96,0.00,0
1,14/08/20,6:00,11.3,96,0.00,0
1,14/08/20,6:30,11.4,96,0.00,0
1,14/08/20,7:00,11.5,96,0.00,0
1,14/08/20,7:30,11.8,95,0.00,4
1,14/08/20,8:00,12.1,94,0.00,24
1,14/08/20,8:30,12.3,93,0.00,61
1,14/08/20,9:00,12.8,92,0.00,120
1,14/08/20,9:30,13.1,92,0.00,137
1,14/08/20,10:00,13.6,89,0.00,161
1,14/08/20,10:30,14.1,89,0.00,192
1,14/08/20,11:00,14.3,85,0.00,252
1,14/08/20,11:30,14.8,84,0.00,324
1,14/08/20,12:00,15.0,83,0.00,331
1,14/08/20,12:30,15.2,83,0.00,378
1,14/08/20,13:00,15.1,83,0.00,177
1,14/08/20,13:30,15.0,85,0.00,123
1,14/08/20,14:00,15.0,84,0.00,155
1,14/08/20,14:30,15.1,84,0.00,214
1,14/08/20,15:00,15.1,84,0.00,242
1,14/08/20,15:30,15.3,83,0.00,284
1,14/08/20,16:00,15.1,84,0.00,337
1,14/08/20,16:30,14.2,87,0.00,131
1,14/08/20,17:00,14.1,88,0.00,58
1,14/08/20,17:30,14.2,88,0.00,14
1,14/08/20,18:00,14.4,89,0.00,0
1,14/08/20,18:30,14.3,90,0.00,0
1,14/08/20,19:00,13.7,92,0.00,0
1,14/08/20,19:30,13.9,92,0.00,0
1,14/08/20,20:00,14.1,91,0.00,0
1,14/08/20,20:30,14.6,89,0.00,0
1,14/08/20,21:00,14.6,90,0.00,0
1,14/08/20,21:30,14.7,90,0.00,0
1,14/08/20,22:00,14.7,90,0.00,0
1,14/08/20,22:30,14.7,91,0.00,0
1,14/08/20,23:00,14.7,91,0.00,0
1,14/08/20,23:30,14.6,92,0.00,0
1,15/08/20,00:00,14.5,93,0.00,0
1,15/08/20,0:30,14.5,93,0.00,0
1,15/08/20,1:00,14.4,94,0.00,0
1,15/08/20,1:30,14.2,94,0.00,0
1,15/08/20,2:00,14.3,93,0.00,0
1,15/08/20,2:30,13.9,93,0.00,0
1,15/08/20,3:00,13.2,95,0.00,0
1,15/08/20,3:30,13.1,96,0.00,0
1,15/08/20,4:00,13.4,97,0.00,0
1,15/08/20,4:30,13.3,96,0.00,0
1,15/08/20,5:00,13.1,97,0.00,0
1,15/08/20,5:30,13.2,97,0.00,0
1,15/08/20,6:00,13.1,97,0.00,0
1,15/08/20,6:30,13.1,97,0.00,0
1,15/08/20,7:00,12.7,97,0.00,0
1,15/08/20,7:30,12.8,97,0.00,0
1,15/08/20,8:00,12.7,97,0.00,7
1,15/08/20,8:30,12.9,97,0.00,28
1,15/08/20,9:00,12.7,97,0.00,34
1,15/08/20,9:30,12.6,96,0.00,44
1,15/08/20,10:00,12.6,96,0.00,47
1,15/08/20,10:30,13.2,93,0.00,99
1,15/08/20,11:00,13.3,90,0.00,154
1,15/08/20,11:30,13.2,90,0.00,141
1,15/08/20,12:00,13.6,89,0.00,160
1,15/08/20,12:30,14.1,86,0.00,265
1,15/08/20,13:00,14.3,85,0.00,260
1,15/08/20,13:30,14.8,84,0.00,157
1,15/08/20,14:00,16.2,78,0.00,423
1,15/08/20,14:30,16.0,76,0.00,461
1,15/08/20,15:00,17.3,68,0.00,540
1,15/08/20,15:30,16.7,68,0.00,485
1,15/08/20,16:00,16.8,62,0.00,241
1,15/08/20,16:30,16.3,64,0.00,269
1,15/08/20,17:00,15.7,64,0.00,173
1,15/08/20,17:30,14.8,64,0.00,79
1,15/08/20,18:00,13.3,67,0.00,23
1,15/08/20,18:30,12.3,65,0.00,2
1,15/08/20,19:00,11.1,67,0.00,0
1,15/08/20,19:30,10.3,67,0.00,0
1,15/08/20,20:00,10.3,66,0.00,0
1,15/08/20,20:30,9.7,68,0.00,0
1,15/08/20,21:00,9.3,70,0.00,0
1,15/08/20,21:30,8.3,72,0.00,0
1,15/08/20,22:00,8.5,69,0.00,0
1,15/08/20,22:30,8.3,69,0.00,0
1,15/08/20,23:00,7.6,72,0.00,0
1,15/08/20,23:30,7.8,72,0.00,0
1,16/08/20,00:00,6.7,76,0.00,0
1,16/08/20,0:30,6.3,81,0.00,0
1,16/08/20,1:00,6.4,78,0.00,0
1,16/08/20,1:30,6.5,78,0.00,0
1,16/08/20,2:00,6.2,77,0.00,0
1,16/08/20,2:30,6.1,74,0.00,0
1,16/08/20,3:00,5.7,67,0.00,0
1,16/08/20,3:30,5.5,66,0.00,0
1,16/08/20,4:00,5.6,66,0.00,0
1,16/08/20,4:30,6.3,57,0.00,0
1,16/08/20,5:00,6.8,59,0.00,0
1,16/08/20,5:30,7.3,51,0.00,0
1,16/08/20,6:00,8.5,45,0.00,0
1,16/08/20,6:30,6.9,55,0.00,0
1,16/08/20,7:00,4.4,72,0.00,0
1,16/08/20,7:30,7.6,53,0.00,9
1,16/08/20,8:00,7.5,58,0.00,61
1,16/08/20,8:30,7.9,61,0.00,168
1,16/08/20,9:00,9.2,55,0.00,289
1,16/08/20,9:30,9.9,57,0.00,388
1,16/08/20,10:00,11.4,53,0.00,478
1,16/08/20,10:30,11.8,53,0.00,559
1,16/08/20,11:00,12.6,47,0.00,626
1,16/08/20,11:30,13.4,43,0.00,679
1,16/08/20,12:00,14.0,40,0.00,713
1,16/08/20,12:30,14.8,33,0.00,730
1,16/08/20,13:00,15.2,33,0.00,732
1,16/08/20,13:30,15.5,36,0.00,717
1,16/08/20,14:00,15.3,33,0.00,684
1,16/08/20,14:30,15.7,35,0.00,633
1,16/08/20,15:00,15.7,35,0.00,570
1,16/08/20,15:30,15.8,34,0.00,493
1,16/08/20,16:00,15.8,32,0.00,404
1,16/08/20,16:30,15.7,37,0.00,306
1,16/08/20,17:00,15.1,37,0.00,199
1,16/08/20,17:30,14.1,42,0.00,88
1,16/08/20,18:00,13.0,44,0.00,20
1,16/08/20,18:30,12.0,46,0.00,2
1,16/08/20,19:00,11.7,45,0.00,0
1,16/08/20,19:30,11.7,45,0.00,0
1,16/08/20,20:00,11.2,45,0.00,0
1,16/08/20,20:30,11.2,45,0.00,0
1,16/08/20,21:00,11.1,46,0.00,0
1,16/08/20,21:30,10.9,46,0.00,0
1,16/08/20,22:00,10.9,47,0.00,0
1,16/08/20,22:30,11.3,46,0.00,0
1,16/08/20,23:00,10.5,49,0.00,0
1,16/08/20,23:30,10.0,52,0.00,0
1,17/08/20,00:00,9.3,55,0.00,0
1,17/08/20,0:30,10.1,58,0.00,0
1,17/08/20,1:00,10.2,48,0.00,0
1,17/08/20,1:30,10.4,47,0.00,0
1,17/08/20,2:00,9.9,51,0.00,0
1,17/08/20,2:30,9.6,51,0.00,0
1,17/08/20,3:00,10.2,45,0.00,0
1,17/08/20,3:30,9.3,49,0.00,0
1,17/08/20,4:00,9.7,48,0.00,0
1,17/08/20,4:30,10.1,46,0.00,0
1,17/08/20,5:00,9.9,44,0.00,0
1,17/08/20,5:30,8.9,52,0.00,0
1,17/08/20,6:00,9.2,51,0.00,0
1,17/08/20,6:30,8.9,52,0.00,0
1,17/08/20,7:00,8.4,53,0.00,0
1,17/08/20,7:30,8.6,54,0.00,10
1,17/08/20,8:00,9.7,51,0.00,61
1,17/08/20,8:30,10.7,49,0.00,163
1,17/08/20,9:00,12.1,46,0.00,279
1,17/08/20,9:30,12.1,50,0.00,372
1,17/08/20,10:00,13.2,51,0.00,466
1,17/08/20,10:30,14.2,49,0.00,551
1,17/08/20,11:00,14.7,56,0.00,615
1,17/08/20,11:30,16.2,45,0.00,666
1,17/08/20,12:00,16.4,42,0.00,698
1,17/08/20,12:30,17.0,36,0.00,708
1,17/08/20,13:00,17.2,38,0.00,715
1,17/08/20,13:30,17.6,39,0.00,697
1,17/08/20,14:00,17.8,39,0.00,668
1,17/08/20,14:30,18.0,36,0.00,623
1,17/08/20,15:00,18.7,37,0.00,561
1,17/08/20,15:30,18.6,38,0.00,486
1,17/08/20,16:00,19.0,37,0.00,398
1,17/08/20,16:30,18.9,36,0.00,303
1,17/08/20,17:00,18.4,34,0.00,198
1,17/08/20,17:30,18.7,36,0.00,89
1,17/08/20,18:00,18.1,36,0.00,22
1,17/08/20,18:30,16.3,41,0.00,2
1,17/08/20,19:00,15.2,49,0.00,0
1,17/08/20,19:30,14.7,45,0.00,0
1,17/08/20,20:00,13.9,49,0.00,0
1,17/08/20,20:30,14.3,50,0.00,0
1,17/08/20,21:00,13.8,52,0.00,0
1,17/08/20,21:30,13.6,52,0.00,0
1,17/08/20,22:00,12.8,57,0.00,0
1,17/08/20,22:30,11.7,60,0.00,0
1,17/08/20,23:00,11.6,60,0.00,0
1,17/08/20,23:30,11.4,62,0.00,0
1,18/08/20,00:00,11.5,61,0.00,0
1,18/08/20,0:30,11.5,62,0.00,0
1,18/08/20,1:00,10.3,64,0.00,0
1,18/08/20,1:30,10.2,64,0.00,0
1,18/08/20,2:00,10.1,61,0.00,0
1,18/08/20,2:30,9.7,62,0.00,0
1,18/08/20,3:00,8.6,71,0.00,0
1,18/08/20,3:30,9.1,66,0.00,0
1,18/08/20,4:00,9.3,61,0.00,0
1,18/08/20,4:30,9.7,52,0.00,0
1,18/08/20,5:00,9.9,47,0.00,0
1,18/08/20,5:30,10.4,45,0.00,0
1,18/08/20,6:00,11.7,38,0.00,0
1,18/08/20,6:30,11.9,43,0.00,0
1,18/08/20,7:00,10.7,56,0.00,0
1,18/08/20,7:30,10.1,65,0.00,10
1,18/08/20,8:00,12.1,58,0.00,65
1,18/08/20,8:30,11.7,64,0.00,170
1,18/08/20,9:00,11.7,66,0.00,291
1,18/08/20,9:30,12.2,70,0.00,392
1,18/08/20,10:00,12.8,68,0.00,482
1,18/08/20,10:30,12.3,71,0.00,500
1,18/08/20,11:00,11.7,82,0.00,176
1,18/08/20,11:30,14.3,77,0.00,587
1,18/08/20,12:00,14.6,79,0.00,251
1,18/08/20,12:30,15.4,78,0.00,329
1,18/08/20,13:00,15.5,80,0.00,365
1,18/08/20,13:30,16.2,76,0.00,592
1,18/08/20,14:00,17.8,74,0.00,554
1,18/08/20,14:30,18.7,71,0.00,592
1,18/08/20,15:00,19.6,70,0.00,539
1,18/08/20,15:30,20.4,65,0.00,465
1,18/08/20,16:00,21.1,65,0.00,370
1,18/08/20,16:30,21.1,65,0.00,288
1,18/08/20,17:00,21.2,65,0.00,187
1,18/08/20,17:30,20.2,67,0.00,78
1,18/08/20,18:00,18.8,73,0.00,28
1,18/08/20,18:30,18.3,75,0.00,1
1,18/08/20,19:00,17.5,77,0.00,0
1,18/08/20,19:30,17.2,79,0.00,0
1,18/08/20,20:00,16.1,81,0.00,0
1,18/08/20,20:30,15.8,84,0.00,0
1,18/08/20,21:00,14.7,86,0.00,0
1,18/08/20,21:30,14.0,90,0.00,0
1,18/08/20,22:00,14.8,88,0.00,0
1,18/08/20,22:30,14.1,89,0.00,0
1,18/08/20,23:00,13.2,92,0.00,0
1,18/08/20,23:30,12.1,95,0.00,0
1,19/08/20,00:00,12.5,96,0.00,0
1,19/08/20,0:30,13.4,92,0.00,0
1,19/08/20,1:00,12.2,94,0.00,0
1,19/08/20,1:30,11.6,96,0.00,0
1,19/08/20,2:00,10.7,94,0.00,0
1,19/08/20,2:30,11.0,94,0.00,0
1,19/08/20,3:00,10.2,95,0.00,0
1,19/08/20,3:30,9.2,96,0.00,0
1,19/08/20,4:00,10.0,96,0.00,0
1,19/08/20,4:30,10.9,92,0.00,0
1,19/08/20,5:00,10.9,90,0.00,0
1,19/08/20,5:30,11.1,89,0.00,0
1,19/08/20,6:00,10.6,89,0.00,0
1,19/08/20,6:30,9.5,89,0.00,0
1,19/08/20,7:00,8.5,90,0.00,0
1,19/08/20,7:30,7.7,91,0.00,4
1,19/08/20,8:00,7.6,90,0.00,23
1,19/08/20,8:30,8.1,90,0.00,90
1,19/08/20,9:00,9.2,84,0.00,236
1,19/08/20,9:30,9.4,84,0.00,330
1,19/08/20,10:00,10.2,77,0.00,444
1,19/08/20,10:30,10.7,74,0.00,529
1,19/08/20,11:00,11.8,63,0.00,601
1,19/08/20,11:30,12.4,57,0.00,665
1,19/08/20,12:00,12.7,51,0.00,698
1,19/08/20,12:30,13.3,52,0.00,716
1,19/08/20,13:00,13.9,52,0.00,715
1,19/08/20,13:30,13.8,56,0.00,698
1,19/08/20,14:00,14.1,52,0.00,671
1,19/08/20,14:30,13.7,51,0.00,622
1,19/08/20,15:00,13.1,52,0.00,557
1,19/08/20,15:30,13.3,53,0.00,483
1,19/08/20,16:00,12.9,53,0.00,393
1,19/08/20,16:30,12.3,56,0.00,290
1,19/08/20,17:00,12.0,57,0.00,205
1,19/08/20,17:30,10.9,59,0.00,81
1,19/08/20,18:00,10.1,61,0.00,29
1,19/08/20,18:30,9.4,59,0.00,2
1,19/08/20,19:00,9.1,55,0.00,0
1,19/08/20,19:30,8.6,55,0.00,0
1,19/08/20,20:00,8.1,55,0.00,0
1,19/08/20,20:30,7.6,57,0.00,0
1,19/08/20,21:00,6.8,57,0.00,0
1,19/08/20,21:30,6.6,56,0.00,0
1,19/08/20,22:00,5.6,60,0.00,0
1,19/08/20,22:30,5.9,60,0.00,0
1,19/08/20,23:00,5.9,61,0.00,0
1,19/08/20,23:30,5.8,64,0.00,0
1,20/08/20,00:00,5.7,67,0.00,0
1,20/08/20,0:30,5.5,69,0.00,0
1,20/08/20,1:00,5.3,70,0.00,0
1,20/08/20,1:30,5.1,72,0.00,0
1,20/08/20,2:00,4.8,75,0.00,0
1,20/08/20,2:30,4.6,77,0.00,0
1,20/08/20,3:00,4.3,79,0.00,0
1,20/08/20,3:30,3.9,81,0.00,0
1,20/08/20,4:00,3.8,83,0.00,0
1,20/08/20,4:30,3.6,85,0.00,0
1,20/08/20,5:00,3.0,87,0.00,0
1,20/08/20,5:30,2.7,89,0.00,0
1,20/08/20,6:00,2.6,89,0.00,0
1,20/08/20,6:30,2.6,90,0.00,0
1,20/08/20,7:00,2.4,90,0.00,0
1,20/08/20,7:30,2.3,91,0.00,7
1,20/08/20,8:00,2.1,91,0.00,39
1,20/08/20,8:30,2.3,91,0.00,170
1,20/08/20,9:00,3.2,85,0.00,244
1,20/08/20,9:30,4.2,81,0.00,416
1,20/08/20,10:00,5.1,77,0.00,501
1,20/08/20,10:30,5.7,72,0.00,599
1,20/08/20,11:00,6.3,68,0.00,666
1,20/08/20,11:30,6.9,64,0.00,701
1,20/08/20,12:00,7.6,57,0.00,748
1,20/08/20,12:30,7.9,53,0.00,826
1,20/08/20,13:00,8.7,50,0.00,803
1,20/08/20,13:30,9.3,48,0.00,796
1,20/08/20,14:00,8.5,46,0.00,737
1,20/08/20,14:30,9.8,46,0.00,631
1,20/08/20,15:00,8.0,43,0.00,558
1,20/08/20,15:30,9.8,44,0.00,356
1,20/08/20,16:00,7.7,47,0.00,363
1,20/08/20,16:30,8.7,44,0.00,330
1,20/08/20,17:00,8.4,49,0.00,212
1,20/08/20,17:30,7.6,49,0.00,106
1,20/08/20,18:00,6.4,55,0.00,21
1,20/08/20,18:30,5.2,60,0.00,2
1,20/08/20,19:00,4.6,64,0.00,0
1,20/08/20,19:30,4.8,62,0.00,0
1,20/08/20,20:00,4.1,65,0.00,0
1,20/08/20,20:30,3.7,65,0.00,0
1,20/08/20,21:00,3.7,65,0.00,0
1,20/08/20,21:30,3.7,65,0.00,0
1,20/08/20,22:00,3.2,72,0.00,0
1,20/08/20,22:30,3.8,66,0.00,0
1,20/08/20,23:00,3.3,68,0.00,0
1,20/08/20,23:30,2.9,71,0.00,0
1,21/08/20,00:00,2.8,71,0.00,0
1,21/08/20,0:30,2.2,72,0.00,0
1,21/08/20,1:00,2.3,71,0.00,0
1,21/08/20,1:30,1.9,72,0.00,0
1,21/08/20,2:00,1.8,72,0.00,0
1,21/08/20,2:30,1.6,73,0.00,0
1,21/08/20,3:00,1.4,74,0.00,0
1,21/08/20,3:30,1.3,74,0.00,0
1,21/08/20,4:00,1.1,75,0.00,0
1,21/08/20,4:30,0.8,76,0.00,0
1,21/08/20,5:00,0.7,76,0.00,0
1,21/08/20,5:30,0.6,78,0.00,0
1,21/08/20,6:00,0.7,77,0.00,0
1,21/08/20,6:30,0.6,77,0.00,0
1,21/08/20,7:00,0.4,78,0.00,0
1,21/08/20,7:30,1.1,76,0.00,14
1,21/08/20,8:00,2.9,71,0.00,82
1,21/08/20,8:30,3.3,68,0.00,194
1,21/08/20,9:00,3.6,70,0.00,313
1,21/08/20,9:30,4.3,68,0.00,410
1,21/08/20,10:00,5.7,66,0.00,500
1,21/08/20,10:30,7.1,63,0.00,576
1,21/08/20,11:00,8.5,57,0.00,640
1,21/08/20,11:30,9.6,53,0.00,690
1,21/08/20,12:00,10.2,50,0.00,717
1,21/08/20,12:30,10.7,46,0.00,736
1,21/08/20,13:00,11.4,43,0.00,736
1,21/08/20,13:30,11.3,43,0.00,720
1,21/08/20,14:00,11.9,47,0.00,684
1,21/08/20,14:30,12.2,43,0.00,628
1,21/08/20,15:00,12.3,42,0.00,559
1,21/08/20,15:30,12.8,43,0.00,492
1,21/08/20,16:00,12.9,40,0.00,398
1,21/08/20,16:30,12.8,41,0.00,301
1,21/08/20,17:00,12.5,37,0.00,204
1,21/08/20,17:30,11.7,43,0.00,94
1,21/08/20,18:00,10.5,46,0.00,25
1,21/08/20,18:30,9.6,48,0.00,3
1,21/08/20,19:00,9.1,49,0.00,0
1,21/08/20,19:30,8.9,49,0.00,0
1,21/08/20,20:00,8.4,51,0.00,0
1,21/08/20,20:30,8.4,51,0.00,0
1,21/08/20,21:00,8.4,49,0.00,0
1,21/08/20,21:30,8.3,56,0.00,0
1,21/08/20,22:00,8.5,49,0.00,0
1,21/08/20,22:30,8.1,54,0.00,0
1,21/08/20,23:00,7.5,53,0.00,0
1,21/08/20,23:30,8.0,49,0.00,0
1,22/08/20,00:00,7.4,52,0.00,0
1,22/08/20,0:30,7.1,53,0.00,0
1,22/08/20,1:00,7.1,67,0.00,0
1,22/08/20,1:30,7.1,55,0.00,0
1,22/08/20,2:00,7.1,52,0.00,0
1,22/08/20,2:30,7.4,51,0.00,0
1,22/08/20,3:00,7.1,50,0.00,0
1,22/08/20,3:30,6.4,53,0.00,0
1,22/08/20,4:00,6.6,57,0.00,0
1,22/08/20,4:30,6.9,53,0.00,0
1,22/08/20,5:00,7.4,54,0.00,0
1,22/08/20,5:30,7.0,51,0.00,0
1,22/08/20,6:00,6.5,53,0.00,0
1,22/08/20,6:30,6.6,52,0.00,0
1,22/08/20,7:00,6.8,51,0.00,0
1,22/08/20,7:30,6.9,52,0.00,13
1,22/08/20,8:00,7.1,56,0.00,81
1,22/08/20,8:30,8.8,54,0.00,197
1,22/08/20,9:00,9.1,58,0.00,316
1,22/08/20,9:30,10.1,58,0.00,415
1,22/08/20,10:00,11.6,56,0.00,506
1,22/08/20,10:30,12.9,46,0.00,581
1,22/08/20,11:00,14.3,41,0.00,646
1,22/08/20,11:30,14.8,42,0.00,696
1,22/08/20,12:00,14.9,38,0.00,726
1,22/08/20,12:30,15.4,42,0.00,744
1,22/08/20,13:00,15.8,40,0.00,744
1,22/08/20,13:30,16.1,42,0.00,724
1,22/08/20,14:00,16.9,41,0.00,692
1,22/08/20,14:30,17.3,40,0.00,644
1,22/08/20,15:00,17.2,41,0.00,581
1,22/08/20,15:30,17.2,43,0.00,503
1,22/08/20,16:00,17.5,41,0.00,417
1,22/08/20,16:30,17.2,43,0.00,317
1,22/08/20,17:00,17.1,43,0.00,211
1,22/08/20,17:30,16.8,46,0.00,99
1,22/08/20,18:00,15.6,50,0.00,27
1,22/08/20,18:30,14.4,51,0.00,4
1,22/08/20,19:00,12.6,60,0.00,0
1,22/08/20,19:30,11.4,59,0.00,0
1,22/08/20,20:00,11.3,59,0.00,0
1,22/08/20,20:30,10.8,61,0.00,0
1,22/08/20,21:00,10.1,63,0.00,0
1,22/08/20,21:30,9.6,64,0.00,0
1,22/08/20,22:00,9.3,62,0.00,0
1,22/08/20,22:30,9.1,63,0.00,0
1,22/08/20,23:00,8.5,64,0.00,0
1,22/08/20,23:30,8.0,65,0.00,0
1,23/08/20,00:00,7.6,65,0.00,0
1,23/08/20,0:30,7.4,65,0.00,0
1,23/08/20,1:00,7.5,66,0.00,0
1,23/08/20,1:30,7.1,68,0.00,0
1,23/08/20,2:00,6.6,70,0.00,0
1,23/08/20,2:30,6.8,71,0.00,0
1,23/08/20,3:00,6.9,71,0.00,0
1,23/08/20,3:30,7.2,68,0.00,0
1,23/08/20,4:00,7.2,65,0.00,0
1,23/08/20,4:30,7.1,64,0.00,0
1,23/08/20,5:00,7.2,62,0.00,0
1,23/08/20,5:30,7.2,61,0.00,0
1,23/08/20,6:00,7.1,64,0.00,0
1,23/08/20,6:30,7.0,66,0.00,0
1,23/08/20,7:00,7.1,69,0.00,0
1,23/08/20,7:30,7.7,70,0.00,15
1,23/08/20,8:00,8.8,70,0.00,84
1,23/08/20,8:30,9.9,68,0.00,198
1,23/08/20,9:00,10.8,66,0.00,310
1,23/08/20,9:30,11.6,65,0.00,408
1,23/08/20,10:00,13.1,62,0.00,496
1,23/08/20,10:30,14.1,59,0.00,575
1,23/08/20,11:00,14.7,57,0.00,639
1,23/08/20,11:30,15.8,57,0.00,694
1,23/08/20,12:00,16.4,55,0.00,733
1,23/08/20,12:30,16.8,53,0.00,751
1,23/08/20,13:00,17.2,51,0.00,751
1,23/08/20,13:30,18.1,49,0.00,735
1,23/08/20,14:00,18.7,47,0.00,701
1,23/08/20,14:30,18.8,48,0.00,653
1,23/08/20,15:00,19.3,47,0.00,588
1,23/08/20,15:30,19.3,46,0.00,510
1,23/08/20,16:00,19.6,44,0.00,423
1,23/08/20,16:30,19.6,48,0.00,324
1,23/08/20,17:00,19.1,49,0.00,215
1,23/08/20,17:30,18.4,50,0.00,100
1,23/08/20,18:00,17.4,54,0.00,26
1,23/08/20,18:30,16.2,56,0.00,3
1,23/08/20,19:00,15.6,59,0.00,0
1,23/08/20,19:30,14.7,64,0.00,0
1,23/08/20,20:00,14.1,64,0.00,0
1,23/08/20,20:30,13.6,69,0.00,0
1,23/08/20,21:00,12.9,72,0.00,0
1,23/08/20,21:30,12.5,77,0.00,0
1,23/08/20,22:00,11.9,82,0.00,0
1,23/08/20,22:30,11.2,85,0.00,0
1,23/08/20,23:00,10.9,86,0.00,0
1,23/08/20,23:30,11.0,87,0.00,0
1,24/08/20,00:00,11.7,86,0.00,0
1,24/08/20,0:30,11.1,89,0.00,0
1,24/08/20,1:00,11.1,89,0.00,0
1,24/08/20,1:30,10.6,90,0.00,0
1,24/08/20,2:00,10.6,91,0.00,0
1,24/08/20,2:30,10.8,91,0.00,0
1,24/08/20,3:00,10.8,91,0.00,0
1,24/08/20,3:30,10.9,91,0.00,0
1,24/08/20,4:00,10.5,93,0.00,0
1,24/08/20,4:30,10.4,93,0.00,0
1,24/08/20,5:00,10.1,94,0.00,0
1,24/08/20,5:30,10.1,93,0.00,0
1,24/08/20,6:00,10.3,92,0.00,0
1,24/08/20,6:30,10.3,91,0.00,0
1,24/08/20,7:00,10.3,91,0.00,0
1,24/08/20,7:30,11.5,86,0.00,17
1,24/08/20,8:00,12.3,83,0.00,90
1,24/08/20,8:30,12.9,81,0.00,208
1,24/08/20,9:00,13.6,78,0.00,323
1,24/08/20,9:30,14.6,74,0.00,422
1,24/08/20,10:00,15.3,70,0.00,512
1,24/08/20,10:30,15.4,70,0.00,591
1,24/08/20,11:00,16.7,65,0.00,657
1,24/08/20,11:30,17.8,62,0.00,706
1,24/08/20,12:00,18.5,60,0.00,738
1,24/08/20,12:30,19.1,58,0.00,756
1,24/08/20,13:00,19.6,57,0.00,754
1,24/08/20,13:30,20.2,56,0.00,736
1,24/08/20,14:00,20.8,57,0.00,702
1,24/08/20,14:30,20.9,55,0.00,653
1,24/08/20,15:00,21.1,53,0.00,588
1,24/08/20,15:30,21.2,53,0.00,516
1,24/08/20,16:00,21.3,54,0.00,421
1,24/08/20,16:30,20.9,55,0.00,320
1,24/08/20,17:00,20.8,54,0.00,218
1,24/08/20,17:30,20.2,56,0.00,105
1,24/08/20,18:00,18.8,59,0.00,26
1,24/08/20,18:30,17.4,62,0.00,3
1,24/08/20,19:00,16.6,64,0.00,0
1,24/08/20,19:30,16.3,65,0.00,0
1,24/08/20,20:00,15.7,67,0.00,0
1,24/08/20,20:30,15.1,71,0.00,0
1,24/08/20,21:00,14.7,75,0.00,0
1,24/08/20,21:30,14.4,78,0.00,0
1,24/08/20,22:00,13.9,80,0.00,0
1,24/08/20,22:30,14.1,80,0.00,0
1,24/08/20,23:00,14.1,81,0.00,0
1,24/08/20,23:30,13.9,82,0.00,0
1,25/08/20,00:00,14.3,81,0.00,0
1,25/08/20,0:30,14.6,79,0.00,0
1,25/08/20,1:00,14.8,77,0.00,0
1,25/08/20,1:30,14.7,79,0.00,0
1,25/08/20,2:00,15.3,77,0.00,0
1,25/08/20,2:30,15.3,78,0.00,0
1,25/08/20,3:00,15.3,78,0.00,0
1,25/08/20,3:30,15.1,79,0.00,0
1,25/08/20,4:00,14.8,79,0.00,0
1,25/08/20,4:30,14.9,78,0.00,0
1,25/08/20,5:00,14.9,77,0.00,0
1,25/08/20,5:30,15.1,76,0.00,0
1,25/08/20,6:00,15.2,75,0.00,0
1,25/08/20,6:30,15.1,75,0.00,0
1,25/08/20,7:00,14.8,76,0.00,0
1,25/08/20,7:30,14.7,76,0.00,10
1,25/08/20,8:00,15.3,75,0.00,80
1,25/08/20,8:30,15.4,74,0.00,64
1,25/08/20,9:00,15.7,73,0.00,99
1,25/08/20,9:30,16.0,73,0.00,154
1,25/08/20,10:00,16.0,74,0.00,86
1,25/08/20,10:30,17.1,72,0.00,241
1,25/08/20,11:00,18.2,66,0.00,519
1,25/08/20,11:30,19.2,64,0.00,507
1,25/08/20,12:00,19.8,64,0.00,431
1,25/08/20,12:30,20.3,63,0.00,527
1,25/08/20,13:00,20.3,64,0.00,300
1,25/08/20,13:30,21.3,60,0.00,500
1,25/08/20,14:00,21.6,60,0.00,566
1,25/08/20,14:30,21.4,61,0.00,249
1,25/08/20,15:00,22.6,57,0.00,424
1,25/08/20,15:30,22.1,57,0.00,205
1,25/08/20,16:00,22.4,59,0.00,270
1,25/08/20,16:30,22.1,58,0.00,152
1,25/08/20,17:00,21.7,61,0.00,86
1,25/08/20,17:30,21.3,63,0.00,50
1,25/08/20,18:00,21.0,64,0.00,25
1,25/08/20,18:30,20.0,69,0.00,1
1,25/08/20,19:00,19.6,67,0.00,0
1,25/08/20,19:30,19.5,67,0.00,0
1,25/08/20,20:00,19.8,65,0.00,0
1,25/08/20,20:30,19.6,66,0.00,0
1,25/08/20,21:00,19.4,66,0.00,0
1,25/08/20,21:30,18.9,68,0.00,0
1,25/08/20,22:00,18.6,69,0.00,0
1,25/08/20,22:30,18.3,69,0.00,0
1,25/08/20,23:00,18.2,69,0.00,0
1,25/08/20,23:30,18.3,69,0.00,0
1,26/08/20,00:00,17.9,70,0.00,0
1,26/08/20,0:30,17.2,74,0.00,0
1,26/08/20,1:00,17.3,73,0.00,0
1,26/08/20,1:30,17.6,72,0.00,0
1,26/08/20,2:00,18.1,70,0.00,0
1,26/08/20,2:30,17.7,72,0.00,0
1,26/08/20,3:00,17.4,73,0.00,0
1,26/08/20,3:30,17.8,72,0.00,0
1,26/08/20,4:00,18.3,70,0.00,0
1,26/08/20,4:30,17.8,72,0.00,0
1,26/08/20,5:00,17.2,74,0.00,0
1,26/08/20,5:30,17.3,74,0.00,0
1,26/08/20,6:00,17.2,74,0.00,0
1,26/08/20,6:30,17.5,73,0.00,0
1,26/08/20,7:00,17.1,74,0.00,1
1,26/08/20,7:30,17.1,74,0.00,18
1,26/08/20,8:00,17.9,72,0.00,87
1,26/08/20,8:30,18.9,69,0.00,236
1,26/08/20,9:00,19.3,67,0.00,311
1,26/08/20,9:30,19.8,67,0.00,303
1,26/08/20,10:00,20.1,66,0.00,210
1,26/08/20,10:30,20.8,64,0.00,293
1,26/08/20,11:00,22.6,61,0.00,407
1,26/08/20,11:30,24.8,52,0.00,700
1,26/08/20,12:00,25.6,48,0.00,669
1,26/08/20,12:30,26.1,46,0.00,610
1,26/08/20,13:00,26.4,45,0.00,385
1,26/08/20,13:30,27.0,44,0.00,399
1,26/08/20,14:00,28.2,44,0.00,515
1,26/08/20,14:30,27.8,43,0.00,287
1,26/08/20,15:00,29.3,41,0.00,532
1,26/08/20,15:30,27.9,44,0.00,370
1,26/08/20,16:00,27.2,44,0.00,77
1,26/08/20,16:30,26.6,48,0.00,51
1,26/08/20,17:00,25.3,54,0.00,32
1,26/08/20,17:30,24.7,55,0.00,16
1,26/08/20,18:00,24.0,57,0.00,3
1,26/08/20,18:30,23.7,59,0.00,0
1,26/08/20,19:00,23.2,60,0.00,0
1,26/08/20,19:30,21.0,72,0.00,0
1,26/08/20,20:00,20.9,72,0.00,0
1,26/08/20,20:30,20.6,73,0.00,0
1,26/08/20,21:00,20.2,74,0.00,0
1,26/08/20,21:30,20.4,73,0.00,0
1,26/08/20,22:00,20.7,71,0.00,0
1,26/08/20,22:30,20.9,71,0.00,0
1,26/08/20,23:00,20.6,72,0.00,0
1,26/08/20,23:30,21.3,69,0.00,0
1,27/08/20,00:00,21.4,68,0.00,0
1,27/08/20,0:30,20.8,71,0.00,0
1,27/08/20,1:00,20.8,70,0.00,0
1,27/08/20,1:30,21.8,66,0.00,0
1,27/08/20,2:00,21.4,67,0.00,0
1,27/08/20,2:30,20.6,70,0.00,0
1,27/08/20,3:00,20.2,71,0.00,0
1,27/08/20,3:30,21.0,68,0.00,0
1,27/08/20,4:00,21.0,68,0.00,0
1,27/08/20,4:30,19.9,72,0.00,0
1,27/08/20,5:00,20.3,71,0.00,0
1,27/08/20,5:30,21.3,68,0.00,0
1,27/08/20,6:00,20.7,70,0.00,0
1,27/08/20,6:30,20.7,71,0.00,0
1,27/08/20,7:00,20.2,72,0.00,0
1,27/08/20,7:30,20.6,70,0.00,14
1,27/08/20,8:00,21.1,68,0.00,44
1,27/08/20,8:30,22.2,61,0.00,76
1,27/08/20,9:00,21.3,68,0.00,63
1,27/08/20,9:30,21.6,64,0.00,45
1,27/08/20,10:00,20.7,71,0.00,13
1,27/08/20,10:30,17.9,86,2.20,5
1,27/08/20,11:00,16.8,90,0.40,23
1,27/08/20,11:30,16.6,93,1.00,25
1,27/08/20,12:00,16.4,93,2.40,11
1,27/08/20,12:30,16.3,93,1.60,24
1,27/08/20,13:00,16.1,93,0.60,45
1,27/08/20,13:30,15.3,94,5.60,8
1,27/08/20,14:00,15.3,94,3.40,32
1,27/08/20,14:30,15.6,94,1.40,36
1,27/08/20,15:00,15.7,93,0.40,22
1,27/08/20,15:30,15.7,93,0.00,76
1,27/08/20,16:00,15.5,93,0.00,41
1,27/08/20,16:30,15.6,93,0.20,94
1,27/08/20,17:00,15.3,93,0.00,116
1,27/08/20,17:30,15.1,94,0.00,29
1,27/08/20,18:00,15.0,94,0.00,7
1,27/08/20,18:30,15.1,95,0.00,0
1,27/08/20,19:00,14.8,96,0.80,0
1,27/08/20,19:30,15.1,95,0.00,0
1,27/08/20,20:00,15.4,94,0.00,0
1,27/08/20,20:30,15.6,94,0.00,0
1,27/08/20,21:00,15.3,95,0.00,0
1,27/08/20,21:30,14.9,96,0.00,0
1,27/08/20,22:00,14.5,96,0.80,0
1,27/08/20,22:30,14.7,94,0.20,0
1,27/08/20,23:00,14.9,94,0.00,0
1,27/08/20,23:30,14.7,95,0.00,0
1,28/08/20,00:00,14.7,96,0.00,0
1,28/08/20,0:30,14.8,96,0.40,0
1,28/08/20,1:00,14.9,96,8.00,0
1,28/08/20,1:30,14.9,96,7.80,0
1,28/08/20,2:00,15.3,94,3.80,0
1,28/08/20,2:30,15.6,92,1.20,0
1,28/08/20,3:00,15.3,93,2.20,0
1,28/08/20,3:30,15.2,92,0.60,0
1,28/08/20,4:00,15.2,92,0.40,0
1,28/08/20,4:30,15.3,92,0.00,0
1,28/08/20,5:00,15.4,92,0.00,0
1,28/08/20,5:30,15.3,93,3.40,0
1,28/08/20,6:00,15.1,93,2.20,0
1,28/08/20,6:30,15.3,92,0.00,0
1,28/08/20,7:00,15.4,91,0.00,0
1,28/08/20,7:30,15.4,90,0.00,0
1,28/08/20,8:00,15.2,91,0.00,26
1,28/08/20,8:30,14.9,92,0.20,5
1,28/08/20,9:00,14.9,93,0.00,3
1,28/08/20,9:30,15.1,95,0.00,103
1,28/08/20,10:00,15.6,94,0.00,138
1,28/08/20,10:30,16.3,91,0.00,224
1,28/08/20,11:00,17.8,87,0.00,626
1,28/08/20,11:30,17.5,89,0.00,563
1,28/08/20,12:00,16.4,92,0.00,213
1,28/08/20,12:30,16.9,90,0.00,253
1,28/08/20,13:00,16.9,90,0.00,343
1,28/08/20,13:30,17.9,84,0.00,680
1,28/08/20,14:00,18.2,84,0.00,472
1,28/08/20,14:30,18.4,84,0.00,274
1,28/08/20,15:00,17.9,86,0.00,286
1,28/08/20,15:30,17.6,87,0.00,127
1,28/08/20,16:00,17.3,88,0.00,132
1,28/08/20,16:30,17.3,88,0.00,88
1,28/08/20,17:00,17.3,89,0.00,91
1,28/08/20,17:30,17.0,90,0.00,24
1,28/08/20,18:00,16.8,91,0.00,15
1,28/08/20,18:30,16.6,92,0.00,3
1,28/08/20,19:00,16.7,92,0.00,0
1,28/08/20,19:30,16.6,92,0.00,0
1,28/08/20,20:00,16.2,93,1.20,0
1,28/08/20,20:30,16.2,93,0.00,0
1,28/08/20,21:00,16.6,92,0.00,0
1,28/08/20,21:30,16.4,93,0.00,0
1,28/08/20,22:00,16.3,93,0.00,0
1,28/08/20,22:30,16.2,93,0.00,0
1,28/08/20,23:00,16.7,91,0.00,0
1,28/08/20,23:30,16.1,93,0.00,0
1,29/08/20,00:00,15.9,93,0.00,0
1,29/08/20,0:30,16.3,92,0.00,0
1,29/08/20,1:00,16.6,90,0.00,0
1,29/08/20,1:30,16.6,90,0.00,0
1,29/08/20,2:00,16.2,91,0.00,0
1,29/08/20,2:30,16.6,91,0.00,0
1,29/08/20,3:00,16.3,91,0.00,0
1,29/08/20,3:30,16.2,91,0.00,0
1,29/08/20,4:00,16.3,91,0.00,0
1,29/08/20,4:30,16.4,90,0.00,0
1,29/08/20,5:00,16.6,88,0.00,0
1,29/08/20,5:30,16.3,88,0.00,0
1,29/08/20,6:00,16.3,88,0.00,0
1,29/08/20,6:30,16.5,87,0.00,0
1,29/08/20,7:00,15.8,90,0.00,1
1,29/08/20,7:30,15.3,91,0.00,24
1,29/08/20,8:00,15.4,92,0.00,85
1,29/08/20,8:30,15.6,92,0.00,169
1,29/08/20,9:00,17.1,89,0.00,263
1,29/08/20,9:30,17.5,87,0.00,308
1,29/08/20,10:00,18.6,85,0.00,364
1,29/08/20,10:30,19.0,85,0.00,423
1,29/08/20,11:00,19.8,84,0.00,485
1,29/08/20,11:30,20.3,83,0.00,479
1,29/08/20,12:00,20.9,81,0.00,612
1,29/08/20,12:30,21.3,81,0.00,657
1,29/08/20,13:00,21.2,83,0.00,200
1,29/08/20,13:30,21.7,82,0.00,275
1,29/08/20,14:00,22.3,80,0.00,546
1,29/08/20,14:30,20.9,84,0.00,218
1,29/08/20,15:00,19.3,90,0.00,112
1,29/08/20,15:30,18.6,91,0.00,263
1,29/08/20,16:00,17.7,91,0.00,158
1,29/08/20,16:30,17.4,93,0.00,30
1,29/08/20,17:00,16.8,93,0.00,33
1,29/08/20,17:30,16.0,94,0.00,23
1,29/08/20,18:00,15.8,91,0.00,7
1,29/08/20,18:30,15.5,93,0.00,0
1,29/08/20,19:00,15.3,94,0.00,0
1,29/08/20,19:30,15.3,93,0.00,0
1,29/08/20,20:00,15.1,91,0.00,0
1,29/08/20,20:30,14.9,91,0.00,0
1,29/08/20,21:00,14.8,91,0.00,0
1,29/08/20,21:30,14.6,92,0.00,0
1,29/08/20,22:00,13.7,92,0.00,0
1,29/08/20,22:30,13.1,86,0.00,0
1,29/08/20,23:00,12.7,84,0.00,0
1,29/08/20,23:30,12.5,83,0.00,0
1,30/08/20,00:00,12.3,83,0.00,0
1,30/08/20,0:30,12.1,81,0.00,0
1,30/08/20,1:00,12.3,80,0.00,0
1,30/08/20,1:30,11.8,83,0.00,0
1,30/08/20,2:00,11.4,84,0.00,0
1,30/08/20,2:30,11.1,88,0.00,0
1,30/08/20,3:00,11.1,89,0.00,0
1,30/08/20,3:30,10.3,89,0.20,0
1,30/08/20,4:00,9.3,90,0.40,0
1,30/08/20,4:30,8.4,91,0.60,0
1,30/08/20,5:00,8.1,91,0.20,0
1,30/08/20,5:30,7.7,89,0.00,0
1,30/08/20,6:00,7.3,90,0.00,0
1,30/08/20,6:30,6.9,91,0.40,0
1,30/08/20,7:00,6.9,91,0.00,0
1,30/08/20,7:30,7.0,91,0.00,1
1,30/08/20,8:00,6.6,90,0.40,6
1,30/08/20,8:30,6.6,89,0.00,37
1,30/08/20,9:00,6.7,88,0.00,50
1,30/08/20,9:30,6.7,88,0.00,63
1,30/08/20,10:00,7.2,89,0.00,128
1,30/08/20,10:30,7.3,88,0.00,135
1,30/08/20,11:00,7.8,84,0.00,215
1,30/08/20,11:30,8.5,83,0.00,359
1,30/08/20,12:00,8.3,82,0.00,210
1,30/08/20,12:30,8.5,84,0.00,233
1,30/08/20,13:00,8.7,82,0.00,250
1,30/08/20,13:30,8.9,80,0.00,267
1,30/08/20,14:00,9.8,79,0.00,314
1,30/08/20,14:30,10.8,76,0.00,398
1,30/08/20,15:00,11.1,73,0.00,645
1,30/08/20,15:30,11.3,72,0.00,513
1,30/08/20,16:00,11.7,74,0.00,323
1,30/08/20,16:30,11.7,72,0.00,297
1,30/08/20,17:00,11.5,72,0.00,170
1,30/08/20,17:30,10.9,73,0.00,86
1,30/08/20,18:00,10.4,75,0.00,42
1,30/08/20,18:30,9.3,80,0.00,5
1,30/08/20,19:00,8.7,80,0.00,0
1,30/08/20,19:30,8.1,83,0.00,0
1,30/08/20,20:00,7.7,84,0.00,0
1,30/08/20,20:30,7.2,85,0.00,0
1,30/08/20,21:00,6.9,85,0.00,0
1,30/08/20,21:30,6.3,87,0.00,0
1,30/08/20,22:00,6.2,87,0.00,0
1,30/08/20,22:30,5.8,90,0.00,0
1,30/08/20,23:00,5.8,88,0.00,0
1,30/08/20,23:30,5.5,89,0.00,0
1,31/08/20,00:00,5.3,88,0.00,0
1,31/08/20,0:30,4.8,90,0.00,0
1,31/08/20,1:00,5.1,89,0.00,0
1,31/08/20,1:30,5.5,87,0.00,0
1,31/08/20,2:00,5.3,88,0.00,0
1,31/08/20,2:30,4.6,89,0.00,0
1,31/08/20,3:00,4.7,91,0.00,0
1,31/08/20,3:30,4.1,92,0.00,0
1,31/08/20,4:00,4.8,89,0.00,0
1,31/08/20,4:30,3.7,91,0.00,0
1,31/08/20,5:00,4.1,92,0.00,0
1,31/08/20,5:30,4.8,89,0.00,0
1,31/08/20,6:00,4.7,90,0.00,0
1,31/08/20,6:30,4.2,90,0.00,0
1,31/08/20,7:00,4.7,90,0.00,2
1,31/08/20,7:30,4.9,90,0.00,34
1,31/08/20,8:00,5.5,93,0.00,64
1,31/08/20,8:30,6.6,89,0.00,105
1,31/08/20,9:00,7.6,85,0.00,215
1,31/08/20,9:30,8.4,70,0.00,218
1,31/08/20,10:00,9.2,71,0.00,209
1,31/08/20,10:30,9.6,61,0.00,236
1,31/08/20,11:00,9.9,55,0.00,249
1,31/08/20,11:30,10.3,54,0.00,241
1,31/08/20,12:00,10.5,59,0.00,247
1,31/08/20,12:30,9.9,55,0.00,151
1,31/08/20,13:00,9.6,59,0.00,73
1,31/08/20,13:30,9.6,65,0.00,75
1,31/08/20,14:00,9.7,67,0.00,139
1,31/08/20,14:30,9.7,68,0.00,131
1,31/08/20,15:00,10.1,69,0.00,163
1,31/08/20,15:30,9.7,64,0.00,118
1,31/08/20,16:00,9.6,69,0.00,85
1,31/08/20,16:30,9.4,75,0.00,59
1,31/08/20,17:00,9.3,77,0.00,29
1,31/08/20,17:30,8.9,74,0.00,12
1,31/08/20,18:00,8.8,74,0.00,1
1,31/08/20,18:30,8.6,76,0.00,0
1,31/08/20,19:00,8.2,82,0.00,0
1,31/08/20,19:30,8.3,85,0.00,0
1,31/08/20,20:00,8.3,87,0.00,0
1,31/08/20,20:30,8.3,85,0.00,0
1,31/08/20,21:00,7.9,85,0.00,0
1,31/08/20,21:30,8.1,83,0.00,0
1,31/08/20,22:00,7.9,89,0.20,0
1,31/08/20,22:30,7.9,89,0.20,0
1,31/08/20,23:00,7.7,90,0.40,0
1,31/08/20,23:30,7.5,91,0.60,0
1,01/09/20,00:00,7.4,91,0.80,0
1,01/09/20,0:30,7.3,91,1.00,0
1,01/09/20,1:00,7.2,91,1.40,0
1,01/09/20,1:30,7.0,91,1.00,0
1,01/09/20,2:00,6.8,92,3.00,0
1,01/09/20,2:30,6.8,92,2.00,0
1,01/09/20,3:00,6.8,92,1.60,0
1,01/09/20,3:30,6.6,92,1.60,0
1,01/09/20,4:00,6.6,93,1.40,0
1,01/09/20,4:30,6.3,93,1.20,0
1,01/09/20,5:00,6.3,93,1.20,0
1,01/09/20,5:30,6.4,93,1.60,0
1,01/09/20,6:00,6.4,93,1.40,0
1,01/09/20,6:30,6.6,93,1.60,0
1,01/09/20,7:00,6.7,93,1.60,0
1,01/09/20,7:30,6.8,93,1.20,0
1,01/09/20,8:00,7.1,93,0.60,2
1,01/09/20,8:30,7.2,93,1.60,10
1,01/09/20,9:00,7.5,93,1.80,21
1,01/09/20,9:30,7.9,93,0.60,29
1,01/09/20,10:00,8.3,93,1.00,41
1,01/09/20,10:30,8.6,93,0.60,51
1,01/09/20,11:00,8.9,93,0.40,57
1,01/09/20,11:30,9.3,93,0.80,64
1,01/09/20,12:00,9.5,92,0.80,55
1,01/09/20,12:30,9.7,93,0.40,50
1,01/09/20,13:00,9.9,93,0.00,40
1,01/09/20,13:30,10.2,94,0.00,47
1,01/09/20,14:00,10.6,93,0.00,117
1,01/09/20,14:30,10.6,93,0.00,92
1,01/09/20,15:00,10.8,93,0.00,125
1,01/09/20,15:30,10.8,93,0.00,94
1,01/09/20,16:00,10.8,92,0.00,140
1,01/09/20,16:30,10.7,93,0.00,98
1,01/09/20,17:00,10.7,93,0.00,50
1,01/09/20,17:30,10.6,93,0.00,19
1,01/09/20,18:00,10.7,93,0.00,6
1,01/09/20,18:30,10.8,93,0.00,0
1,01/09/20,19:00,10.8,93,0.00,0
1,01/09/20,19:30,10.9,93,0.00,0
1,01/09/20,20:00,10.9,93,0.00,0
1,01/09/20,20:30,11.0,93,0.00,0
1,01/09/20,21:00,11.1,93,0.00,0
1,01/09/20,21:30,11.2,92,0.00,0
1,01/09/20,22:00,11.2,93,0.00,0
1,01/09/20,22:30,11.3,94,0.00,0
1,01/09/20,23:00,11.6,93,0.00,0
1,01/09/20,23:30,11.6,94,0.00,0
1,02/09/20,00:00,11.7,94,0.00,0
1,02/09/20,0:30,11.8,93,0.00,0
1,02/09/20,1:00,11.8,94,0.00,0
1,02/09/20,1:30,11.9,93,0.00,0
1,02/09/20,2:00,12.1,93,0.00,0
1,02/09/20,2:30,12.2,93,0.00,0
1,02/09/20,3:00,12.3,93,0.00,0
1,02/09/20,3:30,12.6,93,0.00,0
1,02/09/20,4:00,12.9,92,0.00,0
1,02/09/20,4:30,13.0,92,0.00,0
1,02/09/20,5:00,13.1,92,0.00,0
1,02/09/20,5:30,13.1,92,0.00,0
1,02/09/20,6:00,13.2,92,0.00,0
1,02/09/20,6:30,13.2,92,0.00,0
1,02/09/20,7:00,13.2,92,0.00,0
1,02/09/20,7:30,13.2,93,0.20,1
1,02/09/20,8:00,13.3,93,0.00,17
1,02/09/20,8:30,13.6,93,0.20,93
1,02/09/20,9:00,14.0,92,0.00,112
1,02/09/20,9:30,14.5,91,0.00,158
1,02/09/20,10:00,14.7,90,0.00,121
1,02/09/20,10:30,14.8,90,0.00,150
1,02/09/20,11:00,15.3,89,0.00,176
1,02/09/20,11:30,15.7,88,0.00,220
1,02/09/20,12:00,15.8,88,0.00,174
1,02/09/20,12:30,16.7,87,0.00,141
1,02/09/20,13:00,17.5,86,0.00,330
1,02/09/20,13:30,17.9,84,0.00,283
1,02/09/20,14:00,17.8,85,0.00,147
1,02/09/20,14:30,18.1,85,0.00,133
1,02/09/20,15:00,18.4,85,0.00,169
1,02/09/20,15:30,18.1,86,0.00,113
1,02/09/20,16:00,18.1,86,0.00,66
1,02/09/20,16:30,18.0,88,0.00,66
1,02/09/20,17:00,17.9,88,0.00,39
1,02/09/20,17:30,17.8,90,0.00,15
1,02/09/20,18:00,17.7,90,0.00,5
1,02/09/20,18:30,18.1,89,0.00,0
1,02/09/20,19:00,18.1,89,0.00,0
1,02/09/20,19:30,17.4,87,0.00,0
1,02/09/20,20:00,16.8,88,0.00,0
1,02/09/20,20:30,16.2,89,0.00,0
1,02/09/20,21:00,15.7,91,0.00,0
1,02/09/20,21:30,15.2,89,0.00,0
1,02/09/20,22:00,13.7,89,0.00,0
1,02/09/20,22:30,13.7,90,0.00,0
1,02/09/20,23:00,13.3,89,0.00,0
1,02/09/20,23:30,12.9,89,0.00,0
1,03/09/20,00:00,11.6,90,0.00,0
1,03/09/20,0:30,10.6,89,0.00,0
1,03/09/20,1:00,9.9,89,0.00,0
1,03/09/20,1:30,9.3,91,0.00,0
1,03/09/20,2:00,9.2,89,0.00,0
1,03/09/20,2:30,9.2,90,0.00,0
1,03/09/20,3:00,8.9,93,0.00,0
1,03/09/20,3:30,8.7,94,0.00,0
1,03/09/20,4:00,8.7,96,0.00,0
1,03/09/20,4:30,8.9,92,0.00,0
1,03/09/20,5:00,8.8,94,0.00,0
1,03/09/20,5:30,8.8,93,0.00,0
1,03/09/20,6:00,8.7,94,0.00,0
1,03/09/20,6:30,8.5,95,0.00,0
1,03/09/20,7:00,8.7,93,0.00,0
1,03/09/20,7:30,8.9,91,0.00,12
1,03/09/20,8:00,9.2,91,0.00,43
1,03/09/20,8:30,9.6,90,0.00,66
1,03/09/20,9:00,9.8,90,0.00,86
1,03/09/20,9:30,10.1,90,0.00,122
1,03/09/20,10:00,10.3,91,0.00,152
1,03/09/20,10:30,10.9,88,0.00,219
1,03/09/20,11:00,11.9,83,0.00,323
1,03/09/20,11:30,13.0,80,0.00,316
1,03/09/20,12:00,13.6,80,0.00,390
1,03/09/20,12:30,13.6,80,0.00,381
1,03/09/20,13:00,12.9,82,0.00,313
1,03/09/20,13:30,12.9,82,0.00,340
1,03/09/20,14:00,13.6,79,0.00,407
1,03/09/20,14:30,14.3,79,0.00,503
1,03/09/20,15:00,14.0,78,0.00,337
1,03/09/20,15:30,13.7,77,0.00,255
1,03/09/20,16:00,14.2,75,0.00,254
1,03/09/20,16:30,13.7,78,0.00,183
1,03/09/20,17:00,13.1,79,0.00,102
1,03/09/20,17:30,12.8,83,0.00,53
1,03/09/20,18:00,12.6,83,0.00,27
1,03/09/20,18:30,11.7,85,0.00,1
1,03/09/20,19:00,11.5,89,0.00,0
1,03/09/20,19:30,11.3,88,0.00,0
1,03/09/20,20:00,11.3,89,0.00,0
1,03/09/20,20:30,11.1,89,0.00,0
1,03/09/20,21:00,11.0,88,0.00,0
1,03/09/20,21:30,10.9,88,0.00,0
1,03/09/20,22:00,10.4,91,0.00,0
1,03/09/20,22:30,9.8,94,0.00,0
1,03/09/20,23:00,9.6,95,0.00,0
1,03/09/20,23:30,9.4,95,0.00,0
1,04/09/20,00:00,9.4,95,0.00,0
1,04/09/20,0:30,9.2,96,0.00,0
1,04/09/20,1:00,9.2,96,0.00,0
1,04/09/20,1:30,9.3,96,0.00,0
1,04/09/20,2:00,9.3,95,0.00,0
1,04/09/20,2:30,9.3,96,0.00,0
1,04/09/20,3:00,9.3,95,0.00,0
1,04/09/20,3:30,9.3,95,0.00,0
1,04/09/20,4:00,9.2,94,0.00,0
1,04/09/20,4:30,9.1,94,0.00,0
1,04/09/20,5:00,8.9,94,0.00,0
1,04/09/20,5:30,8.8,93,0.00,0
1,04/09/20,6:00,8.9,93,0.00,0
1,04/09/20,6:30,8.8,93,0.00,0
1,04/09/20,7:00,8.9,94,0.00,3
1,04/09/20,7:30,9.0,93,0.00,30
1,04/09/20,8:00,9.5,90,0.00,70
1,04/09/20,8:30,10.1,88,0.00,132
1,04/09/20,9:00,10.2,83,0.00,160
1,04/09/20,9:30,10.6,84,0.00,217
1,04/09/20,10:00,11.2,80,0.00,318
1,04/09/20,10:30,11.9,77,0.00,697
1,04/09/20,11:00,12.6,78,0.00,722
1,04/09/20,11:30,13.6,75,0.00,772
1,04/09/20,12:00,14.8,66,0.00,805
1,04/09/20,12:30,15.4,63,0.00,817
1,04/09/20,13:00,16.4,62,0.00,810
1,04/09/20,13:30,16.9,68,0.00,828
1,04/09/20,14:00,15.9,64,0.00,784
1,04/09/20,14:30,16.2,65,0.00,701
1,04/09/20,15:00,16.6,66,0.00,637
1,04/09/20,15:30,16.3,66,0.00,548
1,04/09/20,16:00,16.4,64,0.00,453
1,04/09/20,16:30,16.4,65,0.00,360
1,04/09/20,17:00,15.8,63,0.00,253
1,04/09/20,17:30,15.7,66,0.00,131
1,04/09/20,18:00,14.5,70,0.00,38
1,04/09/20,18:30,12.8,77,0.00,7
1,04/09/20,19:00,12.5,79,0.00,0
1,04/09/20,19:30,12.6,76,0.00,0
1,04/09/20,20:00,12.7,75,0.00,0
1,04/09/20,20:30,12.2,84,0.00,0
1,04/09/20,21:00,11.8,85,0.00,0
1,04/09/20,21:30,11.5,85,0.00,0
1,04/09/20,22:00,11.0,87,0.00,0
1,04/09/20,22:30,10.9,89,0.00,0
1,04/09/20,23:00,11.0,90,0.00,0
1,04/09/20,23:30,10.6,91,0.00,0
1,05/09/20,00:00,10.4,91,0.00,0
1,05/09/20,0:30,10.2,92,0.00,0
1,05/09/20,1:00,9.8,93,0.00,0
1,05/09/20,1:30,9.6,92,0.00,0
1,05/09/20,2:00,9.6,91,0.00,0
1,05/09/20,2:30,9.8,90,0.00,0
1,05/09/20,3:00,9.3,92,0.00,0
1,05/09/20,3:30,9.2,92,0.00,0
1,05/09/20,4:00,8.9,93,0.00,0
1,05/09/20,4:30,9.1,92,0.00,0
1,05/09/20,5:00,9.0,92,0.00,0
1,05/09/20,5:30,9.1,90,0.00,0
1,05/09/20,6:00,9.1,91,0.00,0
1,05/09/20,6:30,8.8,91,0.00,0
1,05/09/20,7:00,8.8,91,0.00,5
1,05/09/20,7:30,9.0,90,0.00,44
1,05/09/20,8:00,9.4,89,0.00,129
1,05/09/20,8:30,10.3,85,0.00,233
1,05/09/20,9:00,10.2,84,0.00,143
1,05/09/20,9:30,10.4,81,0.00,146
1,05/09/20,10:00,11.0,81,0.00,217
1,05/09/20,10:30,11.1,81,0.00,239
1,05/09/20,11:00,11.4,80,0.00,253
1,05/09/20,11:30,11.6,81,0.00,236
1,05/09/20,12:00,11.8,80,0.00,249
1,05/09/20,12:30,12.6,79,0.00,400
1,05/09/20,13:00,12.5,79,0.00,245
1,05/09/20,13:30,12.5,80,0.00,188
1,05/09/20,14:00,12.6,81,0.00,219
1,05/09/20,14:30,12.8,79,0.00,217
1,05/09/20,15:00,12.6,80,0.00,192
1,05/09/20,15:30,12.7,81,0.00,151
1,05/09/20,16:00,12.5,80,0.00,145
1,05/09/20,16:30,12.4,81,0.00,99
1,05/09/20,17:00,12.1,83,0.00,57
1,05/09/20,17:30,12.1,85,0.00,68
1,05/09/20,18:00,11.9,85,0.00,28
1,05/09/20,18:30,11.9,86,0.00,3
1,05/09/20,19:00,11.8,87,0.00,0
1,05/09/20,19:30,11.9,87,0.00,0
1,05/09/20,20:00,11.8,90,0.00,0
1,05/09/20,20:30,11.7,90,0.00,0
1,05/09/20,21:00,11.4,92,0.00,0
1,05/09/20,21:30,11.4,92,0.00,0
1,05/09/20,22:00,11.3,92,0.00,0
1,05/09/20,22:30,11.4,92,0.00,0
1,05/09/20,23:00,11.6,92,0.00,0
1,05/09/20,23:30,11.6,92,0.00,0
1,06/09/20,00:00,11.7,90,0.00,0
1,06/09/20,0:30,11.7,90,0.00,0
1,06/09/20,1:00,11.9,90,0.00,0
1,06/09/20,1:30,11.9,90,0.00,0
1,06/09/20,2:00,12.0,90,0.00,0
1,06/09/20,2:30,11.8,92,0.00,0
1,06/09/20,3:00,11.8,93,0.00,0
1,06/09/20,3:30,11.7,94,0.00,0
1,06/09/20,4:00,11.9,93,0.00,0
1,06/09/20,4:30,11.9,93,0.00,0
1,06/09/20,5:00,11.8,93,0.00,0
1,06/09/20,5:30,11.8,93,0.00,0
1,06/09/20,6:00,11.9,92,0.00,0
1,06/09/20,6:30,11.4,93,0.00,0
1,06/09/20,7:00,11.2,92,0.00,0
1,06/09/20,7:30,11.1,91,0.00,12
1,06/09/20,8:00,11.1,91,0.00,38
1,06/09/20,8:30,11.0,92,0.00,80
1,06/09/20,9:00,11.0,92,0.00,88
1,06/09/20,9:30,11.2,92,0.00,121
1,06/09/20,10:00,11.5,91,0.00,178
1,06/09/20,10:30,11.6,90,0.00,219
1,06/09/20,11:00,11.6,90,0.00,215
1,06/09/20,11:30,11.6,91,0.00,307
1,06/09/20,12:00,12.3,90,0.00,413
1,06/09/20,12:30,12.5,87,0.00,489
1,06/09/20,13:00,12.5,86,0.00,492
1,06/09/20,13:30,13.1,84,0.00,381
1,06/09/20,14:00,13.4,84,0.00,368
1,06/09/20,14:30,13.2,84,0.00,247
1,06/09/20,15:00,13.0,85,0.00,157
1,06/09/20,15:30,13.1,84,0.00,156
1,06/09/20,16:00,13.1,83,0.00,135
1,06/09/20,16:30,13.1,82,0.00,93
1,06/09/20,17:00,12.9,82,0.00,55
1,06/09/20,17:30,12.8,83,0.00,39
1,06/09/20,18:00,12.4,83,0.00,26
1,06/09/20,18:30,12.2,84,0.00,5
1,06/09/20,19:00,11.8,85,0.00,0
1,06/09/20,19:30,11.7,85,0.00,0
1,06/09/20,20:00,11.3,85,0.00,0
1,06/09/20,20:30,11.3,85,0.00,0
1,06/09/20,21:00,11.2,85,0.00,0
1,06/09/20,21:30,11.1,84,0.00,0
1,06/09/20,22:00,11.1,83,0.00,0
1,06/09/20,22:30,11.1,83,0.00,0
1,06/09/20,23:00,11.2,83,0.00,0
1,06/09/20,23:30,11.3,82,0.00,0
1,07/09/20,00:00,11.1,83,0.00,0
1,07/09/20,0:30,10.9,83,0.00,0
1,07/09/20,1:00,10.8,84,0.00,0
1,07/09/20,1:30,10.6,85,0.00,0
1,07/09/20,2:00,10.2,86,0.00,0
1,07/09/20,2:30,10.2,87,0.00,0
1,07/09/20,3:00,10.1,88,0.00,0
1,07/09/20,3:30,9.9,89,0.00,0
1,07/09/20,4:00,9.9,89,0.00,0
1,07/09/20,4:30,10.3,89,0.00,0
1,07/09/20,5:00,10.4,89,0.00,0
1,07/09/20,5:30,10.2,90,0.00,0
1,07/09/20,6:00,10.3,89,0.00,0
1,07/09/20,6:30,10.4,88,0.00,0
1,07/09/20,7:00,10.3,89,0.00,7
1,07/09/20,7:30,10.6,88,0.00,44
1,07/09/20,8:00,11.3,87,0.00,144
1,07/09/20,8:30,11.9,86,0.00,271
1,07/09/20,9:00,12.5,83,0.00,380
1,07/09/20,9:30,12.7,83,0.00,268
1,07/09/20,10:00,13.4,81,0.00,510
1,07/09/20,10:30,14.1,79,0.00,702
1,07/09/20,11:00,14.2,76,0.00,425
1,07/09/20,11:30,14.7,74,0.00,468
1,07/09/20,12:00,15.7,71,0.00,547
1,07/09/20,12:30,15.7,67,0.00,526
1,07/09/20,13:00,15.7,67,0.00,490
1,07/09/20,13:30,15.3,68,0.00,380
1,07/09/20,14:00,14.9,68,0.00,244
1,07/09/20,14:30,14.7,68,0.00,185
1,07/09/20,15:00,15.0,67,0.00,245
1,07/09/20,15:30,15.7,68,0.00,393
1,07/09/20,16:00,15.1,69,0.00,287
1,07/09/20,16:30,14.8,72,0.00,208
1,07/09/20,17:00,14.2,74,0.00,130
1,07/09/20,17:30,13.8,76,0.00,85
1,07/09/20,18:00,13.4,79,0.00,41
1,07/09/20,18:30,13.0,80,0.00,6
1,07/09/20,19:00,12.6,82,0.00,0
1,07/09/20,19:30,12.3,83,0.00,0
1,07/09/20,20:00,12.3,85,0.00,0
1,07/09/20,20:30,12.4,86,0.00,0
1,07/09/20,21:00,12.3,89,0.00,0
1,07/09/20,21:30,12.3,90,0.00,0
1,07/09/20,22:00,12.5,90,0.00,0
1,07/09/20,22:30,12.6,89,0.00,0
1,07/09/20,23:00,12.7,88,0.00,0
1,07/09/20,23:30,12.6,88,0.00,0
1,08/09/20,00:00,12.6,88,0.00,0
1,08/09/20,0:30,12.6,88,0.00,0
1,08/09/20,1:00,12.6,87,0.00,0
1,08/09/20,1:30,12.4,87,0.00,0
1,08/09/20,2:00,12.2,87,0.00,0
1,08/09/20,2:30,11.9,87,0.00,0
1,08/09/20,3:00,11.9,86,0.00,0
1,08/09/20,3:30,11.9,87,0.00,0
1,08/09/20,4:00,11.8,87,0.00,0
1,08/09/20,4:30,11.7,88,0.00,0
1,08/09/20,5:00,11.5,90,0.00,0
1,08/09/20,5:30,11.3,90,0.00,0
1,08/09/20,6:00,11.3,90,0.00,0
1,08/09/20,6:30,11.4,89,0.00,0
1,08/09/20,7:00,11.5,89,0.00,9
1,08/09/20,7:30,11.7,88,0.00,49
1,08/09/20,8:00,11.9,87,0.00,61
1,08/09/20,8:30,13.1,83,0.00,264
1,08/09/20,9:00,13.7,81,0.00,393
1,08/09/20,9:30,14.3,81,0.00,490
1,08/09/20,10:00,14.1,82,0.00,511
1,08/09/20,10:30,15.1,82,0.00,474
1,08/09/20,11:00,15.2,81,0.00,697
1,08/09/20,11:30,15.4,82,0.00,609
1,08/09/20,12:00,15.9,83,0.00,915
1,08/09/20,12:30,16.6,80,0.00,854
1,08/09/20,13:00,16.3,80,0.00,703
1,08/09/20,13:30,16.4,82,0.00,836
1,08/09/20,14:00,16.2,81,0.00,585
1,08/09/20,14:30,16.2,82,0.00,478
1,08/09/20,15:00,15.8,84,0.00,479
1,08/09/20,15:30,15.4,88,0.00,336
1,08/09/20,16:00,15.2,88,0.00,232
1,08/09/20,16:30,15.4,87,0.00,265
1,08/09/20,17:00,15.0,89,0.00,158
1,08/09/20,17:30,14.9,89,0.00,91
1,08/09/20,18:00,14.7,92,0.00,61
1,08/09/20,18:30,14.8,92,0.00,8
1,08/09/20,19:00,14.8,92,0.00,0
1,08/09/20,19:30,14.8,92,0.00,0
1,08/09/20,20:00,14.8,93,0.00,0
1,08/09/20,20:30,14.8,93,0.00,0
1,08/09/20,21:00,14.9,93,0.00,0
1,08/09/20,21:30,14.9,93,0.00,0
1,08/09/20,22:00,15.0,93,0.00,0
1,08/09/20,22:30,15.1,94,0.00,0
1,08/09/20,23:00,15.5,91,0.00,0
1,08/09/20,23:30,15.7,90,0.00,0
1,09/09/20,00:00,15.9,90,0.00,0
1,09/09/20,0:30,15.9,89,0.00,0
1,09/09/20,1:00,15.8,90,0.00,0
1,09/09/20,1:30,15.8,89,0.00,0
1,09/09/20,2:00,15.7,90,0.00,0
1,09/09/20,2:30,15.6,91,0.00,0
1,09/09/20,3:00,15.4,91,0.00,0
1,09/09/20,3:30,15.5,91,0.00,0
1,09/09/20,4:00,15.5,91,0.00,0
1,09/09/20,4:30,15.5,92,0.00,0
1,09/09/20,5:00,15.6,91,0.00,0
1,09/09/20,5:30,15.6,92,0.00,0
1,09/09/20,6:00,15.6,92,0.00,0
1,09/09/20,6:30,15.6,92,0.00,0
1,09/09/20,7:00,15.7,92,0.00,4
1,09/09/20,7:30,15.7,92,0.00,22
1,09/09/20,8:00,16.0,92,0.00,59
1,09/09/20,8:30,16.4,91,0.00,124
1,09/09/20,9:00,16.6,91,0.00,185
1,09/09/20,9:30,17.0,90,0.00,234
1,09/09/20,10:00,17.6,88,0.00,298
1,09/09/20,10:30,18.4,86,0.00,361
1,09/09/20,11:00,18.6,86,0.00,477
1,09/09/20,11:30,19.2,85,0.00,495
1,09/09/20,12:00,19.9,83,0.00,439
1,09/09/20,12:30,20.1,82,0.00,623
1,09/09/20,13:00,19.9,83,0.00,435
1,09/09/20,13:30,20.0,83,0.00,410
1,09/09/20,14:00,20.2,82,0.00,374
1,09/09/20,14:30,20.2,81,0.00,328
1,09/09/20,15:00,20.3,82,0.00,230
1,09/09/20,15:30,20.4,82,0.00,192
1,09/09/20,16:00,20.2,82,0.00,103
1,09/09/20,16:30,20.2,83,0.00,129
1,09/09/20,17:00,20.2,83,0.00,98
1,09/09/20,17:30,19.9,84,0.00,37
1,09/09/20,18:00,19.6,86,0.00,19
1,09/09/20,18:30,19.1,88,0.00,5
1,09/09/20,19:00,18.7,89,0.00,0
1,09/09/20,19:30,18.3,90,0.00,0
1,09/09/20,20:00,18.4,90,0.00,0
1,09/09/20,20:30,17.9,91,0.00,0
1,09/09/20,21:00,17.6,93,0.00,0
1,09/09/20,21:30,16.6,95,0.00,0
1,09/09/20,22:00,16.7,97,0.00,0
1,09/09/20,22:30,16.8,97,0.00,0
1,09/09/20,23:00,16.7,97,0.00,0
1,09/09/20,23:30,16.6,96,0.00,0
1,10/09/20,00:00,16.4,94,0.00,0
1,10/09/20,0:30,15.7,94,0.00,0
1,10/09/20,1:00,15.1,92,0.00,0
1,10/09/20,1:30,15.1,91,0.00,0
1,10/09/20,2:00,13.6,94,0.00,0
1,10/09/20,2:30,13.6,93,0.00,0
1,10/09/20,3:00,13.7,96,0.00,0
1,10/09/20,3:30,13.1,96,0.00,0
1,10/09/20,4:00,13.6,97,0.00,0
1,10/09/20,4:30,13.9,97,0.00,0
1,10/09/20,5:00,13.7,97,0.00,0
1,10/09/20,5:30,13.6,97,0.00,0
1,10/09/20,6:00,13.5,97,0.00,0
1,10/09/20,6:30,13.3,98,0.00,0
1,10/09/20,7:00,13.2,97,0.00,6
1,10/09/20,7:30,12.8,97,0.00,42
1,10/09/20,8:00,13.3,97,0.00,131
1,10/09/20,8:30,14.4,90,0.00,292
1,10/09/20,9:00,15.4,86,0.00,395
1,10/09/20,9:30,16.1,83,0.00,495
1,10/09/20,10:00,17.2,78,0.00,586
1,10/09/20,10:30,17.9,76,0.00,665
1,10/09/20,11:00,17.8,76,0.00,730
1,10/09/20,11:30,18.5,75,0.00,778
1,10/09/20,12:00,18.5,71,0.00,812
1,10/09/20,12:30,18.8,69,0.00,813
1,10/09/20,13:00,19.3,68,0.00,822
1,10/09/20,13:30,19.4,68,0.00,803
1,10/09/20,14:00,19.8,67,0.00,767
1,10/09/20,14:30,19.8,61,0.00,716
1,10/09/20,15:00,20.3,63,0.00,649
1,10/09/20,15:30,20.4,60,0.00,568
1,10/09/20,16:00,20.8,58,0.00,477
1,10/09/20,16:30,20.7,61,0.00,377
1,10/09/20,17:00,20.3,63,0.00,268
1,10/09/20,17:30,19.5,68,0.00,151
1,10/09/20,18:00,18.6,69,0.00,49
1,10/09/20,18:30,17.2,77,0.00,8
1,10/09/20,19:00,16.3,79,0.00,0
1,10/09/20,19:30,15.8,82,0.00,0
1,10/09/20,20:00,15.2,83,0.00,0
1,10/09/20,20:30,14.7,85,0.00,0
1,10/09/20,21:00,14.7,85,0.00,0
1,10/09/20,21:30,14.5,86,0.00,0
1,10/09/20,22:00,13.9,87,0.00,0
1,10/09/20,22:30,13.7,89,0.00,0
1,10/09/20,23:00,13.7,89,0.00,0
1,10/09/20,23:30,13.4,90,0.00,0
1,11/09/20,00:00,13.2,90,0.00,0
1,11/09/20,0:30,13.1,87,0.00,0
1,11/09/20,1:00,12.9,88,0.00,0
1,11/09/20,1:30,12.7,88,0.00,0
1,11/09/20,2:00,12.6,88,0.00,0
1,11/09/20,2:30,12.2,90,0.00,0
1,11/09/20,3:00,12.3,87,0.00,0
1,11/09/20,3:30,12.3,86,0.00,0
1,11/09/20,4:00,12.6,83,0.00,0
1,11/09/20,4:30,12.8,81,0.00,0
1,11/09/20,5:00,12.8,81,0.00,0
1,11/09/20,5:30,12.7,81,0.00,0
1,11/09/20,6:00,13.1,79,0.00,0
1,11/09/20,6:30,13.3,77,0.00,0
1,11/09/20,7:00,13.4,77,0.00,7
1,11/09/20,7:30,13.6,78,0.00,44
1,11/09/20,8:00,14.1,76,0.00,85
1,11/09/20,8:30,14.3,76,0.00,150
1,11/09/20,9:00,14.9,74,0.00,202
1,11/09/20,9:30,16.2,74,0.00,395
1,11/09/20,10:00,17.5,72,0.00,494
1,11/09/20,10:30,18.8,68,0.00,449
1,11/09/20,11:00,20.2,65,0.00,540
1,11/09/20,11:30,21.3,61,0.00,658
1,11/09/20,12:00,21.7,64,0.00,639
1,11/09/20,12:30,22.2,63,0.00,712
1,11/09/20,13:00,22.9,61,0.00,654
1,11/09/20,13:30,23.7,63,0.00,677
1,11/09/20,14:00,24.3,63,0.00,661
1,11/09/20,14:30,24.4,63,0.00,562
1,11/09/20,15:00,24.2,60,0.00,259
1,11/09/20,15:30,24.3,64,0.00,254
1,11/09/20,16:00,24.3,61,0.00,269
1,11/09/20,16:30,23.8,63,0.00,195
1,11/09/20,17:00,22.8,70,0.00,96
1,11/09/20,17:30,21.8,74,0.00,64
1,11/09/20,18:00,20.9,75,0.00,25
1,11/09/20,18:30,20.1,79,0.00,4
1,11/09/20,19:00,19.2,83,0.00,0
1,11/09/20,19:30,18.1,85,0.00,0
1,11/09/20,20:00,17.2,87,0.00,0
1,11/09/20,20:30,16.7,83,0.00,0
1,11/09/20,21:00,16.3,83,0.00,0
1,11/09/20,21:30,16.2,80,0.00,0
1,11/09/20,22:00,15.8,84,0.00,0
1,11/09/20,22:30,14.3,90,5.20,0
1,11/09/20,23:00,14.3,89,0.20,0
1,11/09/20,23:30,14.3,90,0.00,0
1,12/09/20,00:00,14.2,91,0.00,0
1,12/09/20,0:30,14.6,87,0.00,0
1,12/09/20,1:00,13.9,89,0.20,0
1,12/09/20,1:30,13.8,89,0.00,0
1,12/09/20,2:00,13.6,87,0.00,0
1,12/09/20,2:30,13.4,84,0.00,0
1,12/09/20,3:00,13.1,85,0.40,0
1,12/09/20,3:30,12.7,88,0.40,0
1,12/09/20,4:00,12.6,88,0.60,0
1,12/09/20,4:30,12.1,91,0.40,0
1,12/09/20,5:00,12.3,91,0.00,0
1,12/09/20,5:30,12.6,92,2.40,0
1,12/09/20,6:00,12.3,93,2.00,0
1,12/09/20,6:30,12.2,94,3.20,0
1,12/09/20,7:00,12.2,94,0.80,0
1,12/09/20,7:30,12.5,94,0.00,10
1,12/09/20,8:00,12.4,95,0.20,8
1,12/09/20,8:30,12.3,95,0.80,17
1,12/09/20,9:00,12.4,95,0.80,24
1,12/09/20,9:30,12.7,95,0.40,38
1,12/09/20,10:00,12.9,94,0.20,28
1,12/09/20,10:30,12.9,94,0.00,54
1,12/09/20,11:00,12.8,94,0.00,43
1,12/09/20,11:30,12.8,94,0.20,53
1,12/09/20,12:00,12.9,94,0.00,51
1,12/09/20,12:30,13.1,94,0.00,91
1,12/09/20,13:00,13.1,93,0.20,140
1,12/09/20,13:30,13.6,92,0.00,170
1,12/09/20,14:00,13.2,93,0.00,62
1,12/09/20,14:30,12.2,95,0.00,67
1,12/09/20,15:00,12.3,96,0.00,84
1,12/09/20,15:30,12.6,96,0.00,94
1,12/09/20,16:00,12.7,95,0.00,72
1,12/09/20,16:30,12.8,95,0.00,24
1,12/09/20,17:00,12.9,95,0.00,14
1,12/09/20,17:30,12.8,95,0.00,10
1,12/09/20,18:00,12.8,95,0.00,11
1,12/09/20,18:30,12.8,94,0.00,0
1,12/09/20,19:00,12.7,94,0.00,0
1,12/09/20,19:30,12.5,95,0.00,0
1,12/09/20,20:00,12.4,95,0.40,0
1,12/09/20,20:30,12.2,95,0.00,0
1,12/09/20,21:00,12.4,94,0.00,0
1,12/09/20,21:30,11.9,95,0.20,0
1,12/09/20,22:00,12.1,96,0.00,0
1,12/09/20,22:30,12.3,96,0.00,0
1,12/09/20,23:00,12.2,96,0.00,0
1,12/09/20,23:30,12.3,97,0.00,0
1,13/09/20,00:00,12.6,97,0.20,0
1,13/09/20,0:30,12.8,96,0.00,0
1,13/09/20,1:00,13.2,96,0.20,0
1,13/09/20,1:30,13.1,96,0.00,0
1,13/09/20,2:00,13.1,96,0.00,0
1,13/09/20,2:30,13.1,96,0.00,0
1,13/09/20,3:00,13.2,96,0.00,0
1,13/09/20,3:30,12.8,96,0.00,0
1,13/09/20,4:00,13.1,96,0.00,0
1,13/09/20,4:30,13.1,95,0.00,0
1,13/09/20,5:00,13.7,94,0.60,0
1,13/09/20,5:30,13.7,95,0.00,0
1,13/09/20,6:00,13.4,95,0.60,0
1,13/09/20,6:30,14.3,93,0.00,0
1,13/09/20,7:00,14.3,94,0.20,0
1,13/09/20,7:30,13.9,95,1.60,0
1,13/09/20,8:00,14.4,96,3.00,1
1,13/09/20,8:30,14.7,94,1.20,7
1,13/09/20,9:00,14.8,94,0.80,13
1,13/09/20,9:30,14.9,94,0.00,38
1,13/09/20,10:00,14.9,94,0.00,90
1,13/09/20,10:30,16.2,92,0.20,190
1,13/09/20,11:00,15.9,92,0.00,31
1,13/09/20,11:30,15.9,93,0.00,23
1,13/09/20,12:00,16.6,94,0.20,64
1,13/09/20,12:30,15.8,96,0.40,36
1,13/09/20,13:00,16.4,97,2.20,20
1,13/09/20,13:30,16.9,96,1.40,32
1,13/09/20,14:00,17.6,95,0.80,28
1,13/09/20,14:30,17.7,95,1.80,24
1,13/09/20,15:00,17.5,96,1.00,24
1,13/09/20,15:30,17.4,96,0.60,63
1,13/09/20,16:00,17.7,96,0.20,142
1,13/09/20,16:30,17.6,95,0.00,76
1,13/09/20,17:00,17.4,95,0.00,14
1,13/09/20,17:30,17.2,96,2.80,4
1,13/09/20,18:00,17.1,96,0.00,3
1,13/09/20,18:30,17.2,95,0.00,3
1,13/09/20,19:00,16.9,96,0.20,0
1,13/09/20,19:30,17.1,96,1.60,0
1,13/09/20,20:00,16.9,96,1.00,0
1,13/09/20,20:30,16.8,97,0.00,0
1,13/09/20,21:00,16.8,97,0.40,0
1,13/09/20,21:32,16.9,98,0.40,0
1,13/09/20,22:00,16.3,98,0.00,0
1,13/09/20,22:30,16.1,98,0.00,0
1,13/09/20,23:00,15.7,98,0.00,0
1,13/09/20,23:30,15.4,98,0.60,0
1,14/09/20,00:00,15.3,98,0.00,0
1,14/09/20,0:30,15.1,98,0.00,0
1,14/09/20,1:00,14.8,98,0.00,0
1,14/09/20,1:30,14.7,98,0.00,0
1,14/09/20,2:00,14.6,98,0.00,0
1,14/09/20,2:30,14.4,98,0.00,0
1,14/09/20,3:00,14.3,98,0.00,0
1,14/09/20,3:30,14.0,96,0.00,0
1,14/09/20,4:00,13.4,94,0.00,0
1,14/09/20,4:30,13.0,93,0.00,0
1,14/09/20,5:00,12.8,93,0.00,0
1,14/09/20,5:30,12.2,90,0.00,0
1,14/09/20,6:00,9.6,78,0.00,0
1,14/09/20,6:30,8.5,73,0.00,0
1,14/09/20,7:00,8.3,72,0.00,20
1,14/09/20,7:30,8.6,73,0.00,98
1,14/09/20,8:00,9.2,74,0.00,206
1,14/09/20,8:30,9.8,69,0.00,333
1,14/09/20,9:00,10.3,60,0.00,431
1,14/09/20,9:30,10.9,62,0.00,539
1,14/09/20,10:00,11.1,58,0.00,629
1,14/09/20,10:30,11.7,59,0.00,677
1,14/09/20,11:00,12.6,61,0.00,753
1,14/09/20,11:30,12.7,59,0.00,793
1,14/09/20,12:00,12.8,59,0.00,817
1,14/09/20,12:30,13.2,55,0.00,803
1,14/09/20,13:00,13.2,62,0.00,813
1,14/09/20,13:30,13.6,61,0.00,816
1,14/09/20,14:00,13.1,57,0.00,532
1,14/09/20,14:30,13.2,60,0.00,576
1,14/09/20,15:00,13.7,51,0.00,663
1,14/09/20,15:30,13.9,53,0.00,617
1,14/09/20,16:00,14.2,51,0.00,519
1,14/09/20,16:30,14.0,52,0.00,378
1,14/09/20,17:00,14.1,48,0.00,282
1,14/09/20,17:30,13.2,52,0.00,110
1,14/09/20,18:00,12.1,56,0.00,50
1,14/09/20,18:30,11.3,62,0.00,14
1,14/09/20,19:00,10.4,68,0.00,1
1,14/09/20,19:30,10.2,66,0.00,0
1,14/09/20,20:00,9.8,67,0.00,0
1,14/09/20,20:30,9.2,70,0.00,0
1,14/09/20,21:00,8.8,71,0.00,0
1,14/09/20,21:30,8.6,74,0.00,0
1,14/09/20,22:00,8.6,73,0.00,0
1,14/09/20,22:30,8.3,76,0.00,0
1,14/09/20,23:00,7.9,76,0.00,0
1,14/09/20,23:30,7.6,80,0.00,0
1,15/09/20,00:00,7.0,85,0.00,0
1,15/09/20,0:30,6.6,87,0.00,0
1,15/09/20,1:00,6.2,89,0.00,0
1,15/09/20,1:30,6.0,91,0.00,0
1,15/09/20,2:00,5.8,91,0.00,0
1,15/09/20,2:30,5.8,92,0.00,0
1,15/09/20,3:00,5.2,93,0.00,0
1,15/09/20,3:30,5.0,94,0.00,0
1,15/09/20,4:00,5.1,94,0.00,0
1,15/09/20,4:30,5.4,93,0.00,0
1,15/09/20,5:00,5.5,93,0.00,0
1,15/09/20,5:30,5.5,93,0.00,0
1,15/09/20,6:00,5.6,93,0.00,0
1,15/09/20,6:30,5.5,92,0.00,0
1,15/09/20,7:00,5.3,92,0.00,18
1,15/09/20,7:30,5.7,92,0.00,63
1,15/09/20,8:00,6.2,91,0.00,126
1,15/09/20,8:30,6.8,91,0.00,168
1,15/09/20,9:00,7.7,87,0.00,259
1,15/09/20,9:30,8.4,83,0.00,299
1,15/09/20,10:00,9.2,76,0.00,389
1,15/09/20,10:30,10.2,69,0.00,414
1,15/09/20,11:00,11.1,66,0.00,503
1,15/09/20,11:30,12.1,61,0.00,487
1,15/09/20,12:00,13.3,57,0.00,751
1,15/09/20,12:30,13.6,59,0.00,474
1,15/09/20,13:00,14.2,58,0.00,507
1,15/09/20,13:30,14.1,59,0.00,486
1,15/09/20,14:00,14.7,59,0.00,699
1,15/09/20,14:30,15.3,60,0.00,626
1,15/09/20,15:00,15.4,63,0.00,641
1,15/09/20,15:30,15.3,69,0.00,558
1,15/09/20,16:00,15.4,69,0.00,484
1,15/09/20,16:30,15.3,72,0.00,380
1,15/09/20,17:00,14.4,74,0.00,173
1,15/09/20,17:30,14.2,76,0.00,93
1,15/09/20,18:00,13.9,77,0.00,41
1,15/09/20,18:30,13.7,78,0.00,6
1,15/09/20,19:00,13.4,80,0.00,0
1,15/09/20,19:30,13.2,82,0.00,0
1,15/09/20,20:00,12.9,82,0.00,0
1,15/09/20,20:30,12.8,84,0.00,0
1,15/09/20,21:00,12.6,85,0.00,0
1,15/09/20,21:30,12.3,86,0.00,0
1,15/09/20,22:00,12.2,87,0.00,0
1,15/09/20,22:30,12.2,87,0.00,0
1,15/09/20,23:00,12.1,88,0.00,0
1,15/09/20,23:30,11.9,89,0.00,0
1,16/09/20,00:00,12.1,89,0.00,0
1,16/09/20,0:30,12.3,89,0.00,0
1,16/09/20,1:00,12.2,89,0.00,0
1,16/09/20,1:30,12.4,90,0.00,0
1,16/09/20,2:00,12.5,90,0.00,0
1,16/09/20,2:30,12.5,90,0.20,0
1,16/09/20,3:00,12.4,91,0.00,0
1,16/09/20,3:30,12.4,91,0.00,0
1,16/09/20,4:00,12.5,91,0.00,0
1,16/09/20,4:30,12.3,91,0.00,0
1,16/09/20,5:00,12.3,91,0.00,0
1,16/09/20,5:30,12.1,93,0.00,0
1,16/09/20,6:00,12.1,93,0.00,0
1,16/09/20,6:30,12.3,92,0.00,0
1,16/09/20,7:00,12.4,92,0.00,1
1,16/09/20,7:30,12.7,92,0.00,13
1,16/09/20,8:00,12.9,92,0.00,15
1,16/09/20,8:30,13.1,94,0.00,85
1,16/09/20,9:00,13.7,94,0.00,131
1,16/09/20,9:30,14.1,91,0.00,106
1,16/09/20,10:00,13.8,92,0.00,77
1,16/09/20,10:30,14.0,93,0.00,100
1,16/09/20,11:00,14.1,91,0.00,143
1,16/09/20,11:30,14.7,90,0.00,220
1,16/09/20,12:00,15.5,87,0.00,288
1,16/09/20,12:30,15.8,87,0.00,261
1,16/09/20,13:00,15.6,88,0.00,143
1,16/09/20,13:30,15.7,88,0.00,122
1,16/09/20,14:00,15.7,88,0.00,110
1,16/09/20,14:30,15.7,89,0.00,109
1,16/09/20,15:00,15.7,89,0.00,132
1,16/09/20,15:30,15.4,89,0.00,89
1,16/09/20,16:00,15.2,91,0.00,44
1,16/09/20,16:30,15.0,91,0.00,33
1,16/09/20,17:00,15.0,92,0.00,37
1,16/09/20,17:30,14.7,93,0.00,31
1,16/09/20,18:00,14.7,93,0.00,20
1,16/09/20,18:30,14.6,93,0.00,21
1,16/09/20,19:00,14.0,95,0.00,1
1,16/09/20,19:30,14.2,95,0.00,0
1,16/09/20,20:00,14.2,95,0.00,0
1,16/09/20,20:30,14.1,95,0.00,0
1,16/09/20,21:00,14.2,94,0.00,0
1,16/09/20,21:30,13.8,95,0.00,0
1,16/09/20,22:00,13.1,95,0.00,0
1,16/09/20,22:30,13.0,96,0.00,0
1,16/09/20,23:00,13.1,95,0.00,0
1,16/09/20,23:30,12.9,94,0.00,0
1,17/09/20,00:00,12.7,94,0.00,0
1,17/09/20,0:30,12.3,96,0.00,0
1,17/09/20,1:00,12.3,95,0.00,0
1,17/09/20,1:30,11.3,97,0.00,0
1,17/09/20,2:00,11.4,97,0.00,0
1,17/09/20,2:30,11.7,96,0.00,0
1,17/09/20,3:00,10.7,96,0.00,0
1,17/09/20,3:30,11.1,97,0.00,0
1,17/09/20,4:00,10.8,97,0.00,0
1,17/09/20,4:30,10.6,97,0.00,0
1,17/09/20,5:00,10.1,97,0.00,0
1,17/09/20,5:30,10.0,97,0.00,0
1,17/09/20,6:00,9.9,98,0.00,0
1,17/09/20,6:30,10.1,98,0.00,0
1,17/09/20,7:00,10.2,98,0.00,11
1,17/09/20,7:30,10.2,98,0.00,39
1,17/09/20,8:00,10.6,98,0.00,78
1,17/09/20,8:30,10.8,98,0.00,121
1,17/09/20,9:00,11.4,98,0.00,190
1,17/09/20,9:30,12.0,98,0.00,263
1,17/09/20,10:00,12.8,98,0.00,291
1,17/09/20,10:30,13.1,98,0.00,342
1,17/09/20,11:00,13.8,97,0.00,434
1,17/09/20,11:30,14.9,94,0.00,781
1,17/09/20,12:00,15.8,91,0.00,876
1,17/09/20,12:30,17.1,80,0.00,852
1,17/09/20,13:00,18.2,76,0.00,844
1,17/09/20,13:30,18.9,67,0.00,821
1,17/09/20,14:00,19.7,69,0.00,783
1,17/09/20,14:30,20.2,63,0.00,730
1,17/09/20,15:00,20.7,63,0.00,663
1,17/09/20,15:30,21.2,61,0.00,580
1,17/09/20,16:00,21.6,58,0.00,491
1,17/09/20,16:30,21.8,63,0.00,407
1,17/09/20,17:00,21.8,64,0.00,292
1,17/09/20,17:30,21.3,66,0.00,162
1,17/09/20,18:00,19.9,72,0.00,58
1,17/09/20,18:30,18.3,74,0.00,11
1,17/09/20,19:00,17.0,78,0.00,0
1,17/09/20,19:30,16.6,79,0.00,0
1,17/09/20,20:00,16.7,76,0.00,0
1,17/09/20,20:30,16.9,75,0.00,0
1,17/09/20,21:00,17.0,75,0.00,0
1,17/09/20,21:30,16.8,78,0.00,0
1,17/09/20,22:00,17.0,79,0.00,0
1,17/09/20,22:30,16.8,76,0.00,0
1,17/09/20,23:00,16.4,78,0.00,0
1,17/09/20,23:30,16.2,79,0.00,0
1,18/09/20,00:00,15.7,81,0.00,0
1,18/09/20,0:30,15.2,81,0.00,0
1,18/09/20,1:00,14.9,81,0.00,0
1,18/09/20,1:30,15.2,79,0.00,0
1,18/09/20,2:00,15.2,80,0.00,0
1,18/09/20,2:30,15.2,81,0.00,0
1,18/09/20,3:00,15.1,81,0.00,0
1,18/09/20,3:30,14.9,84,0.00,0
1,18/09/20,4:00,14.7,86,0.00,0
1,18/09/20,4:30,14.4,88,0.00,0
1,18/09/20,5:00,14.4,89,0.00,0
1,18/09/20,5:30,14.3,90,0.00,0
1,18/09/20,6:00,13.8,92,0.00,0
1,18/09/20,6:30,13.7,93,0.00,0
1,18/09/20,7:00,14.2,92,0.00,20
1,18/09/20,7:30,14.8,89,0.00,109
1,18/09/20,8:00,15.6,87,0.00,215
1,18/09/20,8:30,15.7,87,0.00,334
1,18/09/20,9:00,16.6,83,0.00,439
1,18/09/20,9:30,17.9,79,0.00,538
1,18/09/20,10:00,19.4,72,0.00,625
1,18/09/20,10:30,20.2,65,0.00,700
1,18/09/20,11:00,21.3,60,0.00,760
1,18/09/20,11:30,22.2,51,0.00,805
1,18/09/20,12:00,22.4,56,0.00,833
1,18/09/20,12:30,22.8,53,0.00,841
1,18/09/20,13:00,23.1,48,0.00,838
1,18/09/20,13:30,23.2,48,0.00,818
1,18/09/20,14:00,23.4,44,0.00,781
1,18/09/20,14:30,23.7,44,0.00,726
1,18/09/20,15:00,23.7,43,0.00,660
1,18/09/20,15:30,23.6,47,0.00,576
1,18/09/20,16:00,23.6,45,0.00,486
1,18/09/20,16:30,23.3,52,0.00,384
1,18/09/20,17:00,22.9,52,0.00,276
1,18/09/20,17:30,22.6,58,0.00,160
1,18/09/20,18:00,21.6,62,0.00,57
1,18/09/20,18:30,20.4,62,0.00,11
1,18/09/20,19:00,20.3,62,0.00,0
1,18/09/20,19:30,19.7,63,0.00,0
1,18/09/20,20:00,19.9,61,0.00,0
1,18/09/20,20:30,19.9,62,0.00,0
1,18/09/20,21:00,18.3,67,0.00,0
1,18/09/20,21:30,13.7,81,0.00,0
1,18/09/20,22:00,13.1,84,0.00,0
1,18/09/20,22:30,12.7,87,0.00,0
1,18/09/20,23:00,12.3,88,0.00,0
1,18/09/20,23:30,11.9,89,0.00,0
1,19/09/20,00:00,11.8,89,0.00,0
1,19/09/20,0:30,11.4,88,0.00,0
1,19/09/20,1:00,11.2,88,0.00,0
1,19/09/20,1:30,11.0,89,0.00,0
1,19/09/20,2:00,10.6,89,0.00,0
1,19/09/20,2:30,10.3,89,0.00,0
1,19/09/20,3:00,10.3,89,0.00,0
1,19/09/20,3:30,10.2,89,0.00,0
1,19/09/20,4:00,10.3,89,0.00,0
1,19/09/20,4:30,10.1,90,0.00,0
1,19/09/20,5:00,10.1,90,0.00,0
1,19/09/20,5:30,10.1,90,0.00,0
1,19/09/20,6:00,10.4,87,0.00,0
1,19/09/20,6:30,10.5,84,0.00,0
1,19/09/20,7:00,10.4,81,0.00,18
1,19/09/20,7:30,10.7,76,0.00,76
1,19/09/20,8:00,11.5,68,0.00,161
1,19/09/20,8:30,11.6,66,0.00,104
1,19/09/20,9:00,12.3,59,0.00,134
1,19/09/20,9:30,12.6,52,0.00,171
1,19/09/20,10:00,11.9,61,0.00,179
1,19/09/20,10:30,12.2,66,0.00,146
1,19/09/20,11:00,11.7,67,0.00,82
1,19/09/20,11:30,11.8,66,0.00,126
1,19/09/20,12:00,11.8,63,0.00,95
1,19/09/20,12:30,12.0,60,0.00,115
1,19/09/20,13:00,11.6,56,0.00,115
1,19/09/20,13:30,12.7,60,0.00,259
1,19/09/20,14:00,13.7,61,0.00,320
1,19/09/20,14:30,14.6,47,0.00,661
1,19/09/20,15:00,15.2,46,0.00,750
1,19/09/20,15:30,14.7,51,0.00,521
1,19/09/20,16:00,14.7,50,0.00,571
1,19/09/20,16:30,14.6,51,0.00,308
1,19/09/20,17:00,14.3,46,0.00,242
1,19/09/20,17:30,14.3,49,0.00,122
1,19/09/20,18:00,13.4,56,0.00,74
1,19/09/20,18:30,12.1,62,0.00,13
1,19/09/20,19:00,11.0,68,0.00,0
1,19/09/20,19:30,11.2,67,0.00,0
1,19/09/20,20:00,10.6,70,0.00,0
1,19/09/20,20:30,9.5,76,0.00,0
1,19/09/20,21:00,8.3,84,0.00,0
1,19/09/20,21:30,7.8,86,0.00,0
1,19/09/20,22:00,7.7,87,0.00,0
1,19/09/20,22:30,7.2,88,0.00,0
1,19/09/20,23:00,6.9,89,0.00,0
1,19/09/20,23:30,6.5,90,0.00,0
1,20/09/20,00:00,6.0,92,0.00,0
1,20/09/20,0:30,5.6,92,0.00,0
1,20/09/20,1:00,5.7,93,0.00,0
1,20/09/20,1:30,5.0,92,0.00,0
1,20/09/20,2:00,4.9,90,0.00,0
1,20/09/20,2:30,4.4,91,0.00,0
1,20/09/20,3:00,4.1,88,0.00,0
1,20/09/20,3:30,4.4,85,0.00,0
1,20/09/20,4:00,3.8,84,0.00,0
1,20/09/20,4:30,3.9,83,0.00,0
1,20/09/20,5:00,3.4,85,0.00,0
1,20/09/20,5:30,3.8,90,0.00,0
1,20/09/20,6:00,3.4,90,0.00,0
1,20/09/20,6:30,3.5,93,0.00,1
1,20/09/20,7:00,4.3,94,0.00,26
1,20/09/20,7:30,5.1,90,0.00,130
1,20/09/20,8:00,6.1,77,0.00,252
1,20/09/20,8:30,6.3,78,0.00,365
1,20/09/20,9:00,7.6,75,0.00,473
1,20/09/20,9:30,8.7,63,0.00,573
1,20/09/20,10:00,9.8,57,0.00,664
1,20/09/20,10:30,10.5,55,0.00,742
1,20/09/20,11:00,10.9,49,0.00,803
1,20/09/20,11:30,11.6,48,0.00,851
1,20/09/20,12:00,12.1,46,0.00,879
1,20/09/20,12:30,12.3,50,0.00,889
1,20/09/20,13:00,12.8,42,0.00,884
1,20/09/20,13:30,13.6,41,0.00,861
1,20/09/20,14:00,13.9,41,0.00,822
1,20/09/20,14:30,14.3,39,0.00,764
1,20/09/20,15:00,14.1,43,0.00,694
1,20/09/20,15:30,14.3,40,0.00,610
1,20/09/20,16:00,14.1,44,0.00,516
1,20/09/20,16:30,14.2,41,0.00,411
1,20/09/20,17:00,13.8,42,0.00,303
1,20/09/20,17:30,13.7,44,0.00,185
1,20/09/20,18:00,12.7,46,0.00,67
1,20/09/20,18:30,11.6,48,0.00,11
1,20/09/20,19:00,9.6,58,0.00,0
1,20/09/20,19:30,9.5,57,0.00,0
1,20/09/20,20:00,9.8,54,0.00,0
1,20/09/20,20:30,10.2,51,0.00,0
1,20/09/20,21:00,10.3,51,0.00,0
1,20/09/20,21:30,9.7,58,0.00,0
1,20/09/20,22:00,9.9,54,0.00,0
1,20/09/20,22:30,9.8,56,0.00,0
1,20/09/20,23:00,10.1,58,0.00,0
1,20/09/20,23:30,9.8,56,0.00,0
1,21/09/20,00:00,9.4,55,0.00,0
1,21/09/20,0:30,9.2,56,0.00,0
1,21/09/20,1:00,9.2,61,0.00,0
1,21/09/20,1:30,9.1,61,0.00,0
1,21/09/20,2:00,9.0,58,0.00,0
1,21/09/20,2:30,8.8,59,0.00,0
1,21/09/20,3:00,8.6,58,0.00,0
1,21/09/20,3:30,8.6,58,0.00,0
1,21/09/20,4:00,8.4,59,0.00,0
1,21/09/20,4:30,8.6,56,0.00,0
1,21/09/20,5:00,8.4,54,0.00,0
1,21/09/20,5:30,8.1,64,0.00,0
1,21/09/20,6:00,8.2,54,0.00,0
1,21/09/20,6:30,7.6,56,0.00,1
1,21/09/20,7:00,7.4,59,0.00,23
1,21/09/20,7:30,7.6,60,0.00,116
1,21/09/20,8:00,8.3,60,0.00,247
1,21/09/20,8:30,8.3,65,0.00,363
1,21/09/20,9:00,9.4,63,0.00,468
1,21/09/20,9:30,10.7,60,0.00,568
1,21/09/20,10:00,12.1,54,0.00,660
1,21/09/20,10:30,13.0,53,0.00,736
1,21/09/20,11:00,14.1,53,0.00,798
1,21/09/20,11:30,14.8,53,0.00,842
1,21/09/20,12:00,14.7,50,0.00,869
1,21/09/20,12:30,15.2,49,0.00,881
1,21/09/20,13:00,15.7,48,0.00,879
1,21/09/20,13:30,16.1,50,0.00,859
1,21/09/20,14:00,16.0,45,0.00,818
1,21/09/20,14:30,15.6,46,0.00,763
1,21/09/20,15:00,15.8,46,0.00,692
1,21/09/20,15:30,15.8,52,0.00,607
1,21/09/20,16:00,16.1,47,0.00,515
1,21/09/20,16:30,15.6,48,0.00,408
1,21/09/20,17:00,15.5,46,0.00,290
1,21/09/20,17:30,15.2,50,0.00,188
1,21/09/20,18:00,14.3,50,0.00,69
1,21/09/20,18:30,13.1,55,0.00,12
1,21/09/20,19:00,11.6,59,0.00,0
1,21/09/20,19:30,10.7,69,0.00,0
1,21/09/20,20:00,9.7,77,0.00,0
1,21/09/20,20:30,9.1,78,0.00,0
1,21/09/20,21:00,8.6,79,0.00,0
1,21/09/20,21:30,8.4,78,0.00,0
1,21/09/20,22:00,8.0,79,0.00,0
1,21/09/20,22:30,7.2,83,0.00,0
1,21/09/20,23:00,6.7,85,0.00,0
1,21/09/20,23:30,6.6,85,0.00,0
1,22/09/20,00:00,6.4,87,0.00,0
1,22/09/20,0:30,6.3,88,0.00,0
1,22/09/20,1:00,6.3,88,0.00,0
1,22/09/20,1:30,6.3,89,0.00,0
1,22/09/20,2:00,6.0,90,0.00,0
1,22/09/20,2:30,6.0,89,0.00,0
1,22/09/20,3:00,5.8,89,0.00,0
1,22/09/20,3:30,5.7,91,0.00,0
1,22/09/20,4:00,5.4,92,0.00,0
1,22/09/20,4:30,5.2,92,0.00,0
1,22/09/20,5:00,5.1,92,0.00,0
1,22/09/20,5:30,5.3,91,0.00,0
1,22/09/20,6:00,5.8,90,0.00,0
1,22/09/20,6:30,5.6,90,0.00,2
1,22/09/20,7:00,5.8,90,0.00,28
1,22/09/20,7:30,6.6,89,0.00,111
1,22/09/20,8:00,7.6,86,0.00,251
1,22/09/20,8:30,8.6,84,0.00,369
1,22/09/20,9:00,9.1,80,0.00,478
1,22/09/20,9:30,10.1,78,0.00,566
1,22/09/20,10:00,10.6,75,0.00,668
1,22/09/20,10:30,12.2,71,0.00,742
1,22/09/20,11:00,12.3,66,0.00,803
1,22/09/20,11:30,13.1,66,0.00,851
1,22/09/20,12:00,14.1,65,0.00,878
1,22/09/20,12:30,14.6,59,0.00,890
1,22/09/20,13:00,15.7,57,0.00,882
1,22/09/20,13:30,15.9,54,0.00,859
1,22/09/20,14:00,16.4,53,0.00,819
1,22/09/20,14:30,16.9,50,0.00,765
1,22/09/20,15:00,17.2,52,0.00,698
1,22/09/20,15:30,17.4,48,0.00,634
1,22/09/20,16:00,17.8,48,0.00,517
1,22/09/20,16:30,17.7,48,0.00,411
1,22/09/20,17:00,17.6,50,0.00,301
1,22/09/20,17:30,17.1,53,0.00,189
1,22/09/20,18:00,16.3,56,0.00,72
1,22/09/20,18:30,14.8,60,0.00,13
1,22/09/20,19:00,13.5,65,0.00,0
1,22/09/20,19:30,12.4,70,0.00,0
1,22/09/20,20:00,12.2,69,0.00,0
1,22/09/20,20:30,11.5,72,0.00,0
1,22/09/20,21:00,11.0,76,0.00,0
1,22/09/20,21:30,10.3,79,0.00,0
1,22/09/20,22:00,9.7,80,0.00,0
1,22/09/20,22:30,9.1,83,0.00,0
1,22/09/20,23:00,8.9,82,0.00,0
1,22/09/20,23:30,8.7,83,0.00,0
1,23/09/20,00:00,8.7,84,0.00,0
1,23/09/20,0:30,8.6,84,0.00,0
1,23/09/20,1:00,8.7,85,0.00,0
1,23/09/20,1:30,8.3,87,0.00,0
1,23/09/20,2:00,8.3,87,0.00,0
1,23/09/20,2:30,8.5,90,0.00,0
1,23/09/20,3:00,8.1,91,0.00,0
1,23/09/20,3:30,7.9,92,0.00,0
1,23/09/20,4:00,7.6,93,0.00,0
1,23/09/20,4:30,7.5,93,0.00,0
1,23/09/20,5:00,7.7,94,0.00,0
1,23/09/20,5:30,8.3,92,0.00,0
1,23/09/20,6:00,9.1,91,0.00,0
1,23/09/20,6:30,9.2,91,0.00,4
1,23/09/20,7:00,9.9,89,0.00,52
1,23/09/20,7:30,10.2,89,0.00,81
1,23/09/20,8:00,11.2,86,0.00,177
1,23/09/20,8:30,12.5,84,0.00,360
1,23/09/20,9:00,13.9,80,0.00,474
1,23/09/20,9:30,14.4,78,0.00,563
1,23/09/20,10:00,15.1,76,0.00,656
1,23/09/20,10:30,16.7,74,0.00,732
1,23/09/20,11:00,18.2,71,0.00,785
1,23/09/20,11:30,19.6,67,0.00,833
1,23/09/20,12:00,20.8,62,0.00,860
1,23/09/20,12:30,21.3,63,0.00,874
1,23/09/20,13:00,21.9,58,0.00,869
1,23/09/20,13:30,22.7,55,0.00,846
1,23/09/20,14:00,22.9,59,0.00,788
1,23/09/20,14:30,23.2,54,0.00,619
1,23/09/20,15:00,23.3,58,0.00,423
1,23/09/20,15:30,23.9,53,0.00,510
1,23/09/20,16:00,24.1,54,0.00,389
1,23/09/20,16:30,24.3,53,0.00,383
1,23/09/20,17:00,24.2,51,0.00,294
1,23/09/20,17:30,23.7,51,0.00,108
1,23/09/20,18:00,23.8,47,0.00,109
1,23/09/20,18:30,22.6,57,0.00,19
1,23/09/20,19:00,21.2,57,0.00,0
1,23/09/20,19:30,18.9,73,0.00,0
1,23/09/20,20:00,18.3,76,0.00,0
1,23/09/20,20:30,18.1,78,0.00,0
1,23/09/20,21:00,17.5,80,0.00,0
1,23/09/20,21:30,17.9,78,0.00,0
1,23/09/20,22:00,17.7,79,0.00,0
1,23/09/20,22:30,16.4,82,0.00,0
1,23/09/20,23:00,16.8,81,0.00,0
1,23/09/20,23:30,16.8,82,0.00,0
1,24/09/20,00:00,16.9,81,0.00,0
1,24/09/20,0:30,16.8,82,0.00,0
1,24/09/20,1:00,16.3,84,0.00,0
1,24/09/20,1:30,16.0,85,0.00,0
1,24/09/20,2:00,15.8,86,0.00,0
1,24/09/20,2:30,15.7,87,0.00,0
1,24/09/20,3:00,15.6,87,0.00,0
1,24/09/20,3:30,15.9,86,0.00,0
1,24/09/20,4:00,16.7,83,0.00,0
1,24/09/20,4:30,16.3,83,0.00,0
1,24/09/20,5:00,16.7,83,0.00,0
1,24/09/20,5:30,16.6,83,0.00,0
1,24/09/20,6:00,17.1,81,0.00,0
1,24/09/20,6:30,17.2,81,0.00,1
1,24/09/20,7:00,17.6,79,0.00,29
1,24/09/20,7:30,18.2,77,0.00,84
1,24/09/20,8:00,16.2,85,0.00,176
1,24/09/20,8:30,19.3,78,0.00,261
1,24/09/20,9:00,19.4,83,0.00,384
1,24/09/20,9:30,20.9,78,0.00,463
1,24/09/20,10:00,22.5,67,0.00,563
1,24/09/20,10:30,23.2,63,0.00,625
1,24/09/20,11:00,23.7,60,0.00,712
1,24/09/20,11:30,23.9,66,0.00,764
1,24/09/20,12:00,24.7,58,0.00,772
1,24/09/20,12:30,24.8,60,0.00,802
1,24/09/20,13:00,25.4,59,0.00,777
1,24/09/20,13:30,25.6,57,0.00,691
1,24/09/20,14:00,25.7,56,0.00,614
1,24/09/20,14:30,26.3,59,0.00,590
1,24/09/20,15:00,26.3,60,0.00,596
1,24/09/20,15:30,26.2,61,0.00,515
1,24/09/20,16:00,26.1,60,0.00,441
1,24/09/20,16:30,25.9,61,0.00,360
1,24/09/20,17:00,24.6,65,0.00,257
1,24/09/20,17:30,23.4,71,0.00,162
1,24/09/20,18:00,21.7,74,0.00,67
1,24/09/20,18:30,20.1,78,0.00,21
1,24/09/20,19:00,18.4,80,0.00,0
1,24/09/20,19:30,17.6,85,0.00,0
1,24/09/20,20:00,17.1,89,0.00,0
1,24/09/20,20:30,16.9,90,0.00,0
1,24/09/20,21:00,16.4,90,0.00,0
1,24/09/20,21:30,16.1,88,0.00,0
1,24/09/20,22:00,15.7,89,0.00,0
1,24/09/20,22:30,15.7,89,0.00,0
1,24/09/20,23:00,15.5,89,0.00,0
1,24/09/20,23:30,15.5,87,0.00,0
1,25/09/20,00:00,15.2,88,0.00,0
1,25/09/20,0:30,15.8,86,0.00,0
1,25/09/20,1:00,15.8,86,0.00,0
1,25/09/20,1:30,15.7,86,0.00,0
1,25/09/20,2:00,15.4,85,0.00,0
1,25/09/20,2:30,15.3,86,0.00,0
1,25/09/20,3:00,15.1,85,0.00,0
1,25/09/20,3:30,14.9,84,0.00,0
1,25/09/20,4:00,14.9,83,0.00,0
1,25/09/20,4:30,14.7,84,0.00,0
1,25/09/20,5:00,14.9,81,0.00,0
1,25/09/20,5:30,14.8,82,0.00,0
1,25/09/20,6:00,14.8,81,0.00,0
1,25/09/20,6:30,14.8,81,0.00,1
1,25/09/20,7:00,15.5,79,0.00,30
1,25/09/20,7:30,16.3,77,0.00,118
1,25/09/20,8:00,17.2,75,0.00,171
1,25/09/20,8:30,18.2,74,0.00,267
1,25/09/20,9:00,19.7,71,0.00,388
1,25/09/20,9:30,21.1,68,0.00,508
1,25/09/20,10:00,21.9,67,0.00,561
1,25/09/20,10:30,22.4,62,0.00,603
1,25/09/20,11:00,23.6,59,0.00,686
1,25/09/20,11:30,24.6,58,0.00,668
1,25/09/20,12:00,24.7,59,0.00,797
1,25/09/20,12:30,24.6,60,0.00,740
1,25/09/20,13:00,24.8,64,0.00,729
1,25/09/20,13:30,24.8,61,0.00,731
1,25/09/20,14:00,24.9,62,0.00,676
1,25/09/20,14:30,24.9,64,0.00,693
1,25/09/20,15:00,25.1,64,0.00,592
1,25/09/20,15:30,24.4,65,0.00,434
1,25/09/20,16:00,24.1,69,0.00,469
1,25/09/20,16:30,23.4,69,0.00,364
1,25/09/20,17:00,22.9,70,0.00,266
1,25/09/20,17:30,21.6,73,0.00,137
1,25/09/20,18:00,20.6,75,0.00,60
1,25/09/20,18:30,19.4,78,0.00,17
1,25/09/20,19:00,18.7,79,0.00,0
1,25/09/20,19:30,18.1,78,0.00,0
1,25/09/20,20:00,17.4,81,0.00,0
1,25/09/20,20:30,17.0,83,0.00,0
1,25/09/20,21:00,16.7,87,0.00,0
1,25/09/20,21:30,16.6,89,0.00,0
1,25/09/20,22:00,16.4,89,0.00,0
1,25/09/20,22:30,16.3,89,0.00,0
1,25/09/20,23:00,16.5,86,0.00,0
1,25/09/20,23:30,16.5,85,0.00,0
1,26/09/20,00:00,16.3,84,0.00,0
1,26/09/20,0:30,16.4,82,0.00,0
1,26/09/20,1:00,16.8,81,0.20,0
1,26/09/20,1:30,16.4,84,0.00,0
1,26/09/20,2:00,16.2,86,0.00,0
1,26/09/20,2:30,16.0,86,0.00,0
1,26/09/20,3:00,15.5,88,0.00,0
1,26/09/20,3:30,15.8,86,0.00,0
1,26/09/20,4:00,16.1,82,0.00,0
1,26/09/20,4:30,16.1,82,0.00,0
1,26/09/20,5:00,18.6,69,1.00,0
1,26/09/20,5:30,15.6,84,1.00,0
1,26/09/20,6:00,15.7,85,0.00,0
1,26/09/20,6:30,15.7,85,0.00,0
1,26/09/20,7:00,16.0,82,0.00,12
1,26/09/20,7:30,16.1,82,0.00,11
1,26/09/20,8:00,17.0,75,0.20,54
1,26/09/20,8:30,17.9,70,0.00,212
1,26/09/20,9:00,18.1,72,0.00,273
1,26/09/20,9:30,18.2,73,0.00,126
1,26/09/20,10:00,17.7,78,1.00,19
1,26/09/20,10:30,16.8,85,1.00,189
1,26/09/20,11:00,17.7,83,0.20,248
1,26/09/20,11:30,17.3,85,0.80,164
1,26/09/20,12:00,18.2,83,0.20,470
1,26/09/20,12:30,18.6,81,0.00,442
1,26/09/20,13:00,18.7,82,0.00,174
1,26/09/20,13:30,19.6,79,0.00,333
1,26/09/20,14:00,19.6,80,0.00,107
1,26/09/20,14:30,18.6,85,0.40,37
1,26/09/20,15:00,17.9,89,0.60,30
1,26/09/20,15:30,17.7,91,0.40,73
1,26/09/20,16:00,17.6,91,0.20,42
1,26/09/20,16:30,17.3,92,0.60,1
1,26/09/20,17:00,17.0,92,1.40,1
1,26/09/20,17:30,17.0,91,1.00,4
1,26/09/20,18:00,17.2,91,0.00,22
1,26/09/20,18:30,17.2,90,0.00,15
1,26/09/20,19:00,17.2,91,0.00,0
1,26/09/20,19:30,17.2,91,0.00,0
1,26/09/20,20:00,17.2,91,0.00,0
1,26/09/20,20:30,17.4,91,0.00,0
1,26/09/20,21:00,17.4,92,0.00,0
1,26/09/20,21:30,17.4,92,0.00,0
1,26/09/20,22:00,17.6,91,0.00,0
1,26/09/20,22:30,17.6,92,0.00,0
1,26/09/20,23:00,17.6,91,0.00,0
1,26/09/20,23:30,17.5,91,0.00,0
1,27/09/20,00:00,17.7,91,0.00,0
1,27/09/20,0:30,17.7,91,0.80,0
1,27/09/20,1:00,17.8,90,0.00,0
1,27/09/20,1:30,17.6,90,0.00,0
1,27/09/20,2:00,18.1,88,0.00,0
1,27/09/20,2:30,18.1,87,0.00,0
1,27/09/20,3:00,18.7,84,0.00,0
1,27/09/20,3:30,19.1,81,0.00,0
1,27/09/20,4:00,18.8,83,0.00,0
1,27/09/20,4:30,18.3,84,0.00,0
1,27/09/20,5:00,18.3,83,0.00,0
1,27/09/20,5:30,17.8,87,0.00,0
1,27/09/20,6:00,17.7,88,0.00,0
1,27/09/20,6:30,17.2,91,0.00,0
1,27/09/20,7:00,17.2,91,0.20,0
1,27/09/20,7:30,17.2,92,2.20,0
1,27/09/20,8:00,17.1,92,3.60,0
1,27/09/20,8:30,17.3,92,1.60,11
1,27/09/20,9:00,16.8,95,3.60,20
1,27/09/20,9:30,17.3,93,1.20,95
1,27/09/20,10:00,17.2,94,0.20,126
1,27/09/20,10:30,18.0,93,0.00,230
1,27/09/20,11:00,18.2,92,0.00,178
1,27/09/20,11:30,18.3,91,0.00,184
1,27/09/20,12:00,18.2,92,0.00,124
1,27/09/20,12:30,18.4,92,0.00,202
1,27/09/20,13:00,17.9,93,0.00,113
1,27/09/20,13:30,17.9,93,0.00,101
1,27/09/20,14:00,17.8,95,0.00,108
1,27/09/20,14:30,17.8,95,0.00,123
1,27/09/20,15:00,18.3,94,0.00,109
1,27/09/20,15:30,18.4,93,0.00,50
1,27/09/20,16:00,18.4,93,0.00,34
1,27/09/20,16:30,18.5,92,0.00,31
1,27/09/20,17:00,18.7,92,0.00,47
1,27/09/20,17:30,18.7,92,0.00,44
1,27/09/20,18:00,18.4,93,0.00,22
1,27/09/20,18:30,18.2,94,0.00,26
1,27/09/20,19:00,18.3,94,0.00,1
1,27/09/20,19:30,18.3,94,0.00,0
1,27/09/20,20:00,18.2,93,0.00,0
1,27/09/20,20:30,17.6,93,0.00,0
1,27/09/20,21:00,15.4,93,0.00,0
1,27/09/20,21:30,15.1,93,0.00,0
1,27/09/20,22:00,14.6,94,0.00,0
1,27/09/20,22:30,14.0,94,0.00,0
1,27/09/20,23:00,13.6,92,0.00,0
1,27/09/20,23:30,12.8,91,0.00,0
1,28/09/20,00:00,12.8,90,0.00,0
1,28/09/20,0:30,12.3,91,0.00,0
1,28/09/20,1:00,12.2,91,0.00,0
1,28/09/20,1:30,11.9,91,0.00,0
1,28/09/20,2:00,11.9,92,0.00,0
1,28/09/20,2:30,11.9,90,0.00,0
1,28/09/20,3:00,11.8,91,0.00,0
1,28/09/20,3:30,11.3,94,0.00,0
1,28/09/20,4:00,11.1,96,0.40,0
1,28/09/20,4:30,11.1,95,0.00,0
1,28/09/20,5:00,11.1,94,0.00,0
1,28/09/20,5:30,10.8,94,0.00,0
1,28/09/20,6:00,10.7,94,0.00,0
1,28/09/20,6:30,10.4,96,0.20,3
1,28/09/20,7:00,10.6,96,0.00,33
1,28/09/20,7:30,10.9,96,0.00,56
1,28/09/20,8:00,11.2,92,0.00,80
1,28/09/20,8:30,11.8,89,0.00,190
1,28/09/20,9:00,12.7,85,0.00,237
1,28/09/20,9:30,12.9,81,0.00,497
1,28/09/20,10:00,13.6,79,0.00,625
1,28/09/20,10:30,14.5,78,0.00,578
1,28/09/20,11:00,14.9,77,0.00,834
1,28/09/20,11:30,15.2,74,0.00,829
1,28/09/20,12:00,15.8,74,0.00,939
1,28/09/20,12:30,16.2,70,0.00,987
1,28/09/20,13:00,16.6,71,0.00,952
1,28/09/20,13:30,17.3,69,0.00,617
1,28/09/20,14:00,17.8,65,0.00,861
1,28/09/20,14:30,18.3,63,0.00,813
1,28/09/20,15:00,19.1,61,0.00,705
1,28/09/20,15:30,19.2,45,0.00,622
1,28/09/20,16:00,19.1,42,0.00,531
1,28/09/20,16:30,18.8,44,0.00,427
1,28/09/20,17:00,18.6,41,0.00,317
1,28/09/20,17:30,17.9,45,0.00,198
1,28/09/20,18:00,16.7,45,0.00,70
1,28/09/20,18:30,15.3,50,0.00,14
1,28/09/20,19:00,14.3,53,0.00,1
1,28/09/20,19:30,13.6,55,0.00,0
1,28/09/20,20:00,13.3,57,0.00,0
1,28/09/20,20:30,12.7,61,0.00,0
1,28/09/20,21:00,12.1,63,0.00,0
1,28/09/20,21:30,12.2,62,0.00,0
1,28/09/20,22:00,12.2,63,0.00,0
1,28/09/20,22:30,11.9,62,0.00,0
1,28/09/20,23:00,11.7,62,0.00,0
1,28/09/20,23:30,11.7,61,0.00,0
1,29/09/20,00:00,12.0,60,0.00,0
1,29/09/20,0:30,11.8,59,0.00,0
1,29/09/20,1:00,11.8,59,0.00,0
1,29/09/20,1:30,12.2,57,0.00,0
1,29/09/20,2:00,10.9,63,0.00,0
1,29/09/20,2:30,10.5,64,0.00,0
1,29/09/20,3:00,10.7,62,0.00,0
1,29/09/20,3:30,10.8,62,0.00,0
1,29/09/20,4:00,11.4,63,0.00,0
1,29/09/20,4:30,11.1,60,0.00,0
1,29/09/20,5:00,11.4,56,0.00,0
1,29/09/20,5:30,11.2,54,0.00,0
1,29/09/20,6:00,10.7,55,0.00,0
1,29/09/20,6:30,10.3,58,0.00,5
1,29/09/20,7:00,11.2,59,0.00,52
1,29/09/20,7:30,12.1,59,0.00,172
1,29/09/20,8:00,12.5,63,0.00,304
1,29/09/20,8:30,13.7,61,0.00,417
1,29/09/20,9:00,15.8,54,0.00,529
1,29/09/20,9:30,16.4,52,0.00,627
1,29/09/20,10:00,16.7,47,0.00,713
1,29/09/20,10:30,17.1,47,0.00,775
1,29/09/20,11:00,18.2,44,0.00,917
1,29/09/20,11:30,18.4,44,0.00,516
1,29/09/20,12:00,18.9,45,0.00,412
1,29/09/20,12:30,19.7,43,0.00,479
1,29/09/20,13:00,19.4,45,0.00,667
1,29/09/20,13:30,19.0,46,0.00,353
1,29/09/20,14:00,19.2,45,0.00,317
1,29/09/20,14:30,19.6,45,0.00,483
1,29/09/20,15:00,19.7,53,0.00,404
1,29/09/20,15:30,19.2,43,0.00,330
1,29/09/20,16:00,19.1,48,0.00,205
1,29/09/20,16:30,18.7,49,0.00,136
1,29/09/20,17:00,18.7,54,0.00,90
1,29/09/20,17:30,18.4,56,0.00,75
1,29/09/20,18:00,17.7,60,0.00,39
1,29/09/20,18:30,17.2,61,0.00,12
1,29/09/20,19:00,16.6,66,0.00,0
1,29/09/20,19:30,16.1,72,0.00,0
1,29/09/20,20:00,15.4,76,0.00,0
1,29/09/20,20:30,15.2,75,0.00,0
1,29/09/20,21:00,14.9,76,0.00,0
1,29/09/20,21:30,14.4,79,0.00,0
1,29/09/20,22:00,14.4,78,0.00,0
1,29/09/20,22:30,13.9,81,0.00,0
1,29/09/20,23:00,13.9,82,0.00,0
1,29/09/20,23:30,13.9,83,0.00,0
1,30/09/20,00:00,13.7,83,0.00,0
1,30/09/20,0:30,13.6,84,0.00,0
1,30/09/20,1:00,13.6,84,0.00,0
1,30/09/20,1:30,13.8,84,0.00,0
1,30/09/20,2:00,13.8,84,0.00,0
1,30/09/20,2:30,13.8,85,0.00,0
1,30/09/20,3:00,14.0,85,0.00,0
1,30/09/20,3:30,13.5,86,0.00,0
1,30/09/20,4:00,13.9,85,0.00,0
1,30/09/20,4:30,15.1,81,0.00,0
1,30/09/20,5:00,15.3,80,0.00,0
1,30/09/20,5:30,15.5,78,0.00,0
1,30/09/20,6:00,15.1,78,0.00,0
1,30/09/20,6:30,16.0,75,0.00,6
1,30/09/20,7:00,16.8,74,0.00,47
1,30/09/20,7:30,16.4,76,0.00,139
1,30/09/20,8:00,18.9,71,0.00,252
1,30/09/20,8:30,15.8,81,0.00,354
1,30/09/20,9:00,18.7,73,0.00,445
1,30/09/20,9:30,18.7,75,0.00,532
1,30/09/20,10:00,20.5,71,0.00,619
1,30/09/20,10:30,22.1,67,0.00,665
1,30/09/20,11:00,21.3,71,0.00,604
1,30/09/20,11:30,20.9,71,0.00,63
1,30/09/20,12:00,20.8,75,0.00,76
1,30/09/20,12:30,19.9,81,0.20,31
1,30/09/20,13:00,18.4,87,4.60,113
1,30/09/20,13:30,18.5,85,0.00,144
1,30/09/20,14:00,18.5,84,0.00,66
1,30/09/20,14:30,18.7,82,0.00,243
1,30/09/20,15:00,20.6,73,0.00,357
1,30/09/20,15:30,20.4,79,0.00,379
1,30/09/20,16:00,21.2,78,0.00,439
1,30/09/20,16:30,22.3,73,0.00,342
1,30/09/20,17:00,22.4,71,0.00,200
1,30/09/20,17:30,22.8,70,0.00,154
1,30/09/20,18:00,21.9,73,0.00,59
1,30/09/20,18:30,21.6,72,0.00,18
1,30/09/20,19:00,20.7,76,0.00,0
1,30/09/20,19:30,20.2,77,0.00,0
1,30/09/20,20:00,20.3,78,0.00,0
1,30/09/20,20:30,20.2,79,0.00,0
1,30/09/20,21:00,20.2,78,0.00,0
1,30/09/20,21:30,20.3,77,0.00,0
1,30/09/20,22:00,20.8,75,0.00,0
1,30/09/20,22:30,19.8,81,0.60,0
1,30/09/20,23:00,20.1,80,0.20,0
1,30/09/20,23:30,19.8,81,0.00,0
1,01/10/20,00:00,19.8,81,0.00,0
1,01/10/20,0:30,19.5,82,0.00,0
1,01/10/20,1:00,19.7,82,0.00,0
1,01/10/20,1:30,19.8,83,0.00,0
1,01/10/20,2:00,19.3,85,0.00,0
1,01/10/20,2:30,19.7,88,3.00,0
1,01/10/20,3:00,20.6,85,0.00,0
1,01/10/20,3:30,20.2,86,0.00,0
1,01/10/20,4:00,21.0,86,0.00,0
1,01/10/20,4:30,21.4,82,4.00,0
1,01/10/20,5:00,22.8,76,3.20,0
1,01/10/20,5:30,21.4,84,0.00,0
1,01/10/20,6:00,20.5,87,0.00,0
1,01/10/20,6:30,21.1,85,0.00,1
1,01/10/20,7:00,21.9,83,0.00,16
1,01/10/20,7:30,21.6,84,0.00,13
1,01/10/20,8:00,21.3,84,0.00,7
1,01/10/20,8:30,21.1,89,3.80,1
1,01/10/20,9:00,20.6,92,1.80,7
1,01/10/20,9:30,20.6,92,1.60,30
1,01/10/20,10:00,20.8,93,0.20,125
1,01/10/20,10:30,20.7,94,0.00,223
1,01/10/20,11:00,20.6,95,0.00,178
1,01/10/20,11:30,23.1,87,0.00,603
1,01/10/20,12:00,23.3,89,0.00,537
1,01/10/20,12:30,24.5,81,0.00,747
1,01/10/20,13:00,24.4,81,0.00,785
1,01/10/20,13:30,25.3,77,0.00,803
1,01/10/20,14:00,25.2,78,0.00,778
1,01/10/20,14:30,25.9,73,0.00,676
1,01/10/20,15:00,26.4,74,0.00,686
1,01/10/20,15:30,26.7,73,0.00,523
1,01/10/20,16:00,26.9,74,0.00,411
1,01/10/20,16:30,27.0,75,0.00,323
1,01/10/20,17:00,26.6,78,0.00,226
1,01/10/20,17:30,23.7,85,0.00,124
1,01/10/20,18:00,21.7,90,0.00,62
1,01/10/20,18:30,20.5,94,0.00,19
1,01/10/20,19:00,20.2,96,0.00,0
1,01/10/20,19:30,20.1,96,0.00,0
1,01/10/20,20:00,20.1,96,0.00,0
1,01/10/20,20:30,20.1,96,0.00,0
1,01/10/20,21:00,19.5,96,0.00,0
1,01/10/20,21:30,19.2,96,0.00,0
1,01/10/20,22:00,18.7,97,0.00,0
1,01/10/20,22:30,18.1,97,0.00,0
1,01/10/20,23:00,17.6,97,0.00,0
1,01/10/20,23:30,17.2,97,0.00,0
1,02/10/20,00:00,16.8,97,0.00,0
1,02/10/20,0:30,16.8,97,0.00,0
1,02/10/20,1:00,16.4,97,0.00,0
1,02/10/20,1:30,16.4,98,0.00,0
1,02/10/20,2:00,16.4,98,0.00,0
1,02/10/20,2:30,16.3,98,0.00,0
1,02/10/20,3:00,16.4,97,0.00,0
1,02/10/20,3:30,16.4,97,0.00,0
1,02/10/20,4:00,16.2,96,0.00,0
1,02/10/20,4:30,15.9,96,0.00,0
1,02/10/20,5:00,15.3,95,0.00,0
1,02/10/20,5:30,14.8,94,0.00,0
1,02/10/20,6:00,14.4,94,0.00,0
1,02/10/20,6:30,14.2,94,0.00,3
1,02/10/20,7:00,12.7,93,0.00,29
1,02/10/20,7:30,12.4,93,0.00,40
1,02/10/20,8:00,12.3,90,0.00,83
1,02/10/20,8:30,12.3,86,0.00,43
1,02/10/20,9:00,12.3,87,0.00,5
1,02/10/20,9:30,12.1,92,1.40,65
1,02/10/20,10:00,12.7,92,0.00,61
1,02/10/20,10:30,12.9,92,0.00,47
1,02/10/20,11:00,13.8,92,0.00,140
1,02/10/20,11:30,14.9,88,0.00,621
1,02/10/20,12:00,14.7,87,0.00,500
1,02/10/20,12:30,13.7,89,0.40,138
1,02/10/20,13:00,13.6,87,0.00,102
1,02/10/20,13:30,13.2,89,0.20,112
1,02/10/20,14:00,13.0,89,0.00,156
1,02/10/20,14:30,12.5,90,0.00,33
1,02/10/20,15:00,11.9,90,0.20,45
1,02/10/20,15:30,11.7,90,0.20,16
1,02/10/20,16:00,10.4,92,3.60,18
1,02/10/20,16:30,10.9,90,0.20,10
1,02/10/20,17:00,11.0,90,0.20,1
1,02/10/20,17:30,10.8,91,1.40,1
1,02/10/20,18:00,10.6,89,1.80,12
1,02/10/20,18:30,10.7,89,0.60,0
1,02/10/20,19:00,10.9,90,0.80,0
1,02/10/20,19:30,10.9,90,0.40,0
1,02/10/20,20:00,10.8,90,0.20,0
1,02/10/20,20:30,11.0,89,0.00,0
1,02/10/20,21:00,10.8,90,0.00,0
1,02/10/20,21:30,10.7,90,0.40,0
1,02/10/20,22:00,10.4,91,1.00,0
1,02/10/20,22:30,10.3,91,1.20,0
1,02/10/20,23:00,10.2,91,0.20,0
1,02/10/20,23:30,10.2,91,0.20,0
1,03/10/20,00:00,10.1,91,0.80,0
1,03/10/20,0:30,10.3,90,0.20,0
1,03/10/20,1:00,10.1,91,0.20,0
1,03/10/20,1:30,10.2,90,0.20,0
1,03/10/20,2:00,10.1,90,0.00,0
1,03/10/20,2:30,10.2,90,0.00,0
1,03/10/20,3:00,9.9,91,0.00,0
1,03/10/20,3:30,9.9,91,0.00,0
1,03/10/20,4:00,9.6,91,0.00,0
1,03/10/20,4:30,9.6,91,0.00,0
1,03/10/20,5:00,9.7,91,0.00,0
1,03/10/20,5:30,9.5,91,0.00,0
1,03/10/20,6:00,9.3,92,1.40,0
1,03/10/20,6:30,9.3,92,0.40,0
1,03/10/20,7:00,9.3,90,0.60,3
1,03/10/20,7:30,9.2,91,0.80,11
1,03/10/20,8:00,9.3,91,0.40,11
1,03/10/20,8:30,9.2,92,0.80,15
1,03/10/20,9:00,9.0,91,1.20,15
1,03/10/20,9:30,9.0,91,2.00,19
1,03/10/20,10:00,8.8,91,2.40,65
1,03/10/20,10:30,8.8,91,0.40,71
1,03/10/20,11:00,9.1,91,0.40,100
1,03/10/20,11:30,9.1,89,0.20,87
1,03/10/20,12:00,9.1,90,0.40,49
1,03/10/20,12:30,9.0,92,2.00,48
1,03/10/20,13:00,9.3,92,0.80,68
1,03/10/20,13:30,9.6,90,1.00,140
1,03/10/20,14:00,10.1,90,0.00,160
1,03/10/20,14:30,10.1,90,0.00,166
1,03/10/20,15:00,10.7,86,0.00,210
1,03/10/20,15:30,11.4,85,0.00,346
1,03/10/20,16:00,11.8,82,0.00,306
1,03/10/20,16:30,11.4,84,0.00,254
1,03/10/20,17:00,11.6,83,0.00,251
1,03/10/20,17:30,11.1,84,0.00,110
1,03/10/20,18:00,11.0,82,0.00,65
1,03/10/20,18:30,10.5,84,0.00,19
1,03/10/20,19:00,10.4,85,0.00,0
1,03/10/20,19:30,10.1,86,0.00,0
1,03/10/20,20:00,9.8,86,0.00,0
1,03/10/20,20:30,9.7,87,0.00,0
1,03/10/20,21:00,9.6,88,0.00,0
1,03/10/20,21:30,9.9,88,0.00,0
1,03/10/20,22:00,9.9,88,0.00,0
1,03/10/20,22:30,10.1,88,0.00,0
1,03/10/20,23:00,10.2,89,0.00,0
1,03/10/20,23:30,10.3,89,0.00,0
1,04/10/20,00:00,10.6,89,0.00,0
1,04/10/20,0:30,10.6,89,0.00,0
1,04/10/20,1:00,10.6,89,0.00,0
1,04/10/20,1:30,10.4,90,0.00,0
1,04/10/20,2:00,10.4,90,0.00,0
1,04/10/20,2:30,10.2,89,0.00,0
1,04/10/20,3:00,10.0,89,0.00,0
1,04/10/20,3:30,9.8,88,0.00,0
1,04/10/20,4:00,9.8,89,0.00,0
1,04/10/20,4:30,9.8,89,0.00,0
1,04/10/20,5:00,9.9,88,0.00,0
1,04/10/20,5:30,9.8,89,0.00,0
1,04/10/20,6:00,10.0,88,0.00,0
1,04/10/20,6:30,10.3,88,0.00,7
1,04/10/20,7:00,10.4,88,0.00,50
1,04/10/20,7:30,10.9,88,0.00,108
1,04/10/20,8:00,11.3,87,0.00,149
1,04/10/20,8:30,11.4,88,0.00,123
1,04/10/20,9:00,11.7,88,0.00,170
1,04/10/20,9:30,12.2,87,0.00,166
1,04/10/20,10:00,12.5,86,0.00,184
1,04/10/20,10:30,12.7,87,0.00,165
1,04/10/20,11:00,13.2,86,0.00,216
1,04/10/20,11:30,13.4,84,0.00,358
1,04/10/20,12:00,12.9,87,0.20,227
1,04/10/20,12:30,13.1,87,0.40,258
1,04/10/20,13:00,12.6,89,0.00,183
1,04/10/20,13:30,12.5,89,0.00,90
1,04/10/20,14:00,12.3,90,0.00,90
1,04/10/20,14:30,12.4,90,0.00,103
1,04/10/20,15:00,12.6,89,0.00,93
1,04/10/20,15:30,12.8,90,0.00,123
1,04/10/20,16:00,12.9,89,0.00,94
1,04/10/20,16:30,12.8,90,0.00,90
1,04/10/20,17:00,13.1,89,0.00,74
1,04/10/20,17:30,13.1,89,0.00,36
1,04/10/20,18:00,13.0,90,0.00,9
1,04/10/20,18:30,12.9,91,0.00,0
1,04/10/20,19:00,12.8,93,0.00,0
1,04/10/20,19:30,12.7,93,0.00,0
1,04/10/20,20:00,12.6,94,0.00,0
1,04/10/20,20:30,12.8,93,0.00,0
1,04/10/20,21:00,12.8,93,0.00,0
1,04/10/20,21:30,12.9,93,0.00,0
1,04/10/20,22:00,13.0,93,0.00,0
1,04/10/20,22:30,13.2,92,0.00,0
1,04/10/20,23:00,13.3,93,0.00,0
1,04/10/20,23:30,13.4,93,0.00,0
1,05/10/20,00:00,13.7,93,0.00,0
1,05/10/20,0:30,13.8,93,0.00,0
1,05/10/20,1:00,13.9,93,0.00,0
1,05/10/20,1:30,14.0,93,0.00,0
1,05/10/20,2:00,14.1,94,0.00,0
1,05/10/20,2:30,14.1,95,0.00,0
1,05/10/20,3:00,14.1,95,0.00,0
1,05/10/20,3:30,14.2,95,0.00,0
1,05/10/20,4:00,14.1,96,0.00,0
1,05/10/20,4:30,14.0,96,0.00,0
1,05/10/20,5:00,13.9,97,0.00,0
1,05/10/20,5:30,13.9,97,0.00,0
1,05/10/20,6:00,13.9,97,0.00,0
1,05/10/20,6:30,13.9,97,0.00,0
1,05/10/20,7:00,13.9,97,0.00,11
1,05/10/20,7:30,13.9,98,0.00,25
1,05/10/20,8:00,13.8,97,0.00,36
1,05/10/20,8:30,13.8,98,0.00,46
1,05/10/20,9:00,13.8,98,0.00,56
1,05/10/20,9:30,13.9,98,0.00,63
1,05/10/20,10:00,14.1,98,0.00,107
1,05/10/20,10:30,14.6,98,0.00,213
1,05/10/20,11:00,14.8,95,0.00,283
1,05/10/20,11:30,14.8,95,0.00,180
1,05/10/20,12:00,14.3,96,0.00,111
1,05/10/20,12:30,14.3,97,0.00,136
1,05/10/20,13:00,14.2,96,0.00,199
1,05/10/20,13:30,14.1,94,0.00,127
1,05/10/20,14:00,14.6,91,0.00,131
1,05/10/20,14:30,14.1,92,0.00,103
1,05/10/20,15:00,14.2,91,0.00,165
1,05/10/20,15:30,14.8,88,0.00,230
1,05/10/20,16:00,14.7,85,0.00,185
1,05/10/20,16:30,15.0,85,0.00,139
1,05/10/20,17:00,15.1,84,0.00,140
1,05/10/20,17:30,15.9,78,0.00,169
1,05/10/20,18:00,15.4,80,0.00,75
1,05/10/20,18:30,14.3,83,0.00,19
1,05/10/20,19:00,13.1,88,0.00,2
1,05/10/20,19:30,12.8,88,0.00,0
1,05/10/20,20:00,12.1,91,0.00,0
1,05/10/20,20:30,11.6,92,0.00,0
1,05/10/20,21:00,11.3,90,0.00,0
1,05/10/20,21:30,11.9,86,0.00,0
1,05/10/20,22:00,11.4,87,0.00,0
1,05/10/20,22:30,10.9,88,0.00,0
1,05/10/20,23:00,10.2,90,0.00,0
1,05/10/20,23:30,9.7,90,0.00,0
1,06/10/20,00:00,9.2,92,0.00,0
1,06/10/20,0:30,8.7,94,0.00,0
1,06/10/20,1:00,8.4,94,0.00,0
1,06/10/20,1:30,8.0,94,0.00,0
1,06/10/20,2:00,8.4,95,0.00,0
1,06/10/20,2:30,8.6,94,0.00,0
1,06/10/20,3:00,7.8,95,0.00,0
1,06/10/20,3:30,7.5,95,0.00,0
1,06/10/20,4:00,7.4,95,0.00,0
1,06/10/20,4:30,7.4,96,0.00,0
1,06/10/20,5:00,7.4,96,0.00,0
1,06/10/20,5:30,7.4,96,0.00,0
1,06/10/20,6:00,7.6,97,0.00,0
1,06/10/20,6:30,7.8,97,0.00,5
1,06/10/20,7:00,8.2,97,0.00,31
1,06/10/20,7:30,8.5,96,0.00,67
1,06/10/20,8:00,8.8,96,0.00,100
1,06/10/20,8:30,9.2,94,0.00,159
1,06/10/20,9:00,9.7,92,0.00,237
1,06/10/20,9:30,10.1,91,0.00,325
1,06/10/20,10:00,10.8,91,0.00,440
1,06/10/20,10:30,11.9,90,0.00,537
1,06/10/20,11:00,13.0,87,0.00,905
1,06/10/20,11:30,14.2,82,0.00,960
1,06/10/20,12:00,15.1,78,0.00,918
1,06/10/20,12:30,16.1,73,0.00,910
1,06/10/20,13:00,16.8,71,0.00,910
1,06/10/20,13:30,17.4,70,0.00,890
1,06/10/20,14:00,18.3,67,0.00,854
1,06/10/20,14:30,18.7,65,0.00,769
1,06/10/20,15:00,18.9,68,0.00,609
1,06/10/20,15:30,18.9,66,0.00,605
1,06/10/20,16:00,19.1,65,0.00,500
1,06/10/20,16:30,18.8,64,0.00,394
1,06/10/20,17:00,18.2,69,0.00,198
1,06/10/20,17:30,17.8,66,0.00,122
1,06/10/20,18:00,17.1,70,0.00,62
1,06/10/20,18:30,16.2,73,0.00,18
1,06/10/20,19:00,15.6,77,0.00,0
1,06/10/20,19:30,14.6,81,0.00,0
1,06/10/20,20:00,13.8,86,0.00,0
1,06/10/20,20:30,13.4,88,0.00,0
1,06/10/20,21:00,12.9,88,0.00,0
1,06/10/20,21:30,12.7,86,0.00,0
1,06/10/20,22:00,12.7,87,0.00,0
1,06/10/20,22:30,12.6,88,0.00,0
1,06/10/20,23:00,12.4,89,0.00,0
1,06/10/20,23:30,12.5,89,0.00,0
1,07/10/20,00:00,12.5,91,0.00,0
1,07/10/20,0:30,12.4,91,0.00,0
1,07/10/20,1:00,12.3,91,0.00,0
1,07/10/20,1:30,12.4,91,0.00,0
1,07/10/20,2:00,12.3,92,0.00,0
1,07/10/20,2:30,12.2,92,0.00,0
1,07/10/20,3:00,12.0,93,0.00,0
1,07/10/20,3:30,11.8,93,0.00,0
1,07/10/20,4:00,11.8,93,0.00,0
1,07/10/20,4:30,11.8,92,0.00,0
1,07/10/20,5:00,11.6,92,0.00,0
1,07/10/20,5:30,11.8,91,0.00,0
1,07/10/20,6:00,11.6,91,0.00,0
1,07/10/20,6:30,11.7,90,0.00,8
1,07/10/20,7:00,11.9,89,0.00,37
1,07/10/20,7:30,12.8,85,0.00,104
1,07/10/20,8:00,13.3,84,0.00,185
1,07/10/20,8:30,14.8,82,0.00,405
1,07/10/20,9:00,15.3,83,0.00,466
1,07/10/20,9:30,15.6,80,0.00,501
1,07/10/20,10:00,15.6,81,0.00,339
1,07/10/20,10:30,16.6,78,0.00,521
1,07/10/20,11:00,16.6,80,0.00,320
1,07/10/20,11:30,17.1,76,0.00,460
1,07/10/20,12:00,18.3,71,0.00,881
1,07/10/20,12:30,18.8,71,0.00,676
1,07/10/20,13:00,19.0,69,0.00,459
1,07/10/20,13:30,19.8,67,0.00,577
1,07/10/20,14:00,19.9,65,0.00,496
1,07/10/20,14:30,20.0,66,0.00,477
1,07/10/20,15:00,20.4,62,0.00,469
1,07/10/20,15:30,20.8,67,0.00,581
1,07/10/20,16:00,20.2,67,0.00,321
1,07/10/20,16:30,19.8,72,0.00,191
1,07/10/20,17:00,19.4,75,0.00,166
1,07/10/20,17:30,18.4,71,0.00,93
1,07/10/20,18:00,17.9,75,0.00,51
1,07/10/20,18:30,17.4,77,0.00,16
1,07/10/20,19:00,17.1,79,0.00,1
1,07/10/20,19:30,16.9,78,0.00,0
1,07/10/20,20:00,16.6,79,0.00,0
1,07/10/20,20:30,16.2,82,0.00,0
1,07/10/20,21:00,15.3,86,0.00,0
1,07/10/20,21:30,15.1,88,0.00,0
1,07/10/20,22:00,14.9,88,0.00,0
1,07/10/20,22:30,14.7,88,0.00,0
1,07/10/20,23:00,14.4,89,0.00,0
1,07/10/20,23:30,14.0,90,0.00,0
1,08/10/20,00:00,13.7,90,0.00,0
1,08/10/20,0:30,13.6,90,0.00,0
1,08/10/20,1:00,12.9,92,0.00,0
1,08/10/20,1:30,13.2,91,0.00,0
1,08/10/20,2:00,13.2,91,0.00,0
1,08/10/20,2:30,13.3,91,0.00,0
1,08/10/20,3:00,13.3,91,0.00,0
1,08/10/20,3:30,13.2,91,0.00,0
1,08/10/20,4:00,13.6,86,0.00,0
1,08/10/20,4:30,13.3,85,0.00,0
1,08/10/20,5:00,12.9,87,0.00,0
1,08/10/20,5:30,12.7,88,0.00,0
1,08/10/20,6:00,12.3,89,0.00,0
1,08/10/20,6:30,13.1,85,0.00,19
1,08/10/20,7:00,14.1,84,0.00,69
1,08/10/20,7:30,14.7,82,0.00,190
1,08/10/20,8:00,16.4,76,0.00,327
1,08/10/20,8:30,16.7,81,0.00,385
1,08/10/20,9:00,17.9,71,0.00,566
1,08/10/20,9:30,17.5,73,0.00,408
1,08/10/20,10:00,17.8,73,0.00,448
1,08/10/20,10:30,17.8,73,0.00,344
1,08/10/20,11:00,18.2,72,0.00,423
1,08/10/20,11:30,18.6,71,0.00,964
1,08/10/20,12:00,19.1,69,0.00,995
1,08/10/20,12:30,20.4,64,0.00,1011
1,08/10/20,13:00,19.8,65,0.00,757
1,08/10/20,13:30,20.3,66,0.00,895
1,08/10/20,14:00,20.1,64,0.00,618
1,08/10/20,14:30,20.9,63,0.00,796
1,08/10/20,15:00,20.6,62,0.00,728
1,08/10/20,15:30,20.1,68,0.00,613
1,08/10/20,16:00,19.9,65,0.00,546
1,08/10/20,16:30,19.1,73,0.00,367
1,08/10/20,17:00,18.1,74,0.00,310
1,08/10/20,17:30,17.1,75,0.00,196
1,08/10/20,18:00,16.3,76,0.00,76
1,08/10/20,18:30,14.9,77,0.00,24
1,08/10/20,19:00,13.6,78,0.00,2
1,08/10/20,19:30,13.0,77,0.00,0
1,08/10/20,20:00,12.5,73,0.00,0
1,08/10/20,20:30,12.3,67,0.00,0
1,08/10/20,21:00,12.2,63,0.00,0
1,08/10/20,21:30,12.4,52,0.00,0
1,08/10/20,22:00,12.2,54,0.00,0
1,08/10/20,22:30,12.1,54,0.00,0
1,08/10/20,23:00,11.7,58,0.00,0
1,08/10/20,23:30,11.5,62,0.00,0
1,09/10/20,00:00,11.3,66,0.00,0
1,09/10/20,0:30,11.2,65,0.00,0
1,09/10/20,1:00,10.8,64,0.00,0
1,09/10/20,1:30,11.1,65,0.00,0
1,09/10/20,2:00,10.9,66,0.00,0
1,09/10/20,2:30,10.9,64,0.00,0
1,09/10/20,3:00,10.4,68,0.00,0
1,09/10/20,3:30,10.4,60,0.00,0
1,09/10/20,4:00,10.6,56,0.00,0
1,09/10/20,4:30,10.7,53,0.00,0
1,09/10/20,5:00,10.6,52,0.00,0
1,09/10/20,5:30,10.4,52,0.00,0
1,09/10/20,6:00,10.9,53,0.00,0
1,09/10/20,6:30,10.6,60,0.00,15
1,09/10/20,7:00,11.2,57,0.00,77
1,09/10/20,7:30,12.6,53,0.00,192
1,09/10/20,8:00,14.2,50,0.00,314
1,09/10/20,8:30,15.1,54,0.00,421
1,09/10/20,9:00,15.4,57,0.00,527
1,09/10/20,9:30,15.2,50,0.00,631
1,09/10/20,10:00,16.1,56,0.00,718
1,09/10/20,10:30,16.9,58,0.00,788
1,09/10/20,11:00,18.2,53,0.00,849
1,09/10/20,11:30,19.1,58,0.00,890
1,09/10/20,12:00,19.6,55,0.00,914
1,09/10/20,12:30,20.7,56,0.00,925
1,09/10/20,13:00,21.1,47,0.00,926
1,09/10/20,13:30,21.3,45,0.00,894
1,09/10/20,14:00,20.8,45,0.00,854
1,09/10/20,14:30,21.4,43,0.00,800
1,09/10/20,15:00,21.6,47,0.00,725
1,09/10/20,15:30,21.1,44,0.00,586
1,09/10/20,16:00,21.8,41,0.00,547
1,09/10/20,16:30,21.7,43,0.00,444
1,09/10/20,17:00,21.7,47,0.00,336
1,09/10/20,17:30,21.2,44,0.00,190
1,09/10/20,18:00,20.2,48,0.00,75
1,09/10/20,18:30,19.0,51,0.00,22
1,09/10/20,19:00,18.1,51,0.00,2
1,09/10/20,19:30,17.9,55,0.00,0
1,09/10/20,20:00,17.6,57,0.00,0
1,09/10/20,20:30,17.2,60,0.00,0
1,09/10/20,21:00,16.3,58,0.00,0
1,09/10/20,21:30,14.3,68,0.00,0
1,09/10/20,22:00,12.9,75,0.00,0
1,09/10/20,22:30,12.3,76,0.00,0
1,09/10/20,23:00,11.9,76,0.00,0
1,09/10/20,23:30,11.4,77,0.00,0
1,10/10/20,00:00,10.9,79,0.00,0
1,10/10/20,0:30,10.4,81,0.00,0
1,10/10/20,1:00,10.1,83,0.00,0
1,10/10/20,1:30,9.5,85,0.00,0
1,10/10/20,2:00,8.8,86,0.00,0
1,10/10/20,2:30,8.4,88,0.00,0
1,10/10/20,3:00,8.3,90,0.00,0
1,10/10/20,3:30,8.2,90,0.00,0
1,10/10/20,4:00,7.8,88,0.00,0
1,10/10/20,4:30,7.2,88,0.00,0
1,10/10/20,5:00,7.1,91,0.00,0
1,10/10/20,5:30,7.5,92,0.00,0
1,10/10/20,6:00,7.0,90,0.00,0
1,10/10/20,6:30,7.1,83,0.00,18
1,10/10/20,7:00,7.9,83,0.00,106
1,10/10/20,7:30,8.6,82,0.00,225
1,10/10/20,8:00,9.8,81,0.00,343
1,10/10/20,8:30,10.8,78,0.00,453
1,10/10/20,9:00,11.5,71,0.00,558
1,10/10/20,9:30,12.2,70,0.00,656
1,10/10/20,10:00,13.4,58,0.00,746
1,10/10/20,10:30,14.1,51,0.00,821
1,10/10/20,11:00,15.0,52,0.00,879
1,10/10/20,11:30,15.6,48,0.00,921
1,10/10/20,12:00,16.2,45,0.00,945
1,10/10/20,12:30,16.8,41,0.00,951
1,10/10/20,13:00,17.4,42,0.00,942
1,10/10/20,13:30,18.5,44,0.00,919
1,10/10/20,14:00,18.3,39,0.00,875
1,10/10/20,14:30,18.4,37,0.00,816
1,10/10/20,15:00,19.1,39,0.00,743
1,10/10/20,15:30,19.4,39,0.00,658
1,10/10/20,16:00,19.3,38,0.00,562
1,10/10/20,16:30,19.4,37,0.00,458
1,10/10/20,17:00,19.2,39,0.00,347
1,10/10/20,17:30,18.9,46,0.00,190
1,10/10/20,18:00,18.3,47,0.00,80
1,10/10/20,18:30,16.9,56,0.00,21
1,10/10/20,19:00,15.4,61,0.00,2
1,10/10/20,19:30,14.2,65,0.00,0
1,10/10/20,20:00,13.4,68,0.00,0
1,10/10/20,20:30,12.8,72,0.00,0
1,10/10/20,21:00,12.5,70,0.00,0
1,10/10/20,21:30,12.2,71,0.00,0
1,10/10/20,22:00,11.7,75,0.00,0
1,10/10/20,22:30,11.4,75,0.00,0
1,10/10/20,23:00,10.9,80,0.00,0
1,10/10/20,23:30,10.6,81,0.00,0
1,11/10/20,00:00,10.5,81,0.00,0
1,11/10/20,0:30,10.6,80,0.00,0
1,11/10/20,1:00,10.1,81,0.00,0
1,11/10/20,1:30,9.7,84,0.00,0
1,11/10/20,2:00,10.1,80,0.00,0
1,11/10/20,2:30,9.3,82,0.00,0
1,11/10/20,3:00,9.5,81,0.00,0
1,11/10/20,3:30,9.3,79,0.00,0
1,11/10/20,4:00,9.3,80,0.00,0
1,11/10/20,4:30,9.2,78,0.00,0
1,11/10/20,5:00,8.9,80,0.00,0
1,11/10/20,5:30,9.2,78,0.00,0
1,11/10/20,6:00,8.8,80,0.00,0
1,11/10/20,6:30,9.0,79,0.00,17
1,11/10/20,7:00,9.6,79,0.00,96
1,11/10/20,7:30,10.7,77,0.00,222
1,11/10/20,8:00,11.7,74,0.00,343
1,11/10/20,8:30,12.8,70,0.00,455
1,11/10/20,9:00,14.2,62,0.00,561
1,11/10/20,9:30,15.8,57,0.00,658
1,11/10/20,10:00,16.2,51,0.00,743
1,11/10/20,10:30,17.5,51,0.00,816
1,11/10/20,11:00,18.2,51,0.00,871
1,11/10/20,11:30,19.1,45,0.00,912
1,11/10/20,12:00,19.5,42,0.00,932
1,11/10/20,12:30,20.3,35,0.00,935
1,11/10/20,13:00,21.0,38,0.00,896
1,11/10/20,13:30,20.4,35,0.00,457
1,11/10/20,14:00,21.2,34,0.00,507
1,11/10/20,14:30,22.1,33,0.00,691
1,11/10/20,15:00,22.7,39,0.00,709
1,11/10/20,15:30,23.5,37,0.00,637
1,11/10/20,16:00,22.8,34,0.00,266
1,11/10/20,16:30,23.6,33,0.00,406
1,11/10/20,17:00,23.7,32,0.00,303
1,11/10/20,17:30,23.2,38,0.00,164
1,11/10/20,18:00,22.2,41,0.00,79
1,11/10/20,18:30,21.0,46,0.00,24
1,11/10/20,19:00,20.2,47,0.00,1
1,11/10/20,19:30,19.7,48,0.00,0
1,11/10/20,20:00,19.4,50,0.00,0
1,11/10/20,20:30,17.3,59,0.00,0
1,11/10/20,21:00,18.4,55,0.00,0
1,11/10/20,21:30,17.8,59,0.00,0
1,11/10/20,22:00,18.0,59,0.00,0
1,11/10/20,22:30,17.9,57,0.00,0
1,11/10/20,23:00,15.6,70,0.00,0
1,11/10/20,23:30,16.8,68,0.00,0
1,12/10/20,00:00,16.7,67,0.00,0
1,12/10/20,0:30,16.1,69,0.00,0
1,12/10/20,1:00,15.4,72,0.00,0
1,12/10/20,1:30,15.1,75,0.00,0
1,12/10/20,2:00,14.7,76,0.00,0
1,12/10/20,2:30,14.2,78,0.00,0
1,12/10/20,3:00,13.7,80,0.00,0
1,12/10/20,3:30,13.3,81,0.00,0
1,12/10/20,4:00,12.6,83,0.00,0
1,12/10/20,4:30,12.3,84,0.00,0
1,12/10/20,5:00,11.7,86,0.00,0
1,12/10/20,5:30,11.3,87,0.00,0
1,12/10/20,6:00,10.9,88,0.00,0
1,12/10/20,6:30,11.0,89,0.00,20
1,12/10/20,7:00,12.7,84,0.00,107
1,12/10/20,7:30,12.6,85,0.00,219
1,12/10/20,8:00,13.4,85,0.00,338
1,12/10/20,8:30,14.7,76,0.00,451
1,12/10/20,9:00,15.8,72,0.00,558
1,12/10/20,9:30,16.4,71,0.00,653
1,12/10/20,10:00,16.8,69,0.00,741
1,12/10/20,10:30,17.2,67,0.00,806
1,12/10/20,11:00,18.0,64,0.00,863
1,12/10/20,11:30,18.7,66,0.00,906
1,12/10/20,12:00,18.9,62,0.00,930
1,12/10/20,12:30,19.5,63,0.00,940
1,12/10/20,13:00,19.8,59,0.00,934
1,12/10/20,13:30,20.1,60,0.00,942
1,12/10/20,14:00,20.3,59,0.00,887
1,12/10/20,14:30,20.4,58,0.00,789
1,12/10/20,15:00,20.3,61,0.00,802
1,12/10/20,15:30,19.9,64,0.00,611
1,12/10/20,16:00,19.3,64,0.00,587
1,12/10/20,16:30,19.1,63,0.00,449
1,12/10/20,17:00,18.3,67,0.00,356
1,12/10/20,17:30,17.7,66,0.00,171
1,12/10/20,18:00,16.9,67,0.00,88
1,12/10/20,18:30,15.8,71,0.00,29
1,12/10/20,19:00,15.2,73,0.00,2
1,12/10/20,19:30,14.2,75,0.00,0
1,12/10/20,20:00,13.2,78,0.00,0
1,12/10/20,20:30,12.7,78,0.00,0
1,12/10/20,21:00,12.4,80,0.00,0
1,12/10/20,21:30,12.0,81,0.00,0
1,12/10/20,22:00,12.1,80,0.00,0
1,12/10/20,22:30,12.1,79,0.00,0
1,12/10/20,23:00,11.9,80,0.00,0
1,12/10/20,23:30,11.8,80,0.00,0
1,13/10/20,00:00,11.6,81,0.00,0
1,13/10/20,0:30,10.9,83,0.00,0
1,13/10/20,1:00,10.6,85,0.00,0
1,13/10/20,1:30,10.7,85,0.00,0
1,13/10/20,2:00,10.3,86,0.00,0
1,13/10/20,2:30,9.6,88,0.00,0
1,13/10/20,3:00,9.4,89,0.00,0
1,13/10/20,3:30,9.3,90,0.00,0
1,13/10/20,4:00,9.3,91,0.00,0
1,13/10/20,4:30,8.8,92,0.00,0
1,13/10/20,5:00,8.2,93,0.00,0
1,13/10/20,5:30,7.7,94,0.00,0
1,13/10/20,6:00,8.2,95,0.00,1
1,13/10/20,6:30,8.2,95,0.00,24
1,13/10/20,7:00,8.8,95,0.00,85
1,13/10/20,7:30,8.9,95,0.00,103
1,13/10/20,8:00,9.4,96,0.00,131
1,13/10/20,8:30,9.8,96,0.00,173
1,13/10/20,9:00,11.0,94,0.00,335
1,13/10/20,9:30,12.2,88,0.00,651
1,13/10/20,10:00,13.5,82,0.00,706
1,13/10/20,10:30,14.6,82,0.00,544
1,13/10/20,11:00,15.3,78,0.00,486
1,13/10/20,11:30,15.6,76,0.00,567
1,13/10/20,12:00,16.6,77,0.00,950
1,13/10/20,12:30,17.3,74,0.00,967
1,13/10/20,13:00,17.6,70,0.00,970
1,13/10/20,13:30,18.4,71,0.00,950
1,13/10/20,14:00,18.6,69,0.00,936
1,13/10/20,14:30,19.3,67,0.00,807
1,13/10/20,15:00,18.8,68,0.00,757
1,13/10/20,15:30,18.9,67,0.00,658
1,13/10/20,16:00,18.6,66,0.00,579
1,13/10/20,16:30,18.7,66,0.00,448
1,13/10/20,17:00,18.4,66,0.00,339
1,13/10/20,17:30,18.1,68,0.00,185
1,13/10/20,18:00,17.9,68,0.00,87
1,13/10/20,18:30,17.2,70,0.00,24
1,13/10/20,19:00,15.5,77,0.00,4
1,13/10/20,19:30,14.7,80,0.00,0
1,13/10/20,20:00,14.1,81,0.00,0
1,13/10/20,20:30,13.6,83,0.00,0
1,13/10/20,21:00,13.3,87,0.00,0
1,13/10/20,21:30,12.9,88,0.00,0
1,13/10/20,22:00,12.8,89,0.00,0
1,13/10/20,22:30,12.8,88,0.00,0
1,13/10/20,23:00,12.7,88,0.00,0
1,13/10/20,23:30,12.4,89,0.00,0
1,14/10/20,00:00,12.2,90,0.00,0
1,14/10/20,0:30,12.6,91,0.00,0
1,14/10/20,1:00,12.2,92,0.00,0
1,14/10/20,1:30,11.2,92,0.00,0
1,14/10/20,2:00,10.8,92,0.00,0
1,14/10/20,2:30,11.2,91,0.00,0
1,14/10/20,3:00,11.6,91,0.00,0
1,14/10/20,3:30,10.7,90,0.00,0
1,14/10/20,4:00,10.3,94,0.00,0
1,14/10/20,4:30,10.4,94,0.00,0
1,14/10/20,5:00,9.9,93,0.00,0
1,14/10/20,5:30,9.8,93,0.00,0
1,14/10/20,6:00,10.2,92,0.00,1
1,14/10/20,6:30,10.7,89,0.00,26
1,14/10/20,7:00,12.5,84,0.00,120
1,14/10/20,7:30,12.8,86,0.00,236
1,14/10/20,8:00,15.3,80,0.00,356
1,14/10/20,8:30,16.7,73,0.00,465
1,14/10/20,9:00,17.3,70,0.00,572
1,14/10/20,9:30,17.7,68,0.00,667
1,14/10/20,10:00,18.3,68,0.00,749
1,14/10/20,10:30,19.3,64,0.00,820
1,14/10/20,11:00,19.9,61,0.00,877
1,14/10/20,11:30,20.6,61,0.00,918
1,14/10/20,12:00,21.1,59,0.00,926
1,14/10/20,12:30,21.8,58,0.00,903
1,14/10/20,13:00,22.4,59,0.00,844
1,14/10/20,13:30,22.6,51,0.00,767
1,14/10/20,14:00,23.6,56,0.00,769
1,14/10/20,14:30,23.1,49,0.00,621
1,14/10/20,15:00,23.4,48,0.00,656
1,14/10/20,15:30,22.9,51,0.00,511
1,14/10/20,16:00,22.6,53,0.00,341
1,14/10/20,16:30,22.3,56,0.00,263
1,14/10/20,17:00,21.7,58,0.00,196
1,14/10/20,17:30,21.2,60,0.00,145
1,14/10/20,18:00,20.4,65,0.00,76
1,14/10/20,18:30,19.4,68,0.00,31
1,14/10/20,19:00,18.1,73,0.00,2
1,14/10/20,19:30,17.4,76,0.00,0
1,14/10/20,20:00,16.4,79,0.00,0
1,14/10/20,20:30,15.8,83,0.00,0
1,14/10/20,21:00,15.3,85,0.00,0
1,14/10/20,21:30,14.9,85,0.00,0
1,14/10/20,22:00,14.3,86,0.00,0
1,14/10/20,22:30,14.5,85,0.00,0
1,14/10/20,23:00,13.7,87,0.00,0
1,14/10/20,23:30,13.6,86,0.00,0
1,15/10/20,00:00,13.7,86,0.00,0
1,15/10/20,0:30,12.9,86,0.00,0
1,15/10/20,1:00,13.1,88,0.00,0
1,15/10/20,1:30,12.3,91,0.00,0
1,15/10/20,2:00,12.0,93,0.00,0
1,15/10/20,2:30,12.2,93,0.00,0
1,15/10/20,3:00,12.0,94,0.00,0
1,15/10/20,3:30,12.1,96,0.00,0
1,15/10/20,4:00,11.6,96,0.00,0
1,15/10/20,4:30,11.6,96,0.00,0
1,15/10/20,5:00,11.6,96,0.00,0
1,15/10/20,5:30,11.6,95,0.00,0
1,15/10/20,6:00,11.8,93,0.00,1
1,15/10/20,6:30,11.9,92,0.00,24
1,15/10/20,7:00,11.8,91,0.00,72
1,15/10/20,7:30,12.2,89,0.00,221
1,15/10/20,8:00,12.9,87,0.00,347
1,15/10/20,8:30,14.7,83,0.00,460
1,15/10/20,9:00,15.7,80,0.00,566
1,15/10/20,9:30,16.4,76,0.00,660
1,15/10/20,10:00,17.2,74,0.00,735
1,15/10/20,10:30,18.2,72,0.00,802
1,15/10/20,11:00,18.6,74,0.00,855
1,15/10/20,11:30,19.3,73,0.00,912
1,15/10/20,12:00,19.8,72,0.00,913
1,15/10/20,12:30,20.3,68,0.00,928
1,15/10/20,13:00,20.8,67,0.00,923
1,15/10/20,13:30,21.6,65,0.00,908
1,15/10/20,14:00,21.4,65,0.00,862
1,15/10/20,14:30,21.4,64,0.00,805
1,15/10/20,15:00,21.4,66,0.00,734
1,15/10/20,15:30,21.4,63,0.00,646
1,15/10/20,16:00,21.6,63,0.00,556
1,15/10/20,16:30,21.6,63,0.00,462
1,15/10/20,17:00,21.2,64,0.00,330
1,15/10/20,17:30,20.8,66,0.00,171
1,15/10/20,18:00,20.1,67,0.00,92
1,15/10/20,18:30,19.2,70,0.00,31
1,15/10/20,19:00,18.2,74,0.00,4
1,15/10/20,19:30,17.6,78,0.00,0
1,15/10/20,20:00,17.1,80,0.00,0
1,15/10/20,20:30,16.7,82,0.00,0
1,15/10/20,21:00,16.1,84,0.00,0
1,15/10/20,21:30,15.6,84,0.00,0
1,15/10/20,22:00,15.6,85,0.00,0
1,15/10/20,22:30,15.2,86,0.00,0
1,15/10/20,23:00,14.8,88,0.00,0
1,15/10/20,23:30,14.8,89,0.00,0
1,16/10/20,00:00,14.8,90,0.00,0
1,16/10/20,0:30,15.0,90,0.00,0
1,16/10/20,1:00,15.1,90,0.00,0
1,16/10/20,1:30,15.2,89,0.00,0
1,16/10/20,2:00,15.4,88,0.00,0
1,16/10/20,2:30,15.7,86,0.00,0
1,16/10/20,3:00,15.6,87,0.00,0
1,16/10/20,3:30,15.7,83,0.00,0
1,16/10/20,4:00,15.6,82,0.00,0
1,16/10/20,4:30,15.6,82,0.00,0
1,16/10/20,5:00,15.4,82,0.00,0
1,16/10/20,5:30,14.9,85,0.00,0
1,16/10/20,6:00,14.9,84,0.00,1
1,16/10/20,6:30,15.4,83,0.00,26
1,16/10/20,7:00,16.0,82,0.00,120
1,16/10/20,7:30,16.3,80,0.00,201
1,16/10/20,8:00,16.9,80,0.00,307
1,16/10/20,8:30,17.4,76,0.00,489
1,16/10/20,9:00,18.3,75,0.00,585
1,16/10/20,9:30,19.3,73,0.00,684
1,16/10/20,10:00,20.0,69,0.00,774
1,16/10/20,10:30,21.0,67,0.00,831
1,16/10/20,11:00,21.6,62,0.00,891
1,16/10/20,11:30,22.1,60,0.00,933
1,16/10/20,12:00,22.7,59,0.00,959
1,16/10/20,12:30,23.1,56,0.00,959
1,16/10/20,13:00,23.4,56,0.00,946
1,16/10/20,13:30,23.8,55,0.00,920
1,16/10/20,14:00,24.4,48,0.00,878
1,16/10/20,14:30,24.6,49,0.00,824
1,16/10/20,15:00,24.9,50,0.00,750
1,16/10/20,15:30,24.9,47,0.00,666
1,16/10/20,16:00,24.9,49,0.00,572
1,16/10/20,16:30,24.7,45,0.00,466
1,16/10/20,17:00,24.2,48,0.00,332
1,16/10/20,17:30,23.7,53,0.00,170
1,16/10/20,18:00,22.7,54,0.00,96
1,16/10/20,18:30,21.6,59,0.00,30
1,16/10/20,19:00,20.3,65,0.00,4
1,16/10/20,19:30,18.9,69,0.00,0
1,16/10/20,20:00,18.1,72,0.00,0
1,16/10/20,20:30,17.3,73,0.00,0
1,16/10/20,21:00,16.4,78,0.00,0
1,16/10/20,21:30,16.0,75,0.00,0
1,16/10/20,22:00,15.1,80,0.00,0
1,16/10/20,22:30,14.8,82,0.00,0
1,16/10/20,23:00,14.3,87,0.00,0
1,16/10/20,23:30,14.2,86,0.00,0
1,17/10/20,00:00,13.8,87,0.00,0
1,17/10/20,0:30,13.4,90,0.00,0
1,17/10/20,1:00,13.9,89,0.00,0
1,17/10/20,1:30,13.6,89,0.00,0
1,17/10/20,2:00,13.7,89,0.00,0
1,17/10/20,2:30,13.0,91,0.00,0
1,17/10/20,3:00,12.9,91,0.00,0
1,17/10/20,3:30,12.8,92,0.00,0
1,17/10/20,4:00,12.8,91,0.00,0
1,17/10/20,4:30,13.0,92,0.00,0
1,17/10/20,5:00,12.9,91,0.00,0
1,17/10/20,5:30,12.6,92,0.00,0
1,17/10/20,6:00,12.6,92,0.00,3
1,17/10/20,6:30,13.1,92,0.00,32
1,17/10/20,7:00,14.3,90,0.00,108
1,17/10/20,7:30,15.3,87,0.00,236
1,17/10/20,8:00,16.3,83,0.00,349
1,17/10/20,8:30,17.7,78,0.00,458
1,17/10/20,9:00,18.8,74,0.00,560
1,17/10/20,9:30,20.1,73,0.00,657
1,17/10/20,10:00,21.3,69,0.00,740
1,17/10/20,10:30,22.4,63,0.00,814
1,17/10/20,11:00,22.7,62,0.00,886
1,17/10/20,11:30,23.1,61,0.00,857
1,17/10/20,12:00,23.1,61,0.00,630
1,17/10/20,12:30,24.3,58,0.00,838
1,17/10/20,13:00,25.2,50,0.00,963
1,17/10/20,13:30,25.8,51,0.00,896
1,17/10/20,14:00,26.1,48,0.00,891
1,17/10/20,14:30,26.2,49,0.00,630
1,17/10/20,15:00,26.5,47,0.00,696
1,17/10/20,15:30,26.1,48,0.00,368
1,17/10/20,16:00,26.4,48,0.00,390
1,17/10/20,16:30,26.2,50,0.00,510
1,17/10/20,17:00,25.7,48,0.00,275
1,17/10/20,17:30,25.7,47,0.00,196
1,17/10/20,18:00,24.8,47,0.00,117
1,17/10/20,18:30,23.5,53,0.00,46
1,17/10/20,19:00,22.2,54,0.00,2
1,17/10/20,19:30,20.7,58,0.00,0
1,17/10/20,20:00,20.2,65,0.00,0
1,17/10/20,20:30,19.9,67,0.00,0
1,17/10/20,21:00,19.4,68,0.00,0
1,17/10/20,21:30,19.1,69,0.00,0
1,17/10/20,22:00,18.5,72,0.00,0
1,17/10/20,22:30,18.1,75,0.00,0
1,17/10/20,23:00,17.6,77,0.00,0
1,17/10/20,23:30,16.9,80,0.00,0
1,18/10/20,00:00,16.6,83,0.00,0
1,18/10/20,0:30,15.8,84,0.00,0
1,18/10/20,1:00,15.8,87,0.00,0
1,18/10/20,1:30,15.8,88,0.00,0
1,18/10/20,2:00,15.4,89,0.00,0
1,18/10/20,2:30,15.8,89,0.00,0
1,18/10/20,3:00,15.3,91,0.00,0
1,18/10/20,3:30,15.2,92,0.00,0
1,18/10/20,4:00,15.4,91,0.00,0
1,18/10/20,4:30,15.0,91,0.00,0
1,18/10/20,5:00,14.9,91,0.00,0
1,18/10/20,5:30,15.1,90,0.00,0
1,18/10/20,6:00,15.2,91,0.00,0
1,18/10/20,6:30,15.0,91,0.00,14
1,18/10/20,7:00,15.3,90,0.00,40
1,18/10/20,7:30,16.1,88,0.00,149
1,18/10/20,8:00,17.4,86,0.00,248
1,18/10/20,8:30,18.4,81,0.00,441
1,18/10/20,9:00,19.3,78,0.00,545
1,18/10/20,9:30,20.3,76,0.00,636
1,18/10/20,10:00,21.9,72,0.00,719
1,18/10/20,10:30,23.2,66,0.00,791
1,18/10/20,11:00,24.7,62,0.00,846
1,18/10/20,11:30,25.4,56,0.00,886
1,18/10/20,12:00,26.6,55,0.00,908
1,18/10/20,12:30,26.9,54,0.00,922
1,18/10/20,13:00,27.6,44,0.00,910
1,18/10/20,13:30,28.1,41,0.00,887
1,18/10/20,14:00,28.7,44,0.00,844
1,18/10/20,14:30,29.2,39,0.00,786
1,18/10/20,15:00,29.4,36,0.00,716
1,18/10/20,15:30,29.4,36,0.00,635
1,18/10/20,16:00,29.7,34,0.00,542
1,18/10/20,16:30,29.7,34,0.00,439
1,18/10/20,17:00,29.4,35,0.00,294
1,18/10/20,17:30,29.4,37,0.00,164
1,18/10/20,18:00,28.4,43,0.00,93
1,18/10/20,18:30,26.6,50,0.00,34
1,18/10/20,19:00,25.4,52,0.00,5
1,18/10/20,19:30,24.7,52,0.00,0
1,18/10/20,20:00,24.5,56,0.00,0
1,18/10/20,20:30,23.8,56,0.00,0
1,18/10/20,21:00,23.5,55,0.00,0
1,18/10/20,21:30,22.7,59,0.00,0
1,18/10/20,22:00,21.6,63,0.00,0
1,18/10/20,22:30,20.8,68,0.00,0
1,18/10/20,23:00,20.2,70,0.00,0
1,18/10/20,23:30,20.1,70,0.00,0
1,19/10/20,00:00,19.4,72,0.00,0
1,19/10/20,0:30,19.3,72,0.00,0
1,19/10/20,1:00,19.1,72,0.00,0
1,19/10/20,1:30,19.1,74,0.00,0
1,19/10/20,2:00,18.6,78,0.00,0
1,19/10/20,2:30,18.1,80,0.00,0
1,19/10/20,3:00,17.7,81,0.00,0
1,19/10/20,3:30,17.6,83,0.00,0
1,19/10/20,4:00,17.1,85,0.00,0
1,19/10/20,4:30,17.1,86,0.00,0
1,19/10/20,5:00,16.7,87,0.00,0
1,19/10/20,5:30,17.2,85,0.00,0
1,19/10/20,6:00,17.3,84,0.00,2
1,19/10/20,6:30,18.4,78,0.00,30
1,19/10/20,7:00,19.2,76,0.00,118
1,19/10/20,7:30,20.7,69,0.00,243
1,19/10/20,8:00,21.9,65,0.00,359
1,19/10/20,8:30,22.3,64,0.00,466
1,19/10/20,9:00,23.1,64,0.00,569
1,19/10/20,9:30,23.7,66,0.00,664
1,19/10/20,10:00,24.3,66,0.00,747
1,19/10/20,10:30,25.9,61,0.00,817
1,19/10/20,11:00,26.8,58,0.00,874
1,19/10/20,11:30,28.1,56,0.00,915
1,19/10/20,12:00,29.3,46,0.00,939
1,19/10/20,12:30,29.8,47,0.00,948
1,19/10/20,13:00,30.3,38,0.00,941
1,19/10/20,13:30,30.8,41,0.00,916
1,19/10/20,14:00,31.2,39,0.00,866
1,19/10/20,14:30,31.5,42,0.00,809
1,19/10/20,15:00,32.3,34,0.00,739
1,19/10/20,15:30,32.3,36,0.00,654
1,19/10/20,16:00,32.4,34,0.00,559
1,19/10/20,16:30,32.4,33,0.00,457
1,19/10/20,17:00,32.3,34,0.00,291
1,19/10/20,17:30,31.9,31,0.00,168
1,19/10/20,18:00,30.9,37,0.00,94
1,19/10/20,18:30,29.8,42,0.00,34
1,19/10/20,19:00,28.8,46,0.00,6
1,19/10/20,19:30,27.7,47,0.00,0
1,19/10/20,20:00,25.7,66,0.00,0
1,19/10/20,20:30,25.2,68,0.00,0
1,19/10/20,21:00,24.9,69,0.00,0
1,19/10/20,21:30,23.9,73,0.00,0
1,19/10/20,22:00,23.7,75,0.00,0
1,19/10/20,22:30,23.7,74,0.00,0
1,19/10/20,23:00,22.9,76,0.00,0
1,19/10/20,23:30,23.3,72,0.00,0
1,20/10/20,00:00,22.9,73,0.00,0
1,20/10/20,0:30,23.1,71,0.00,0
1,20/10/20,1:00,23.0,70,0.00,0
1,20/10/20,1:30,23.7,68,0.00,0
1,20/10/20,2:00,23.2,70,0.00,0
1,20/10/20,2:30,23.0,70,0.00,0
1,20/10/20,3:00,22.9,70,0.00,0
1,20/10/20,3:30,20.2,80,0.00,0
1,20/10/20,4:00,18.3,87,0.00,0
1,20/10/20,4:30,18.0,89,0.00,0
1,20/10/20,5:00,17.6,90,0.00,0
1,20/10/20,5:30,17.5,91,0.00,0
1,20/10/20,6:00,17.5,91,0.00,1
1,20/10/20,6:30,17.4,91,0.00,17
1,20/10/20,7:00,17.1,91,0.00,40
1,20/10/20,7:30,16.8,91,0.00,85
1,20/10/20,8:00,16.6,90,0.00,152
1,20/10/20,8:30,17.2,88,0.00,239
1,20/10/20,9:00,17.6,87,0.00,378
1,20/10/20,9:30,18.3,84,0.00,679
1,20/10/20,10:00,18.8,82,0.00,761
1,20/10/20,10:30,19.6,81,0.00,842
1,20/10/20,11:00,20.3,79,0.00,887
1,20/10/20,11:30,20.9,77,0.00,919
1,20/10/20,12:00,22.3,74,0.00,934
1,20/10/20,12:30,22.6,69,0.00,942
1,20/10/20,13:00,23.2,70,0.00,931
1,20/10/20,13:30,23.6,68,0.00,906
1,20/10/20,14:00,23.4,69,0.00,868
1,20/10/20,14:30,21.8,75,0.00,819
1,20/10/20,15:00,20.0,82,0.00,755
1,20/10/20,15:30,19.1,84,0.00,629
1,20/10/20,16:00,18.9,85,0.00,498
1,20/10/20,16:30,18.1,86,0.00,318
1,20/10/20,17:00,17.9,84,0.00,304
1,20/10/20,17:30,17.6,86,0.00,188
1,20/10/20,18:00,16.8,88,0.00,90
1,20/10/20,18:30,16.6,89,0.00,13
1,20/10/20,19:00,16.5,87,0.00,2
1,20/10/20,19:30,16.0,85,0.00,0
1,20/10/20,20:00,15.8,86,0.00,0
1,20/10/20,20:30,15.7,85,0.00,0
1,20/10/20,21:00,15.4,85,0.00,0
1,20/10/20,21:30,15.2,85,0.00,0
1,20/10/20,22:00,15.2,85,0.00,0
1,20/10/20,22:30,15.2,84,0.00,0
1,20/10/20,23:00,14.9,88,0.00,0
1,20/10/20,23:30,14.6,90,0.00,0
1,21/10/20,00:00,14.5,90,0.00,0
1,21/10/20,0:30,14.1,90,0.00,0
1,21/10/20,1:00,13.8,91,0.00,0
1,21/10/20,1:30,13.8,90,0.00,0
1,21/10/20,2:00,13.8,91,0.00,0
1,21/10/20,2:30,13.9,92,0.00,0
1,21/10/20,3:00,13.9,91,0.00,0
1,21/10/20,3:30,13.7,92,0.00,0
1,21/10/20,4:00,13.7,92,0.00,0
1,21/10/20,4:30,13.8,91,0.00,0
1,21/10/20,5:00,13.8,90,0.00,0
1,21/10/20,5:30,13.7,90,0.00,0
1,21/10/20,6:00,13.7,90,0.00,3
1,21/10/20,6:30,13.8,90,0.00,36
1,21/10/20,7:00,14.3,88,0.00,117
1,21/10/20,7:30,14.7,87,0.00,241
1,21/10/20,8:00,15.2,85,0.00,354
1,21/10/20,8:30,15.5,86,0.00,457
1,21/10/20,9:00,15.9,85,0.00,478
1,21/10/20,9:30,15.7,86,0.00,463
1,21/10/20,10:00,16.6,83,0.00,624
1,21/10/20,10:30,16.4,84,0.00,522
1,21/10/20,11:00,16.9,83,0.00,657
1,21/10/20,11:30,17.2,81,0.00,690
1,21/10/20,12:00,17.2,81,0.00,704
1,21/10/20,12:30,17.4,81,0.00,655
1,21/10/20,13:00,17.3,83,0.00,725
1,21/10/20,13:30,16.8,83,0.00,590
1,21/10/20,14:00,17.5,81,0.00,595
1,21/10/20,14:30,17.0,82,0.00,536
1,21/10/20,15:00,17.4,81,0.00,774
1,21/10/20,15:30,16.4,84,0.00,456
1,21/10/20,16:00,16.5,84,0.00,274
1,21/10/20,16:30,16.6,83,0.00,218
1,21/10/20,17:00,15.8,85,0.00,123
1,21/10/20,17:30,15.6,87,0.00,92
1,21/10/20,18:00,15.1,90,0.00,55
1,21/10/20,18:30,14.9,90,0.00,22
1,21/10/20,19:00,14.7,90,0.00,4
1,21/10/20,19:30,14.6,91,0.00,0
1,21/10/20,20:00,14.5,91,0.00,0
1,21/10/20,20:30,14.5,91,0.00,0
1,21/10/20,21:00,14.4,92,0.00,0
1,21/10/20,21:30,14.5,93,0.00,0
1,21/10/20,22:00,14.7,92,0.00,0
1,21/10/20,22:30,14.9,91,0.00,0
1,21/10/20,23:00,14.8,92,0.00,0
1,21/10/20,23:30,14.8,92,0.00,0
1,22/10/20,00:00,14.8,93,0.00,0
1,22/10/20,0:30,14.9,93,0.00,0
1,22/10/20,1:00,14.8,94,0.00,0
1,22/10/20,1:30,14.8,94,0.00,0
1,22/10/20,2:00,14.8,94,0.00,0
1,22/10/20,2:30,14.8,94,0.00,0
1,22/10/20,3:00,14.9,95,0.00,0
1,22/10/20,3:30,15.0,95,0.00,0
1,22/10/20,4:00,15.1,95,0.00,0
1,22/10/20,4:30,15.2,95,0.00,0
1,22/10/20,5:00,15.2,94,0.00,0
1,22/10/20,5:30,15.2,94,0.00,0
1,22/10/20,6:00,15.2,95,0.00,2
1,22/10/20,6:30,15.3,95,0.00,30
1,22/10/20,7:00,15.4,94,0.00,32
1,22/10/20,7:30,15.8,94,0.00,99
1,22/10/20,8:00,16.2,93,0.00,144
1,22/10/20,8:30,16.6,92,0.00,217
1,22/10/20,9:00,17.1,91,0.00,203
1,22/10/20,9:30,17.4,91,0.40,95
1,22/10/20,10:00,17.4,92,1.20,204
1,22/10/20,10:30,17.6,93,0.40,272
1,22/10/20,11:00,18.1,91,0.00,346
1,22/10/20,11:30,18.3,89,0.00,221
1,22/10/20,12:00,18.6,88,0.00,250
1,22/10/20,12:30,20.0,86,0.00,701
1,22/10/20,13:00,20.2,84,0.00,593
1,22/10/20,13:30,20.4,82,0.00,808
1,22/10/20,14:00,20.7,80,0.00,668
1,22/10/20,14:30,20.7,80,0.00,735
1,22/10/20,15:00,21.2,79,0.00,729
1,22/10/20,15:30,20.8,79,0.00,683
1,22/10/20,16:00,20.4,81,0.00,554
1,22/10/20,16:30,20.0,83,0.00,268
1,22/10/20,17:00,19.2,86,0.00,200
1,22/10/20,17:30,19.3,85,0.00,170
1,22/10/20,18:00,18.7,87,0.00,74
1,22/10/20,18:30,18.1,90,0.00,16
1,22/10/20,19:00,17.8,91,0.00,2
1,22/10/20,19:30,17.8,91,0.00,0
1,22/10/20,20:00,17.8,90,0.00,0
1,22/10/20,20:30,17.7,90,0.00,0
1,22/10/20,21:00,17.6,89,0.00,0
1,22/10/20,21:30,17.5,89,0.00,0
1,22/10/20,22:00,17.4,90,0.00,0
1,22/10/20,22:30,17.3,90,0.00,0
1,22/10/20,23:00,17.3,91,0.00,0
1,22/10/20,23:30,17.2,91,0.00,0
1,23/10/20,00:00,17.2,92,0.00,0
1,23/10/20,0:30,17.1,93,0.00,0
1,23/10/20,1:00,17.1,93,0.00,0
1,23/10/20,1:30,17.0,94,0.00,0
1,23/10/20,2:00,17.1,94,0.00,0
1,23/10/20,2:30,17.2,93,0.00,0
1,23/10/20,3:00,17.3,93,0.00,0
1,23/10/20,3:30,17.1,94,0.80,0
1,23/10/20,4:00,16.8,95,5.60,0
1,23/10/20,4:30,16.7,96,9.00,0
1,23/10/20,5:00,17.1,95,1.40,0
1,23/10/20,5:30,16.7,97,0.60,0
1,23/10/20,6:00,17.1,96,1.00,0
1,23/10/20,6:30,17.5,94,0.00,2
1,23/10/20,7:00,17.3,95,0.20,20
1,23/10/20,7:30,17.2,96,0.00,64
1,23/10/20,8:00,17.2,96,0.00,33
1,23/10/20,8:30,17.4,96,0.00,65
1,23/10/20,9:00,17.9,94,0.00,170
1,23/10/20,9:30,17.9,94,0.00,168
1,23/10/20,10:00,18.1,95,0.00,124
1,23/10/20,10:30,18.6,93,0.00,143
1,23/10/20,11:00,19.2,92,0.00,198
1,23/10/20,11:30,19.8,90,0.00,309
1,23/10/20,12:00,20.7,88,0.00,405
1,23/10/20,12:30,20.8,86,0.00,303
1,23/10/20,13:00,20.4,87,0.00,149
1,23/10/20,13:30,20.7,88,0.00,165
1,23/10/20,14:00,20.7,88,0.00,165
1,23/10/20,14:30,21.0,87,0.00,199
1,23/10/20,15:00,20.7,86,0.00,143
1,23/10/20,15:30,21.2,85,0.00,306
1,23/10/20,16:00,21.1,85,0.00,143
1,23/10/20,16:30,20.8,86,0.00,73
1,23/10/20,17:00,21.6,81,0.00,161
1,23/10/20,17:30,21.1,85,0.00,137
1,23/10/20,18:00,20.7,85,0.00,84
1,23/10/20,18:30,20.2,87,0.00,35
1,23/10/20,19:00,19.9,87,0.00,4
1,23/10/20,19:30,19.7,87,0.00,0
1,23/10/20,20:00,19.7,86,0.00,0
1,23/10/20,20:30,19.3,88,0.00,0
1,23/10/20,21:00,19.1,89,0.00,0
1,23/10/20,21:30,19.1,88,0.00,0
1,23/10/20,22:00,18.6,89,0.00,0
1,23/10/20,22:30,18.8,89,0.00,0
1,23/10/20,23:00,18.4,90,0.00,0
1,23/10/20,23:30,18.3,90,0.00,0
1,24/10/20,00:00,18.4,90,0.00,0
1,24/10/20,0:30,17.8,90,0.00,0
1,24/10/20,1:00,17.9,91,0.00,0
1,24/10/20,1:30,17.6,93,0.00,0
1,24/10/20,2:00,17.4,94,0.00,0
1,24/10/20,2:30,17.4,94,0.00,0
1,24/10/20,3:00,17.4,94,0.00,0
1,24/10/20,3:30,16.9,93,0.00,0
1,24/10/20,4:00,16.8,96,0.00,0
1,24/10/20,4:30,16.9,96,0.00,0
1,24/10/20,5:00,17.0,97,0.00,0
1,24/10/20,5:30,17.3,96,0.00,0
1,24/10/20,6:00,17.9,93,0.00,3
1,24/10/20,6:30,18.0,93,0.00,32
1,24/10/20,7:00,19.1,91,0.00,161
1,24/10/20,7:30,19.6,91,0.00,177
1,24/10/20,8:00,20.5,86,0.00,362
1,24/10/20,8:30,21.8,83,0.00,439
1,24/10/20,9:00,22.9,80,0.00,667
1,24/10/20,9:30,24.0,75,0.00,717
1,24/10/20,10:00,24.7,71,0.00,756
1,24/10/20,10:30,24.6,76,0.00,812
1,24/10/20,11:00,24.9,74,0.00,752
1,24/10/20,11:30,25.2,71,0.00,981
1,24/10/20,12:00,25.7,74,0.00,977
1,24/10/20,12:30,26.3,65,0.00,982
1,24/10/20,13:00,26.4,63,0.00,966
1,24/10/20,13:30,26.9,62,0.00,964
1,24/10/20,14:00,27.2,66,0.00,1008
1,24/10/20,14:30,26.6,66,0.00,508
1,24/10/20,15:00,26.6,65,0.00,652
1,24/10/20,15:30,26.2,65,0.00,302
1,24/10/20,16:00,25.7,70,0.00,177
1,24/10/20,16:30,25.5,71,0.00,121
1,24/10/20,17:00,24.8,76,0.00,112
1,24/10/20,17:30,24.1,77,0.00,77
1,24/10/20,18:00,23.8,76,0.00,95
1,24/10/20,18:30,23.1,78,0.00,42
1,24/10/20,19:00,22.1,82,0.00,8
1,24/10/20,19:30,21.4,85,0.00,0
1,24/10/20,20:00,20.8,88,0.00,0
1,24/10/20,20:30,20.2,88,0.00,0
1,24/10/20,21:00,19.6,88,0.00,0
1,24/10/20,21:30,19.1,90,0.00,0
1,24/10/20,22:00,18.6,91,0.00,0
1,24/10/20,22:30,18.7,90,0.00,0
1,24/10/20,23:00,18.4,89,0.00,0
1,24/10/20,23:30,18.2,90,0.00,0
1,25/10/20,00:00,18.0,91,0.00,0
1,25/10/20,0:30,17.6,92,0.00,0
1,25/10/20,1:00,17.3,92,0.00,0
1,25/10/20,1:30,17.2,93,0.00,0
1,25/10/20,2:00,17.0,94,0.00,0
1,25/10/20,2:30,16.9,94,0.00,0
1,25/10/20,3:00,16.9,94,0.00,0
1,25/10/20,3:30,17.0,93,0.00,0
1,25/10/20,4:00,16.9,93,0.00,0
1,25/10/20,4:30,16.9,92,0.00,0
1,25/10/20,5:00,17.2,92,0.00,0
1,25/10/20,5:30,17.5,91,0.00,0
1,25/10/20,6:00,17.7,91,0.00,4
1,25/10/20,6:30,17.8,91,0.00,40
1,25/10/20,7:00,18.3,90,0.00,79
1,25/10/20,7:30,18.9,88,0.00,121
1,25/10/20,8:00,19.6,85,0.00,190
1,25/10/20,8:30,19.7,85,0.00,306
1,25/10/20,9:00,20.3,83,0.00,429
1,25/10/20,9:30,21.4,80,0.00,687
1,25/10/20,10:00,22.5,76,0.00,770
1,25/10/20,10:30,23.3,75,0.00,837
1,25/10/20,11:00,23.7,73,0.00,889
1,25/10/20,11:30,24.6,70,0.00,914
1,25/10/20,12:00,25.3,68,0.00,813
1,25/10/20,12:30,25.7,67,0.00,752
1,25/10/20,13:00,26.1,65,0.00,626
1,25/10/20,13:30,26.7,63,0.00,898
1,25/10/20,14:00,27.5,64,0.00,826
1,25/10/20,14:30,27.7,58,0.00,629
1,25/10/20,15:00,27.4,57,0.00,562
1,25/10/20,15:30,27.4,57,0.00,445
1,25/10/20,16:00,27.2,61,0.00,382
1,25/10/20,16:30,26.8,62,0.00,254
1,25/10/20,17:00,26.3,64,0.00,176
1,25/10/20,17:30,26.3,66,0.00,160
1,25/10/20,18:00,25.4,70,0.00,67
1,25/10/20,18:30,24.8,72,0.00,49
1,25/10/20,19:00,23.9,76,0.00,8
1,25/10/20,19:30,23.2,79,0.00,0
1,25/10/20,20:00,22.6,82,0.00,0
1,25/10/20,20:30,22.0,85,0.00,0
1,25/10/20,21:00,21.7,85,0.00,0
1,25/10/20,21:30,21.2,87,0.00,0
1,25/10/20,22:00,20.7,87,0.00,0
1,25/10/20,22:30,20.3,89,0.00,0
1,25/10/20,23:00,20.2,91,0.00,0
1,25/10/20,23:30,19.8,91,0.00,0
1,26/10/20,00:00,19.7,90,0.00,0
1,26/10/20,0:30,19.6,90,0.00,0
1,26/10/20,1:00,19.4,91,0.00,0
1,26/10/20,1:30,19.2,91,0.00,0
1,26/10/20,2:00,19.1,91,0.00,0
1,26/10/20,2:30,18.9,91,0.00,0
1,26/10/20,3:00,19.0,91,0.00,0
1,26/10/20,3:30,18.7,92,0.00,0
1,26/10/20,4:00,18.6,93,0.00,0
1,26/10/20,4:30,18.5,93,0.00,0
1,26/10/20,5:00,18.7,92,0.00,0
1,26/10/20,5:30,18.9,91,0.00,0
1,26/10/20,6:00,18.8,93,0.00,0
1,26/10/20,6:30,19.4,90,0.00,10
1,26/10/20,7:00,19.6,89,0.00,22
1,26/10/20,7:30,19.9,89,0.00,39
1,26/10/20,8:00,20.1,89,0.00,63
1,26/10/20,8:30,20.3,90,0.00,88
1,26/10/20,9:00,20.8,89,0.00,108
1,26/10/20,9:30,21.1,90,0.00,146
1,26/10/20,10:00,21.3,90,0.00,203
1,26/10/20,10:30,21.2,89,0.00,175
1,26/10/20,11:00,21.1,92,0.60,135
1,26/10/20,11:30,20.5,90,0.60,133
1,26/10/20,12:00,20.6,90,0.20,210
1,26/10/20,12:30,20.8,89,0.00,218
1,26/10/20,13:00,21.4,87,0.00,308
1,26/10/20,13:30,21.6,88,0.00,289
1,26/10/20,14:00,21.5,88,0.00,250
1,26/10/20,14:30,21.4,89,0.20,236
1,26/10/20,15:00,19.3,92,8.00,132
1,26/10/20,15:30,18.7,94,11.80,62
1,26/10/20,16:00,18.4,93,0.80,50
1,26/10/20,16:30,17.3,93,1.00,7
1,26/10/20,17:00,16.3,96,6.00,4
1,26/10/20,17:30,16.3,94,3.80,7
1,26/10/20,18:00,16.4,95,2.80,33
1,26/10/20,18:30,16.6,93,0.40,21
1,26/10/20,19:00,16.6,93,0.00,1
1,26/10/20,19:30,16.3,94,0.40,0
1,26/10/20,20:00,16.1,95,0.60,0
1,26/10/20,20:30,15.7,95,0.00,0
1,26/10/20,21:00,15.1,94,0.00,0
1,26/10/20,21:30,14.1,96,0.20,0
1,26/10/20,22:00,13.6,95,0.20,0
1,26/10/20,22:30,13.3,96,0.00,0
1,26/10/20,23:00,12.5,96,0.20,0
1,26/10/20,23:30,12.3,97,0.00,0
1,27/10/20,00:00,11.8,97,0.00,0
1,27/10/20,0:30,11.4,97,0.00,0
1,27/10/20,1:00,11.5,97,0.00,0
1,27/10/20,1:30,11.1,97,0.00,0
1,27/10/20,2:00,11.1,97,0.00,0
1,27/10/20,2:30,11.3,98,0.00,0
1,27/10/20,3:00,11.0,97,0.00,0
1,27/10/20,3:30,10.9,98,0.00,0
1,27/10/20,4:00,10.9,98,0.00,0
1,27/10/20,4:30,10.9,98,0.00,0
1,27/10/20,5:00,10.9,98,0.20,0
1,27/10/20,5:30,10.8,98,0.00,0
1,27/10/20,6:00,10.7,98,0.00,0
1,27/10/20,6:30,10.7,98,0.00,13
1,27/10/20,7:00,10.8,98,0.00,31
1,27/10/20,7:30,10.7,98,0.00,33
1,27/10/20,8:00,10.8,98,0.00,54
1,27/10/20,8:30,11.1,98,0.00,78
1,27/10/20,9:00,11.2,98,0.00,74
1,27/10/20,9:30,11.4,98,0.00,110
1,27/10/20,10:00,11.7,97,0.00,129
1,27/10/20,10:30,12.3,96,0.00,173
1,27/10/20,11:00,12.7,94,0.00,204
1,27/10/20,11:30,13.4,93,0.00,246
1,27/10/20,12:00,13.9,91,0.00,245
1,27/10/20,12:30,14.1,92,0.00,203
1,27/10/20,13:00,14.6,92,0.00,187
1,27/10/20,13:30,14.9,91,0.00,205
1,27/10/20,14:00,14.8,91,0.00,198
1,27/10/20,14:30,15.6,89,0.00,251
1,27/10/20,15:00,16.1,87,0.00,220
1,27/10/20,15:30,16.4,86,0.00,179
1,27/10/20,16:00,16.7,87,0.00,111
1,27/10/20,16:30,17.2,85,0.00,136
1,27/10/20,17:00,16.8,88,0.00,95
1,27/10/20,17:30,17.0,87,0.00,59
1,27/10/20,18:00,17.4,87,0.00,42
1,27/10/20,18:30,17.4,88,0.00,31
1,27/10/20,19:00,17.3,88,0.00,10
1,27/10/20,19:30,17.3,89,0.00,0
1,27/10/20,20:00,17.4,87,0.00,0
1,27/10/20,20:30,17.3,88,0.00,0
1,27/10/20,21:00,17.1,89,0.00,0
1,27/10/20,21:30,16.7,92,0.00,0
1,27/10/20,22:00,16.4,95,0.00,0
1,27/10/20,22:30,16.3,95,0.00,0
1,27/10/20,23:00,16.1,97,0.00,0
1,27/10/20,23:30,15.9,97,0.00,0
1,28/10/20,00:00,15.9,97,0.00,0
1,28/10/20,0:30,15.8,97,0.00,0
1,28/10/20,1:00,15.7,98,0.00,0
1,28/10/20,1:30,15.7,98,0.00,0
1,28/10/20,2:00,15.6,98,0.20,0
1,28/10/20,2:30,15.6,98,0.00,0
1,28/10/20,3:00,15.6,98,0.00,0
1,28/10/20,3:30,15.5,98,0.00,0
1,28/10/20,4:00,15.3,98,0.00,0
1,28/10/20,4:30,15.2,98,0.00,0
1,28/10/20,5:00,15.2,98,0.00,0
1,28/10/20,5:30,15.2,98,0.00,0
1,28/10/20,6:00,15.0,98,0.00,1
1,28/10/20,6:30,15.2,98,0.20,21
1,28/10/20,7:00,15.2,98,0.00,71
1,28/10/20,7:30,15.7,98,0.00,123
1,28/10/20,8:00,15.9,98,0.00,177
1,28/10/20,8:30,16.0,98,0.00,183
1,28/10/20,9:00,16.4,97,0.00,292
1,28/10/20,9:30,16.6,97,0.00,287
1,28/10/20,10:00,17.2,97,0.00,353
1,28/10/20,10:30,17.8,93,0.00,421
1,28/10/20,11:00,18.4,92,0.00,474
1,28/10/20,11:30,18.8,91,0.00,473
1,28/10/20,12:00,19.4,88,0.00,539
1,28/10/20,12:30,19.7,88,0.00,427
1,28/10/20,13:00,20.7,81,0.00,502
1,28/10/20,13:30,20.9,81,0.00,437
1,28/10/20,14:00,22.0,79,0.00,689
1,28/10/20,14:30,22.1,78,0.00,622
1,28/10/20,15:00,22.9,75,0.00,491
1,28/10/20,15:30,23.8,71,0.00,704
1,28/10/20,16:00,23.6,71,0.00,505
1,28/10/20,16:30,24.4,70,0.00,475
1,28/10/20,17:00,24.0,72,0.00,202
1,28/10/20,17:30,23.2,76,0.00,163
1,28/10/20,18:00,23.7,73,0.00,139
1,28/10/20,18:30,21.6,80,0.00,33
1,28/10/20,19:00,20.7,83,0.00,5
1,28/10/20,19:30,20.4,83,0.00,0
1,28/10/20,20:00,20.3,82,0.00,0
1,28/10/20,20:30,20.0,83,0.00,0
1,28/10/20,21:00,19.7,84,0.00,0
1,28/10/20,21:30,19.1,87,0.00,0
1,28/10/20,22:00,19.0,89,0.00,0
1,28/10/20,22:30,18.4,91,0.00,0
1,28/10/20,23:00,17.4,91,0.00,0
1,28/10/20,23:30,15.7,91,0.00,0
1,29/10/20,00:00,14.8,92,0.00,0
1,29/10/20,0:30,14.2,82,0.00,0
1,29/10/20,1:00,13.8,78,0.00,0
1,29/10/20,1:30,13.8,74,0.00,0
1,29/10/20,2:00,13.4,74,0.00,0
1,29/10/20,2:30,12.7,78,0.00,0
1,29/10/20,3:00,12.6,79,0.00,0
1,29/10/20,3:30,12.4,80,0.00,0
1,29/10/20,4:00,12.2,78,0.00,0
1,29/10/20,4:30,11.8,77,0.00,0
1,29/10/20,5:00,10.8,81,0.00,0
1,29/10/20,5:30,10.3,83,0.00,0
1,29/10/20,6:00,10.3,85,0.00,10
1,29/10/20,6:30,10.6,86,0.00,50
1,29/10/20,7:00,11.4,85,0.00,164
1,29/10/20,7:30,12.6,80,0.00,239
1,29/10/20,8:00,13.6,74,0.00,372
1,29/10/20,8:30,14.6,74,0.00,449
1,29/10/20,9:00,15.1,65,0.00,522
1,29/10/20,9:30,16.1,64,0.00,698
1,29/10/20,10:00,16.1,64,0.00,726
1,29/10/20,10:30,16.7,62,0.00,840
1,29/10/20,11:00,16.8,64,0.00,829
1,29/10/20,11:30,17.3,63,0.00,992
1,29/10/20,12:00,17.8,55,0.00,909
1,29/10/20,12:30,17.8,51,0.00,905
1,29/10/20,13:00,18.4,53,0.00,900
1,29/10/20,13:30,18.1,54,0.00,761
1,29/10/20,14:00,19.4,53,0.00,646
1,29/10/20,14:30,18.2,51,0.00,502
1,29/10/20,15:00,18.3,53,0.00,424
1,29/10/20,15:30,18.1,52,0.00,330
1,29/10/20,16:00,18.2,53,0.00,267
1,29/10/20,16:30,18.0,54,0.00,165
1,29/10/20,17:00,18.1,53,0.00,217
1,29/10/20,17:30,17.9,54,0.00,213
1,29/10/20,18:00,17.4,57,0.00,99
1,29/10/20,18:30,16.8,60,0.00,38
1,29/10/20,19:00,15.5,73,0.00,9
1,29/10/20,19:30,14.4,81,0.00,0
1,29/10/20,20:00,14.1,81,0.00,0
1,29/10/20,20:30,13.8,79,0.00,0
1,29/10/20,21:00,13.3,81,0.00,0
1,29/10/20,21:30,13.0,83,0.00,0
1,29/10/20,22:00,12.4,80,0.00,0
1,29/10/20,22:30,11.9,80,0.00,0
1,29/10/20,23:00,11.3,83,0.00,0
1,29/10/20,23:30,10.7,84,0.00,0
1,30/10/20,00:00,10.2,86,0.00,0
1,30/10/20,0:30,9.8,86,0.00,0
1,30/10/20,1:00,9.3,88,0.00,0
1,30/10/20,1:30,8.8,89,0.00,0
1,30/10/20,2:00,8.6,90,0.00,0
1,30/10/20,2:30,8.5,90,0.00,0
1,30/10/20,3:00,8.7,88,0.00,0
1,30/10/20,3:30,8.3,89,0.00,0
1,30/10/20,4:00,8.4,89,0.00,0
1,30/10/20,4:30,8.2,89,0.00,0
1,30/10/20,5:00,7.2,92,0.00,0
1,30/10/20,5:30,6.8,93,0.00,0
1,30/10/20,6:00,6.9,93,0.00,8
1,30/10/20,6:30,7.3,94,0.00,84
1,30/10/20,7:00,9.1,89,0.00,192
1,30/10/20,7:30,9.9,89,0.00,257
1,30/10/20,8:00,9.8,88,0.00,312
1,30/10/20,8:30,10.2,87,0.00,273
1,30/10/20,9:00,10.3,87,0.00,250
1,30/10/20,9:30,11.2,86,0.00,331
1,30/10/20,10:00,11.9,85,0.00,474
1,30/10/20,10:30,12.6,84,0.00,543
1,30/10/20,11:00,13.9,78,0.00,891
1,30/10/20,11:30,14.9,78,0.00,888
1,30/10/20,12:00,15.2,75,0.00,565
1,30/10/20,12:30,15.5,73,0.00,542
1,30/10/20,13:00,15.8,72,0.00,585
1,30/10/20,13:30,16.1,68,0.00,692
1,30/10/20,14:00,17.2,67,0.00,655
1,30/10/20,14:30,17.8,63,0.00,638
1,30/10/20,15:00,18.7,61,0.00,645
1,30/10/20,15:30,18.3,67,0.00,449
1,30/10/20,16:00,17.9,66,0.00,628
1,30/10/20,16:30,18.7,65,0.00,345
1,30/10/20,17:00,17.1,70,0.00,187
1,30/10/20,17:30,16.6,71,0.00,142
1,30/10/20,18:00,16.2,71,0.00,109
1,30/10/20,18:30,15.9,73,0.00,80
1,30/10/20,19:00,15.1,75,0.00,11
1,30/10/20,19:30,14.5,77,0.00,0
1,30/10/20,20:00,14.1,80,0.00,0
1,30/10/20,20:30,13.9,82,0.00,0
1,30/10/20,21:00,13.8,82,0.00,0
1,30/10/20,21:30,13.7,82,0.00,0
1,30/10/20,22:00,13.4,84,0.00,0
1,30/10/20,22:30,13.2,84,0.00,0
1,30/10/20,23:00,12.9,85,0.00,0
1,30/10/20,23:30,12.8,86,0.00,0
1,31/10/20,00:00,12.8,86,0.00,0
1,31/10/20,0:30,12.6,86,0.00,0
1,31/10/20,1:00,12.5,86,0.00,0
1,31/10/20,1:30,12.4,85,0.00,0
1,31/10/20,2:00,12.3,86,0.00,0
1,31/10/20,2:30,12.2,86,0.00,0
1,31/10/20,3:00,12.1,86,0.00,0
1,31/10/20,3:30,11.8,86,0.00,0
1,31/10/20,4:00,11.7,86,0.00,0
1,31/10/20,4:30,11.9,86,0.00,0
1,31/10/20,5:00,11.8,86,0.00,0
1,31/10/20,5:30,11.7,87,0.00,0
1,31/10/20,6:00,11.7,87,0.00,7
1,31/10/20,6:30,11.7,87,0.00,32
1,31/10/20,7:00,12.5,86,0.00,114
1,31/10/20,7:30,13.3,84,0.00,169
1,31/10/20,8:00,14.1,80,0.00,280
1,31/10/20,8:30,15.2,78,0.00,561
1,31/10/20,9:00,15.1,75,0.00,661
1,31/10/20,9:30,15.7,75,0.00,370
1,31/10/20,10:00,17.3,70,0.00,870
1,31/10/20,10:30,17.3,69,0.00,907
1,31/10/20,11:00,18.0,66,0.00,1008
1,31/10/20,11:30,18.1,63,0.00,859
1,31/10/20,12:00,18.4,60,0.00,371
1,31/10/20,12:30,19.2,54,0.00,704
1,31/10/20,13:00,19.1,58,0.00,594
1,31/10/20,13:30,20.1,58,0.00,555
1,31/10/20,14:00,20.1,54,0.00,1012
1,31/10/20,14:30,19.6,61,0.00,976
1,31/10/20,15:00,19.8,57,0.00,863
1,31/10/20,15:30,20.1,56,0.00,830
1,31/10/20,16:00,19.2,63,0.00,656
1,31/10/20,16:30,19.0,60,0.00,418
1,31/10/20,17:00,18.9,60,0.00,274
1,31/10/20,17:30,18.1,60,0.00,201
1,31/10/20,18:00,17.4,63,0.00,145
1,31/10/20,18:30,16.4,64,0.00,59
1,31/10/20,19:00,15.4,67,0.00,12
1,31/10/20,19:30,14.7,65,0.00,0
1,31/10/20,20:00,14.0,67,0.00,0
1,31/10/20,20:30,13.4,69,0.00,0
1,31/10/20,21:00,12.9,74,0.00,0
1,31/10/20,21:30,12.6,77,0.00,0
1,31/10/20,22:00,12.3,81,0.00,0
1,31/10/20,22:30,12.1,82,0.00,0
1,31/10/20,23:00,11.8,83,0.00,0
1,31/10/20,23:30,11.7,83,0.00,0
1,01/11/20,00:00,11.4,84,0.00,0
1,01/11/20,0:30,11.2,85,0.00,0
1,01/11/20,1:00,10.9,85,0.00,0
1,01/11/20,1:30,11.0,85,0.00,0
1,01/11/20,2:00,10.6,86,0.00,0
1,01/11/20,2:30,10.2,87,0.00,0
1,01/11/20,3:00,10.1,87,0.00,0
1,01/11/20,3:30,10.3,86,0.00,0
1,01/11/20,4:00,10.2,85,0.00,0
1,01/11/20,4:30,10.4,84,0.00,0
1,01/11/20,5:00,10.4,84,0.00,0
1,01/11/20,5:30,10.5,84,0.00,0
1,01/11/20,6:00,10.7,84,0.00,8
1,01/11/20,6:30,11.6,83,0.00,60
1,01/11/20,7:00,12.8,80,0.00,177
1,01/11/20,7:30,13.8,78,0.00,305
1,01/11/20,8:00,14.8,73,0.00,417
1,01/11/20,8:30,15.5,71,0.00,527
1,01/11/20,9:00,15.9,70,0.00,633
1,01/11/20,9:30,16.7,68,0.00,732
1,01/11/20,10:00,17.1,67,0.00,851
1,01/11/20,10:30,17.5,64,0.00,798
1,01/11/20,11:00,18.1,60,0.00,1017
1,01/11/20,11:30,18.0,61,0.00,971
1,01/11/20,12:00,19.1,57,0.00,917
1,01/11/20,12:30,19.2,55,0.00,1106
1,01/11/20,13:00,19.7,49,0.00,1050
1,01/11/20,13:30,19.7,52,0.00,936
1,01/11/20,14:00,20.2,50,0.00,1013
1,01/11/20,14:30,20.6,52,0.00,932
1,01/11/20,15:00,21.1,51,0.00,741
1,01/11/20,15:30,20.7,46,0.00,756
1,01/11/20,16:00,20.7,48,0.00,535
1,01/11/20,16:30,20.8,49,0.00,356
1,01/11/20,17:00,20.3,51,0.00,294
1,01/11/20,17:30,19.7,51,0.00,178
1,01/11/20,18:00,19.4,54,0.00,154
1,01/11/20,18:30,18.4,57,0.00,61
1,01/11/20,19:00,17.0,62,0.00,11
1,01/11/20,19:30,15.9,68,0.00,0
1,01/11/20,20:00,15.2,70,0.00,0
1,01/11/20,20:30,14.6,74,0.00,0
1,01/11/20,21:00,14.1,78,0.00,0
1,01/11/20,21:30,13.8,80,0.00,0
1,01/11/20,22:00,13.6,81,0.00,0
1,01/11/20,22:30,12.7,84,0.00,0
1,01/11/20,23:00,12.4,85,0.00,0
1,01/11/20,23:30,12.2,87,0.00,0
1,02/11/20,00:00,11.5,88,0.00,0
1,02/11/20,0:30,11.4,89,0.00,0
1,02/11/20,1:00,11.4,88,0.00,0
1,02/11/20,1:30,10.8,92,0.00,0
1,02/11/20,2:00,10.3,90,0.00,0
1,02/11/20,2:30,10.3,91,0.00,0
1,02/11/20,3:00,10.4,91,0.00,0
1,02/11/20,3:30,10.8,90,0.00,0
1,02/11/20,4:00,10.1,90,0.00,0
1,02/11/20,4:30,10.1,91,0.00,0
1,02/11/20,5:00,9.9,91,0.00,0
1,02/11/20,5:30,9.5,92,0.00,0
1,02/11/20,6:00,9.8,93,0.00,9
1,02/11/20,6:30,10.4,92,0.00,68
1,02/11/20,7:00,11.7,91,0.00,180
1,02/11/20,7:30,13.2,87,0.00,307
1,02/11/20,8:00,14.3,82,0.00,422
1,02/11/20,8:30,14.7,72,0.00,531
1,02/11/20,9:00,15.4,71,0.00,634
1,02/11/20,9:30,16.4,58,0.00,728
1,02/11/20,10:00,17.3,51,0.00,811
1,02/11/20,10:30,17.7,50,0.00,879
1,02/11/20,11:00,18.0,46,0.00,936
1,02/11/20,11:30,18.7,44,0.00,973
1,02/11/20,12:00,19.1,40,0.00,994
1,02/11/20,12:30,19.7,53,0.00,997
1,02/11/20,13:00,20.2,49,0.00,984
1,02/11/20,13:30,20.2,44,0.00,960
1,02/11/20,14:00,20.6,44,0.00,919
1,02/11/20,14:30,20.8,39,0.00,863
1,02/11/20,15:00,20.8,47,0.00,792
1,02/11/20,15:30,20.9,44,0.00,707
1,02/11/20,16:00,20.8,47,0.00,606
1,02/11/20,16:30,20.8,49,0.00,385
1,02/11/20,17:00,19.7,56,0.00,269
1,02/11/20,17:30,18.9,64,0.00,138
1,02/11/20,18:00,19.3,62,0.00,116
1,02/11/20,18:30,18.1,66,0.00,53
1,02/11/20,19:00,16.9,71,0.00,10
1,02/11/20,19:30,16.1,75,0.00,0
1,02/11/20,20:00,15.3,78,0.00,0
1,02/11/20,20:30,14.9,81,0.00,0
1,02/11/20,21:00,14.6,81,0.00,0
1,02/11/20,21:30,14.3,83,0.00,0
1,02/11/20,22:00,14.0,85,0.00,0
1,02/11/20,22:30,13.8,86,0.00,0
1,02/11/20,23:00,13.4,88,0.00,0
1,02/11/20,23:30,13.3,89,0.00,0
1,03/11/20,00:00,12.9,91,0.00,0
1,03/11/20,0:30,13.2,91,0.00,0
1,03/11/20,1:00,13.3,90,0.00,0
1,03/11/20,1:30,13.6,88,0.00,0
1,03/11/20,2:00,13.3,90,0.00,0
1,03/11/20,2:30,13.4,90,0.00,0
1,03/11/20,3:00,13.6,89,0.00,0
1,03/11/20,3:30,13.5,89,0.00,0
1,03/11/20,4:00,13.3,90,0.00,0
1,03/11/20,4:30,13.5,91,0.00,0
1,03/11/20,5:00,13.7,90,0.00,0
1,03/11/20,5:30,13.9,90,0.00,0
1,03/11/20,6:00,13.7,89,0.00,7
1,03/11/20,6:30,13.9,89,0.00,16
1,03/11/20,7:00,14.2,88,0.00,61
1,03/11/20,7:30,15.1,83,0.00,189
1,03/11/20,8:00,15.7,80,0.00,375
1,03/11/20,8:30,16.3,79,0.00,362
1,03/11/20,9:00,16.9,74,0.00,531
1,03/11/20,9:30,17.8,67,0.00,786
1,03/11/20,10:00,18.3,65,0.00,651
1,03/11/20,10:30,18.5,63,0.00,721
1,03/11/20,11:00,18.6,61,0.00,700
1,03/11/20,11:30,19.1,62,0.00,851
1,03/11/20,12:00,19.2,60,0.00,513
1,03/11/20,12:30,19.9,55,0.00,1026
1,03/11/20,13:00,20.1,58,0.00,1116
1,03/11/20,13:30,19.9,56,0.00,552
1,03/11/20,14:00,20.3,56,0.00,709
1,03/11/20,14:30,20.2,54,0.00,973
1,03/11/20,15:00,19.9,57,0.00,726
1,03/11/20,15:30,19.7,58,0.00,696
1,03/11/20,16:00,19.4,60,0.00,475
1,03/11/20,16:30,19.3,60,0.00,323
1,03/11/20,17:00,19.1,61,0.00,313
1,03/11/20,17:30,17.8,67,0.00,226
1,03/11/20,18:00,17.4,67,0.00,171
1,03/11/20,18:30,16.7,70,0.00,64
1,03/11/20,19:00,15.6,73,0.00,12
1,03/11/20,19:30,14.8,77,0.00,0
1,03/11/20,20:00,14.8,79,0.00,0
1,03/11/20,20:30,14.2,81,0.00,0
1,03/11/20,21:00,13.8,80,0.00,0
1,03/11/20,21:30,13.2,81,0.00,0
1,03/11/20,22:00,12.8,82,0.00,0
1,03/11/20,22:30,12.4,83,0.00,0
1,03/11/20,23:00,12.2,84,0.00,0
1,03/11/20,23:30,12.0,86,0.00,0
1,04/11/20,00:00,11.9,84,0.00,0
1,04/11/20,0:30,11.7,81,0.00,0
1,04/11/20,1:00,11.1,80,0.00,0
1,04/11/20,1:30,10.6,81,0.00,0
1,04/11/20,2:00,10.1,85,0.00,0
1,04/11/20,2:30,9.9,84,0.00,0
1,04/11/20,3:00,9.3,87,0.00,0
1,04/11/20,3:30,9.2,88,0.00,0
1,04/11/20,4:00,9.0,89,0.00,0
1,04/11/20,4:30,9.7,88,0.00,0
1,04/11/20,5:00,10.2,89,0.00,0
1,04/11/20,5:30,10.3,88,0.00,0
1,04/11/20,6:00,10.4,89,0.00,11
1,04/11/20,6:30,11.3,84,0.00,82
1,04/11/20,7:00,12.9,79,0.00,188
1,04/11/20,7:30,13.8,76,0.00,313
1,04/11/20,8:00,14.4,72,0.00,428
1,04/11/20,8:30,14.6,71,0.00,505
1,04/11/20,9:00,15.4,63,0.00,624
1,04/11/20,9:30,16.4,60,0.00,844
1,04/11/20,10:00,16.8,56,0.00,833
1,04/11/20,10:30,17.3,57,0.00,916
1,04/11/20,11:00,17.3,57,0.00,791
1,04/11/20,11:30,17.8,53,0.00,1134
1,04/11/20,12:00,18.3,51,0.00,873
1,04/11/20,12:30,18.6,51,0.00,1021
1,04/11/20,13:00,18.7,48,0.00,952
1,04/11/20,13:30,19.2,48,0.00,775
1,04/11/20,14:00,19.2,51,0.00,884
1,04/11/20,14:30,19.4,51,0.00,876
1,04/11/20,15:00,19.3,46,0.00,841
1,04/11/20,15:30,19.2,45,0.00,742
1,04/11/20,16:00,18.7,45,0.00,614
1,04/11/20,16:30,18.8,48,0.00,370
1,04/11/20,17:00,18.2,45,0.00,298
1,04/11/20,17:30,17.8,48,0.00,214
1,04/11/20,18:00,17.3,50,0.00,168
1,04/11/20,18:30,16.4,53,0.00,70
1,04/11/20,19:00,15.1,62,0.00,13
1,04/11/20,19:30,14.3,67,0.00,0
1,04/11/20,20:00,13.6,69,0.00,0
1,04/11/20,20:30,12.8,70,0.00,0
1,04/11/20,21:00,12.3,73,0.00,0
1,04/11/20,21:30,12.1,76,0.00,0
1,04/11/20,22:00,11.6,79,0.00,0
1,04/11/20,22:30,11.5,81,0.00,0
1,04/11/20,23:00,10.8,84,0.00,0
1,04/11/20,23:30,10.4,86,0.00,0
1,05/11/20,00:00,10.6,86,0.00,0
1,05/11/20,0:30,10.6,87,0.00,0
1,05/11/20,1:00,10.4,89,0.00,0
1,05/11/20,1:30,10.1,88,0.00,0
1,05/11/20,2:00,9.3,92,0.00,0
1,05/11/20,2:30,10.1,90,0.00,0
1,05/11/20,3:00,9.4,90,0.00,0
1,05/11/20,3:30,9.7,93,0.00,0
1,05/11/20,4:00,9.3,91,0.00,0
1,05/11/20,4:30,10.3,92,0.00,0
1,05/11/20,5:00,10.8,91,0.00,0
1,05/11/20,5:30,10.9,91,0.00,0
1,05/11/20,6:00,11.0,91,0.00,9
1,05/11/20,6:30,11.9,90,0.00,79
1,05/11/20,7:00,13.9,87,0.00,192
1,05/11/20,7:30,14.9,85,0.00,312
1,05/11/20,8:00,15.8,80,0.00,362
1,05/11/20,8:30,15.8,81,0.00,397
1,05/11/20,9:00,15.8,80,0.00,310
1,05/11/20,9:30,16.1,81,0.00,525
1,05/11/20,10:00,17.2,75,0.00,729
1,05/11/20,10:30,18.2,74,0.00,580
1,05/11/20,11:00,17.7,72,0.00,499
1,05/11/20,11:30,18.2,71,0.00,528
1,05/11/20,12:00,19.3,66,0.00,698
1,05/11/20,12:30,19.9,62,0.00,702
1,05/11/20,13:00,20.4,59,0.00,660
1,05/11/20,13:30,20.8,57,0.00,649
1,05/11/20,14:00,20.7,60,0.00,911
1,05/11/20,14:30,21.3,57,0.00,755
1,05/11/20,15:00,21.3,56,0.00,644
1,05/11/20,15:30,20.9,52,0.00,715
1,05/11/20,16:00,21.2,55,0.00,627
1,05/11/20,16:30,20.8,56,0.00,369
1,05/11/20,17:00,19.8,59,0.00,279
1,05/11/20,17:30,19.1,64,0.00,169
1,05/11/20,18:00,18.8,65,0.00,136
1,05/11/20,18:30,18.4,64,0.00,46
1,05/11/20,19:00,17.8,70,0.00,16
1,05/11/20,19:30,16.5,79,0.00,0
1,05/11/20,20:00,15.9,82,0.00,0
1,05/11/20,20:30,15.4,84,0.00,0
1,05/11/20,21:00,15.3,86,0.00,0
1,05/11/20,21:30,15.3,89,0.00,0
1,05/11/20,22:00,15.2,91,0.00,0
1,05/11/20,22:30,15.3,89,0.00,0
1,05/11/20,23:00,15.1,90,0.00,0
1,05/11/20,23:30,15.1,90,0.00,0
1,06/11/20,00:00,14.8,89,0.00,0
1,06/11/20,0:30,14.7,90,0.00,0
1,06/11/20,1:00,14.4,90,0.00,0
1,06/11/20,1:30,14.6,91,0.00,0
1,06/11/20,2:00,14.4,91,0.00,0
1,06/11/20,2:30,14.0,92,0.00,0
1,06/11/20,3:00,14.3,92,0.00,0
1,06/11/20,3:30,14.1,91,0.00,0
1,06/11/20,4:00,14.0,92,0.00,0
1,06/11/20,4:30,14.4,92,0.00,0
1,06/11/20,5:00,14.5,91,0.00,0
1,06/11/20,5:30,14.2,92,0.00,0
1,06/11/20,6:00,14.6,91,0.00,11
1,06/11/20,6:30,15.1,90,0.00,53
1,06/11/20,7:00,15.8,87,0.00,178
1,06/11/20,7:30,16.3,87,0.00,234
1,06/11/20,8:00,16.9,83,0.00,337
1,06/11/20,8:30,17.0,83,0.00,362
1,06/11/20,9:00,18.2,80,0.00,540
1,06/11/20,9:30,18.7,78,0.00,519
1,06/11/20,10:00,19.2,79,0.00,473
1,06/11/20,10:30,19.7,75,0.00,439
1,06/11/20,11:00,20.6,71,0.00,471
1,06/11/20,11:30,20.8,70,0.00,596
1,06/11/20,12:00,21.3,68,0.00,958
1,06/11/20,12:30,22.2,64,0.00,1069
1,06/11/20,13:00,22.3,66,0.00,518
1,06/11/20,13:30,22.8,63,0.00,837
1,06/11/20,14:00,22.9,63,0.00,514
1,06/11/20,14:30,22.7,64,0.00,600
1,06/11/20,15:00,22.9,65,0.00,788
1,06/11/20,15:30,22.1,67,0.00,397
1,06/11/20,16:00,22.8,61,0.00,379
1,06/11/20,16:30,22.8,66,0.00,352
1,06/11/20,17:00,22.2,68,0.00,279
1,06/11/20,17:30,21.4,69,0.00,254
1,06/11/20,18:00,21.2,69,0.00,162
1,06/11/20,18:30,20.1,72,0.00,69
1,06/11/20,19:00,19.1,76,0.00,15
1,06/11/20,19:30,18.3,79,0.00,0
1,06/11/20,20:00,17.6,81,0.00,0
1,06/11/20,20:30,17.2,84,0.00,0
1,06/11/20,21:00,17.0,84,0.00,0
1,06/11/20,21:30,16.8,85,0.00,0
1,06/11/20,22:00,16.3,87,0.00,0
1,06/11/20,22:30,16.1,88,0.00,0
1,06/11/20,23:00,15.9,89,0.00,0
1,06/11/20,23:30,15.9,90,0.00,0
1,07/11/20,00:00,15.8,91,0.00,0
1,07/11/20,0:30,15.9,91,0.00,0
1,07/11/20,1:00,16.2,89,0.00,0
1,07/11/20,1:30,16.6,86,0.00,0
1,07/11/20,2:00,16.2,88,0.00,0
1,07/11/20,2:30,16.5,87,0.00,0
1,07/11/20,3:00,16.2,87,0.00,0
1,07/11/20,3:30,16.3,87,0.00,0
1,07/11/20,4:00,16.6,85,0.00,0
1,07/11/20,4:30,16.7,84,0.00,0
1,07/11/20,5:00,16.7,84,0.00,0
1,07/11/20,5:30,16.7,85,0.00,0
1,07/11/20,6:00,16.8,85,0.00,11
1,07/11/20,6:30,16.7,86,0.00,45
1,07/11/20,7:00,17.4,84,0.00,166
1,07/11/20,7:30,18.2,83,0.00,302
1,07/11/20,8:00,18.7,82,0.00,420
1,07/11/20,8:30,18.8,82,0.00,319
1,07/11/20,9:00,19.7,78,0.00,338
1,07/11/20,9:30,20.4,74,0.00,462
1,07/11/20,10:00,21.3,74,0.00,411
1,07/11/20,10:30,21.7,71,0.00,724
1,07/11/20,11:00,22.2,69,0.00,673
1,07/11/20,11:30,22.8,70,0.00,851
1,07/11/20,12:00,22.6,67,0.00,848
1,07/11/20,12:30,22.9,66,0.00,579
1,07/11/20,13:00,23.4,65,0.00,439
1,07/11/20,13:30,23.4,65,0.00,614
1,07/11/20,14:00,23.7,66,0.00,506
1,07/11/20,14:30,23.9,62,0.00,560
1,07/11/20,15:00,23.8,66,0.00,465
1,07/11/20,15:30,23.4,68,0.00,332
1,07/11/20,16:00,23.3,68,0.00,476
1,07/11/20,16:30,22.5,70,0.00,324
1,07/11/20,17:00,22.3,71,0.00,279
1,07/11/20,17:30,21.8,73,0.00,223
1,07/11/20,18:00,20.7,76,0.00,171
1,07/11/20,18:30,20.1,78,0.00,73
1,07/11/20,19:00,19.3,80,0.00,18
1,07/11/20,19:30,18.6,82,0.00,0
1,07/11/20,20:00,18.1,84,0.00,0
1,07/11/20,20:30,17.6,86,0.00,0
1,07/11/20,21:00,17.2,87,0.00,0
1,07/11/20,21:30,16.9,86,0.00,0
1,07/11/20,22:00,16.7,87,0.00,0
1,07/11/20,22:30,16.4,87,0.00,0
1,07/11/20,23:00,16.4,87,0.00,0
1,07/11/20,23:30,16.4,88,0.00,0
1,08/11/20,00:00,16.2,89,0.00,0
1,08/11/20,0:30,16.1,89,0.00,0
1,08/11/20,1:00,16.2,89,0.00,0
1,08/11/20,1:30,16.1,89,0.00,0
1,08/11/20,2:00,16.0,89,0.00,0
1,08/11/20,2:30,15.9,90,0.00,0
1,08/11/20,3:00,16.0,90,0.00,0
1,08/11/20,3:30,16.1,90,0.00,0
1,08/11/20,4:00,16.1,90,0.00,0
1,08/11/20,4:30,16.1,90,0.00,0
1,08/11/20,5:00,16.0,91,0.00,0
1,08/11/20,5:30,16.0,92,0.00,0
1,08/11/20,6:00,15.9,92,0.00,12
1,08/11/20,6:30,16.2,90,0.00,77
1,08/11/20,7:00,16.6,90,0.00,135
1,08/11/20,7:30,17.1,87,0.00,180
1,08/11/20,8:00,17.7,84,0.00,206
1,08/11/20,8:30,17.2,90,0.00,212
1,08/11/20,9:00,17.3,90,0.00,247
1,08/11/20,9:30,19.7,77,0.00,704
1,08/11/20,10:00,19.9,77,0.00,408
1,08/11/20,10:30,20.8,75,0.00,591
1,08/11/20,11:00,21.6,68,0.00,1042
1,08/11/20,11:30,22.6,64,0.00,989
1,08/11/20,12:00,22.9,64,0.00,873
1,08/11/20,12:30,23.3,59,0.00,1097
1,08/11/20,13:00,23.8,55,0.00,1081
1,08/11/20,13:30,23.7,58,0.00,1043
1,08/11/20,14:00,23.9,56,0.00,751
1,08/11/20,14:30,23.8,58,0.00,539
1,08/11/20,15:00,24.1,56,0.00,645
1,08/11/20,15:30,24.2,58,0.00,736
1,08/11/20,16:00,22.8,62,0.00,389
1,08/11/20,16:30,23.2,62,0.00,337
1,08/11/20,17:00,23.0,62,0.00,314
1,08/11/20,17:30,22.2,65,0.00,215
1,08/11/20,18:00,21.6,66,0.00,205
1,08/11/20,18:30,20.6,70,0.00,80
1,08/11/20,19:00,19.3,74,0.00,24
1,08/11/20,19:30,18.6,76,0.00,1
1,08/11/20,20:00,17.9,78,0.00,0
1,08/11/20,20:30,17.3,80,0.00,0
1,08/11/20,21:00,16.8,82,0.00,0
1,08/11/20,21:30,16.5,83,0.00,0
1,08/11/20,22:00,16.2,86,0.00,0
1,08/11/20,22:30,16.1,87,0.00,0
1,08/11/20,23:00,15.9,89,0.00,0
1,08/11/20,23:30,15.8,90,0.00,0
1,09/11/20,00:00,15.7,89,0.00,0
1,09/11/20,0:30,15.7,90,0.00,0
1,09/11/20,1:00,15.6,90,0.00,0
1,09/11/20,1:30,15.3,90,0.00,0
1,09/11/20,2:00,15.3,91,0.00,0
1,09/11/20,2:30,15.4,91,0.00,0
1,09/11/20,3:00,15.6,90,0.00,0
1,09/11/20,3:30,15.7,90,0.00,0
1,09/11/20,4:00,15.7,90,0.00,0
1,09/11/20,4:30,15.8,91,0.00,0
1,09/11/20,5:00,15.7,90,0.00,0
1,09/11/20,5:30,15.6,91,0.00,0
1,09/11/20,6:00,15.9,90,0.00,13
1,09/11/20,6:30,16.3,89,0.00,68
1,09/11/20,7:00,16.6,89,0.00,94
1,09/11/20,7:30,16.9,86,0.00,113
1,09/11/20,8:00,17.2,85,0.00,138
1,09/11/20,8:30,17.6,85,0.00,168
1,09/11/20,9:00,18.2,82,0.00,306
1,09/11/20,9:30,18.7,83,0.00,400
1,09/11/20,10:00,18.4,82,0.00,323
1,09/11/20,10:30,18.9,81,0.00,257
1,09/11/20,11:00,18.8,83,0.00,360
1,09/11/20,11:30,18.7,85,0.00,462
1,09/11/20,12:00,18.6,86,0.00,496
1,09/11/20,12:30,18.6,87,0.00,446
1,09/11/20,13:00,18.3,88,0.00,450
1,09/11/20,13:30,18.0,89,0.00,359
1,09/11/20,14:00,18.2,90,0.00,252
1,09/11/20,14:30,18.5,89,0.00,271
1,09/11/20,15:00,18.0,90,0.00,140
1,09/11/20,15:30,18.1,89,0.00,106
1,09/11/20,16:00,17.6,92,0.00,124
1,09/11/20,16:30,17.4,92,0.00,142
1,09/11/20,17:00,17.2,93,0.00,98
1,09/11/20,17:30,17.1,92,0.00,48
1,09/11/20,18:00,16.9,92,0.00,28
1,09/11/20,18:30,16.7,92,0.00,15
1,09/11/20,19:00,16.4,94,0.00,13
1,09/11/20,19:30,16.4,94,0.00,0
1,09/11/20,20:00,16.3,94,0.00,0
1,09/11/20,20:30,16.5,93,0.20,0
1,09/11/20,21:00,16.4,93,0.00,0
1,09/11/20,21:30,16.4,94,0.00,0
1,09/11/20,22:00,16.3,94,0.00,0
1,09/11/20,22:30,16.4,94,0.00,0
1,09/11/20,23:00,16.4,94,0.00,0
1,09/11/20,23:30,16.4,94,0.00,0
1,10/11/20,00:00,16.2,94,0.00,0
1,10/11/20,0:30,16.2,94,0.00,0
1,10/11/20,1:00,16.1,94,0.00,0
1,10/11/20,1:30,16.0,95,0.00,0
1,10/11/20,2:00,15.9,95,0.00,0
1,10/11/20,2:30,16.1,95,0.00,0
1,10/11/20,3:00,16.0,96,0.00,0
1,10/11/20,3:30,16.1,96,0.00,0
1,10/11/20,4:00,15.9,95,0.00,0
1,10/11/20,4:30,16.0,95,0.00,0
1,10/11/20,5:00,16.1,96,0.00,0
1,10/11/20,5:30,16.1,96,0.00,0
1,10/11/20,6:00,16.2,95,0.00,6
1,10/11/20,6:30,16.4,95,0.00,40
1,10/11/20,7:00,17.2,93,0.00,136
1,10/11/20,7:30,17.4,93,0.00,82
1,10/11/20,8:00,17.4,94,0.00,101
1,10/11/20,8:30,18.2,93,0.00,309
1,10/11/20,9:00,18.9,90,0.00,483
1,10/11/20,9:30,18.6,90,0.00,283
1,10/11/20,10:00,18.8,89,0.00,251
1,10/11/20,10:30,20.2,83,0.00,375
1,10/11/20,11:00,20.4,82,0.00,288
1,10/11/20,11:30,21.1,78,0.00,557
1,10/11/20,12:00,21.9,75,0.00,709
1,10/11/20,12:30,22.3,73,0.00,591
1,10/11/20,13:00,23.3,69,0.00,976
1,10/11/20,13:30,23.5,73,0.00,582
1,10/11/20,14:00,23.3,68,0.00,576
1,10/11/20,14:30,24.3,67,0.00,610
1,10/11/20,15:00,24.2,68,0.00,805
1,10/11/20,15:30,23.6,65,0.00,446
1,10/11/20,16:00,24.1,62,0.00,537
1,10/11/20,16:30,21.5,78,0.00,117
1,10/11/20,17:00,19.9,82,0.00,284
1,10/11/20,17:30,19.1,85,0.00,128
1,10/11/20,18:00,18.9,85,0.00,160
1,10/11/20,18:30,17.8,88,0.00,96
1,10/11/20,19:00,17.4,90,0.00,27
1,10/11/20,19:30,17.4,90,0.00,1
1,10/11/20,20:00,17.2,91,0.00,0
1,10/11/20,20:30,16.7,91,0.00,0
1,10/11/20,21:00,16.7,91,0.00,0
1,10/11/20,21:30,16.5,92,0.00,0
1,10/11/20,22:00,16.4,93,0.00,0
1,10/11/20,22:30,16.1,93,0.00,0
1,10/11/20,23:00,15.9,92,0.00,0
1,10/11/20,23:30,15.8,93,0.00,0
1,11/11/20,00:00,15.7,94,0.00,0
1,11/11/20,0:30,15.9,92,0.00,0
1,11/11/20,1:00,15.8,92,0.00,0
1,11/11/20,1:30,15.8,94,0.00,0
1,11/11/20,2:00,16.0,94,0.00,0
1,11/11/20,2:30,15.9,93,0.00,0
1,11/11/20,3:00,15.8,94,0.00,0
1,11/11/20,3:30,15.7,94,0.00,0
1,11/11/20,4:00,15.7,95,0.00,0
1,11/11/20,4:30,15.7,94,0.00,0
1,11/11/20,5:00,15.7,93,0.00,0
1,11/11/20,5:30,15.5,94,0.00,0
1,11/11/20,6:00,15.4,95,0.00,8
1,11/11/20,6:30,15.7,95,0.00,62
1,11/11/20,7:00,16.2,93,0.00,136
1,11/11/20,7:30,16.4,92,0.00,180
1,11/11/20,8:00,16.7,91,0.00,273
1,11/11/20,8:30,17.9,87,0.00,287
1,11/11/20,9:00,17.4,88,0.00,400
1,11/11/20,9:30,18.1,85,0.00,383
1,11/11/20,10:00,18.4,84,0.00,447
1,11/11/20,10:30,18.4,83,0.00,541
1,11/11/20,11:00,19.1,81,0.00,509
1,11/11/20,11:30,19.8,81,0.00,510
1,11/11/20,12:00,20.3,75,0.00,667
1,11/11/20,12:30,21.0,70,0.00,532
1,11/11/20,13:00,21.1,70,0.00,537
1,11/11/20,13:30,21.3,72,0.00,497
1,11/11/20,14:00,21.1,75,0.00,493
1,11/11/20,14:30,21.7,75,0.00,543
1,11/11/20,15:00,21.5,71,0.00,526
1,11/11/20,15:30,21.2,75,0.00,391
1,11/11/20,16:00,22.2,71,0.00,492
1,11/11/20,16:30,20.6,77,0.00,312
1,11/11/20,17:00,20.7,76,0.00,226
1,11/11/20,17:30,19.4,83,0.00,171
1,11/11/20,18:00,19.4,82,0.00,114
1,11/11/20,18:30,18.6,85,0.00,80
1,11/11/20,19:00,17.5,89,0.00,18
1,11/11/20,19:30,17.0,92,0.00,0
1,11/11/20,20:00,16.9,91,0.00,0
1,11/11/20,20:30,16.7,92,0.00,0
1,11/11/20,21:00,16.5,93,0.00,0
1,11/11/20,21:30,16.4,94,0.00,0
1,11/11/20,22:00,16.5,93,0.00,0
1,11/11/20,22:30,16.4,95,0.00,0
1,11/11/20,23:00,16.3,94,0.00,0
1,11/11/20,23:30,16.3,94,0.00,0
1,12/11/20,00:00,16.3,94,0.00,0
1,12/11/20,0:30,16.1,94,0.00,0
1,12/11/20,1:00,15.8,95,0.00,0
1,12/11/20,1:30,15.4,95,0.00,0
1,12/11/20,2:00,15.6,96,0.00,0
1,12/11/20,2:30,15.4,95,0.00,0
1,12/11/20,3:00,15.3,96,0.00,0
1,12/11/20,3:30,15.2,96,0.00,0
1,12/11/20,4:00,15.3,96,0.00,0
1,12/11/20,4:30,15.2,97,0.00,0
1,12/11/20,5:00,15.2,97,0.00,0
1,12/11/20,5:30,15.2,97,0.00,0
1,12/11/20,6:00,15.3,97,0.00,7
1,12/11/20,6:30,15.3,97,0.20,34
1,12/11/20,7:00,15.4,97,0.00,59
1,12/11/20,7:30,15.7,98,0.00,107
1,12/11/20,8:00,16.3,97,0.00,214
1,12/11/20,8:30,16.4,96,0.00,141
1,12/11/20,9:00,16.9,95,0.00,192
1,12/11/20,9:30,17.3,97,0.00,259
1,12/11/20,10:00,18.3,90,0.00,397
1,12/11/20,10:30,19.7,86,0.00,502
1,12/11/20,11:00,20.7,77,0.00,549
1,12/11/20,11:30,21.3,77,0.00,629
1,12/11/20,12:00,20.7,78,0.00,506
1,12/11/20,12:30,22.3,74,0.00,703
1,12/11/20,13:00,22.2,71,0.00,779
1,12/11/20,13:30,23.9,65,0.00,915
1,12/11/20,14:00,24.1,66,0.00,999
1,12/11/20,14:30,24.1,66,0.00,916
1,12/11/20,15:00,25.1,64,0.00,882
1,12/11/20,15:30,24.9,63,0.00,778
1,12/11/20,16:00,24.2,65,0.00,499
1,12/11/20,16:30,23.2,73,0.00,258
1,12/11/20,17:00,21.1,82,0.00,175
1,12/11/20,17:30,21.4,79,0.00,174
1,12/11/20,18:00,21.4,77,0.00,157
1,12/11/20,18:30,21.7,79,0.00,86
1,12/11/20,19:00,20.7,84,0.00,26
1,12/11/20,19:30,20.2,86,0.00,1
1,12/11/20,20:00,19.4,87,0.00,0
1,12/11/20,20:30,18.8,88,0.00,0
1,12/11/20,21:00,18.4,89,0.00,0
1,12/11/20,21:30,18.2,89,0.00,0
1,12/11/20,22:00,18.1,90,0.00,0
1,12/11/20,22:30,18.1,89,0.00,0
1,12/11/20,23:00,17.7,90,0.00,0
1,12/11/20,23:30,17.3,91,0.00,0
1,13/11/20,00:00,16.7,93,0.00,0
1,13/11/20,0:30,17.0,94,0.00,0
1,13/11/20,1:00,16.9,95,0.00,0
1,13/11/20,1:30,16.7,94,0.00,0
1,13/11/20,2:00,16.8,92,0.00,0
1,13/11/20,2:30,16.9,92,0.00,0
1,13/11/20,3:00,17.1,92,0.00,0
1,13/11/20,3:30,16.7,94,0.00,0
1,13/11/20,4:00,16.5,95,0.00,0
1,13/11/20,4:30,16.5,96,0.00,0
1,13/11/20,5:00,16.4,96,0.00,0
1,13/11/20,5:30,16.3,96,0.00,0
1,13/11/20,6:00,16.3,97,0.00,17
1,13/11/20,6:30,16.6,97,0.00,59
1,13/11/20,7:00,16.8,96,0.00,137
1,13/11/20,7:30,17.1,96,0.00,147
1,13/11/20,8:00,17.3,93,0.00,170
1,13/11/20,8:30,17.9,88,0.00,212
1,13/11/20,9:00,18.9,86,0.00,300
1,13/11/20,9:30,19.2,85,0.00,322
1,13/11/20,10:00,19.7,84,0.00,357
1,13/11/20,10:30,20.4,79,0.00,499
1,13/11/20,11:00,21.5,76,0.00,520
1,13/11/20,11:30,21.6,75,0.00,588
1,13/11/20,12:00,22.7,72,0.00,984
1,13/11/20,12:30,23.5,69,0.00,807
1,13/11/20,13:00,24.1,65,0.00,1052
1,13/11/20,13:30,23.7,67,0.00,478
1,13/11/20,14:00,24.6,63,0.00,919
1,13/11/20,14:30,24.2,63,0.00,764
1,13/11/20,15:00,24.8,61,0.00,655
1,13/11/20,15:30,25.8,57,0.00,728
1,13/11/20,16:00,25.5,58,0.00,489
1,13/11/20,16:30,25.0,59,0.00,395
1,13/11/20,17:00,25.2,58,0.00,328
1,13/11/20,17:30,25.2,57,0.00,312
1,13/11/20,18:00,24.7,57,0.00,204
1,13/11/20,18:30,24.1,58,0.00,74
1,13/11/20,19:00,22.5,72,0.00,17
1,13/11/20,19:30,21.1,79,0.00,2
1,13/11/20,20:00,20.2,83,0.00,0
1,13/11/20,20:30,19.6,85,0.00,0
1,13/11/20,21:00,19.1,85,0.00,0
1,13/11/20,21:30,18.7,88,0.00,0
1,13/11/20,22:00,18.6,90,0.00,0
1,13/11/20,22:30,18.5,91,0.00,0
1,13/11/20,23:00,18.4,90,0.00,0
1,13/11/20,23:30,18.1,91,0.00,0
1,14/11/20,00:00,17.9,92,0.00,0
1,14/11/20,0:30,18.0,91,0.00,0
1,14/11/20,1:00,18.2,91,0.00,0
1,14/11/20,1:30,17.6,92,0.00,0
1,14/11/20,2:00,17.6,92,0.00,0
1,14/11/20,2:30,17.6,92,0.00,0
1,14/11/20,3:00,17.2,94,0.00,0
1,14/11/20,3:30,17.2,94,0.00,0
1,14/11/20,4:00,17.6,93,0.00,0
1,14/11/20,4:30,17.8,93,0.00,0
1,14/11/20,5:00,18.1,94,0.00,0
1,14/11/20,5:30,18.3,93,0.00,0
1,14/11/20,6:00,18.4,92,0.00,14
1,14/11/20,6:30,18.6,91,0.00,72
1,14/11/20,7:00,19.1,90,0.00,164
1,14/11/20,7:30,19.9,86,0.00,317
1,14/11/20,8:00,20.8,83,0.00,436
1,14/11/20,8:30,22.4,77,0.00,542
1,14/11/20,9:00,23.1,74,0.00,639
1,14/11/20,9:30,23.9,69,0.00,735
1,14/11/20,10:00,24.9,63,0.00,819
1,14/11/20,10:30,25.5,64,0.00,869
1,14/11/20,11:00,26.3,62,0.00,941
1,14/11/20,11:30,27.0,53,0.00,953
1,14/11/20,12:00,27.8,51,0.00,989
1,14/11/20,12:30,28.3,48,0.00,978
1,14/11/20,13:00,28.7,53,0.00,1056
1,14/11/20,13:30,28.9,49,0.00,718
1,14/11/20,14:00,28.4,51,0.00,411
1,14/11/20,14:30,28.7,50,0.00,290
1,14/11/20,15:00,29.2,46,0.00,649
1,14/11/20,15:30,29.9,45,0.00,542
1,14/11/20,16:00,29.2,51,0.00,513
1,14/11/20,16:30,27.9,58,0.00,266
1,14/11/20,17:00,27.5,59,0.00,211
1,14/11/20,17:30,26.6,65,0.00,182
1,14/11/20,18:00,25.7,69,0.00,114
1,14/11/20,18:30,24.8,72,0.00,63
1,14/11/20,19:00,23.9,75,0.00,22
1,14/11/20,19:30,23.1,79,0.00,0
1,14/11/20,20:00,22.7,81,0.00,0
1,14/11/20,20:30,22.2,83,0.00,0
1,14/11/20,21:00,21.7,85,0.00,0
1,14/11/20,21:30,21.3,87,0.00,0
1,14/11/20,22:00,20.9,88,0.00,0
1,14/11/20,22:30,20.7,89,0.00,0
1,14/11/20,23:00,20.4,89,0.00,0
1,14/11/20,23:30,20.3,91,0.00,0
1,15/11/20,00:00,20.2,91,0.00,0
1,15/11/20,0:30,20.1,92,0.00,0
1,15/11/20,1:00,19.8,92,0.00,0
1,15/11/20,1:30,19.7,92,0.00,0
1,15/11/20,2:00,19.6,93,0.00,0
1,15/11/20,2:30,19.7,93,0.00,0
1,15/11/20,3:00,19.7,93,0.00,0
1,15/11/20,3:30,19.4,93,0.00,0
1,15/11/20,4:00,19.4,93,0.00,0
1,15/11/20,4:30,19.3,93,0.00,0
1,15/11/20,5:00,19.3,94,0.00,0
1,15/11/20,5:30,19.3,94,0.00,0
1,15/11/20,6:00,19.3,94,0.00,12
1,15/11/20,6:30,19.4,94,0.00,46
1,15/11/20,7:00,19.8,93,0.00,92
1,15/11/20,7:30,20.3,91,0.00,137
1,15/11/20,8:00,21.3,89,0.00,214
1,15/11/20,8:30,22.6,85,0.00,452
1,15/11/20,9:00,23.8,81,0.00,542
1,15/11/20,9:30,24.1,79,0.00,585
1,15/11/20,10:00,24.1,80,0.00,421
1,15/11/20,10:30,23.7,79,0.00,662
1,15/11/20,11:00,23.6,78,0.00,504
1,15/11/20,11:30,24.3,74,0.00,663
1,15/11/20,12:00,24.6,75,0.00,810
1,15/11/20,12:30,25.3,69,0.00,976
1,15/11/20,13:00,26.4,62,0.00,836
1,15/11/20,13:30,27.0,60,0.00,874
1,15/11/20,14:00,27.4,61,0.00,799
1,15/11/20,14:30,27.3,61,0.00,842
1,15/11/20,15:00,27.6,62,0.00,568
1,15/11/20,15:30,27.3,61,0.00,475
1,15/11/20,16:00,27.2,61,0.00,482
1,15/11/20,16:30,26.7,63,0.00,317
1,15/11/20,17:00,26.8,61,0.00,288
1,15/11/20,17:30,26.3,64,0.00,358
1,15/11/20,18:00,25.6,66,0.00,113
1,15/11/20,18:30,24.9,70,0.00,62
1,15/11/20,19:00,23.8,74,0.00,14
1,15/11/20,19:30,22.7,80,0.00,1
1,15/11/20,20:00,22.7,81,0.00,0
1,15/11/20,20:30,22.2,83,0.00,0
1,15/11/20,21:00,21.7,85,0.00,0
1,15/11/20,21:30,21.1,88,0.00,0
1,15/11/20,22:00,20.6,88,0.00,0
1,15/11/20,22:30,20.2,89,0.00,0
1,15/11/20,23:00,20.2,88,0.00,0
1,15/11/20,23:30,20.1,88,0.00,0
1,16/11/20,00:00,19.8,88,0.00,0
1,16/11/20,0:30,19.5,89,0.00,0
1,16/11/20,1:00,19.5,88,0.00,0
1,16/11/20,1:30,19.3,89,0.00,0
1,16/11/20,2:00,19.3,89,0.00,0
1,16/11/20,2:30,19.2,90,0.00,0
1,16/11/20,3:00,19.1,90,0.00,0
1,16/11/20,3:30,18.7,91,0.00,0
1,16/11/20,4:00,18.2,92,0.00,0
1,16/11/20,4:30,18.2,91,0.00,0
1,16/11/20,5:00,17.9,92,0.00,0
1,16/11/20,5:30,17.8,93,0.00,1
1,16/11/20,6:00,18.1,93,0.00,12
1,16/11/20,6:30,18.6,91,0.00,32
1,16/11/20,7:00,18.7,91,0.00,72
1,16/11/20,7:30,19.4,88,0.00,128
1,16/11/20,8:00,19.2,90,0.00,108
1,16/11/20,8:30,19.6,86,0.00,160
1,16/11/20,9:00,20.2,86,0.00,299
1,16/11/20,9:30,18.6,88,0.00,175
1,16/11/20,10:00,18.2,90,0.00,113
1,16/11/20,10:30,18.3,88,0.00,174
1,16/11/20,11:00,18.9,85,0.00,479
1,16/11/20,11:30,19.0,84,0.00,461
1,16/11/20,12:00,19.6,83,0.00,528
1,16/11/20,12:30,19.0,83,0.00,277
1,16/11/20,13:00,18.9,81,0.00,220
1,16/11/20,13:30,22.4,65,0.00,1070
1,16/11/20,14:00,21.6,65,0.00,531
1,16/11/20,14:30,21.4,65,0.00,641
1,16/11/20,15:00,21.6,56,0.00,848
1,16/11/20,15:30,21.4,54,0.00,756
1,16/11/20,16:00,20.9,60,0.00,500
1,16/11/20,16:30,21.9,59,0.00,439
1,16/11/20,17:00,22.7,49,0.00,300
1,16/11/20,17:30,21.9,51,0.00,330
1,16/11/20,18:00,21.1,54,0.00,174
1,16/11/20,18:30,20.8,56,0.00,63
1,16/11/20,19:00,19.8,58,0.00,26
1,16/11/20,19:30,18.6,61,0.00,3
1,16/11/20,20:00,17.2,67,0.00,0
1,16/11/20,20:30,16.6,69,0.00,0
1,16/11/20,21:00,16.4,69,0.00,0
1,16/11/20,21:30,15.3,75,0.00,0
1,16/11/20,22:00,14.7,81,0.00,0
1,16/11/20,22:30,14.5,83,0.00,0
1,16/11/20,23:00,14.2,84,0.00,0
1,16/11/20,23:30,14.1,85,0.00,0
1,17/11/20,00:00,13.6,86,0.00,0
1,17/11/20,0:30,13.3,84,0.00,0
1,17/11/20,1:00,12.7,86,0.00,0
1,17/11/20,1:30,12.3,87,0.00,0
1,17/11/20,2:00,11.9,87,0.00,0
1,17/11/20,2:30,12.0,88,0.00,0
1,17/11/20,3:00,11.7,87,0.00,0
1,17/11/20,3:30,11.1,89,0.00,0
1,17/11/20,4:00,10.8,91,0.00,0
1,17/11/20,4:30,10.6,91,0.00,0
1,17/11/20,5:00,9.9,92,0.00,0
1,17/11/20,5:30,9.9,93,0.00,1
1,17/11/20,6:00,10.2,94,0.00,24
1,17/11/20,6:30,10.8,92,0.00,107
1,17/11/20,7:00,11.2,92,0.00,219
1,17/11/20,7:30,13.9,82,0.00,345
1,17/11/20,8:00,14.6,71,0.00,458
1,17/11/20,8:30,14.8,73,0.00,570
1,17/11/20,9:00,16.4,63,0.00,673
1,17/11/20,9:30,16.8,65,0.00,764
1,17/11/20,10:00,17.3,60,0.00,845
1,17/11/20,10:30,18.1,56,0.00,915
1,17/11/20,11:00,18.7,58,0.00,969
1,17/11/20,11:30,19.3,54,0.00,1006
1,17/11/20,12:00,19.8,55,0.00,1037
1,17/11/20,12:30,20.9,53,0.00,1038
1,17/11/20,13:00,21.0,52,0.00,1023
1,17/11/20,13:30,21.7,50,0.00,1002
1,17/11/20,14:00,21.9,47,0.00,982
1,17/11/20,14:30,22.0,45,0.00,907
1,17/11/20,15:00,22.6,47,0.00,852
1,17/11/20,15:30,22.3,46,0.00,770
1,17/11/20,16:00,22.4,47,0.00,556
1,17/11/20,16:30,21.9,48,0.00,378
1,17/11/20,17:00,22.4,47,0.00,334
1,17/11/20,17:30,22.0,49,0.00,354
1,17/11/20,18:00,21.6,49,0.00,231
1,17/11/20,18:30,20.8,55,0.00,87
1,17/11/20,19:00,19.7,58,0.00,25
1,17/11/20,19:30,18.1,63,0.00,3
1,17/11/20,20:00,17.4,65,0.00,0
1,17/11/20,20:30,16.9,70,0.00,0
1,17/11/20,21:00,16.3,73,0.00,0
1,17/11/20,21:30,16.0,77,0.00,0
1,17/11/20,22:00,15.4,80,0.00,0
1,17/11/20,22:30,14.6,84,0.00,0
1,17/11/20,23:00,14.5,84,0.00,0
1,17/11/20,23:30,13.8,86,0.00,0
1,18/11/20,00:00,13.6,87,0.00,0
1,18/11/20,0:30,13.6,87,0.00,0
1,18/11/20,1:00,13.2,89,0.00,0
1,18/11/20,1:30,12.7,91,0.00,0
1,18/11/20,2:00,12.8,91,0.00,0
1,18/11/20,2:30,12.6,92,0.00,0
1,18/11/20,3:00,12.4,93,0.00,0
1,18/11/20,3:30,13.1,92,0.00,0
1,18/11/20,4:00,12.1,93,0.00,0
1,18/11/20,4:30,12.9,91,0.00,0
1,18/11/20,5:00,13.1,91,0.00,0
1,18/11/20,5:30,12.9,91,0.00,1
1,18/11/20,6:00,13.3,89,0.00,23
1,18/11/20,6:30,13.9,90,0.00,101
1,18/11/20,7:00,14.8,89,0.00,206
1,18/11/20,7:30,15.6,85,0.00,332
1,18/11/20,8:00,15.9,84,0.00,332
1,18/11/20,8:30,16.6,82,0.00,446
1,18/11/20,9:00,17.6,73,0.00,604
1,18/11/20,9:30,18.8,67,0.00,638
1,18/11/20,10:00,20.2,61,0.00,783
1,18/11/20,10:30,21.2,55,0.00,755
1,18/11/20,11:00,21.8,53,0.00,810
1,18/11/20,11:30,22.4,49,0.00,871
1,18/11/20,12:00,22.7,49,0.00,977
1,18/11/20,12:30,23.1,46,0.00,1056
1,18/11/20,13:00,23.2,46,0.00,904
1,18/11/20,13:30,23.5,46,0.00,1024
1,18/11/20,14:00,23.4,47,0.00,893
1,18/11/20,14:30,23.3,46,0.00,419
1,18/11/20,15:00,23.1,48,0.00,434
1,18/11/20,15:30,23.4,47,0.00,528
1,18/11/20,16:00,23.9,48,0.00,340
1,18/11/20,16:30,23.7,48,0.00,495
1,18/11/20,17:00,23.1,48,0.00,289
1,18/11/20,17:30,23.4,49,0.00,309
1,18/11/20,18:00,22.3,51,0.00,135
1,18/11/20,18:30,21.4,54,0.00,43
1,18/11/20,19:00,20.7,59,0.00,15
1,18/11/20,19:30,19.9,60,0.00,1
1,18/11/20,20:00,19.5,61,0.00,0
1,18/11/20,20:30,19.4,65,0.00,0
1,18/11/20,21:00,19.0,66,0.00,0
1,18/11/20,21:30,18.4,69,0.00,0
1,18/11/20,22:00,18.2,70,0.00,0
1,18/11/20,22:30,17.8,72,0.00,0
1,18/11/20,23:00,17.2,75,0.00,0
1,18/11/20,23:30,15.5,85,0.00,0
1,19/11/20,00:00,15.0,86,0.00,0
1,19/11/20,0:30,14.8,87,0.00,0
1,19/11/20,1:00,15.2,86,0.00,0
1,19/11/20,1:30,15.8,84,0.00,0
1,19/11/20,2:00,15.5,84,0.00,0
1,19/11/20,2:30,15.3,86,0.00,0
1,19/11/20,3:00,14.6,89,0.00,0
1,19/11/20,3:30,13.8,90,0.00,0
1,19/11/20,4:00,13.5,92,0.00,0
1,19/11/20,4:30,13.7,91,0.00,0
1,19/11/20,5:00,13.9,89,0.00,0
1,19/11/20,5:30,14.4,87,0.00,2
1,19/11/20,6:00,14.4,88,0.00,9
1,19/11/20,6:30,14.4,90,0.00,23
1,19/11/20,7:00,14.9,88,0.00,69
1,19/11/20,7:30,16.1,84,0.00,167
1,19/11/20,8:00,16.6,83,0.00,167
1,19/11/20,8:30,17.5,79,0.00,260
1,19/11/20,9:00,19.6,70,0.00,722
1,19/11/20,9:30,18.8,73,0.00,432
1,19/11/20,10:00,18.3,74,0.00,225
1,19/11/20,10:30,19.0,69,0.00,344
1,19/11/20,11:00,19.6,68,0.00,459
1,19/11/20,11:30,20.7,57,0.00,994
1,19/11/20,12:00,21.2,55,0.00,781
1,19/11/20,12:30,21.8,54,0.00,994
1,19/11/20,13:00,21.2,53,0.00,393
1,19/11/20,13:30,16.9,81,0.00,93
1,19/11/20,14:00,16.3,84,1.00,68
1,19/11/20,14:30,16.5,85,0.60,124
1,19/11/20,15:00,17.2,85,0.20,196
1,19/11/20,15:30,18.2,77,0.00,310
1,19/11/20,16:00,17.0,84,1.60,84
1,19/11/20,16:30,17.3,85,0.40,261
1,19/11/20,17:00,17.8,77,0.00,352
1,19/11/20,17:30,17.4,76,0.00,121
1,19/11/20,18:00,17.3,76,0.00,73
1,19/11/20,18:30,17.3,72,0.00,62
1,19/11/20,19:00,16.9,75,0.00,20
1,19/11/20,19:30,16.3,80,0.00,1
1,19/11/20,20:00,16.1,83,0.00,0
1,19/11/20,20:30,15.7,85,0.00,0
1,19/11/20,21:00,15.1,89,0.00,0
1,19/11/20,21:30,14.8,88,0.00,0
1,19/11/20,22:00,14.8,88,0.00,0
1,19/11/20,22:30,14.6,89,0.00,0
1,19/11/20,23:00,14.7,88,0.00,0
1,19/11/20,23:30,14.6,89,0.00,0
1,20/11/20,00:00,14.3,90,0.00,0
1,20/11/20,0:30,14.3,90,0.00,0
1,20/11/20,1:00,14.1,90,0.00,0
1,20/11/20,1:30,13.9,90,0.00,0
1,20/11/20,2:00,14.1,89,0.00,0
1,20/11/20,2:30,14.1,89,0.00,0
1,20/11/20,3:00,13.9,89,0.00,0
1,20/11/20,3:30,13.6,90,0.00,0
1,20/11/20,4:00,13.4,91,0.00,0
1,20/11/20,4:30,13.1,90,0.00,0
1,20/11/20,5:00,13.1,91,0.00,0
1,20/11/20,5:30,13.2,91,0.00,1
1,20/11/20,6:00,13.6,89,0.00,20
1,20/11/20,6:30,14.3,88,0.00,88
1,20/11/20,7:00,15.8,84,0.00,218
1,20/11/20,7:30,16.6,81,0.00,337
1,20/11/20,8:00,17.2,78,0.00,448
1,20/11/20,8:30,17.9,69,0.00,557
1,20/11/20,9:00,18.6,68,0.00,665
1,20/11/20,9:30,19.1,64,0.00,784
1,20/11/20,10:00,19.6,58,0.00,898
1,20/11/20,10:30,19.9,57,0.00,846
1,20/11/20,11:00,20.2,59,0.00,751
1,20/11/20,11:30,20.4,56,0.00,394
1,20/11/20,12:00,20.3,56,0.00,483
1,20/11/20,12:30,21.1,54,0.00,430
1,20/11/20,13:00,22.4,48,0.00,1230
1,20/11/20,13:30,22.8,46,0.00,1144
1,20/11/20,14:00,23.4,45,0.00,915
1,20/11/20,14:30,23.5,45,0.00,1066
1,20/11/20,15:00,21.9,60,0.00,468
1,20/11/20,15:30,22.2,55,0.00,781
1,20/11/20,16:00,22.2,56,0.00,551
1,20/11/20,16:30,21.6,55,0.00,420
1,20/11/20,17:00,20.8,62,0.00,368
1,20/11/20,17:30,20.3,62,0.00,334
1,20/11/20,18:00,19.8,65,0.00,215
1,20/11/20,18:30,19.0,67,0.00,99
1,20/11/20,19:00,17.9,72,0.00,29
1,20/11/20,19:30,17.1,74,0.00,4
1,20/11/20,20:00,16.3,77,0.00,0
1,20/11/20,20:30,15.8,80,0.00,0
1,20/11/20,21:00,15.4,79,0.00,0
1,20/11/20,21:30,14.9,81,0.00,0
1,20/11/20,22:00,14.7,82,0.00,0
1,20/11/20,22:30,14.3,83,0.00,0
1,20/11/20,23:00,14.0,84,0.00,0
1,20/11/20,23:30,13.6,86,0.00,0
1,21/11/20,00:00,13.2,86,0.00,0
1,21/11/20,0:30,12.9,87,0.00,0
1,21/11/20,1:00,12.8,88,0.00,0
1,21/11/20,1:30,12.7,87,0.00,0
1,21/11/20,2:00,12.1,90,0.00,0
1,21/11/20,2:30,12.1,91,0.00,0
1,21/11/20,3:00,12.3,90,0.00,0
1,21/11/20,3:30,12.2,89,0.00,0
1,21/11/20,4:00,11.8,89,0.00,0
1,21/11/20,4:30,11.6,90,0.00,0
1,21/11/20,5:00,11.7,89,0.00,0
1,21/11/20,5:30,11.7,88,0.00,1
1,21/11/20,6:00,12.4,88,0.00,21
1,21/11/20,6:30,13.1,85,0.00,98
1,21/11/20,7:00,14.3,83,0.00,225
1,21/11/20,7:30,15.2,76,0.00,344
1,21/11/20,8:00,16.2,72,0.00,456
1,21/11/20,8:30,16.7,66,0.00,569
1,21/11/20,9:00,17.2,63,0.00,669
1,21/11/20,9:30,18.2,62,0.00,761
1,21/11/20,10:00,18.9,58,0.00,845
1,21/11/20,10:30,19.7,57,0.00,916
1,21/11/20,11:00,19.9,58,0.00,970
1,21/11/20,11:30,20.4,57,0.00,1008
1,21/11/20,12:00,21.1,53,0.00,1029
1,21/11/20,12:30,22.0,51,0.00,1036
1,21/11/20,13:00,21.9,50,0.00,1027
1,21/11/20,13:30,22.2,48,0.00,1001
1,21/11/20,14:00,22.5,49,0.00,970
1,21/11/20,14:30,22.9,48,0.00,918
1,21/11/20,15:00,23.0,46,0.00,837
1,21/11/20,15:30,23.2,48,0.00,739
1,21/11/20,16:00,23.3,46,0.00,525
1,21/11/20,16:30,23.2,46,0.00,429
1,21/11/20,17:00,23.1,47,0.00,356
1,21/11/20,17:30,22.9,46,0.00,333
1,21/11/20,18:00,21.9,52,0.00,218
1,21/11/20,18:30,20.8,55,0.00,104
1,21/11/20,19:00,19.4,60,0.00,31
1,21/11/20,19:30,18.1,64,0.00,3
1,21/11/20,20:00,17.3,65,0.00,0
1,21/11/20,20:30,16.7,68,0.00,0
1,21/11/20,21:00,16.0,71,0.00,0
1,21/11/20,21:30,15.6,74,0.00,0
1,21/11/20,22:00,15.2,76,0.00,0
1,21/11/20,22:30,14.7,79,0.00,0
1,21/11/20,23:00,14.3,81,0.00,0
1,21/11/20,23:30,14.2,82,0.00,0
1,22/11/20,00:00,13.9,82,0.00,0
1,22/11/20,0:30,13.7,83,0.00,0
1,22/11/20,1:00,13.6,84,0.00,0
1,22/11/20,1:30,13.4,85,0.00,0
1,22/11/20,2:00,13.4,85,0.00,0
1,22/11/20,2:30,13.5,85,0.00,0
1,22/11/20,3:00,13.5,85,0.00,0
1,22/11/20,3:30,13.6,86,0.00,0
1,22/11/20,4:00,12.9,87,0.00,0
1,22/11/20,4:30,13.1,87,0.00,0
1,22/11/20,5:00,12.6,89,0.00,0
1,22/11/20,5:30,12.8,88,0.00,1
1,22/11/20,6:00,13.1,87,0.00,22
1,22/11/20,6:30,13.8,84,0.00,102
1,22/11/20,7:00,15.1,81,0.00,227
1,22/11/20,7:30,16.4,77,0.00,348
1,22/11/20,8:00,16.8,72,0.00,457
1,22/11/20,8:30,17.3,71,0.00,570
1,22/11/20,9:00,18.2,67,0.00,669
1,22/11/20,9:30,19.2,64,0.00,760
1,22/11/20,10:00,19.8,59,0.00,845
1,22/11/20,10:30,20.8,56,0.00,914
1,22/11/20,11:00,21.2,56,0.00,967
1,22/11/20,11:30,22.1,56,0.00,1007
1,22/11/20,12:00,22.5,53,0.00,1031
1,22/11/20,12:30,22.9,50,0.00,1039
1,22/11/20,13:00,24.1,48,0.00,1030
1,22/11/20,13:30,24.1,46,0.00,1007
1,22/11/20,14:00,24.3,47,0.00,967
1,22/11/20,14:30,24.9,43,0.00,912
1,22/11/20,15:00,25.1,40,0.00,839
1,22/11/20,15:30,25.3,46,0.00,736
1,22/11/20,16:00,25.3,43,0.00,527
1,22/11/20,16:30,25.1,44,0.00,435
1,22/11/20,17:00,25.1,42,0.00,372
1,22/11/20,17:30,24.4,44,0.00,342
1,22/11/20,18:00,24.1,45,0.00,221
1,22/11/20,18:30,23.3,47,0.00,108
1,22/11/20,19:00,21.7,55,0.00,33
1,22/11/20,19:30,19.9,60,0.00,5
1,22/11/20,20:00,18.9,65,0.00,0
1,22/11/20,20:30,17.9,67,0.00,0
1,22/11/20,21:00,17.2,69,0.00,0
1,22/11/20,21:30,16.6,73,0.00,0
1,22/11/20,22:00,15.8,76,0.00,0
1,22/11/20,22:30,15.3,78,0.00,0
1,22/11/20,23:00,14.9,81,0.00,0
1,22/11/20,23:30,14.7,83,0.00,0
1,23/11/20,00:00,14.3,85,0.00,0
1,23/11/20,0:30,13.8,86,0.00,0
1,23/11/20,1:00,13.9,87,0.00,0
1,23/11/20,1:30,13.6,88,0.00,0
1,23/11/20,2:00,13.4,89,0.00,0
1,23/11/20,2:30,13.5,90,0.00,0
1,23/11/20,3:00,13.4,90,0.00,0
1,23/11/20,3:30,13.2,91,0.00,0
1,23/11/20,4:00,13.3,91,0.00,0
1,23/11/20,4:30,13.1,91,0.00,0
1,23/11/20,5:00,13.4,91,0.00,0
1,23/11/20,5:30,13.4,90,0.00,1
1,23/11/20,6:00,13.9,90,0.00,21
1,23/11/20,6:30,14.9,89,0.00,103
1,23/11/20,7:00,16.1,85,0.00,229
1,23/11/20,7:30,17.2,81,0.00,354
1,23/11/20,8:00,18.2,78,0.00,468
1,23/11/20,8:30,19.5,70,0.00,569
1,23/11/20,9:00,20.9,63,0.00,650
1,23/11/20,9:30,22.1,56,0.00,764
1,23/11/20,10:00,22.8,52,0.00,856
1,23/11/20,10:30,24.3,48,0.00,925
1,23/11/20,11:00,25.2,44,0.00,980
1,23/11/20,11:30,26.0,43,0.00,1018
1,23/11/20,12:00,26.6,35,0.00,1043
1,23/11/20,12:30,27.2,38,0.00,1049
1,23/11/20,13:00,27.4,41,0.00,1038
1,23/11/20,13:30,28.2,36,0.00,1011
1,23/11/20,14:00,28.8,36,0.00,973
1,23/11/20,14:30,28.8,35,0.00,918
1,23/11/20,15:00,29.4,37,0.00,844
1,23/11/20,15:30,29.6,35,0.00,726
1,23/11/20,16:00,29.6,32,0.00,536
1,23/11/20,16:30,29.4,34,0.00,444
1,23/11/20,17:00,29.4,35,0.00,387
1,23/11/20,17:30,29.0,36,0.00,346
1,23/11/20,18:00,28.4,36,0.00,224
1,23/11/20,18:30,27.7,40,0.00,113
1,23/11/20,19:00,26.2,46,0.00,35
1,23/11/20,19:30,24.4,56,0.00,5
1,23/11/20,20:00,23.2,61,0.00,0
1,23/11/20,20:30,21.8,67,0.00,0
1,23/11/20,21:00,20.6,73,0.00,0
1,23/11/20,21:30,19.9,75,0.00,0
1,23/11/20,22:00,19.0,78,0.00,0
1,23/11/20,22:30,18.3,82,0.00,0
1,23/11/20,23:00,17.7,85,0.00,0
1,23/11/20,23:30,17.4,86,0.00,0
1,24/11/20,00:00,17.3,87,0.00,0
1,24/11/20,0:30,17.3,88,0.00,0
1,24/11/20,1:00,17.2,88,0.00,0
1,24/11/20,1:30,16.9,89,0.00,0
1,24/11/20,2:00,17.2,88,0.00,0
1,24/11/20,2:30,17.3,88,0.00,0
1,24/11/20,3:00,17.2,89,0.00,0
1,24/11/20,3:30,17.0,90,0.00,0
1,24/11/20,4:00,17.0,91,0.00,0
1,24/11/20,4:30,17.2,91,0.00,0
1,24/11/20,5:00,17.3,90,0.00,0
1,24/11/20,5:30,17.2,90,0.00,1
1,24/11/20,6:00,17.6,89,0.00,31
1,24/11/20,6:30,18.2,88,0.00,88
1,24/11/20,7:00,19.1,86,0.00,160
1,24/11/20,7:30,20.2,81,0.00,275
1,24/11/20,8:00,21.3,78,0.00,372
1,24/11/20,8:30,22.3,76,0.00,534
1,24/11/20,9:00,23.8,70,0.00,632
1,24/11/20,9:30,25.1,66,0.00,727
1,24/11/20,10:00,26.8,61,0.00,804
1,24/11/20,10:30,28.4,52,0.00,874
1,24/11/20,11:00,29.6,48,0.00,926
1,24/11/20,11:30,30.5,47,0.00,965
1,24/11/20,12:00,31.7,43,0.00,987
1,24/11/20,12:30,32.6,40,0.00,992
1,24/11/20,13:00,33.7,35,0.00,983
1,24/11/20,13:30,33.4,36,0.00,964
1,24/11/20,14:00,34.1,36,0.00,929
1,24/11/20,14:30,34.8,34,0.00,872
1,24/11/20,15:00,34.9,27,0.00,848
1,24/11/20,15:30,35.0,30,0.00,693
1,24/11/20,16:00,34.6,31,0.00,521
1,24/11/20,16:30,34.1,32,0.00,398
1,24/11/20,17:00,34.6,29,0.00,381
1,24/11/20,17:30,34.2,30,0.00,318
1,24/11/20,18:00,33.3,30,0.00,201
1,24/11/20,18:30,32.4,34,0.00,105
1,24/11/20,19:00,30.9,36,0.00,32
1,24/11/20,19:30,29.6,40,0.00,5
1,24/11/20,20:00,29.1,41,0.00,0
1,24/11/20,20:30,28.2,44,0.00,0
1,24/11/20,21:00,27.5,53,0.00,0
1,24/11/20,21:30,26.6,60,0.00,0
1,24/11/20,22:00,25.9,65,0.00,0
1,24/11/20,22:30,25.6,67,0.00,0
1,24/11/20,23:00,24.8,70,0.00,0
1,24/11/20,23:30,24.3,71,0.00,0
1,25/11/20,00:00,24.1,67,0.00,0
1,25/11/20,0:30,23.6,66,0.00,0
1,25/11/20,1:00,22.8,66,0.00,0
1,25/11/20,1:30,22.2,67,0.00,0
1,25/11/20,2:00,23.1,59,0.00,0
1,25/11/20,2:30,22.5,63,0.00,0
1,25/11/20,3:00,21.6,65,0.00,0
1,25/11/20,3:30,21.8,66,0.00,0
1,25/11/20,4:00,21.2,71,0.00,0
1,25/11/20,4:30,19.7,81,0.00,0
1,25/11/20,5:00,19.2,84,0.00,0
1,25/11/20,5:30,19.3,84,0.00,0
1,25/11/20,6:00,19.1,85,0.00,31
1,25/11/20,6:30,19.1,87,0.00,96
1,25/11/20,7:00,19.1,89,0.00,83
1,25/11/20,7:30,20.9,81,0.00,271
1,25/11/20,8:00,21.7,77,0.00,287
1,25/11/20,8:30,22.8,73,0.00,231
1,25/11/20,9:00,24.2,68,0.00,389
1,25/11/20,9:30,25.8,61,0.00,560
1,25/11/20,10:00,26.8,60,0.00,522
1,25/11/20,10:30,29.2,48,0.00,657
1,25/11/20,11:00,30.7,45,0.00,741
1,25/11/20,11:30,32.4,37,0.00,807
1,25/11/20,12:00,33.6,36,0.00,934
1,25/11/20,12:30,33.3,35,0.00,761
1,25/11/20,13:00,34.0,31,0.00,616
1,25/11/20,13:30,33.8,30,0.00,566
1,25/11/20,14:00,31.1,42,0.00,294
1,25/11/20,14:30,29.3,53,0.00,354
1,25/11/20,15:00,26.6,58,0.00,280
1,25/11/20,15:30,25.7,63,0.00,132
1,25/11/20,16:00,24.2,69,0.00,99
1,25/11/20,16:30,22.9,72,0.00,34
1,25/11/20,17:00,22.1,74,0.00,26
1,25/11/20,17:30,20.9,77,0.00,10
1,25/11/20,18:00,19.6,84,0.60,1
1,25/11/20,18:30,18.6,89,2.20,0
1,25/11/20,19:00,18.4,90,2.20,0
1,25/11/20,19:30,19.1,90,2.60,6
1,25/11/20,20:00,19.9,82,0.20,0
1,25/11/20,20:30,19.1,87,0.00,0
1,25/11/20,21:00,19.4,86,0.00,0
1,25/11/20,21:30,19.7,84,0.00,0
1,25/11/20,22:00,19.7,84,0.00,0
1,25/11/20,22:30,19.9,82,0.00,0
1,25/11/20,23:00,20.1,81,0.00,0
1,25/11/20,23:30,19.9,82,0.00,0
1,26/11/20,00:00,19.3,85,0.00,0
1,26/11/20,0:30,19.2,86,0.00,0
1,26/11/20,1:00,19.0,86,0.00,0
1,26/11/20,1:30,19.0,86,0.00,0
1,26/11/20,2:00,19.1,86,0.00,0
1,26/11/20,2:30,19.1,86,0.00,0
1,26/11/20,3:00,18.9,87,0.00,0
1,26/11/20,3:30,18.3,89,0.00,0
1,26/11/20,4:00,17.8,91,0.00,0
1,26/11/20,4:30,17.7,92,0.00,0
1,26/11/20,5:00,17.9,92,0.00,0
1,26/11/20,5:30,17.7,92,0.00,0
1,26/11/20,6:00,18.4,90,0.00,14
1,26/11/20,6:30,18.1,92,0.00,61
1,26/11/20,7:00,17.9,93,0.00,120
1,26/11/20,7:30,18.7,92,0.00,149
1,26/11/20,8:00,19.2,91,0.00,151
1,26/11/20,8:30,20.1,88,0.00,296
1,26/11/20,9:00,20.3,87,0.00,355
1,26/11/20,9:30,20.4,87,0.00,370
1,26/11/20,10:00,20.9,86,0.00,418
1,26/11/20,10:30,21.6,84,0.00,534
1,26/11/20,11:00,21.9,82,0.00,596
1,26/11/20,11:30,22.3,80,0.00,511
1,26/11/20,12:00,22.9,76,0.00,484
1,26/11/20,12:30,23.4,74,0.00,507
1,26/11/20,13:00,24.0,73,0.00,496
1,26/11/20,13:30,24.4,72,0.00,527
1,26/11/20,14:00,24.9,68,0.00,577
1,26/11/20,14:30,25.1,69,0.00,518
1,26/11/20,15:00,25.1,68,0.00,418
1,26/11/20,15:30,25.3,65,0.00,391
1,26/11/20,16:00,25.4,65,0.00,385
1,26/11/20,16:30,25.9,63,0.00,424
1,26/11/20,17:00,26.4,63,0.00,345
1,26/11/20,17:30,26.0,65,0.00,217
1,26/11/20,18:00,25.5,65,0.00,166
1,26/11/20,18:30,25.8,62,0.00,144
1,26/11/20,19:00,22.1,79,0.00,75
1,26/11/20,19:30,20.7,82,0.00,18
1,26/11/20,20:00,19.7,83,0.00,0
1,26/11/20,20:30,19.3,83,0.00,0
1,26/11/20,21:00,18.6,81,0.00,0
1,26/11/20,21:30,18.1,80,0.00,0
1,26/11/20,22:00,17.6,83,0.00,0
1,26/11/20,22:30,17.2,82,0.00,0
1,26/11/20,23:00,16.6,82,0.00,0
1,26/11/20,23:30,16.3,80,0.00,0
1,27/11/20,00:00,15.9,81,0.00,0
1,27/11/20,0:30,15.6,82,0.00,0
1,27/11/20,1:00,15.3,84,0.00,0
1,27/11/20,1:30,15.2,86,0.00,0
1,27/11/20,2:00,15.2,87,0.00,0
1,27/11/20,2:30,15.2,87,0.00,0
1,27/11/20,3:00,15.2,87,0.00,0
1,27/11/20,3:30,15.2,88,0.00,0
1,27/11/20,4:00,15.2,88,0.00,0
1,27/11/20,4:30,15.2,89,0.00,0
1,27/11/20,5:00,15.2,90,0.00,0
1,27/11/20,5:30,15.3,91,0.00,1
1,27/11/20,6:00,15.6,91,0.00,27
1,27/11/20,6:30,16.2,90,0.00,101
1,27/11/20,7:00,17.1,88,0.00,212
1,27/11/20,7:30,17.8,84,0.00,338
1,27/11/20,8:00,18.5,83,0.00,444
1,27/11/20,8:30,19.2,82,0.00,548
1,27/11/20,9:00,19.8,81,0.00,658
1,27/11/20,9:30,21.4,75,0.00,742
1,27/11/20,10:00,21.7,75,0.00,823
1,27/11/20,10:30,22.6,72,0.00,898
1,27/11/20,11:00,23.2,73,0.00,951
1,27/11/20,11:30,24.3,69,0.00,992
1,27/11/20,12:00,24.9,63,0.00,1018
1,27/11/20,12:30,25.5,62,0.00,1028
1,27/11/20,13:00,25.6,57,0.00,1019
1,27/11/20,13:30,26.2,60,0.00,996
1,27/11/20,14:00,26.8,54,0.00,956
1,27/11/20,14:30,27.3,53,0.00,904
1,27/11/20,15:00,27.6,49,0.00,829
1,27/11/20,15:30,27.7,51,0.00,701
1,27/11/20,16:00,27.4,52,0.00,526
1,27/11/20,16:30,27.3,51,0.00,462
1,27/11/20,17:00,27.1,52,0.00,418
1,27/11/20,17:30,26.7,53,0.00,342
1,27/11/20,18:00,26.1,57,0.00,215
1,27/11/20,18:30,25.3,59,0.00,122
1,27/11/20,19:00,24.4,60,0.00,39
1,27/11/20,19:30,23.2,65,0.00,7
1,27/11/20,20:00,22.2,69,0.00,0
1,27/11/20,20:30,21.4,72,0.00,0
1,27/11/20,21:00,20.8,76,0.00,0
1,27/11/20,21:30,20.4,80,0.00,0
1,27/11/20,22:00,19.7,83,0.00,0
1,27/11/20,22:30,19.6,84,0.00,0
1,27/11/20,23:00,19.4,85,0.00,0
1,27/11/20,23:30,19.8,85,0.00,0
1,28/11/20,00:00,20.2,85,0.00,0
1,28/11/20,0:30,20.3,84,0.00,0
1,28/11/20,1:00,19.9,84,0.00,0
1,28/11/20,1:30,19.7,86,0.00,0
1,28/11/20,2:00,19.8,86,0.00,0
1,28/11/20,2:30,20.0,86,0.00,0
1,28/11/20,3:00,20.1,87,0.00,0
1,28/11/20,3:30,20.0,88,0.00,0
1,28/11/20,4:00,19.8,89,0.00,0
1,28/11/20,4:30,19.8,89,0.00,0
1,28/11/20,5:00,19.7,90,0.00,0
1,28/11/20,5:30,19.6,91,0.00,1
1,28/11/20,6:00,19.7,90,0.00,25
1,28/11/20,6:30,20.3,88,0.00,103
1,28/11/20,7:00,21.1,86,0.00,221
1,28/11/20,7:30,22.0,84,0.00,356
1,28/11/20,8:00,22.5,81,0.00,376
1,28/11/20,8:30,23.2,80,0.00,466
1,28/11/20,9:00,23.3,78,0.00,348
1,28/11/20,9:30,23.3,79,0.00,362
1,28/11/20,10:00,23.2,80,0.00,382
1,28/11/20,10:30,23.5,80,0.00,372
1,28/11/20,11:00,23.7,78,0.00,412
1,28/11/20,11:30,24.0,77,0.00,489
1,28/11/20,12:00,24.3,76,0.00,613
1,28/11/20,12:30,24.1,77,0.00,415
1,28/11/20,13:00,24.9,74,0.00,458
1,28/11/20,13:30,25.0,73,0.00,716
1,28/11/20,14:00,26.4,71,0.00,946
1,28/11/20,14:30,26.9,68,0.00,900
1,28/11/20,15:00,27.1,67,0.00,782
1,28/11/20,15:30,26.8,64,0.00,441
1,28/11/20,16:00,27.3,60,0.00,426
1,28/11/20,16:30,26.7,63,0.00,254
1,28/11/20,17:00,26.5,64,0.00,154
1,28/11/20,17:30,26.2,65,0.00,120
1,28/11/20,18:00,26.2,65,0.00,115
1,28/11/20,18:30,25.8,63,0.00,62
1,28/11/20,19:00,25.2,69,0.00,21
1,28/11/20,19:30,24.6,71,0.00,4
1,28/11/20,20:00,24.2,73,0.00,0
1,28/11/20,20:30,24.1,72,0.00,0
1,28/11/20,21:00,24.1,73,0.00,0
1,28/11/20,21:30,23.4,77,0.00,0
1,28/11/20,22:00,22.3,83,0.60,0
1,28/11/20,22:30,20.6,93,2.40,0
1,28/11/20,23:00,19.1,95,1.20,0
1,28/11/20,23:30,18.9,95,3.00,0
1,29/11/20,00:00,19.2,96,2.60,0
1,29/11/20,0:30,20.1,93,1.60,0
1,29/11/20,1:00,20.4,89,0.00,0
1,29/11/20,1:30,20.0,91,0.00,0
1,29/11/20,2:00,19.6,92,0.00,0
1,29/11/20,2:30,19.6,91,0.00,0
1,29/11/20,3:00,19.5,90,0.00,0
1,29/11/20,3:30,19.1,93,0.00,0
1,29/11/20,4:00,19.2,91,0.00,0
1,29/11/20,4:30,18.9,90,0.00,0
1,29/11/20,5:00,18.7,91,0.00,0
1,29/11/20,5:30,17.9,93,0.00,0
1,29/11/20,6:00,18.1,95,0.00,1
1,29/11/20,6:30,18.6,95,0.00,46
1,29/11/20,7:00,19.1,95,0.00,69
1,29/11/20,7:30,19.3,94,0.00,100
1,29/11/20,8:00,19.3,91,0.00,133
1,29/11/20,8:30,19.3,89,0.00,147
1,29/11/20,9:00,19.7,89,0.00,221
1,29/11/20,9:30,19.9,87,0.00,264
1,29/11/20,10:00,20.3,86,0.00,265
1,29/11/20,10:30,21.1,84,0.00,361
1,29/11/20,11:00,21.8,82,0.00,477
1,29/11/20,11:30,22.7,78,0.00,441
1,29/11/20,12:00,24.0,76,0.00,784
1,29/11/20,12:30,24.9,75,0.00,1124
1,29/11/20,13:00,25.3,71,0.00,825
1,29/11/20,13:30,26.1,64,0.00,1057
1,29/11/20,14:00,26.4,65,0.00,933
1,29/11/20,14:30,27.3,61,0.00,1027
1,29/11/20,15:00,27.6,62,0.00,871
1,29/11/20,15:30,27.8,55,0.00,722
1,29/11/20,16:00,28.2,54,0.00,535
1,29/11/20,16:30,28.2,53,0.00,472
1,29/11/20,17:00,28.4,54,0.00,434
1,29/11/20,17:30,28.2,55,0.00,355
1,29/11/20,18:00,28.1,55,0.00,223
1,29/11/20,18:30,27.3,56,0.00,131
1,29/11/20,19:00,25.9,63,0.00,40
1,29/11/20,19:30,24.2,68,0.00,3
1,29/11/20,20:00,23.6,70,0.00,0
1,29/11/20,20:30,23.5,70,0.00,0
1,29/11/20,21:00,23.2,70,0.00,0
1,29/11/20,21:30,22.9,71,0.00,0
1,29/11/20,22:00,23.4,69,0.00,0
1,29/11/20,22:30,23.4,69,0.00,0
1,29/11/20,23:00,23.2,70,0.00,0
1,29/11/20,23:30,23.4,69,0.00,0
1,30/11/20,00:00,21.9,75,0.00,0
1,30/11/20,0:30,20.6,84,0.00,0
1,30/11/20,1:00,21.5,80,0.00,0
1,30/11/20,1:30,22.2,77,0.00,0
1,30/11/20,2:00,22.0,78,0.00,0
1,30/11/20,2:30,21.8,78,0.00,0
1,30/11/20,3:00,21.2,81,0.00,0
1,30/11/20,3:30,20.7,83,0.00,0
1,30/11/20,4:00,19.8,89,0.00,0
1,30/11/20,4:30,19.4,91,0.00,0
1,30/11/20,5:00,19.1,91,0.00,0
1,30/11/20,5:30,18.0,88,0.00,0
1,30/11/20,6:00,17.6,88,0.00,14
1,30/11/20,6:30,17.8,86,0.00,46
1,30/11/20,7:00,17.8,87,0.00,64
1,30/11/20,7:30,18.4,86,0.00,188
1,30/11/20,8:00,18.7,85,0.00,313
1,30/11/20,8:30,18.1,84,0.00,96
1,30/11/20,9:00,18.6,81,0.00,229
1,30/11/20,9:30,20.3,72,0.00,594
1,30/11/20,10:00,20.6,70,0.00,851
1,30/11/20,10:30,21.0,68,0.00,886
1,30/11/20,11:00,21.4,67,0.00,938
1,30/11/20,11:30,22.0,67,0.00,984
1,30/11/20,12:00,22.5,62,0.00,1008
1,30/11/20,12:30,23.1,64,0.00,1016
1,30/11/20,13:00,23.6,58,0.00,1008
1,30/11/20,13:30,24.1,59,0.00,984
1,30/11/20,14:00,24.0,59,0.00,954
1,30/11/20,14:30,24.2,58,0.00,932
1,30/11/20,15:00,24.3,58,0.00,910
1,30/11/20,15:30,24.0,61,0.00,639
1,30/11/20,16:00,23.9,60,0.00,554
1,30/11/20,16:30,23.9,59,0.00,472
1,30/11/20,17:00,23.4,59,0.00,428
1,30/11/20,17:30,22.8,61,0.00,346
1,30/11/20,18:00,22.1,64,0.00,211
1,30/11/20,18:30,21.1,67,0.00,126
1,30/11/20,19:00,20.1,69,0.00,45
1,30/11/20,19:30,19.0,71,0.00,8
1,30/11/20,20:00,18.1,72,0.00,0
1,30/11/20,20:30,17.4,75,0.00,0
1,30/11/20,21:00,16.7,77,0.00,0
1,30/11/20,21:30,16.1,77,0.00,0
1,30/11/20,22:00,15.6,78,0.00,0
1,30/11/20,22:30,15.2,79,0.00,0
1,30/11/20,23:00,14.9,79,0.00,0
1,30/11/20,23:30,14.6,79,0.00,0
1,01/12/20,00:00,14.5,80,0.00,0
1,01/12/20,0:30,14.2,82,0.00,0
1,01/12/20,1:00,14.2,81,0.00,0
1,01/12/20,1:30,14.1,82,0.00,0
1,01/12/20,2:00,14.0,83,0.00,0
1,01/12/20,2:30,13.9,83,0.00,0
1,01/12/20,3:00,13.8,84,0.00,0
1,01/12/20,3:30,13.7,85,0.00,0
1,01/12/20,4:00,13.7,85,0.00,0
1,01/12/20,4:30,13.7,85,0.00,0
1,01/12/20,5:00,13.9,86,0.00,0
1,01/12/20,5:30,14.0,86,0.00,2
1,01/12/20,6:00,14.1,86,0.00,24
1,01/12/20,6:30,15.3,83,0.00,100
1,01/12/20,7:00,16.4,82,0.00,212
1,01/12/20,7:30,17.4,79,0.00,329
1,01/12/20,8:00,18.1,77,0.00,443
1,01/12/20,8:30,18.6,78,0.00,532
1,01/12/20,9:00,19.7,74,0.00,666
1,01/12/20,9:30,20.7,70,0.00,742
1,01/12/20,10:00,21.4,67,0.00,830
1,01/12/20,10:30,22.1,63,0.00,897
1,01/12/20,11:00,23.3,62,0.00,989
1,01/12/20,11:30,23.4,59,0.00,1020
1,01/12/20,12:00,24.4,58,0.00,1071
1,01/12/20,12:30,24.6,57,0.00,948
1,01/12/20,13:00,25.2,54,0.00,1094
1,01/12/20,13:30,25.3,57,0.00,1020
1,01/12/20,14:00,26.4,52,0.00,867
1,01/12/20,14:30,26.7,51,0.00,1049
1,01/12/20,15:00,26.7,50,0.00,954
1,01/12/20,15:30,25.9,52,0.00,640
1,01/12/20,16:00,25.6,57,0.00,187
1,01/12/20,16:30,25.6,56,0.00,201
1,01/12/20,17:00,25.3,58,0.00,233
1,01/12/20,17:30,25.5,58,0.00,241
1,01/12/20,18:00,24.6,61,0.00,163
1,01/12/20,18:30,24.0,64,0.00,97
1,01/12/20,19:00,22.9,67,0.00,32
1,01/12/20,19:30,21.8,70,0.00,7
1,01/12/20,20:00,20.9,74,0.00,0
1,01/12/20,20:30,20.2,76,0.00,0
1,01/12/20,21:00,19.6,80,0.00,0
1,01/12/20,21:30,18.9,83,0.00,0
1,01/12/20,22:00,18.5,85,0.00,0
1,01/12/20,22:30,18.3,86,0.00,0
1,01/12/20,23:00,17.9,88,0.00,0
1,01/12/20,23:30,17.5,90,0.00,0
1,02/12/20,00:00,17.3,90,0.00,0
1,02/12/20,0:30,17.1,91,0.00,0
1,02/12/20,1:00,17.1,90,0.00,0
1,02/12/20,1:30,16.9,90,0.00,0
1,02/12/20,2:00,16.8,91,0.00,0
1,02/12/20,2:30,16.7,91,0.00,0
1,02/12/20,3:00,16.3,92,0.00,0
1,02/12/20,3:30,16.5,92,0.00,0
1,02/12/20,4:00,16.5,93,0.00,0
1,02/12/20,4:30,16.7,92,0.00,0
1,02/12/20,5:00,16.9,93,0.00,0
1,02/12/20,5:30,17.2,92,0.00,1
1,02/12/20,6:00,17.6,92,0.00,16
1,02/12/20,6:30,17.9,91,0.00,61
1,02/12/20,7:00,18.2,90,0.00,96
1,02/12/20,7:30,18.8,89,0.00,157
1,02/12/20,8:00,19.9,87,0.00,299
1,02/12/20,8:30,21.1,82,0.00,558
1,02/12/20,9:00,21.8,80,0.00,649
1,02/12/20,9:30,22.7,77,0.00,754
1,02/12/20,10:00,23.2,77,0.00,811
1,02/12/20,10:30,24.0,74,0.00,893
1,02/12/20,11:00,24.9,71,0.00,941
1,02/12/20,11:30,25.9,66,0.00,982
1,02/12/20,12:00,26.9,63,0.00,1024
1,02/12/20,12:30,27.7,56,0.00,986
1,02/12/20,13:00,28.0,54,0.00,994
1,02/12/20,13:30,28.0,54,0.00,930
1,02/12/20,14:00,28.4,50,0.00,773
1,02/12/20,14:30,28.8,49,0.00,950
1,02/12/20,15:00,28.6,51,0.00,509
1,02/12/20,15:30,28.1,52,0.00,278
1,02/12/20,16:00,27.8,53,0.00,250
1,02/12/20,16:30,27.3,53,0.00,220
1,02/12/20,17:00,26.7,59,0.00,189
1,02/12/20,17:30,25.7,67,0.00,118
1,02/12/20,18:00,24.8,72,0.00,74
1,02/12/20,18:30,24.0,74,0.00,12
1,02/12/20,19:00,23.4,77,0.00,0
1,02/12/20,19:30,21.9,86,1.80,0
1,02/12/20,20:00,20.8,93,8.00,0
1,02/12/20,20:30,20.6,92,1.40,0
1,02/12/20,21:00,20.4,93,2.40,0
1,02/12/20,21:30,20.2,94,4.80,0
1,02/12/20,22:00,19.6,92,3.60,0
1,02/12/20,22:30,19.9,93,1.60,0
1,02/12/20,23:00,19.8,93,0.20,0
1,02/12/20,23:30,19.7,94,1.80,0
1,03/12/20,00:00,19.6,93,0.00,0
1,03/12/20,0:30,19.4,94,0.00,0
1,03/12/20,1:00,19.3,95,0.20,0
1,03/12/20,1:30,19.3,95,0.40,0
1,03/12/20,2:00,19.2,96,0.00,0
1,03/12/20,2:30,19.2,96,0.00,0
1,03/12/20,3:00,19.6,96,0.00,0
1,03/12/20,3:30,19.4,96,2.00,0
1,03/12/20,4:00,19.0,96,0.40,0
1,03/12/20,4:30,18.8,97,0.20,0
1,03/12/20,5:00,18.5,97,0.20,0
1,03/12/20,5:30,17.9,97,0.40,0
1,03/12/20,6:00,17.3,97,0.40,7
1,03/12/20,6:30,17.3,97,0.20,29
1,03/12/20,7:00,17.7,97,0.00,91
1,03/12/20,7:30,17.6,97,0.00,104
1,03/12/20,8:00,18.0,97,0.00,130
1,03/12/20,8:30,18.4,96,0.00,247
1,03/12/20,9:00,18.6,96,0.00,98
1,03/12/20,9:30,18.6,97,0.20,116
1,03/12/20,10:00,20.2,88,0.00,505
1,03/12/20,10:30,21.2,81,0.00,533
1,03/12/20,11:00,21.6,80,0.00,415
1,03/12/20,11:30,21.5,77,0.00,607
1,03/12/20,12:00,21.7,76,0.00,482
1,03/12/20,12:30,23.3,72,0.00,1146
1,03/12/20,13:00,23.3,66,0.00,869
1,03/12/20,13:30,23.5,64,0.00,634
1,03/12/20,14:00,23.4,65,0.00,527
1,03/12/20,14:30,23.9,69,0.00,983
1,03/12/20,15:00,23.8,66,0.00,810
1,03/12/20,15:30,24.4,66,0.00,738
1,03/12/20,16:00,24.6,65,0.00,491
1,03/12/20,16:30,25.2,64,0.00,396
1,03/12/20,17:00,24.6,64,0.00,446
1,03/12/20,17:30,23.8,67,0.00,155
1,03/12/20,18:00,25.6,59,0.00,282
1,03/12/20,18:30,25.2,59,0.00,156
1,03/12/20,19:00,24.2,60,0.00,53
1,03/12/20,19:30,22.6,66,0.00,10
1,03/12/20,20:00,21.7,69,0.00,0
1,03/12/20,20:30,21.5,70,0.00,0
1,03/12/20,21:00,21.3,71,0.00,0
1,03/12/20,21:30,20.9,74,0.00,0
1,03/12/20,22:00,20.4,77,0.00,0
1,03/12/20,22:30,19.4,85,0.00,0
1,03/12/20,23:00,18.7,90,0.00,0
1,03/12/20,23:30,18.1,89,0.00,0
1,04/12/20,00:00,17.3,90,0.00,0
1,04/12/20,0:30,16.9,89,0.00,0
1,04/12/20,1:00,16.3,89,0.00,0
1,04/12/20,1:30,16.0,89,0.00,0
1,04/12/20,2:00,15.9,87,0.00,0
1,04/12/20,2:30,15.4,88,0.00,0
1,04/12/20,3:00,15.3,87,0.00,0
1,04/12/20,3:30,15.0,87,0.00,0
1,04/12/20,4:00,14.8,84,0.00,0
1,04/12/20,4:30,14.3,86,0.00,0
1,04/12/20,5:00,14.1,84,0.00,0
1,04/12/20,5:30,13.1,85,0.00,2
1,04/12/20,6:00,13.9,83,0.00,27
1,04/12/20,6:30,13.8,86,0.00,106
1,04/12/20,7:00,15.3,77,0.00,226
1,04/12/20,7:30,16.9,77,0.00,342
1,04/12/20,8:00,17.6,72,0.00,457
1,04/12/20,8:30,18.8,69,0.00,558
1,04/12/20,9:00,19.9,63,0.00,659
1,04/12/20,9:30,21.1,57,0.00,753
1,04/12/20,10:00,22.8,54,0.00,836
1,04/12/20,10:30,22.8,55,0.00,907
1,04/12/20,11:00,22.8,49,0.00,965
1,04/12/20,11:30,23.5,49,0.00,1004
1,04/12/20,12:00,24.3,53,0.00,1024
1,04/12/20,12:30,24.6,52,0.00,1030
1,04/12/20,13:00,24.7,42,0.00,1029
1,04/12/20,13:30,24.7,41,0.00,1003
1,04/12/20,14:00,25.0,46,0.00,1005
1,04/12/20,14:30,24.1,50,0.00,786
1,04/12/20,15:00,23.7,50,0.00,659
1,04/12/20,15:30,24.6,52,0.00,685
1,04/12/20,16:00,22.8,56,0.00,280
1,04/12/20,16:30,22.8,55,0.00,283
1,04/12/20,17:00,22.9,54,0.00,435
1,04/12/20,17:30,21.5,59,0.00,190
1,04/12/20,18:00,21.0,59,0.00,87
1,04/12/20,18:30,20.6,57,0.00,49
1,04/12/20,19:00,19.7,66,0.00,35
1,04/12/20,19:30,18.3,73,0.00,21
1,04/12/20,20:00,17.2,76,0.00,0
1,04/12/20,20:30,16.5,78,0.00,0
1,04/12/20,21:00,15.9,77,0.00,0
1,04/12/20,21:30,15.5,78,0.00,0
1,04/12/20,22:00,15.2,81,0.00,0
1,04/12/20,22:30,14.7,81,0.00,0
1,04/12/20,23:00,14.4,80,0.00,0
1,04/12/20,23:30,13.8,79,0.00,0
1,05/12/20,00:00,13.4,78,0.00,0
1,05/12/20,0:30,13.2,77,0.00,0
1,05/12/20,1:00,13.1,77,0.00,0
1,05/12/20,1:30,12.9,77,0.00,0
1,05/12/20,2:00,12.8,76,0.00,0
1,05/12/20,2:30,12.7,76,0.00,0
1,05/12/20,3:00,12.6,75,0.00,0
1,05/12/20,3:30,12.4,75,0.00,0
1,05/12/20,4:00,12.3,76,0.00,0
1,05/12/20,4:30,11.7,78,0.00,0
1,05/12/20,5:00,11.4,78,0.00,0
1,05/12/20,5:30,11.4,79,0.00,2
1,05/12/20,6:00,11.5,79,0.00,25
1,05/12/20,6:30,11.9,78,0.00,70
1,05/12/20,7:00,12.2,75,0.00,111
1,05/12/20,7:30,12.9,73,0.00,166
1,05/12/20,8:00,14.4,69,0.00,411
1,05/12/20,8:30,15.1,69,0.00,565
1,05/12/20,9:00,15.9,63,0.00,660
1,05/12/20,9:30,16.7,64,0.00,758
1,05/12/20,10:00,17.4,64,0.00,841
1,05/12/20,10:30,17.7,64,0.00,911
1,05/12/20,11:00,18.1,63,0.00,963
1,05/12/20,11:30,18.4,62,0.00,822
1,05/12/20,12:00,18.6,63,0.00,507
1,05/12/20,12:30,18.7,59,0.00,512
1,05/12/20,13:00,19.6,61,0.00,954
1,05/12/20,13:30,19.9,56,0.00,830
1,05/12/20,14:00,20.3,57,0.00,1074
1,05/12/20,14:30,19.8,58,0.00,993
1,05/12/20,15:00,20.1,57,0.00,781
1,05/12/20,15:30,19.6,57,0.00,239
1,05/12/20,16:00,19.8,54,0.00,290
1,05/12/20,16:30,20.1,55,0.00,449
1,05/12/20,17:00,18.7,58,0.00,302
1,05/12/20,17:30,18.6,59,0.00,166
1,05/12/20,18:00,18.6,60,0.00,148
1,05/12/20,18:30,17.4,65,0.00,92
1,05/12/20,19:00,17.3,64,0.00,59
1,05/12/20,19:30,16.4,67,0.00,14
1,05/12/20,20:00,15.7,72,0.00,0
1,05/12/20,20:30,15.1,75,0.00,0
1,05/12/20,21:00,14.8,76,0.00,0
1,05/12/20,21:30,14.4,78,0.00,0
1,05/12/20,22:00,14.0,80,0.00,0
1,05/12/20,22:30,13.7,82,0.00,0
1,05/12/20,23:00,13.4,82,0.00,0
1,05/12/20,23:30,13.2,83,0.00,0
1,06/12/20,00:00,12.9,85,0.00,0
1,06/12/20,0:30,12.9,85,0.00,0
1,06/12/20,1:00,12.8,84,0.00,0
1,06/12/20,1:30,12.7,85,0.00,0
1,06/12/20,2:00,12.6,83,0.00,0
1,06/12/20,2:30,12.6,83,0.00,0
1,06/12/20,3:00,12.6,82,0.00,0
1,06/12/20,3:30,12.6,81,0.00,0
1,06/12/20,4:00,12.7,79,0.00,0
1,06/12/20,4:30,12.6,80,0.00,0
1,06/12/20,5:00,12.6,81,0.00,0
1,06/12/20,5:30,12.8,81,0.00,1
1,06/12/20,6:00,13.2,80,0.00,19
1,06/12/20,6:30,13.6,81,0.00,63
1,06/12/20,7:00,14.5,79,0.00,198
1,06/12/20,7:30,16.0,76,0.00,334
1,06/12/20,8:00,16.9,74,0.00,449
1,06/12/20,8:30,17.5,72,0.00,556
1,06/12/20,9:00,18.1,70,0.00,657
1,06/12/20,9:30,18.6,70,0.00,771
1,06/12/20,10:00,18.7,69,0.00,764
1,06/12/20,10:30,19.2,65,0.00,713
1,06/12/20,11:00,18.5,68,0.00,245
1,06/12/20,11:30,18.7,67,0.00,329
1,06/12/20,12:00,18.2,69,0.00,219
1,06/12/20,12:30,17.9,70,0.00,178
1,06/12/20,13:00,18.6,68,0.00,434
1,06/12/20,13:30,18.8,66,0.00,379
1,06/12/20,14:00,19.2,65,0.00,333
1,06/12/20,14:30,19.7,63,0.00,518
1,06/12/20,15:00,19.2,65,0.00,441
1,06/12/20,15:30,19.6,67,0.00,401
1,06/12/20,16:00,19.3,64,0.00,328
1,06/12/20,16:30,18.9,66,0.00,309
1,06/12/20,17:00,18.7,66,0.00,220
1,06/12/20,17:30,18.3,66,0.00,135
1,06/12/20,18:00,18.2,65,0.00,102
1,06/12/20,18:30,17.8,65,0.00,64
1,06/12/20,19:00,17.1,67,0.00,32
1,06/12/20,19:30,16.6,66,0.00,8
1,06/12/20,20:00,14.9,76,0.00,0
1,06/12/20,20:30,15.4,73,0.00,0
1,06/12/20,21:00,15.5,72,0.00,0
1,06/12/20,21:30,15.4,72,0.00,0
1,06/12/20,22:00,15.7,72,0.00,0
1,06/12/20,22:30,15.7,75,0.00,0
1,06/12/20,23:00,15.4,77,0.00,0
1,06/12/20,23:30,14.5,85,0.00,0
1,07/12/20,00:00,13.9,91,1.60,0
1,07/12/20,0:30,14.1,91,0.00,0
1,07/12/20,1:00,13.6,91,0.20,0
1,07/12/20,1:30,13.7,92,0.20,0
1,07/12/20,2:00,13.8,91,0.80,0
1,07/12/20,2:30,13.7,92,1.80,0
1,07/12/20,3:00,13.6,94,2.80,0
1,07/12/20,3:30,13.4,95,2.20,0
1,07/12/20,4:00,13.8,95,3.80,0
1,07/12/20,4:30,13.4,95,3.20,0
1,07/12/20,5:00,13.6,96,2.20,0
1,07/12/20,5:30,13.7,96,2.00,0
1,07/12/20,6:00,13.8,96,2.40,0
1,07/12/20,6:30,14.2,96,0.20,5
1,07/12/20,7:00,14.5,92,2.00,9
1,07/12/20,7:30,15.0,93,1.20,34
1,07/12/20,8:00,15.8,92,1.40,134
1,07/12/20,8:30,16.5,90,0.00,538
1,07/12/20,9:00,16.9,89,0.00,340
1,07/12/20,9:30,17.4,88,0.00,436
1,07/12/20,10:00,17.4,85,0.00,622
1,07/12/20,10:30,17.1,88,0.00,614
1,07/12/20,11:00,17.2,87,0.00,407
1,07/12/20,11:30,18.5,82,0.00,868
1,07/12/20,12:00,17.6,86,0.00,501
1,07/12/20,12:30,18.7,80,0.00,1226
1,07/12/20,13:00,18.7,81,0.00,901
1,07/12/20,13:30,18.4,80,0.00,1071
1,07/12/20,14:00,18.6,81,0.00,929
1,07/12/20,14:30,19.3,76,0.00,1083
1,07/12/20,15:00,19.7,76,0.00,943
1,07/12/20,15:30,19.7,74,0.00,571
1,07/12/20,16:00,19.4,74,0.00,636
1,07/12/20,16:30,19.7,77,0.00,545
1,07/12/20,17:00,18.9,77,0.00,317
1,07/12/20,17:30,18.4,79,0.00,379
1,07/12/20,18:00,18.6,79,0.00,248
1,07/12/20,18:30,17.6,83,0.00,59
1,07/12/20,19:00,17.1,86,0.00,22
1,07/12/20,19:30,16.8,88,0.00,10
1,07/12/20,20:00,16.3,90,0.00,0
1,07/12/20,20:30,15.8,91,0.00,0
1,07/12/20,21:00,16.1,91,0.00,0
1,07/12/20,21:30,15.7,89,0.00,0
1,07/12/20,22:00,15.3,89,0.00,0
1,07/12/20,22:30,15.2,89,0.00,0
1,07/12/20,23:00,15.3,89,0.00,0
1,07/12/20,23:30,15.4,89,0.00,0
1,08/12/20,00:00,15.7,89,0.00,0
1,08/12/20,0:30,15.7,89,0.00,0
1,08/12/20,1:00,15.7,90,0.00,0
1,08/12/20,1:30,15.8,90,0.00,0
1,08/12/20,2:00,16.1,90,0.00,0
1,08/12/20,2:30,16.3,89,0.00,0
1,08/12/20,3:00,16.2,90,0.00,0
1,08/12/20,3:30,16.1,90,0.00,0
1,08/12/20,4:00,15.8,91,0.00,0
1,08/12/20,4:30,15.9,92,0.00,0
1,08/12/20,5:00,16.0,93,0.00,0
1,08/12/20,5:30,16.1,92,0.00,1
1,08/12/20,6:00,16.2,93,0.00,27
1,08/12/20,6:30,17.2,91,0.00,120
1,08/12/20,7:00,18.2,87,0.00,263
1,08/12/20,7:30,18.2,88,0.00,439
1,08/12/20,8:00,18.4,88,0.00,522
1,08/12/20,8:30,18.9,86,0.00,603
1,08/12/20,9:00,19.6,79,0.00,716
1,08/12/20,9:30,20.6,76,0.00,775
1,08/12/20,10:00,20.8,76,0.00,893
1,08/12/20,10:30,21.6,74,0.00,897
1,08/12/20,11:00,21.7,75,0.00,635
1,08/12/20,11:30,21.3,74,0.00,623
1,08/12/20,12:00,21.5,74,0.00,382
1,08/12/20,12:30,23.2,69,0.00,984
1,08/12/20,13:00,23.1,65,0.00,659
1,08/12/20,13:30,23.3,68,0.00,522
1,08/12/20,14:00,24.5,65,0.00,936
1,08/12/20,14:30,24.2,65,0.00,842
1,08/12/20,15:00,24.4,65,0.00,759
1,08/12/20,15:30,24.6,64,0.00,717
1,08/12/20,16:00,24.3,63,0.00,564
1,08/12/20,16:30,23.9,65,0.00,516
1,08/12/20,17:00,23.8,67,0.00,482
1,08/12/20,17:30,23.6,69,0.00,389
1,08/12/20,18:00,22.6,70,0.00,235
1,08/12/20,18:30,21.9,74,0.00,167
1,08/12/20,19:00,20.7,77,0.00,57
1,08/12/20,19:30,19.7,82,0.00,11
1,08/12/20,20:00,19.1,84,0.00,0
1,08/12/20,20:30,18.6,86,0.00,0
1,08/12/20,21:00,18.2,88,0.00,0
1,08/12/20,21:30,18.1,87,0.00,0
1,08/12/20,22:00,17.8,88,0.00,0
1,08/12/20,22:30,17.8,89,0.00,0
1,08/12/20,23:00,17.7,87,0.00,0
1,08/12/20,23:30,17.7,89,0.00,0
1,09/12/20,00:00,17.7,88,0.00,0
1,09/12/20,0:30,17.7,88,0.00,0
1,09/12/20,1:00,17.4,90,0.00,0
1,09/12/20,1:30,17.2,92,0.00,0
1,09/12/20,2:00,17.3,92,0.00,0
1,09/12/20,2:30,17.2,92,0.00,0
1,09/12/20,3:00,17.5,92,0.00,0
1,09/12/20,3:30,17.2,92,0.00,0
1,09/12/20,4:00,17.3,91,0.00,0
1,09/12/20,4:30,17.2,93,0.00,0
1,09/12/20,5:00,17.4,93,0.00,0
1,09/12/20,5:30,17.3,93,0.00,3
1,09/12/20,6:00,17.3,92,0.00,32
1,09/12/20,6:30,17.8,92,0.00,76
1,09/12/20,7:00,18.9,88,0.00,229
1,09/12/20,7:30,19.6,84,0.00,210
1,09/12/20,8:00,20.6,81,0.00,485
1,09/12/20,8:30,20.2,80,0.00,289
1,09/12/20,9:00,21.3,76,0.00,465
1,09/12/20,9:30,21.9,73,0.00,815
1,09/12/20,10:00,22.9,68,0.00,918
1,09/12/20,10:30,23.2,65,0.00,1068
1,09/12/20,11:00,23.5,61,0.00,721
1,09/12/20,11:30,24.2,57,0.00,1010
1,09/12/20,12:00,23.9,58,0.00,602
1,09/12/20,12:30,24.8,55,0.00,1049
1,09/12/20,13:00,25.4,57,0.00,779
1,09/12/20,13:30,25.9,52,0.00,1050
1,09/12/20,14:00,26.2,49,0.00,1045
1,09/12/20,14:30,26.5,51,0.00,1019
1,09/12/20,15:00,26.6,48,0.00,797
1,09/12/20,15:30,26.9,51,0.00,696
1,09/12/20,16:00,27.1,46,0.00,548
1,09/12/20,16:30,26.9,46,0.00,508
1,09/12/20,17:00,26.9,48,0.00,476
1,09/12/20,17:30,26.8,45,0.00,389
1,09/12/20,18:00,26.7,48,0.00,237
1,09/12/20,18:30,26.3,51,0.00,165
1,09/12/20,19:00,25.6,53,0.00,62
1,09/12/20,19:30,24.1,58,0.00,11
1,09/12/20,20:00,22.8,63,0.00,0
1,09/12/20,20:30,21.7,68,0.00,0
1,09/12/20,21:00,21.0,74,0.00,0
1,09/12/20,21:30,20.6,82,0.00,0
1,09/12/20,22:00,19.9,84,0.00,0
1,09/12/20,22:30,19.3,88,0.00,0
1,09/12/20,23:00,19.0,90,0.00,0
1,09/12/20,23:30,18.6,91,0.00,0
1,10/12/20,00:00,18.3,91,0.00,0
1,10/12/20,0:30,18.0,93,0.00,0
1,10/12/20,1:00,17.8,94,0.00,0
1,10/12/20,1:30,17.8,93,0.00,0
1,10/12/20,2:00,17.4,94,0.00,0
1,10/12/20,2:30,17.3,95,0.00,0
1,10/12/20,3:00,17.3,95,0.00,0
1,10/12/20,3:30,17.4,95,0.00,0
1,10/12/20,4:00,17.1,96,0.00,0
1,10/12/20,4:30,17.1,96,0.00,0
1,10/12/20,5:00,17.2,96,0.00,0
1,10/12/20,5:30,17.1,95,0.00,1
1,10/12/20,6:00,17.1,95,0.00,28
1,10/12/20,6:30,17.3,95,0.00,73
1,10/12/20,7:00,18.2,92,0.00,214
1,10/12/20,7:30,19.3,87,0.00,342
1,10/12/20,8:00,20.1,82,0.00,448
1,10/12/20,8:30,21.2,78,0.00,553
1,10/12/20,9:00,21.6,76,0.00,659
1,10/12/20,9:30,22.8,71,0.00,747
1,10/12/20,10:00,24.0,70,0.00,831
1,10/12/20,10:30,25.5,61,0.00,907
1,10/12/20,11:00,26.7,45,0.00,965
1,10/12/20,11:30,27.7,44,0.00,1008
1,10/12/20,12:00,28.0,40,0.00,1036
1,10/12/20,12:30,28.6,38,0.00,1048
1,10/12/20,13:00,29.1,40,0.00,1041
1,10/12/20,13:30,29.4,34,0.00,1022
1,10/12/20,14:00,29.7,37,0.00,988
1,10/12/20,14:30,30.1,33,0.00,939
1,10/12/20,15:00,30.5,36,0.00,863
1,10/12/20,15:30,30.5,36,0.00,682
1,10/12/20,16:00,30.6,32,0.00,551
1,10/12/20,16:30,30.8,33,0.00,515
1,10/12/20,17:00,30.6,33,0.00,482
1,10/12/20,17:30,30.6,32,0.00,385
1,10/12/20,18:00,30.1,34,0.00,245
1,10/12/20,18:30,29.6,37,0.00,166
1,10/12/20,19:00,28.4,38,0.00,63
1,10/12/20,19:30,26.4,45,0.00,12
1,10/12/20,20:00,25.4,49,0.00,0
1,10/12/20,20:30,24.2,54,0.00,0
1,10/12/20,21:00,23.5,57,0.00,0
1,10/12/20,21:30,22.8,64,0.00,0
1,10/12/20,22:00,21.4,63,0.00,0
1,10/12/20,22:30,21.0,63,0.00,0
1,10/12/20,23:00,20.4,69,0.00,0
1,10/12/20,23:30,20.3,79,0.00,0
1,11/12/20,00:00,19.6,82,0.00,0
1,11/12/20,0:30,19.6,82,0.00,0
1,11/12/20,1:00,19.1,83,0.00,0
1,11/12/20,1:30,18.8,75,0.00,0
1,11/12/20,2:00,18.9,75,0.00,0
1,11/12/20,2:30,17.8,81,0.00,0
1,11/12/20,3:00,17.9,82,0.00,0
1,11/12/20,3:30,18.6,80,0.00,0
1,11/12/20,4:00,18.4,81,0.00,0
1,11/12/20,4:30,17.8,84,0.00,0
1,11/12/20,5:00,17.7,86,0.00,0
1,11/12/20,5:30,17.4,88,0.00,1
1,11/12/20,6:00,18.2,86,0.00,22
1,11/12/20,6:30,19.2,85,0.00,91
1,11/12/20,7:00,20.3,81,0.00,207
1,11/12/20,7:30,20.7,81,0.00,328
1,11/12/20,8:00,21.4,80,0.00,431
1,11/12/20,8:30,22.6,78,0.00,542
1,11/12/20,9:00,24.0,76,0.00,645
1,11/12/20,9:30,25.1,73,0.00,730
1,11/12/20,10:00,27.5,63,0.00,810
1,11/12/20,10:30,29.4,52,0.00,889
1,11/12/20,11:00,30.6,49,0.00,954
1,11/12/20,11:30,31.3,46,0.00,998
1,11/12/20,12:00,31.9,43,0.00,1029
1,11/12/20,12:30,33.3,37,0.00,1036
1,11/12/20,13:00,33.4,34,0.00,1027
1,11/12/20,13:30,33.9,37,0.00,1010
1,11/12/20,14:00,33.5,35,0.00,790
1,11/12/20,14:30,34.1,32,0.00,932
1,11/12/20,15:00,33.3,37,0.00,776
1,11/12/20,15:30,32.9,38,0.00,603
1,11/12/20,16:00,32.5,39,0.00,409
1,11/12/20,16:30,33.4,38,0.00,490
1,11/12/20,17:00,33.2,43,0.00,382
1,11/12/20,17:30,32.7,42,0.00,287
1,11/12/20,18:00,33.5,40,0.00,278
1,11/12/20,18:30,33.1,41,0.00,181
1,11/12/20,19:00,32.7,43,0.00,59
1,11/12/20,19:30,31.3,43,0.00,11
1,11/12/20,20:00,30.2,48,0.00,0
1,11/12/20,20:30,29.3,49,0.00,0
1,11/12/20,21:00,28.2,52,0.00,0
1,11/12/20,21:30,26.6,58,0.00,0
1,11/12/20,22:00,25.3,64,0.00,0
1,11/12/20,22:30,24.7,60,0.00,0
1,11/12/20,23:00,24.0,61,0.00,0
1,11/12/20,23:30,23.9,60,0.00,0
1,12/12/20,00:00,23.1,64,0.00,0
1,12/12/20,0:30,22.6,66,0.00,0
1,12/12/20,1:00,21.8,69,0.00,0
1,12/12/20,1:30,22.1,70,0.00,0
1,12/12/20,2:00,21.7,70,0.00,0
1,12/12/20,2:30,21.6,71,0.00,0
1,12/12/20,3:00,21.1,74,0.00,0
1,12/12/20,3:30,21.1,75,0.00,0
1,12/12/20,4:00,20.0,82,0.00,0
1,12/12/20,4:30,19.7,84,0.00,0
1,12/12/20,5:00,19.7,85,0.00,0
1,12/12/20,5:30,18.3,91,4.60,0
1,12/12/20,6:00,18.3,89,4.80,0
1,12/12/20,6:30,18.6,90,0.40,0
1,12/12/20,7:00,19.5,88,0.60,1
1,12/12/20,7:30,18.9,92,1.40,2
1,12/12/20,8:00,19.1,92,0.80,3
1,12/12/20,8:30,19.3,90,0.40,3
1,12/12/20,9:00,19.3,87,0.20,13
1,12/12/20,9:30,18.7,90,0.00,63
1,12/12/20,10:00,19.8,86,0.20,260
1,12/12/20,10:30,20.1,85,0.00,338
1,12/12/20,11:00,20.3,84,0.00,96
1,12/12/20,11:30,19.3,87,0.80,90
1,12/12/20,12:00,19.8,84,0.40,103
1,12/12/20,12:30,21.7,73,0.00,183
1,12/12/20,13:00,22.7,71,0.00,278
1,12/12/20,13:30,24.4,62,0.00,311
1,12/12/20,14:00,23.2,76,0.00,425
1,12/12/20,14:30,23.4,74,0.00,430
1,12/12/20,15:00,24.1,70,0.00,537
1,12/12/20,15:30,24.7,70,0.00,571
1,12/12/20,16:00,24.8,71,0.00,559
1,12/12/20,16:30,25.8,66,0.00,530
1,12/12/20,17:00,26.5,64,0.00,472
1,12/12/20,17:30,25.9,68,0.00,317
1,12/12/20,18:00,25.8,69,0.00,240
1,12/12/20,18:30,24.8,75,0.00,116
1,12/12/20,19:00,24.0,80,0.00,55
1,12/12/20,19:30,23.3,81,0.00,15
1,12/12/20,20:00,22.6,85,0.00,0
1,12/12/20,20:30,22.4,85,0.00,0
1,12/12/20,21:00,22.7,84,0.00,0
1,12/12/20,21:30,22.8,82,0.00,0
1,12/12/20,22:00,22.8,81,0.00,0
1,12/12/20,22:30,22.2,83,0.00,0
1,12/12/20,23:00,22.3,80,0.00,0
1,12/12/20,23:30,22.4,81,0.00,0
1,13/12/20,00:00,22.1,82,0.00,0
1,13/12/20,0:30,21.8,83,0.00,0
1,13/12/20,1:00,21.6,85,0.00,0
1,13/12/20,1:30,22.2,81,0.00,0
1,13/12/20,2:00,20.9,89,0.00,0
1,13/12/20,2:30,21.1,88,0.40,0
1,13/12/20,3:00,20.9,87,0.20,0
1,13/12/20,3:30,20.1,92,0.60,0
1,13/12/20,4:00,20.8,88,0.00,0
1,13/12/20,4:30,20.9,86,0.00,0
1,13/12/20,5:00,20.1,89,0.00,0
1,13/12/20,5:30,19.6,91,0.00,0
1,13/12/20,6:00,19.5,92,0.00,22
1,13/12/20,6:30,19.9,92,0.00,82
1,13/12/20,7:00,20.3,91,0.00,118
1,13/12/20,7:30,20.6,91,0.00,227
1,13/12/20,8:00,21.6,89,0.00,399
1,13/12/20,8:30,22.6,86,0.00,570
1,13/12/20,9:00,23.2,84,0.00,561
1,13/12/20,9:30,24.3,80,0.00,490
1,13/12/20,10:00,24.9,73,0.00,551
1,13/12/20,10:30,24.9,75,0.00,500
1,13/12/20,11:00,25.5,68,0.00,467
1,13/12/20,11:30,26.1,66,0.00,646
1,13/12/20,12:00,24.8,64,0.00,389
1,13/12/20,12:30,24.2,68,0.00,325
1,13/12/20,13:00,24.3,69,0.00,282
1,13/12/20,13:30,25.1,68,0.00,384
1,13/12/20,14:00,25.6,68,0.00,673
1,13/12/20,14:30,25.8,67,0.00,475
1,13/12/20,15:00,25.7,61,0.00,294
1,13/12/20,15:30,24.7,66,0.00,164
1,13/12/20,16:00,24.8,65,0.00,210
1,13/12/20,16:30,24.5,69,0.00,144
1,13/12/20,17:00,23.5,73,0.00,72
1,13/12/20,17:30,22.9,76,0.00,120
1,13/12/20,18:00,22.0,80,0.00,87
1,13/12/20,18:30,21.8,81,0.00,61
1,13/12/20,19:00,21.5,83,0.00,15
1,13/12/20,19:30,20.8,85,0.00,1
1,13/12/20,20:00,20.2,86,0.00,0
1,13/12/20,20:30,19.5,90,0.00,0
1,13/12/20,21:00,19.3,91,0.00,0
1,13/12/20,21:30,19.1,93,0.00,0
1,13/12/20,22:00,19.0,93,0.00,0
1,13/12/20,22:30,18.8,93,0.00,0
1,13/12/20,23:00,18.8,94,0.00,0
1,13/12/20,23:30,18.8,92,0.00,0
1,14/12/20,00:00,18.3,89,0.00,0
1,14/12/20,0:30,17.7,89,0.00,0
1,14/12/20,1:00,17.1,92,0.00,0
1,14/12/20,1:30,16.6,92,0.00,0
1,14/12/20,2:00,16.3,87,0.00,0
1,14/12/20,2:30,15.8,86,0.00,0
1,14/12/20,3:00,15.7,84,0.00,0
1,14/12/20,3:30,15.2,86,0.00,0
1,14/12/20,4:00,14.6,87,0.00,0
1,14/12/20,4:30,14.3,89,0.00,0
1,14/12/20,5:00,14.4,91,0.00,0
1,14/12/20,5:30,14.4,93,0.00,1
1,14/12/20,6:00,14.7,94,0.00,29
1,14/12/20,6:30,14.2,95,0.00,102
1,14/12/20,7:00,14.6,95,0.00,181
1,14/12/20,7:30,14.8,95,0.00,312
1,14/12/20,8:00,16.6,80,0.00,405
1,14/12/20,8:30,17.0,79,0.00,526
1,14/12/20,9:00,18.0,75,0.00,646
1,14/12/20,9:30,18.9,69,0.00,807
1,14/12/20,10:00,19.8,60,0.00,892
1,14/12/20,10:30,20.5,55,0.00,932
1,14/12/20,11:00,20.9,49,0.00,902
1,14/12/20,11:30,21.8,46,0.00,1058
1,14/12/20,12:00,22.3,43,0.00,1055
1,14/12/20,12:30,22.8,36,0.00,1040
1,14/12/20,13:00,22.9,35,0.00,891
1,14/12/20,13:30,22.8,33,0.00,580
1,14/12/20,14:00,22.6,39,0.00,402
1,14/12/20,14:30,23.1,39,0.00,540
1,14/12/20,15:00,23.6,35,0.00,761
1,14/12/20,15:30,24.1,35,0.00,702
1,14/12/20,16:00,24.3,35,0.00,568
1,14/12/20,16:30,24.7,32,0.00,531
1,14/12/20,17:00,24.5,34,0.00,497
1,14/12/20,17:30,24.5,33,0.00,402
1,14/12/20,18:00,24.7,35,0.00,252
1,14/12/20,18:30,24.3,32,0.00,184
1,14/12/20,19:00,23.3,38,0.00,71
1,14/12/20,19:30,22.4,40,0.00,13
1,14/12/20,20:00,21.3,40,0.00,1
1,14/12/20,20:30,20.8,41,0.00,0
1,14/12/20,21:00,19.7,45,0.00,0
1,14/12/20,21:30,19.9,44,0.00,0
1,14/12/20,22:00,18.4,59,0.00,0
1,14/12/20,22:30,18.3,65,0.00,0
1,14/12/20,23:00,17.5,73,0.00,0
1,14/12/20,23:30,17.4,79,0.00,0
1,15/12/20,00:00,17.0,84,0.00,0
1,15/12/20,0:30,16.8,84,0.00,0
1,15/12/20,1:00,16.4,86,0.00,0
1,15/12/20,1:30,16.2,87,0.00,0
1,15/12/20,2:00,16.2,89,0.00,0
1,15/12/20,2:30,16.2,89,0.00,0
1,15/12/20,3:00,15.9,90,0.00,0
1,15/12/20,3:30,15.6,91,0.00,0
1,15/12/20,4:00,15.2,91,0.00,0
1,15/12/20,4:30,15.2,92,0.00,0
1,15/12/20,5:00,15.2,92,0.00,0
1,15/12/20,5:30,15.4,93,0.00,1
1,15/12/20,6:00,15.7,92,0.00,25
1,15/12/20,6:30,16.2,92,0.00,101
1,15/12/20,7:00,17.2,89,0.00,220
1,15/12/20,7:30,18.0,89,0.00,338
1,15/12/20,8:00,18.6,87,0.00,452
1,15/12/20,8:30,19.9,84,0.00,558
1,15/12/20,9:00,21.8,75,0.00,661
1,15/12/20,9:30,23.1,74,0.00,767
1,15/12/20,10:00,23.9,64,0.00,865
1,15/12/20,10:30,24.1,61,0.00,966
1,15/12/20,11:00,24.9,57,0.00,710
1,15/12/20,11:30,24.5,61,0.00,827
1,15/12/20,12:00,25.2,55,0.00,840
1,15/12/20,12:30,25.6,54,0.00,1084
1,15/12/20,13:00,25.8,52,0.00,989
1,15/12/20,13:30,26.6,49,0.00,1026
1,15/12/20,14:00,26.8,49,0.00,994
1,15/12/20,14:30,27.6,50,0.00,944
1,15/12/20,15:00,27.7,50,0.00,870
1,15/12/20,15:30,27.7,46,0.00,700
1,15/12/20,16:00,28.2,43,0.00,553
1,15/12/20,16:30,28.2,43,0.00,517
1,15/12/20,17:00,28.7,44,0.00,483
1,15/12/20,17:30,28.5,40,0.00,389
1,15/12/20,18:00,28.3,41,0.00,245
1,15/12/20,18:30,27.9,50,0.00,177
1,15/12/20,19:00,24.8,60,0.00,70
1,15/12/20,19:30,23.6,64,0.00,16
1,15/12/20,20:00,22.6,66,0.00,0
1,15/12/20,20:30,21.9,72,0.00,0
1,15/12/20,21:00,21.4,70,0.00,0
1,15/12/20,21:30,20.9,70,0.00,0
1,15/12/20,22:00,20.3,72,0.00,0
1,15/12/20,22:30,20.2,74,0.00,0
1,15/12/20,23:00,19.7,72,0.00,0
1,15/12/20,23:30,19.7,70,0.00,0
1,16/12/20,00:00,20.3,65,0.00,0
1,16/12/20,0:30,19.3,70,0.00,0
1,16/12/20,1:00,19.2,73,0.00,0
1,16/12/20,1:30,18.9,76,0.00,0
1,16/12/20,2:00,18.8,81,0.00,0
1,16/12/20,2:30,18.4,83,0.00,0
1,16/12/20,3:00,19.1,86,0.00,0
1,16/12/20,3:30,19.1,88,0.00,0
1,16/12/20,4:00,19.2,87,0.00,0
1,16/12/20,4:30,19.2,88,0.00,0
1,16/12/20,5:00,19.5,88,0.00,0
1,16/12/20,5:30,18.6,92,0.00,1
1,16/12/20,6:00,18.9,92,0.00,20
1,16/12/20,6:30,19.2,91,0.00,83
1,16/12/20,7:00,19.0,91,0.00,134
1,16/12/20,7:30,20.3,90,0.00,261
1,16/12/20,8:00,20.8,86,0.00,375
1,16/12/20,8:30,21.9,81,0.00,500
1,16/12/20,9:00,22.6,79,0.00,526
1,16/12/20,9:30,22.8,78,0.00,516
1,16/12/20,10:00,22.8,76,0.00,265
1,16/12/20,10:30,23.9,72,0.00,698
1,16/12/20,11:00,24.6,71,0.00,859
1,16/12/20,11:30,24.8,71,0.00,466
1,16/12/20,12:00,25.3,71,0.00,433
1,16/12/20,12:30,25.4,69,0.00,430
1,16/12/20,13:00,25.5,69,0.00,655
1,16/12/20,13:30,25.5,69,0.00,515
1,16/12/20,14:00,26.3,68,0.00,523
1,16/12/20,14:30,25.8,68,0.00,620
1,16/12/20,15:00,26.2,70,0.00,525
1,16/12/20,15:30,25.7,70,0.00,320
1,16/12/20,16:00,25.3,70,0.00,392
1,16/12/20,16:30,25.3,69,0.00,403
1,16/12/20,17:00,25.6,69,0.00,434
1,16/12/20,17:30,24.6,72,0.00,272
1,16/12/20,18:00,24.1,74,0.00,175
1,16/12/20,18:30,23.8,75,0.00,110
1,16/12/20,19:00,22.9,79,0.00,75
1,16/12/20,19:30,21.9,82,0.00,18
1,16/12/20,20:00,21.1,84,0.00,1
1,16/12/20,20:30,20.6,85,0.00,0
1,16/12/20,21:00,20.2,87,0.00,0
1,16/12/20,21:30,19.9,88,0.00,0
1,16/12/20,22:00,20.1,87,0.00,0
1,16/12/20,22:30,19.9,88,0.00,0
1,16/12/20,23:00,19.9,86,0.00,0
1,16/12/20,23:30,19.9,87,0.00,0
1,17/12/20,00:00,19.7,87,0.00,0
1,17/12/20,0:30,19.5,87,0.00,0
1,17/12/20,1:00,19.3,89,0.00,0
1,17/12/20,1:30,19.4,90,0.00,0
1,17/12/20,2:00,19.3,89,0.00,0
1,17/12/20,2:30,19.2,90,0.00,0
1,17/12/20,3:00,19.3,89,0.00,0
1,17/12/20,3:30,18.9,91,0.00,0
1,17/12/20,4:00,18.9,90,0.00,0
1,17/12/20,4:30,18.7,90,0.00,0
1,17/12/20,5:00,18.6,90,0.00,0
1,17/12/20,5:30,18.5,92,0.00,1
1,17/12/20,6:00,18.7,91,0.00,15
1,17/12/20,6:30,19.3,88,0.00,97
1,17/12/20,7:00,19.9,87,0.00,214
1,17/12/20,7:30,20.2,85,0.00,335
1,17/12/20,8:00,21.4,80,0.00,451
1,17/12/20,8:30,22.1,78,0.00,556
1,17/12/20,9:00,22.9,73,0.00,652
1,17/12/20,9:30,23.4,71,0.00,750
1,17/12/20,10:00,24.1,71,0.00,835
1,17/12/20,10:30,24.4,70,0.00,904
1,17/12/20,11:00,25.0,69,0.00,1027
1,17/12/20,11:30,25.3,65,0.00,919
1,17/12/20,12:00,26.1,60,0.00,1184
1,17/12/20,12:30,26.8,57,0.00,1166
1,17/12/20,13:00,26.7,51,0.00,955
1,17/12/20,13:30,26.8,54,0.00,680
1,17/12/20,14:00,27.6,52,0.00,687
1,17/12/20,14:30,27.5,54,0.00,708
1,17/12/20,15:00,28.3,54,0.00,992
1,17/12/20,15:30,27.6,53,0.00,619
1,17/12/20,16:00,28.3,53,0.00,392
1,17/12/20,16:30,27.7,54,0.00,310
1,17/12/20,17:00,27.8,55,0.00,516
1,17/12/20,17:30,26.7,64,0.00,138
1,17/12/20,18:00,26.4,66,0.00,232
1,17/12/20,18:30,25.8,66,0.00,180
1,17/12/20,19:00,25.1,69,0.00,74
1,17/12/20,19:30,23.9,73,0.00,17
1,17/12/20,20:00,23.2,76,0.00,1
1,17/12/20,20:30,22.6,79,0.00,0
1,17/12/20,21:00,22.0,83,0.00,0
1,17/12/20,21:30,21.6,85,0.00,0
1,17/12/20,22:00,21.2,87,0.00,0
1,17/12/20,22:30,20.9,88,0.00,0
1,17/12/20,23:00,20.7,89,0.00,0
1,17/12/20,23:30,20.4,88,0.00,0
1,18/12/20,00:00,19.8,90,0.00,0
1,18/12/20,0:30,19.4,91,0.00,0
1,18/12/20,1:00,19.4,91,0.00,0
1,18/12/20,1:30,18.9,91,0.00,0
1,18/12/20,2:00,18.8,92,0.00,0
1,18/12/20,2:30,18.6,92,0.00,0
1,18/12/20,3:00,18.5,92,0.00,0
1,18/12/20,3:30,18.5,92,0.00,0
1,18/12/20,4:00,18.5,92,0.00,0
1,18/12/20,4:30,18.4,92,0.00,0
1,18/12/20,5:00,18.4,92,0.00,0
1,18/12/20,5:30,18.4,92,0.00,1
1,18/12/20,6:00,18.6,91,0.00,18
1,18/12/20,6:30,19.2,91,0.00,95
1,18/12/20,7:00,19.8,89,0.00,210
1,18/12/20,7:30,20.7,87,0.00,328
1,18/12/20,8:00,21.8,84,0.00,440
1,18/12/20,8:30,22.6,79,0.00,546
1,18/12/20,9:00,23.4,77,0.00,648
1,18/12/20,9:30,24.3,73,0.00,743
1,18/12/20,10:00,25.6,68,0.00,826
1,18/12/20,10:30,26.3,65,0.00,896
1,18/12/20,11:00,26.9,65,0.00,949
1,18/12/20,11:30,27.3,60,0.00,1003
1,18/12/20,12:00,28.1,58,0.00,1044
1,18/12/20,12:30,28.1,53,0.00,936
1,18/12/20,13:00,28.8,45,0.00,855
1,18/12/20,13:30,29.3,48,0.00,1076
1,18/12/20,14:00,29.4,48,0.00,951
1,18/12/20,14:30,30.0,46,0.00,1001
1,18/12/20,15:00,30.0,46,0.00,724
1,18/12/20,15:30,30.2,45,0.00,648
1,18/12/20,16:00,30.6,43,0.00,598
1,18/12/20,16:30,30.1,45,0.00,492
1,18/12/20,17:00,31.1,42,0.00,480
1,18/12/20,17:30,30.7,41,0.00,422
1,18/12/20,18:00,30.4,43,0.00,255
1,18/12/20,18:30,29.9,57,0.00,183
1,18/12/20,19:00,27.6,65,0.00,74
1,18/12/20,19:30,26.3,70,0.00,16
1,18/12/20,20:00,25.7,71,0.00,1
1,18/12/20,20:30,24.8,76,0.00,0
1,18/12/20,21:00,24.0,80,0.00,0
1,18/12/20,21:30,23.4,81,0.00,0
1,18/12/20,22:00,22.9,83,0.00,0
1,18/12/20,22:30,22.2,85,0.00,0
1,18/12/20,23:00,21.7,86,0.00,0
1,18/12/20,23:30,21.3,87,0.00,0
1,19/12/20,00:00,20.8,90,0.00,0
1,19/12/20,0:30,20.3,91,0.00,0
1,19/12/20,1:00,20.2,91,0.00,0
1,19/12/20,1:30,19.7,92,0.00,0
1,19/12/20,2:00,19.6,92,0.00,0
1,19/12/20,2:30,19.7,91,0.00,0
1,19/12/20,3:00,19.5,92,0.00,0
1,19/12/20,3:30,19.4,92,0.00,0
1,19/12/20,4:00,19.6,92,0.00,0
1,19/12/20,4:30,19.4,93,0.00,0
1,19/12/20,5:00,19.7,93,0.00,0
1,19/12/20,5:30,20.2,91,0.00,3
1,19/12/20,6:00,20.3,91,0.00,13
1,19/12/20,6:30,20.5,90,0.00,25
1,19/12/20,7:00,20.5,91,0.00,65
1,19/12/20,7:30,20.8,90,0.00,62
1,19/12/20,8:00,20.8,91,0.00,43
1,19/12/20,8:30,20.7,91,0.00,15
1,19/12/20,9:00,19.9,94,4.60,10
1,19/12/20,9:30,20.2,95,2.40,13
1,19/12/20,10:00,20.2,96,11.60,31
1,19/12/20,10:30,20.6,97,1.40,69
1,19/12/20,11:00,20.5,95,2.80,112
1,19/12/20,11:30,20.9,94,1.00,214
1,19/12/20,12:00,22.4,90,0.00,474
1,19/12/20,12:30,22.3,90,0.00,306
1,19/12/20,13:00,23.1,86,0.00,274
1,19/12/20,13:30,24.0,83,0.00,421
1,19/12/20,14:00,24.1,80,0.00,269
1,19/12/20,14:30,24.1,80,0.00,344
1,19/12/20,15:00,23.7,79,0.00,224
1,19/12/20,15:30,24.8,78,0.00,236
1,19/12/20,16:00,25.6,74,0.00,438
1,19/12/20,16:30,26.0,74,0.00,512
1,19/12/20,17:00,26.2,73,0.00,480
1,19/12/20,17:30,25.8,74,0.00,316
1,19/12/20,18:00,25.3,77,0.00,177
1,19/12/20,18:30,25.9,75,0.00,154
1,19/12/20,19:00,25.4,76,0.00,96
1,19/12/20,19:30,24.6,79,0.00,29
1,19/12/20,20:00,23.7,82,0.00,2
1,19/12/20,20:30,23.2,81,0.00,0
1,19/12/20,21:00,22.3,82,0.00,0
1,19/12/20,21:30,21.7,84,0.00,0
1,19/12/20,22:00,21.1,83,0.00,0
1,19/12/20,22:30,20.9,81,0.00,0
1,19/12/20,23:00,20.3,82,0.00,0
1,19/12/20,23:30,19.9,82,0.00,0
1,20/12/20,00:00,19.2,84,0.00,0
1,20/12/20,0:30,18.7,82,0.00,0
1,20/12/20,1:00,18.9,76,0.00,0
1,20/12/20,1:30,18.4,77,0.00,0
1,20/12/20,2:00,18.1,77,0.00,0
1,20/12/20,2:30,17.6,77,0.00,0
1,20/12/20,3:00,17.0,79,0.00,0
1,20/12/20,3:30,16.2,83,0.00,0
1,20/12/20,4:00,15.6,85,0.00,0
1,20/12/20,4:30,15.3,83,0.00,0
1,20/12/20,5:00,15.1,82,0.00,0
1,20/12/20,5:30,14.5,83,0.00,1
1,20/12/20,6:00,14.3,83,0.00,20
1,20/12/20,6:30,14.7,82,0.00,99
1,20/12/20,7:00,15.3,78,0.00,216
1,20/12/20,7:30,16.0,75,0.00,338
1,20/12/20,8:00,16.6,73,0.00,455
1,20/12/20,8:30,17.1,67,0.00,567
1,20/12/20,9:00,17.9,62,0.00,667
1,20/12/20,9:30,18.7,57,0.00,769
1,20/12/20,10:00,19.5,57,0.00,855
1,20/12/20,10:30,20.1,53,0.00,942
1,20/12/20,11:00,20.6,49,0.00,931
1,20/12/20,11:30,21.2,47,0.00,949
1,20/12/20,12:00,21.4,51,0.00,1033
1,20/12/20,12:30,21.6,51,0.00,832
1,20/12/20,13:00,21.9,49,0.00,841
1,20/12/20,13:30,22.8,50,0.00,1051
1,20/12/20,14:00,23.2,47,0.00,1019
1,20/12/20,14:30,23.4,46,0.00,965
1,20/12/20,15:00,23.8,43,0.00,887
1,20/12/20,15:30,24.0,38,0.00,712
1,20/12/20,16:00,24.0,37,0.00,573
1,20/12/20,16:30,24.3,37,0.00,534
1,20/12/20,17:00,24.1,42,0.00,495
1,20/12/20,17:30,23.6,41,0.00,402
1,20/12/20,18:00,22.9,45,0.00,247
1,20/12/20,18:30,22.3,45,0.00,208
1,20/12/20,19:00,21.7,49,0.00,90
1,20/12/20,19:30,20.4,52,0.00,30
1,20/12/20,20:00,19.2,54,0.00,3
1,20/12/20,20:30,18.2,57,0.00,0
1,20/12/20,21:00,17.8,58,0.00,0
1,20/12/20,21:30,17.5,59,0.00,0
1,20/12/20,22:00,17.6,58,0.00,0
1,20/12/20,22:30,17.2,60,0.00,0
1,20/12/20,23:00,16.3,65,0.00,0
1,20/12/20,23:30,15.8,67,0.00,0
1,21/12/20,00:00,15.3,71,0.00,0
1,21/12/20,0:30,15.1,70,0.00,0
1,21/12/20,1:00,15.1,67,0.00,0
1,21/12/20,1:30,14.7,68,0.00,0
1,21/12/20,2:00,14.2,69,0.00,0
1,21/12/20,2:30,13.8,70,0.00,0
1,21/12/20,3:00,13.3,73,0.00,0
1,21/12/20,3:30,12.9,78,0.00,0
1,21/12/20,4:00,12.6,80,0.00,0
1,21/12/20,4:30,12.5,81,0.00,0
1,21/12/20,5:00,12.4,82,0.00,0
1,21/12/20,5:30,12.4,82,0.00,1
1,21/12/20,6:00,13.1,81,0.00,24
1,21/12/20,6:30,13.1,81,0.00,96
1,21/12/20,7:00,13.6,78,0.00,213
1,21/12/20,7:30,14.3,79,0.00,335
1,21/12/20,8:00,15.1,73,0.00,451
1,21/12/20,8:30,16.4,71,0.00,561
1,21/12/20,9:00,17.0,66,0.00,667
1,21/12/20,9:30,18.1,59,0.00,783
1,21/12/20,10:00,18.7,56,0.00,868
1,21/12/20,10:30,19.1,57,0.00,935
1,21/12/20,11:00,19.8,59,0.00,1010
1,21/12/20,11:30,20.1,56,0.00,1033
1,21/12/20,12:00,20.9,56,0.00,1057
1,21/12/20,12:30,20.9,53,0.00,1069
1,21/12/20,13:00,20.8,53,0.00,1064
1,21/12/20,13:30,21.9,47,0.00,1045
1,21/12/20,14:00,22.3,50,0.00,1014
1,21/12/20,14:30,22.5,50,0.00,961
1,21/12/20,15:00,22.9,43,0.00,887
1,21/12/20,15:30,23.2,47,0.00,716
1,21/12/20,16:00,23.2,44,0.00,571
1,21/12/20,16:30,23.4,45,0.00,532
1,21/12/20,17:00,23.4,43,0.00,502
1,21/12/20,17:30,23.4,44,0.00,410
1,21/12/20,18:00,22.8,45,0.00,259
1,21/12/20,18:30,22.6,43,0.00,191
1,21/12/20,19:00,22.1,47,0.00,82
1,21/12/20,19:30,20.7,52,0.00,17
1,21/12/20,20:00,19.8,53,0.00,2
1,21/12/20,20:30,19.9,51,0.00,0
1,21/12/20,21:00,19.9,52,0.00,0
1,21/12/20,21:30,20.3,49,0.00,0
1,21/12/20,22:00,16.7,74,0.00,0
1,21/12/20,22:30,15.8,78,0.00,0
1,21/12/20,23:00,15.7,80,0.00,0
1,21/12/20,23:30,15.2,88,0.00,0
1,22/12/20,00:00,15.1,90,0.00,0
1,22/12/20,0:30,14.9,90,0.00,0
1,22/12/20,1:00,15.3,91,0.00,0
1,22/12/20,1:30,15.1,90,0.00,0
1,22/12/20,2:00,14.8,91,0.00,0
1,22/12/20,2:30,14.3,92,0.00,0
1,22/12/20,3:00,13.9,93,0.00,0
1,22/12/20,3:30,13.8,93,0.00,0
1,22/12/20,4:00,13.4,94,0.00,0
1,22/12/20,4:30,13.6,95,0.00,0
1,22/12/20,5:00,13.3,96,0.00,0
1,22/12/20,5:30,13.3,96,0.00,0
1,22/12/20,6:00,13.6,97,0.00,13
1,22/12/20,6:30,13.8,97,0.00,48
1,22/12/20,7:00,14.0,96,0.00,117
1,22/12/20,7:30,14.7,96,0.00,250
1,22/12/20,8:00,15.7,92,0.00,292
1,22/12/20,8:30,16.6,88,0.00,330
1,22/12/20,9:00,17.6,81,0.00,687
1,22/12/20,9:30,18.8,76,0.00,765
1,22/12/20,10:00,19.9,69,0.00,863
1,22/12/20,10:30,20.9,62,0.00,928
1,22/12/20,11:00,21.4,59,0.00,984
1,22/12/20,11:30,22.1,53,0.00,1025
1,22/12/20,12:00,22.8,56,0.00,1051
1,22/12/20,12:30,22.8,59,0.00,1061
1,22/12/20,13:00,23.7,60,0.00,1071
1,22/12/20,13:30,23.8,52,0.00,1061
1,22/12/20,14:00,24.4,49,0.00,1023
1,22/12/20,14:30,24.2,52,0.00,957
1,22/12/20,15:00,24.7,50,0.00,878
1,22/12/20,15:30,24.7,49,0.00,704
1,22/12/20,16:00,24.9,44,0.00,567
1,22/12/20,16:30,24.6,43,0.00,530
1,22/12/20,17:00,24.8,47,0.00,501
1,22/12/20,17:30,24.3,47,0.00,409
1,22/12/20,18:00,23.4,51,0.00,255
1,22/12/20,18:30,22.8,51,0.00,188
1,22/12/20,19:00,21.7,54,0.00,80
1,22/12/20,19:30,20.3,52,0.00,17
1,22/12/20,20:00,19.1,52,0.00,2
1,22/12/20,20:30,17.9,60,0.00,0
1,22/12/20,21:00,17.8,72,0.00,0
1,22/12/20,21:30,17.2,75,0.00,0
1,22/12/20,22:00,16.8,78,0.00,0
1,22/12/20,22:30,16.4,81,0.00,0
1,22/12/20,23:00,15.9,83,0.00,0
1,22/12/20,23:30,15.7,84,0.00,0
1,23/12/20,00:00,15.5,86,0.00,0
1,23/12/20,0:30,15.4,88,0.00,0
1,23/12/20,1:00,15.4,87,0.00,0
1,23/12/20,1:30,15.3,88,0.00,0
1,23/12/20,2:00,14.8,90,0.00,0
1,23/12/20,2:30,14.5,91,0.00,0
1,23/12/20,3:00,14.7,92,0.00,0
1,23/12/20,3:30,14.9,91,0.00,0
1,23/12/20,4:00,14.8,90,0.00,0
1,23/12/20,4:30,14.7,90,0.00,0
1,23/12/20,5:00,14.6,90,0.00,0
1,23/12/20,5:30,14.4,91,0.00,0
1,23/12/20,6:00,14.6,91,0.00,18
1,23/12/20,6:30,15.2,88,0.00,96
1,23/12/20,7:00,16.5,83,0.00,219
1,23/12/20,7:30,17.5,83,0.00,338
1,23/12/20,8:00,18.6,80,0.00,452
1,23/12/20,8:30,19.2,77,0.00,565
1,23/12/20,9:00,20.3,70,0.00,663
1,23/12/20,9:30,20.8,68,0.00,761
1,23/12/20,10:00,21.6,67,0.00,846
1,23/12/20,10:30,22.2,61,0.00,916
1,23/12/20,11:00,23.1,60,0.00,977
1,23/12/20,11:30,23.8,55,0.00,1022
1,23/12/20,12:00,24.6,54,0.00,1048
1,23/12/20,12:30,24.7,55,0.00,1060
1,23/12/20,13:00,25.3,49,0.00,1057
1,23/12/20,13:30,25.8,51,0.00,1042
1,23/12/20,14:00,26.4,49,0.00,1001
1,23/12/20,14:30,26.7,47,0.00,955
1,23/12/20,15:00,27.4,46,0.00,884
1,23/12/20,15:30,27.2,40,0.00,709
1,23/12/20,16:00,27.4,45,0.00,567
1,23/12/20,16:30,26.9,47,0.00,531
1,23/12/20,17:00,26.8,51,0.00,497
1,23/12/20,17:30,25.9,48,0.00,409
1,23/12/20,18:00,25.3,50,0.00,259
1,23/12/20,18:30,24.7,56,0.00,190
1,23/12/20,19:00,23.7,61,0.00,81
1,23/12/20,19:30,22.4,68,0.00,18
1,23/12/20,20:00,21.3,72,0.00,2
1,23/12/20,20:30,20.6,76,0.00,0
1,23/12/20,21:00,19.8,79,0.00,0
1,23/12/20,21:30,19.3,81,0.00,0
1,23/12/20,22:00,18.8,85,0.00,0
1,23/12/20,22:30,18.6,86,0.00,0
1,23/12/20,23:00,18.2,89,0.00,0
1,23/12/20,23:30,17.9,90,0.00,0
1,24/12/20,00:00,17.9,91,0.00,0
1,24/12/20,0:30,18.1,91,0.00,0
1,24/12/20,1:00,18.2,90,0.00,0
1,24/12/20,1:30,17.8,91,0.00,0
1,24/12/20,2:00,17.8,91,0.00,0
1,24/12/20,2:30,17.8,90,0.00,0
1,24/12/20,3:00,17.9,91,0.00,0
1,24/12/20,3:30,17.7,91,0.00,0
1,24/12/20,4:00,17.8,92,0.00,0
1,24/12/20,4:30,17.8,91,0.00,0
1,24/12/20,5:00,17.7,92,0.00,0
1,24/12/20,5:30,17.9,92,0.00,0
1,24/12/20,6:00,18.1,91,0.00,16
1,24/12/20,6:30,18.2,93,0.00,62
1,24/12/20,7:00,19.7,89,0.00,199
1,24/12/20,7:30,20.2,89,0.00,331
1,24/12/20,8:00,20.8,87,0.00,277
1,24/12/20,8:30,22.1,84,0.00,393
1,24/12/20,9:00,23.1,80,0.00,667
1,24/12/20,9:30,23.8,78,0.00,811
1,24/12/20,10:00,24.3,78,0.00,723
1,24/12/20,10:30,24.7,75,0.00,835
1,24/12/20,11:00,25.6,74,0.00,840
1,24/12/20,11:30,25.8,70,0.00,684
1,24/12/20,12:00,26.6,71,0.00,1014
1,24/12/20,12:30,26.8,66,0.00,1117
1,24/12/20,13:00,27.2,65,0.00,769
1,24/12/20,13:30,28.1,62,0.00,604
1,24/12/20,14:00,28.8,58,0.00,970
1,24/12/20,14:30,28.8,59,0.00,947
1,24/12/20,15:00,29.1,58,0.00,647
1,24/12/20,15:30,29.3,57,0.00,716
1,24/12/20,16:00,29.1,56,0.00,556
1,24/12/20,16:30,29.0,59,0.00,560
1,24/12/20,17:00,28.6,62,0.00,495
1,24/12/20,17:30,27.8,65,0.00,400
1,24/12/20,18:00,27.1,69,0.00,251
1,24/12/20,18:30,26.0,71,0.00,180
1,24/12/20,19:00,25.1,75,0.00,81
1,24/12/20,19:30,24.2,78,0.00,21
1,24/12/20,20:00,23.4,80,0.00,2
1,24/12/20,20:30,22.9,82,0.00,0
1,24/12/20,21:00,22.4,84,0.00,0
1,24/12/20,21:30,22.3,82,0.00,0
1,24/12/20,22:00,21.8,84,0.00,0
1,24/12/20,22:30,21.6,85,0.00,0
1,24/12/20,23:00,21.7,84,0.00,0
1,24/12/20,23:30,21.5,85,0.00,0
1,25/12/20,00:00,21.3,86,0.00,0
1,25/12/20,0:30,21.2,86,0.00,0
1,25/12/20,1:00,20.8,87,0.00,0
1,25/12/20,1:30,20.6,87,0.00,0
1,25/12/20,2:00,20.4,88,0.00,0
1,25/12/20,2:30,20.2,89,0.00,0
1,25/12/20,3:00,20.2,88,0.00,0
1,25/12/20,3:30,20.2,88,0.00,0
1,25/12/20,4:00,20.5,86,0.00,0
1,25/12/20,4:30,20.7,85,0.00,0
1,25/12/20,5:00,20.6,84,0.00,0
1,25/12/20,5:30,20.5,85,0.00,0
1,25/12/20,6:00,20.3,86,0.00,14
1,25/12/20,6:30,20.6,87,0.00,75
1,25/12/20,7:00,21.2,85,0.00,184
1,25/12/20,7:30,21.9,82,0.00,315
1,25/12/20,8:00,22.4,80,0.00,426
1,25/12/20,8:30,23.1,78,0.00,527
1,25/12/20,9:00,23.6,77,0.00,625
1,25/12/20,9:30,24.5,76,0.00,716
1,25/12/20,10:00,25.2,73,0.00,805
1,25/12/20,10:30,25.8,71,0.00,879
1,25/12/20,11:00,26.3,69,0.00,955
1,25/12/20,11:30,26.7,68,0.00,1060
1,25/12/20,12:00,27.2,68,0.00,1128
1,25/12/20,12:30,27.7,64,0.00,1044
1,25/12/20,13:00,27.8,63,0.00,1130
1,25/12/20,13:30,28.3,64,0.00,1089
1,25/12/20,14:00,28.3,63,0.00,927
1,25/12/20,14:30,28.4,63,0.00,947
1,25/12/20,15:00,28.5,60,0.00,713
1,25/12/20,15:30,28.4,61,0.00,709
1,25/12/20,16:00,27.7,62,0.00,488
1,25/12/20,16:30,28.1,62,0.00,516
1,25/12/20,17:00,27.7,62,0.00,516
1,25/12/20,17:30,27.1,64,0.00,397
1,25/12/20,18:00,26.2,68,0.00,221
1,25/12/20,18:30,25.5,69,0.00,206
1,25/12/20,19:00,24.6,71,0.00,92
1,25/12/20,19:30,23.5,74,0.00,21
1,25/12/20,20:00,22.8,74,0.00,1
1,25/12/20,20:30,22.2,76,0.00,0
1,25/12/20,21:00,21.8,78,0.00,0
1,25/12/20,21:30,21.3,80,0.00,0
1,25/12/20,22:00,21.0,81,0.00,0
1,25/12/20,22:30,20.8,81,0.00,0
1,25/12/20,23:00,20.5,83,0.00,0
1,25/12/20,23:30,20.2,84,0.00,0
1,26/12/20,00:00,20.2,84,0.00,0
1,26/12/20,0:30,20.0,83,0.00,0
1,26/12/20,1:00,19.6,84,0.00,0
1,26/12/20,1:30,19.6,85,0.00,0
1,26/12/20,2:00,19.4,86,0.00,0
1,26/12/20,2:30,19.3,86,0.00,0
1,26/12/20,3:00,19.2,87,0.00,0
1,26/12/20,3:30,18.9,88,0.00,0
1,26/12/20,4:00,19.1,88,0.00,0
1,26/12/20,4:30,19.1,88,0.00,0
1,26/12/20,5:00,19.3,89,0.00,0
1,26/12/20,5:30,19.5,87,0.00,0
1,26/12/20,6:00,19.7,86,0.00,19
1,26/12/20,6:30,20.0,84,0.00,72
1,26/12/20,7:00,20.4,83,0.00,154
1,26/12/20,7:30,20.8,83,0.00,162
1,26/12/20,8:00,21.3,80,0.00,214
1,26/12/20,8:30,21.6,80,0.00,274
1,26/12/20,9:00,22.1,79,0.00,295
1,26/12/20,9:30,23.1,75,0.00,417
1,26/12/20,10:00,23.4,75,0.00,529
1,26/12/20,10:30,24.2,74,0.00,585
1,26/12/20,11:00,24.6,71,0.00,883
1,26/12/20,11:30,24.9,74,0.00,664
1,26/12/20,12:00,25.3,69,0.00,995
1,26/12/20,12:30,25.5,69,0.00,729
1,26/12/20,13:00,25.5,69,0.00,403
1,26/12/20,13:30,25.8,67,0.00,370
1,26/12/20,14:00,27.3,63,0.00,971
1,26/12/20,14:30,26.9,63,0.00,797
1,26/12/20,15:00,26.9,61,0.00,579
1,26/12/20,15:30,27.7,56,0.00,500
1,26/12/20,16:00,28.5,59,0.00,658
1,26/12/20,16:30,27.8,61,0.00,234
1,26/12/20,17:00,27.4,63,0.00,517
1,26/12/20,17:30,26.8,64,0.00,404
1,26/12/20,18:00,25.9,67,0.00,171
1,26/12/20,18:30,24.9,69,0.00,173
1,26/12/20,19:00,23.9,72,0.00,75
1,26/12/20,19:30,23.0,75,0.00,44
1,26/12/20,20:00,22.3,78,0.00,7
1,26/12/20,20:30,21.6,80,0.00,0
1,26/12/20,21:00,21.2,81,0.00,0
1,26/12/20,21:30,20.7,82,0.00,0
1,26/12/20,22:00,20.3,85,0.00,0
1,26/12/20,22:30,19.9,86,0.00,0
1,26/12/20,23:00,19.7,87,0.00,0
1,26/12/20,23:30,19.6,89,0.00,0
1,27/12/20,00:00,19.6,90,0.00,0
1,27/12/20,0:30,19.6,90,0.00,0
1,27/12/20,1:00,19.5,89,0.00,0
1,27/12/20,1:30,19.3,91,0.00,0
1,27/12/20,2:00,18.9,93,0.00,0
1,27/12/20,2:30,18.9,92,0.00,0
1,27/12/20,3:00,18.7,93,0.00,0
1,27/12/20,3:30,18.7,92,0.00,0
1,27/12/20,4:00,18.7,92,0.00,0
1,27/12/20,4:30,18.8,92,0.00,0
1,27/12/20,5:00,18.6,92,0.00,0
1,27/12/20,5:30,18.5,93,0.00,0
1,27/12/20,6:00,18.7,92,0.00,14
1,27/12/20,6:30,19.4,91,0.00,62
1,27/12/20,7:00,20.3,90,0.00,125
1,27/12/20,7:30,20.9,87,0.00,306
1,27/12/20,8:00,21.3,85,0.00,351
1,27/12/20,8:30,21.7,85,0.00,174
1,27/12/20,9:00,22.9,82,0.00,512
1,27/12/20,9:30,23.8,76,0.00,746
1,27/12/20,10:00,24.6,72,0.00,832
1,27/12/20,10:30,25.7,71,0.00,923
1,27/12/20,11:00,26.5,69,0.00,1015
1,27/12/20,11:30,26.6,64,0.00,960
1,27/12/20,12:00,26.9,64,0.00,1111
1,27/12/20,12:30,27.3,64,0.00,587
1,27/12/20,13:00,27.1,60,0.00,648
1,27/12/20,13:30,28.4,59,0.00,848
1,27/12/20,14:00,28.2,61,0.00,339
1,27/12/20,14:30,29.1,57,0.00,1046
1,27/12/20,15:00,29.4,54,0.00,974
1,27/12/20,15:30,28.6,59,0.00,747
1,27/12/20,16:00,27.8,65,0.00,337
1,27/12/20,16:30,27.4,65,0.00,530
1,27/12/20,17:00,27.0,69,0.00,488
1,27/12/20,17:30,26.5,69,0.00,381
1,27/12/20,18:00,25.7,73,0.00,90
1,27/12/20,18:30,21.1,79,0.00,99
1,27/12/20,19:00,20.4,81,0.00,145
1,27/12/20,19:30,20.1,86,0.00,52
1,27/12/20,20:00,21.2,85,0.00,6
1,27/12/20,20:30,21.7,85,0.00,0
1,27/12/20,21:00,21.6,85,0.00,0
1,27/12/20,21:30,21.6,84,0.00,0
1,27/12/20,22:00,21.3,87,0.00,0
1,27/12/20,22:30,21.1,87,0.00,0
1,27/12/20,23:00,21.0,87,0.00,0
1,27/12/20,23:30,20.8,89,0.00,0
1,28/12/20,00:00,20.7,90,0.00,0
1,28/12/20,0:30,20.8,89,0.00,0
1,28/12/20,1:00,20.7,89,0.00,0
1,28/12/20,1:30,20.7,90,0.00,0
1,28/12/20,2:00,20.6,89,0.00,0
1,28/12/20,2:30,20.4,90,0.00,0
1,28/12/20,3:00,20.7,89,0.00,0
1,28/12/20,3:30,20.3,89,0.00,0
1,28/12/20,4:00,20.2,89,0.00,0
1,28/12/20,4:30,19.9,89,0.00,0
1,28/12/20,5:00,19.7,90,0.00,0
1,28/12/20,5:30,19.6,92,0.00,0
1,28/12/20,6:00,19.7,91,0.00,11
1,28/12/20,6:30,19.9,91,0.00,52
1,28/12/20,7:00,21.1,87,0.00,179
1,28/12/20,7:30,21.7,85,0.00,300
1,28/12/20,8:00,22.3,83,0.00,410
1,28/12/20,8:30,22.7,80,0.00,538
1,28/12/20,9:00,23.4,77,0.00,635
1,28/12/20,9:30,24.2,75,0.00,737
1,28/12/20,10:00,24.6,74,0.00,832
1,28/12/20,10:30,25.2,72,0.00,943
1,28/12/20,11:00,25.9,68,0.00,1038
1,28/12/20,11:30,26.1,67,0.00,852
1,28/12/20,12:00,26.6,65,0.00,1169
1,28/12/20,12:30,26.6,64,0.00,1040
1,28/12/20,13:00,27.7,60,0.00,1125
1,28/12/20,13:30,27.5,60,0.00,1099
1,28/12/20,14:00,28.1,61,0.00,966
1,28/12/20,14:30,28.1,60,0.00,830
1,28/12/20,15:00,28.3,59,0.00,901
1,28/12/20,15:30,28.7,60,0.00,720
1,28/12/20,16:00,27.9,61,0.00,341
1,28/12/20,16:30,27.8,60,0.00,518
1,28/12/20,17:00,27.7,62,0.00,358
1,28/12/20,17:30,27.8,61,0.00,464
1,28/12/20,18:00,26.6,65,0.00,278
1,28/12/20,18:30,25.7,66,0.00,174
1,28/12/20,19:00,24.9,69,0.00,74
1,28/12/20,19:30,23.8,72,0.00,25
1,28/12/20,20:00,22.9,76,0.00,2
1,28/12/20,20:30,22.0,81,0.00,0
1,28/12/20,21:00,21.7,83,0.00,0
1,28/12/20,21:30,21.3,83,0.00,0
1,28/12/20,22:00,20.6,85,0.00,0
1,28/12/20,22:30,20.4,87,0.00,0
1,28/12/20,23:00,20.6,86,0.00,0
1,28/12/20,23:30,20.4,87,0.00,0
1,29/12/20,00:00,20.2,87,0.00,0
1,29/12/20,0:30,20.0,88,0.00,0
1,29/12/20,1:00,19.6,89,0.00,0
1,29/12/20,1:30,19.3,89,0.00,0
1,29/12/20,2:00,19.2,90,0.00,0
1,29/12/20,2:30,18.8,91,0.00,0
1,29/12/20,3:00,18.6,92,0.00,0
1,29/12/20,3:30,19.1,91,0.00,0
1,29/12/20,4:00,18.9,91,0.00,0
1,29/12/20,4:30,18.6,91,0.00,0
1,29/12/20,5:00,18.7,92,0.00,0
1,29/12/20,5:30,18.7,92,0.00,0
1,29/12/20,6:00,19.2,92,0.00,5
1,29/12/20,6:30,19.4,92,0.00,35
1,29/12/20,7:00,19.5,92,0.00,94
1,29/12/20,7:30,19.6,92,0.00,119
1,29/12/20,8:00,20.4,90,0.00,227
1,29/12/20,8:30,21.9,85,0.00,436
1,29/12/20,9:00,22.4,83,0.00,607
1,29/12/20,9:30,23.2,80,0.00,718
1,29/12/20,10:00,24.1,77,0.00,787
1,29/12/20,10:30,25.0,74,0.00,869
1,29/12/20,11:00,25.4,72,0.00,827
1,29/12/20,11:30,26.9,65,0.00,686
1,29/12/20,12:00,27.4,62,0.00,1164
1,29/12/20,12:30,26.9,62,0.00,292
1,29/12/20,13:00,28.3,58,0.00,502
1,29/12/20,13:31,29.6,53,0.00,1137
1,29/12/20,14:00,29.7,47,0.00,1061
1,29/12/20,14:30,30.3,43,0.00,1005
1,29/12/20,15:00,30.6,41,0.00,920
1,29/12/20,15:30,30.6,39,0.00,735
1,29/12/20,16:00,30.9,38,0.00,576
1,29/12/20,16:30,30.9,39,0.00,535
1,29/12/20,17:00,30.8,42,0.00,527
1,29/12/20,17:30,30.0,47,0.00,475
1,29/12/20,18:00,29.8,49,0.00,343
1,29/12/20,18:30,29.0,54,0.00,215
1,29/12/20,19:00,27.8,63,0.00,88
1,29/12/20,19:30,26.3,70,0.00,21
1,29/12/20,20:00,25.2,75,0.00,1
1,29/12/20,20:30,24.4,77,0.00,0
1,29/12/20,21:00,23.8,81,0.00,0
1,29/12/20,21:30,23.3,84,0.00,0
1,29/12/20,22:00,22.8,86,0.00,0
1,29/12/20,22:30,22.1,89,0.00,0
1,29/12/20,23:00,21.7,90,0.00,0
1,29/12/20,23:30,21.6,90,0.00,0
1,30/12/20,00:00,21.4,91,0.00,0
1,30/12/20,0:30,21.1,92,0.00,0
1,30/12/20,1:00,21.0,93,0.00,0
1,30/12/20,1:30,21.1,93,0.00,0
1,30/12/20,2:00,20.9,94,0.00,0
1,30/12/20,2:30,20.8,94,0.00,0
1,30/12/20,3:00,20.8,95,0.00,0
1,30/12/20,3:30,20.6,96,0.00,0
1,30/12/20,4:00,20.4,96,0.00,0
1,30/12/20,4:30,20.4,96,0.00,0
1,30/12/20,5:00,20.3,96,0.00,0
1,30/12/20,5:30,20.2,97,0.00,0
1,30/12/20,6:00,20.2,97,0.00,12
1,30/12/20,6:30,20.6,97,0.00,65
1,30/12/20,7:00,22.0,92,0.00,182
1,30/12/20,7:30,23.1,86,0.00,296
1,30/12/20,8:00,23.7,85,0.00,398
1,30/12/20,8:30,24.8,82,0.00,504
1,30/12/20,9:00,26.8,77,0.00,606
1,30/12/20,9:30,28.7,66,0.00,702
1,30/12/20,10:00,30.2,56,0.00,795
1,30/12/20,10:30,31.3,48,0.00,879
1,30/12/20,11:00,31.5,43,0.00,898
1,30/12/20,11:30,32.0,44,0.00,963
1,30/12/20,12:00,31.9,42,0.00,959
1,30/12/20,12:30,32.0,41,0.00,560
1,30/12/20,13:00,32.9,40,0.00,906
1,30/12/20,13:30,33.8,39,0.00,911
1,30/12/20,14:00,34.1,36,0.00,1066
1,30/12/20,14:30,33.7,38,0.00,867
1,30/12/20,15:00,33.2,42,0.00,614
1,30/12/20,15:30,32.7,41,0.00,456
1,30/12/20,16:00,32.6,41,0.00,382
1,30/12/20,16:30,33.4,42,0.00,353
1,30/12/20,17:00,31.9,45,0.00,303
1,30/12/20,17:30,26.9,65,0.00,123
1,30/12/20,18:00,24.9,72,0.00,58
1,30/12/20,18:30,24.1,76,0.00,63
1,30/12/20,19:00,22.6,80,0.00,5
1,30/12/20,19:30,19.6,92,5.80,0
1,30/12/20,20:00,19.7,94,0.40,0
1,30/12/20,20:30,19.6,94,0.80,0
1,30/12/20,21:00,19.5,94,1.00,0
1,30/12/20,21:30,20.3,91,0.80,0
1,30/12/20,22:00,20.3,90,0.00,0
1,30/12/20,22:30,19.7,93,0.00,0
1,30/12/20,23:00,19.6,95,0.00,0
1,30/12/20,23:30,19.4,96,0.00,0
1,31/12/20,00:00,18.8,94,0.00,0
1,31/12/20,0:30,18.7,94,0.00,0
1,31/12/20,1:00,18.6,94,0.00,0
1,31/12/20,1:30,18.3,94,0.00,0
1,31/12/20,2:00,18.1,95,0.00,0
1,31/12/20,2:30,17.9,94,0.00,0
1,31/12/20,3:00,17.7,94,0.00,0
1,31/12/20,3:30,17.6,93,0.00,0
1,31/12/20,4:00,17.2,94,0.00,0
1,31/12/20,4:30,17.2,92,0.00,0
1,31/12/20,5:00,16.8,93,0.00,0
1,31/12/20,5:30,16.6,93,0.00,0
1,31/12/20,6:00,16.4,93,0.00,14
1,31/12/20,6:30,16.5,93,0.00,45
1,31/12/20,7:00,16.8,91,0.00,199
1,31/12/20,7:30,16.8,92,0.00,233
1,31/12/20,8:00,16.9,89,0.00,357
1,31/12/20,8:30,18.3,84,0.00,567
1,31/12/20,9:00,18.7,79,0.00,650
1,31/12/20,9:30,19.8,71,0.00,755
1,31/12/20,10:00,20.3,65,0.00,888
1,31/12/20,10:30,20.7,61,0.00,921
1,31/12/20,11:00,21.3,65,0.00,961
1,31/12/20,11:30,21.8,53,0.00,1051
1,31/12/20,12:00,22.3,50,0.00,1054
1,31/12/20,12:30,22.7,44,0.00,1069
1,31/12/20,13:00,23.3,47,0.00,1069
1,31/12/20,13:30,23.7,45,0.00,1053
1,31/12/20,14:00,24.1,38,0.00,1022
1,31/12/20,14:30,23.9,38,0.00,974
1,31/12/20,15:00,24.7,43,0.00,904
1,31/12/20,15:30,24.4,38,0.00,757
1,31/12/20,16:00,24.5,37,0.00,592
1,31/12/20,16:30,24.7,35,0.00,525
1,31/12/20,17:00,24.5,34,0.00,501
1,31/12/20,17:30,24.2,35,0.00,431
1,31/12/20,18:00,24.1,34,0.00,282
1,31/12/20,18:30,23.8,35,0.00,199
1,31/12/20,19:00,23.3,37,0.00,92
1,31/12/20,19:30,22.0,41,0.00,21
1,31/12/20,20:00,20.7,44,0.00,3
1,31/12/20,20:30,19.8,49,0.00,0
1,31/12/20,21:00,18.2,59,0.00,0
1,31/12/20,21:30,17.7,63,0.00,0
1,31/12/20,22:00,16.9,72,0.00,0
1,31/12/20,22:30,16.4,77,0.00,0
1,31/12/20,23:00,16.2,79,0.00,0
1,31/12/20,23:30,15.8,81,0.00,0
1,01/01/21,00:00,15.4,82,0.00,0
1,01/01/21,0:30,15.3,83,0.00,0
1,01/01/21,1:00,15.1,82,0.00,0
1,01/01/21,1:30,15.4,79,0.00,0
1,01/01/21,2:00,15.2,81,0.00,0
1,01/01/21,2:30,15.2,77,0.00,0
1,01/01/21,3:00,15.3,70,0.00,0
1,01/01/21,3:30,15.6,67,0.00,0
1,01/01/21,4:00,14.1,74,0.00,0
1,01/01/21,4:30,14.8,70,0.00,0
1,01/01/21,5:00,15.1,68,0.00,0
1,01/01/21,5:30,14.7,70,0.00,0
1,01/01/21,6:00,14.7,76,0.00,11
1,01/01/21,6:30,15.1,75,0.00,72
1,01/01/21,7:00,15.9,76,0.00,186
1,01/01/21,7:30,17.1,67,0.00,315
1,01/01/21,8:00,18.5,60,0.00,426
1,01/01/21,8:30,19.3,53,0.00,535
1,01/01/21,9:00,20.3,58,0.00,637
1,01/01/21,9:30,21.4,60,0.00,729
1,01/01/21,10:00,22.8,51,0.00,817
1,01/01/21,10:30,23.9,49,0.00,890
1,01/01/21,11:00,24.6,41,0.00,955
1,01/01/21,11:30,25.2,40,0.00,1005
1,01/01/21,12:00,25.8,39,0.00,1034
1,01/01/21,12:30,25.8,36,0.00,1050
1,01/01/21,13:00,26.8,39,0.00,1046
1,01/01/21,13:30,27.1,37,0.00,1031
1,01/01/21,14:00,26.9,32,0.00,1004
1,01/01/21,14:30,28.1,33,0.00,960
1,01/01/21,15:00,28.3,33,0.00,893
1,01/01/21,15:30,28.6,31,0.00,757
1,01/01/21,16:00,28.8,31,0.00,580
1,01/01/21,16:30,28.7,33,0.00,517
1,01/01/21,17:00,28.8,33,0.00,491
1,01/01/21,17:30,28.6,32,0.00,422
1,01/01/21,18:00,28.7,31,0.00,285
1,01/01/21,18:30,28.1,33,0.00,195
1,01/01/21,19:00,28.1,33,0.00,93
1,01/01/21,19:30,27.2,33,0.00,22
1,01/01/21,20:00,26.2,38,0.00,1
1,01/01/21,20:30,25.7,38,0.00,0
1,01/01/21,21:00,22.3,55,0.00,0
1,01/01/21,21:30,21.2,62,0.00,0
1,01/01/21,22:00,20.8,63,0.00,0
1,01/01/21,22:30,20.4,64,0.00,0
1,01/01/21,23:00,19.9,67,0.00,0
1,01/01/21,23:30,19.1,69,0.00,0
1,02/01/21,00:00,18.9,69,0.00,0
1,02/01/21,0:30,18.6,68,0.00,0
1,02/01/21,1:00,18.6,65,0.00,0
1,02/01/21,1:30,18.2,65,0.00,0
1,02/01/21,2:00,18.2,64,0.00,0
1,02/01/21,2:30,18.7,61,0.00,0
1,02/01/21,3:00,17.6,64,0.00,0
1,02/01/21,3:30,18.1,62,0.00,0
1,02/01/21,4:00,17.6,62,0.00,0
1,02/01/21,4:30,17.4,66,0.00,0
1,02/01/21,5:00,17.6,61,0.00,0
1,02/01/21,5:30,17.2,63,0.00,0
1,02/01/21,6:00,16.8,63,0.00,10
1,02/01/21,6:30,18.6,62,0.00,69
1,02/01/21,7:00,18.2,62,0.00,183
1,02/01/21,7:30,18.9,66,0.00,309
1,02/01/21,8:00,20.4,61,0.00,423
1,02/01/21,8:30,21.4,57,0.00,531
1,02/01/21,9:00,21.7,56,0.00,638
1,02/01/21,9:30,23.2,50,0.00,735
1,02/01/21,10:00,23.7,50,0.00,821
1,02/01/21,10:30,24.0,48,0.00,898
1,02/01/21,11:00,24.2,49,0.00,959
1,02/01/21,11:30,24.3,49,0.00,1002
1,02/01/21,12:00,24.7,49,0.00,1031
1,02/01/21,12:30,25.4,49,0.00,1048
1,02/01/21,13:00,26.6,49,0.00,1087
1,02/01/21,13:30,26.1,45,0.00,937
1,02/01/21,14:00,26.1,44,0.00,1038
1,02/01/21,14:30,26.4,42,0.00,989
1,02/01/21,15:00,26.4,41,0.00,904
1,02/01/21,15:30,26.5,40,0.00,763
1,02/01/21,16:00,26.3,44,0.00,585
1,02/01/21,16:30,25.9,43,0.00,522
1,02/01/21,17:00,25.6,42,0.00,502
1,02/01/21,17:30,25.2,46,0.00,434
1,02/01/21,18:00,24.2,48,0.00,294
1,02/01/21,18:30,23.5,52,0.00,202
1,02/01/21,19:00,22.0,60,0.00,95
1,02/01/21,19:30,20.6,63,0.00,23
1,02/01/21,20:00,19.5,67,0.00,2
1,02/01/21,20:30,18.4,70,0.00,0
1,02/01/21,21:00,17.8,73,0.00,0
1,02/01/21,21:30,17.3,73,0.00,0
1,02/01/21,22:00,16.7,77,0.00,0
1,02/01/21,22:30,16.3,78,0.00,0
1,02/01/21,23:00,15.8,82,0.00,0
1,02/01/21,23:30,15.6,83,0.00,0
1,03/01/21,00:00,15.6,83,0.00,0
1,03/01/21,0:30,15.3,84,0.00,0
1,03/01/21,1:00,15.2,86,0.00,0
1,03/01/21,1:30,15.1,87,0.00,0
1,03/01/21,2:00,15.3,88,0.00,0
1,03/01/21,2:30,15.3,89,0.00,0
1,03/01/21,3:00,15.3,89,0.00,0
1,03/01/21,3:30,15.2,90,0.00,0
1,03/01/21,4:00,15.4,89,0.00,0
1,03/01/21,4:30,14.8,91,0.00,0
1,03/01/21,5:00,15.7,91,0.00,0
1,03/01/21,5:30,15.9,90,0.00,0
1,03/01/21,6:00,16.0,90,0.00,10
1,03/01/21,6:30,16.7,89,0.00,66
1,03/01/21,7:00,17.5,88,0.00,175
1,03/01/21,7:30,18.4,86,0.00,303
1,03/01/21,8:00,19.2,84,0.00,417
1,03/01/21,8:30,20.1,81,0.00,528
1,03/01/21,9:00,20.6,76,0.00,338
1,03/01/21,9:30,21.4,73,0.00,376
1,03/01/21,10:00,21.9,69,0.00,658
1,03/01/21,10:30,23.7,65,0.00,901
1,03/01/21,11:00,23.9,61,0.00,940
1,03/01/21,11:30,24.6,58,0.00,801
1,03/01/21,12:00,24.9,59,0.00,791
1,03/01/21,12:30,25.9,53,0.00,631
1,03/01/21,13:00,26.4,49,0.00,977
1,03/01/21,13:30,26.3,55,0.00,1058
1,03/01/21,14:00,27.0,51,0.00,1055
1,03/01/21,14:30,26.4,50,0.00,905
1,03/01/21,15:00,26.8,48,0.00,879
1,03/01/21,15:30,27.0,49,0.00,831
1,03/01/21,16:00,26.7,51,0.00,572
1,03/01/21,16:30,26.9,53,0.00,509
1,03/01/21,17:00,26.1,54,0.00,466
1,03/01/21,17:30,25.6,56,0.00,423
1,03/01/21,18:00,25.2,59,0.00,290
1,03/01/21,18:30,24.9,61,0.00,195
1,03/01/21,19:00,24.2,63,0.00,92
1,03/01/21,19:30,23.3,66,0.00,23
1,03/01/21,20:00,22.4,70,0.00,1
1,03/01/21,20:30,21.8,75,0.00,0
1,03/01/21,21:00,21.3,76,0.00,0
1,03/01/21,21:30,20.9,76,0.00,0
1,03/01/21,22:00,20.6,79,0.00,0
1,03/01/21,22:30,20.2,83,0.00,0
1,03/01/21,23:00,20.1,85,0.00,0
1,03/01/21,23:30,19.9,85,0.00,0
1,04/01/21,00:00,19.7,86,0.00,0
1,04/01/21,0:30,19.5,86,0.00,0
1,04/01/21,1:00,19.3,85,0.00,0
1,04/01/21,1:30,18.9,87,0.00,0
1,04/01/21,2:00,19.2,86,0.00,0
1,04/01/21,2:30,19.2,86,0.00,0
1,04/01/21,3:00,19.1,86,0.00,0
1,04/01/21,3:30,18.8,87,0.00,0
1,04/01/21,4:00,18.9,87,0.00,0
1,04/01/21,4:30,18.2,89,0.00,0
1,04/01/21,5:00,18.4,89,0.00,0
1,04/01/21,5:30,18.3,90,0.00,0
1,04/01/21,6:00,18.3,90,0.00,15
1,04/01/21,6:30,18.7,89,0.00,63
1,04/01/21,7:00,19.7,86,0.00,152
1,04/01/21,7:30,20.7,82,0.00,240
1,04/01/21,8:00,21.4,78,0.00,293
1,04/01/21,8:30,22.8,73,0.00,493
1,04/01/21,9:00,22.7,73,0.00,524
1,04/01/21,9:30,24.3,68,0.00,772
1,04/01/21,10:00,24.7,67,0.00,722
1,04/01/21,10:30,24.8,67,0.00,531
1,04/01/21,11:00,26.4,62,0.00,970
1,04/01/21,11:30,27.2,59,0.00,923
1,04/01/21,12:00,28.2,58,0.00,1002
1,04/01/21,12:30,28.1,57,0.00,882
1,04/01/21,13:00,28.7,54,0.00,835
1,04/01/21,13:30,28.9,51,0.00,776
1,04/01/21,14:00,30.1,46,0.00,897
1,04/01/21,14:30,30.2,46,0.00,1017
1,04/01/21,15:00,31.2,42,0.00,907
1,04/01/21,15:30,31.5,37,0.00,825
1,04/01/21,16:00,31.3,38,0.00,595
1,04/01/21,16:30,30.8,40,0.00,321
1,04/01/21,17:00,31.2,38,0.00,429
1,04/01/21,17:30,30.7,41,0.00,300
1,04/01/21,18:00,30.1,42,0.00,154
1,04/01/21,18:30,29.6,45,0.00,80
1,04/01/21,19:00,29.1,46,0.00,44
1,04/01/21,19:30,27.6,55,0.00,24
1,04/01/21,20:00,26.7,58,0.00,7
1,04/01/21,20:30,25.9,61,0.00,0
1,04/01/21,21:00,25.2,64,0.00,0
1,04/01/21,21:30,24.6,65,0.00,0
1,04/01/21,22:00,23.7,69,0.00,0
1,04/01/21,22:30,23.3,71,0.00,0
1,04/01/21,23:00,22.7,74,0.00,0
1,04/01/21,23:30,22.4,75,0.00,0
1,05/01/21,00:00,21.9,77,0.00,0
1,05/01/21,0:30,21.8,79,0.00,0
1,05/01/21,1:00,21.5,80,0.00,0
1,05/01/21,1:30,21.4,80,0.00,0
1,05/01/21,2:00,21.0,82,0.00,0
1,05/01/21,2:30,20.3,89,0.00,0
1,05/01/21,3:00,20.7,85,0.00,0
1,05/01/21,3:30,21.1,83,0.00,0
1,05/01/21,4:00,20.7,86,0.00,0
1,05/01/21,4:30,20.9,84,0.00,0
1,05/01/21,5:00,20.4,88,0.00,0
1,05/01/21,5:30,20.1,90,0.00,0
1,05/01/21,6:00,20.1,91,0.00,6
1,05/01/21,6:30,20.6,86,0.00,16
1,05/01/21,7:00,20.4,87,0.60,15
1,05/01/21,7:30,20.7,86,0.80,25
1,05/01/21,8:00,20.3,85,0.00,31
1,05/01/21,8:30,18.8,93,7.80,7
1,05/01/21,9:00,18.8,94,13.60,14
1,05/01/21,9:30,19.4,91,2.00,46
1,05/01/21,10:00,19.5,89,3.00,48
1,05/01/21,10:30,19.8,88,0.00,86
1,05/01/21,11:00,19.7,90,0.40,58
1,05/01/21,11:30,19.6,92,1.20,77
1,05/01/21,12:00,19.6,93,0.80,81
1,05/01/21,12:30,19.9,93,0.40,163
1,05/01/21,13:00,19.6,93,0.00,173
1,05/01/21,13:30,20.3,90,0.20,359
1,05/01/21,14:00,21.3,90,0.00,454
1,05/01/21,14:30,21.1,90,0.00,316
1,05/01/21,15:00,22.1,88,0.00,415
1,05/01/21,15:30,22.3,85,0.00,471
1,05/01/21,16:00,22.8,84,0.00,368
1,05/01/21,16:30,22.9,80,0.00,295
1,05/01/21,17:00,23.2,83,0.00,275
1,05/01/21,17:30,23.3,82,0.00,311
1,05/01/21,18:00,23.4,82,0.00,301
1,05/01/21,18:30,23.1,84,0.00,116
1,05/01/21,19:00,23.2,83,0.00,105
1,05/01/21,19:30,22.4,85,0.00,35
1,05/01/21,20:00,21.7,89,0.00,1
1,05/01/21,20:30,21.7,88,0.00,0
1,05/01/21,21:00,21.3,90,0.00,0
1,05/01/21,21:30,21.6,89,0.00,0
1,05/01/21,22:00,21.3,90,0.00,0
1,05/01/21,22:30,21.1,91,0.00,0
1,05/01/21,23:00,20.9,91,0.00,0
1,05/01/21,23:30,20.6,93,0.00,0
1,06/01/21,00:00,20.8,94,0.00,0
1,06/01/21,0:30,20.9,94,0.00,0
1,06/01/21,1:00,20.9,94,0.00,0
1,06/01/21,1:30,20.4,94,0.00,0
1,06/01/21,2:00,20.3,94,0.00,0
1,06/01/21,2:30,20.3,95,0.00,0
1,06/01/21,3:00,20.3,94,0.00,0
1,06/01/21,3:30,20.2,95,0.00,0
1,06/01/21,4:00,20.2,95,0.00,0
1,06/01/21,4:30,20.1,95,0.00,0
1,06/01/21,5:00,20.0,95,0.00,0
1,06/01/21,5:30,20.1,96,0.00,0
1,06/01/21,6:00,20.1,96,0.00,6
1,06/01/21,6:30,20.1,96,0.00,29
1,06/01/21,7:00,20.6,95,0.00,136
1,06/01/21,7:30,21.6,92,0.00,277
1,06/01/21,8:00,22.6,89,0.00,380
1,06/01/21,8:30,23.7,84,0.00,486
1,06/01/21,9:00,24.7,81,0.00,587
1,06/01/21,9:30,25.6,81,0.00,689
1,06/01/21,10:00,26.1,76,0.00,785
1,06/01/21,10:30,26.4,74,0.00,763
1,06/01/21,11:00,26.4,73,0.00,662
1,06/01/21,11:30,27.4,69,0.00,664
1,06/01/21,12:00,27.5,68,0.00,724
1,06/01/21,12:30,28.1,68,0.00,366
1,06/01/21,13:00,28.4,65,0.00,829
1,06/01/21,13:30,29.3,62,0.00,1002
1,06/01/21,14:00,30.2,61,0.00,910
1,06/01/21,14:30,30.7,59,0.00,932
1,06/01/21,15:00,29.7,60,0.00,627
1,06/01/21,15:30,30.3,56,0.00,293
1,06/01/21,16:00,30.8,56,0.00,630
1,06/01/21,16:30,30.2,59,0.00,410
1,06/01/21,17:00,31.1,54,0.00,410
1,06/01/21,17:30,31.4,54,0.00,462
1,06/01/21,18:00,30.9,53,0.00,298
1,06/01/21,18:30,30.8,56,0.00,213
1,06/01/21,19:00,29.9,55,0.00,104
1,06/01/21,19:30,28.2,60,0.00,22
1,06/01/21,20:00,27.7,63,0.00,3
1,06/01/21,20:30,27.0,66,0.00,0
1,06/01/21,21:00,26.8,69,0.00,0
1,06/01/21,21:30,26.9,68,0.00,0
1,06/01/21,22:00,26.2,69,0.00,0
1,06/01/21,22:30,25.6,71,0.00,0
1,06/01/21,23:00,25.3,71,0.00,0
1,06/01/21,23:30,24.7,73,0.00,0
1,07/01/21,00:00,24.4,74,0.00,0
1,07/01/21,0:30,23.4,77,0.00,0
1,07/01/21,1:00,23.4,74,0.00,0
1,07/01/21,1:30,23.2,75,0.00,0
1,07/01/21,2:00,22.1,87,0.00,0
1,07/01/21,2:30,21.9,85,0.00,0
1,07/01/21,3:00,21.9,80,0.00,0
1,07/01/21,3:30,21.7,75,0.00,0
1,07/01/21,4:00,21.8,75,0.00,0
1,07/01/21,4:30,20.9,79,0.00,0
1,07/01/21,5:00,20.4,81,0.00,0
1,07/01/21,5:30,19.6,85,0.00,0
1,07/01/21,6:00,19.3,85,0.00,5
1,07/01/21,6:30,19.2,85,0.00,30
1,07/01/21,7:00,20.2,81,0.00,189
1,07/01/21,7:30,20.6,81,0.00,195
1,07/01/21,8:00,21.9,77,0.00,444
1,07/01/21,8:30,22.7,74,0.00,325
1,07/01/21,9:00,23.7,68,0.00,328
1,07/01/21,9:30,23.4,69,0.00,337
1,07/01/21,10:00,24.4,63,0.00,529
1,07/01/21,10:30,24.7,61,0.00,638
1,07/01/21,11:00,25.3,63,0.00,481
1,07/01/21,11:30,26.2,58,0.00,1204
1,07/01/21,12:00,26.3,59,0.00,583
1,07/01/21,12:30,27.1,59,0.00,1065
1,07/01/21,13:00,27.9,55,0.00,1088
1,07/01/21,13:30,29.2,48,0.00,1114
1,07/01/21,14:00,29.6,44,0.00,1039
1,07/01/21,14:30,29.8,42,0.00,917
1,07/01/21,15:00,30.1,43,0.00,895
1,07/01/21,15:30,30.0,43,0.00,789
1,07/01/21,16:00,30.3,37,0.00,608
1,07/01/21,16:30,30.4,39,0.00,502
1,07/01/21,17:00,30.3,38,0.00,469
1,07/01/21,17:30,30.1,38,0.00,420
1,07/01/21,18:00,29.7,37,0.00,308
1,07/01/21,18:30,29.2,40,0.00,191
1,07/01/21,19:00,28.2,41,0.00,98
1,07/01/21,19:30,26.7,43,0.00,24
1,07/01/21,20:00,25.4,44,0.00,9
1,07/01/21,20:30,24.7,47,0.00,0
1,07/01/21,21:00,24.1,49,0.00,0
1,07/01/21,21:30,22.9,54,0.00,0
1,07/01/21,22:00,22.9,54,0.00,0
1,07/01/21,22:30,22.9,55,0.00,0
1,07/01/21,23:00,22.4,57,0.00,0
1,07/01/21,23:30,21.9,60,0.00,0
1,08/01/21,00:00,21.8,65,0.00,0
1,08/01/21,0:30,21.6,62,0.00,0
1,08/01/21,1:00,21.4,64,0.00,0
1,08/01/21,1:30,21.3,68,0.00,0
1,08/01/21,2:00,21.2,63,0.00,0
1,08/01/21,2:30,20.9,64,0.00,0
1,08/01/21,3:00,20.9,63,0.00,0
1,08/01/21,3:30,20.6,61,0.00,0
1,08/01/21,4:00,20.5,60,0.00,0
1,08/01/21,4:30,20.3,68,0.00,0
1,08/01/21,5:00,19.9,61,0.00,0
1,08/01/21,5:30,19.9,62,0.00,0
1,08/01/21,6:00,20.3,60,0.00,7
1,08/01/21,6:30,22.1,54,0.00,57
1,08/01/21,7:00,23.4,49,0.00,160
1,08/01/21,7:30,23.8,49,0.00,282
1,08/01/21,8:00,23.3,51,0.00,401
1,08/01/21,8:30,23.9,55,0.00,512
1,08/01/21,9:00,25.1,50,0.00,615
1,08/01/21,9:30,26.2,46,0.00,718
1,08/01/21,10:00,27.2,41,0.00,807
1,08/01/21,10:30,28.2,39,0.00,882
1,08/01/21,11:00,28.7,41,0.00,940
1,08/01/21,11:30,29.4,38,0.00,988
1,08/01/21,12:00,30.3,38,0.00,1023
1,08/01/21,12:30,30.3,34,0.00,1045
1,08/01/21,13:00,30.7,34,0.00,1045
1,08/01/21,13:30,31.0,34,0.00,1032
1,08/01/21,14:00,31.8,32,0.00,1026
1,08/01/21,14:30,32.3,28,0.00,988
1,08/01/21,15:00,32.4,31,0.00,901
1,08/01/21,15:30,32.4,28,0.00,827
1,08/01/21,16:00,32.4,25,0.00,622
1,08/01/21,16:30,32.4,28,0.00,507
1,08/01/21,17:00,32.2,25,0.00,470
1,08/01/21,17:30,32.2,28,0.00,418
1,08/01/21,18:00,32.0,27,0.00,303
1,08/01/21,18:30,31.5,31,0.00,150
1,08/01/21,19:00,30.9,31,0.00,92
1,08/01/21,19:30,29.9,36,0.00,23
1,08/01/21,20:00,29.1,35,0.00,3
1,08/01/21,20:30,28.7,35,0.00,0
1,08/01/21,21:00,24.9,61,0.00,0
1,08/01/21,21:30,23.2,71,0.00,0
1,08/01/21,22:00,22.2,76,0.00,0
1,08/01/21,22:30,21.6,73,0.00,0
1,08/01/21,23:00,21.1,74,0.00,0
1,08/01/21,23:30,20.7,79,0.00,0
1,09/01/21,00:00,20.2,82,0.00,0
1,09/01/21,0:30,19.7,86,0.00,0
1,09/01/21,1:00,19.5,88,0.00,0
1,09/01/21,1:30,19.4,89,0.00,0
1,09/01/21,2:00,19.2,89,0.00,0
1,09/01/21,2:30,19.1,90,0.00,0
1,09/01/21,3:00,19.1,89,0.00,0
1,09/01/21,3:30,18.8,90,0.00,0
1,09/01/21,4:00,18.7,90,0.00,0
1,09/01/21,4:30,18.6,90,0.00,0
1,09/01/21,5:00,18.4,91,0.00,0
1,09/01/21,5:30,18.4,91,0.00,0
1,09/01/21,6:00,18.4,92,0.00,7
1,09/01/21,6:30,19.0,91,0.00,51
1,09/01/21,7:00,19.8,89,0.00,151
1,09/01/21,7:30,20.7,86,0.00,272
1,09/01/21,8:00,22.2,81,0.00,387
1,09/01/21,8:30,22.6,82,0.00,496
1,09/01/21,9:00,24.1,76,0.00,600
1,09/01/21,9:30,25.3,70,0.00,699
1,09/01/21,10:00,26.6,65,0.00,789
1,09/01/21,10:30,27.6,60,0.00,865
1,09/01/21,11:00,28.6,53,0.00,932
1,09/01/21,11:30,29.2,49,0.00,982
1,09/01/21,12:00,30.0,51,0.00,1009
1,09/01/21,12:30,30.3,45,0.00,1036
1,09/01/21,13:00,31.2,44,0.00,1042
1,09/01/21,13:30,30.8,38,0.00,634
1,09/01/21,14:00,31.3,39,0.00,519
1,09/01/21,14:30,31.2,38,0.00,737
1,09/01/21,15:00,31.8,38,0.00,646
1,09/01/21,15:30,31.8,34,0.00,692
1,09/01/21,16:00,31.7,37,0.00,602
1,09/01/21,16:30,29.7,60,0.00,467
1,09/01/21,17:00,28.4,68,0.00,418
1,09/01/21,17:30,27.1,71,0.00,191
1,09/01/21,18:00,25.8,75,0.00,150
1,09/01/21,18:30,24.8,78,0.00,82
1,09/01/21,19:00,23.9,81,0.00,38
1,09/01/21,19:30,23.3,82,0.00,11
1,09/01/21,20:00,22.9,84,0.00,0
1,09/01/21,20:30,22.6,85,0.00,0
1,09/01/21,21:00,22.3,86,0.00,0
1,09/01/21,21:30,22.2,87,0.00,0
1,09/01/21,22:00,22.2,88,0.00,0
1,09/01/21,22:30,22.2,88,0.00,0
1,09/01/21,23:00,22.2,88,0.00,0
1,09/01/21,23:30,22.2,88,0.00,0
1,10/01/21,00:00,22.0,89,0.00,0
1,10/01/21,0:30,21.9,89,0.00,0
1,10/01/21,1:00,22.0,89,0.00,0
1,10/01/21,1:30,22.0,90,0.00,0
1,10/01/21,2:00,21.9,90,0.00,0
1,10/01/21,2:30,21.8,91,0.00,0
1,10/01/21,3:00,21.9,91,0.00,0
1,10/01/21,3:30,21.9,91,0.00,0
1,10/01/21,4:00,21.9,91,0.00,0
1,10/01/21,4:30,22.1,91,0.00,0
1,10/01/21,5:00,21.9,92,0.00,0
1,10/01/21,5:30,21.9,93,0.00,0
1,10/01/21,6:00,22.0,93,0.00,5
1,10/01/21,6:30,22.2,93,0.00,33
1,10/01/21,7:00,22.8,91,0.00,128
1,10/01/21,7:30,23.5,89,0.00,216
1,10/01/21,8:00,24.0,86,0.00,257
1,10/01/21,8:30,24.6,85,0.00,221
1,10/01/21,9:00,25.2,81,0.00,326
1,10/01/21,9:30,25.7,79,0.00,389
1,10/01/21,10:00,26.2,77,0.00,254
1,10/01/21,10:30,27.9,67,0.00,760
1,10/01/21,11:00,28.8,67,0.00,921
1,10/01/21,11:30,29.3,61,0.00,962
1,10/01/21,12:00,30.0,60,0.00,1010
1,10/01/21,12:30,30.8,57,0.00,1054
1,10/01/21,13:00,31.6,53,0.00,1081
1,10/01/21,13:30,31.6,51,0.00,962
1,10/01/21,14:00,31.8,53,0.00,920
1,10/01/21,14:30,32.6,47,0.00,969
1,10/01/21,15:00,33.2,47,0.00,937
1,10/01/21,15:30,33.3,45,0.00,837
1,10/01/21,16:00,33.6,45,0.00,660
1,10/01/21,16:30,32.9,51,0.00,571
1,10/01/21,17:00,32.9,51,0.00,463
1,10/01/21,17:30,32.8,50,0.00,446
1,10/01/21,18:00,31.4,53,0.00,170
1,10/01/21,18:30,31.3,62,0.00,186
1,10/01/21,19:00,30.2,66,0.00,89
1,10/01/21,19:30,28.9,71,0.00,23
1,10/01/21,20:00,28.2,73,0.00,5
1,10/01/21,20:30,27.7,74,0.00,0
1,10/01/21,21:00,27.4,74,0.00,0
1,10/01/21,21:30,26.9,75,0.00,0
1,10/01/21,22:00,26.1,77,0.00,0
1,10/01/21,22:30,26.1,74,0.00,0
1,10/01/21,23:00,25.6,75,0.00,0
1,10/01/21,23:30,25.2,73,0.00,0
1,11/01/21,00:00,24.8,73,0.00,0
1,11/01/21,0:30,25.0,73,0.00,0
1,11/01/21,1:00,24.6,75,0.00,0
1,11/01/21,1:30,24.6,75,0.00,0
1,11/01/21,2:00,24.2,77,0.00,0
1,11/01/21,2:30,23.8,80,0.00,0
1,11/01/21,3:00,23.3,82,0.00,0
1,11/01/21,3:30,22.8,85,0.00,0
1,11/01/21,4:00,22.6,86,0.00,0
1,11/01/21,4:30,22.6,87,0.00,0
1,11/01/21,5:00,22.2,88,0.00,0
1,11/01/21,5:30,22.3,89,0.00,0
1,11/01/21,6:00,22.3,88,0.00,7
1,11/01/21,6:30,22.6,87,0.00,47
1,11/01/21,7:00,23.2,86,0.00,148
1,11/01/21,7:30,23.6,86,0.00,279
1,11/01/21,8:00,24.8,83,0.00,385
1,11/01/21,8:30,25.9,79,0.00,455
1,11/01/21,9:00,26.9,77,0.00,558
1,11/01/21,9:30,28.7,71,0.00,634
1,11/01/21,10:00,29.8,67,0.00,633
1,11/01/21,10:30,31.1,63,0.00,720
1,11/01/21,11:00,32.4,56,0.00,907
1,11/01/21,11:30,32.8,58,0.00,444
1,11/01/21,12:00,32.9,55,0.00,683
1,11/01/21,12:30,33.7,53,0.00,660
1,11/01/21,13:00,33.3,57,0.00,573
1,11/01/21,13:30,33.9,54,0.00,861
1,11/01/21,14:00,33.7,56,0.00,625
1,11/01/21,14:30,34.4,55,0.00,990
1,11/01/21,15:00,34.8,53,0.00,730
1,11/01/21,15:30,31.9,53,0.00,206
1,11/01/21,16:00,25.9,73,0.00,221
1,11/01/21,16:30,27.7,71,0.00,151
1,11/01/21,17:00,27.6,71,0.00,39
1,11/01/21,17:30,26.1,75,0.00,15
1,11/01/21,18:00,24.3,79,0.00,3
1,11/01/21,18:30,21.8,89,0.40,0
1,11/01/21,19:00,20.9,92,8.00,0
1,11/01/21,19:30,20.9,92,0.80,0
1,11/01/21,20:00,20.6,93,3.60,0
1,11/01/21,20:30,20.7,92,1.60,0
1,11/01/21,21:00,20.5,94,1.00,0
1,11/01/21,21:30,20.3,95,1.00,0
1,11/01/21,22:00,20.2,96,0.40,0
1,11/01/21,22:30,20.5,94,0.00,0
1,11/01/21,23:00,20.3,93,0.00,0
1,11/01/21,23:30,20.2,93,0.00,0
1,12/01/21,00:00,19.9,96,0.00,0
1,12/01/21,0:30,20.0,96,0.00,0
1,12/01/21,1:00,20.0,95,0.00,0
1,12/01/21,1:30,20.1,95,0.00,0
1,12/01/21,2:00,20.1,95,0.00,0
1,12/01/21,2:30,20.1,95,0.00,0
1,12/01/21,3:00,19.9,95,0.00,0
1,12/01/21,3:30,19.7,95,0.00,0
1,12/01/21,4:00,19.6,96,0.00,0
1,12/01/21,4:30,19.6,96,0.00,0
1,12/01/21,5:00,19.6,96,0.00,0
1,12/01/21,5:30,19.3,96,0.00,0
1,12/01/21,6:00,19.4,96,0.00,0
1,12/01/21,6:30,19.7,94,0.00,9
1,12/01/21,7:00,19.8,92,0.00,43
1,12/01/21,7:30,19.8,91,0.00,45
1,12/01/21,8:00,19.8,91,0.00,63
1,12/01/21,8:30,20.2,90,0.00,154
1,12/01/21,9:00,20.9,88,0.00,341
1,12/01/21,9:30,21.2,87,0.00,397
1,12/01/21,10:00,21.3,87,0.00,308
1,12/01/21,10:30,21.3,85,0.00,298
1,12/01/21,11:00,21.2,86,0.00,299
1,12/01/21,11:30,22.3,82,0.00,620
1,12/01/21,12:00,21.7,83,0.00,569
1,12/01/21,12:30,22.5,80,0.00,764
1,12/01/21,13:00,22.4,79,0.00,496
1,12/01/21,13:30,22.0,81,0.00,529
1,12/01/21,14:00,22.7,77,0.00,643
1,12/01/21,14:30,22.0,79,0.00,500
1,12/01/21,15:00,21.9,78,0.00,373
1,12/01/21,15:30,21.3,80,0.00,274
1,12/01/21,16:00,20.9,78,0.00,257
1,12/01/21,16:30,21.0,78,0.00,299
1,12/01/21,17:00,21.6,74,0.00,456
1,12/01/21,17:30,21.3,74,0.00,277
1,12/01/21,18:00,21.2,74,0.00,222
1,12/01/21,18:30,20.8,74,0.00,188
1,12/01/21,19:00,20.0,76,0.00,86
1,12/01/21,19:30,19.5,77,0.00,23
1,12/01/21,20:00,18.9,78,0.00,8
1,12/01/21,20:30,18.3,78,0.00,0
1,12/01/21,21:00,17.8,81,0.00,0
1,12/01/21,21:30,17.4,82,0.00,0
1,12/01/21,22:00,17.2,82,0.00,0
1,12/01/21,22:30,17.2,83,0.00,0
1,12/01/21,23:00,16.8,84,0.00,0
1,12/01/21,23:30,16.3,85,0.00,0
1,13/01/21,00:00,16.2,85,0.00,0
1,13/01/21,0:30,16.1,86,0.00,0
1,13/01/21,1:00,15.9,86,0.00,0
1,13/01/21,1:30,15.9,87,0.00,0
1,13/01/21,2:00,15.7,87,0.00,0
1,13/01/21,2:30,15.6,87,0.00,0
1,13/01/21,3:00,15.7,86,0.00,0
1,13/01/21,3:30,15.6,87,0.00,0
1,13/01/21,4:00,15.6,86,0.00,0
1,13/01/21,4:30,15.7,86,0.00,0
1,13/01/21,5:00,15.6,86,0.00,0
1,13/01/21,5:30,15.5,87,0.00,0
1,13/01/21,6:00,15.5,86,0.00,4
1,13/01/21,6:30,16.1,84,0.00,48
1,13/01/21,7:00,16.7,82,0.00,124
1,13/01/21,7:30,18.1,78,0.00,277
1,13/01/21,8:00,18.8,78,0.00,392
1,13/01/21,8:30,19.2,75,0.00,528
1,13/01/21,9:00,19.8,75,0.00,641
1,13/01/21,9:30,20.2,74,0.00,712
1,13/01/21,10:00,20.7,72,0.00,804
1,13/01/21,10:30,20.9,71,0.00,880
1,13/01/21,11:00,21.4,68,0.00,952
1,13/01/21,11:30,22.2,69,0.00,1020
1,13/01/21,12:00,22.2,67,0.00,1091
1,13/01/21,12:30,22.6,67,0.00,1099
1,13/01/21,13:00,22.9,62,0.00,1078
1,13/01/21,13:30,23.2,63,0.00,1038
1,13/01/21,14:00,23.4,62,0.00,1000
1,13/01/21,14:30,23.8,61,0.00,962
1,13/01/21,15:00,23.9,60,0.00,902
1,13/01/21,15:30,23.8,61,0.00,823
1,13/01/21,16:00,23.5,60,0.00,656
1,13/01/21,16:30,23.3,58,0.00,503
1,13/01/21,17:00,23.1,60,0.00,455
1,13/01/21,17:30,22.5,63,0.00,411
1,13/01/21,18:00,21.9,63,0.00,316
1,13/01/21,18:30,21.5,62,0.00,181
1,13/01/21,19:00,20.5,61,0.00,95
1,13/01/21,19:30,19.5,63,0.00,23
1,13/01/21,20:00,18.3,68,0.00,3
1,13/01/21,20:30,17.8,69,0.00,0
1,13/01/21,21:00,17.4,72,0.00,0
1,13/01/21,21:30,17.0,75,0.00,0
1,13/01/21,22:00,16.7,76,0.00,0
1,13/01/21,22:30,16.4,77,0.00,0
1,13/01/21,23:00,16.2,78,0.00,0
1,13/01/21,23:30,15.9,80,0.00,0
1,14/01/21,00:00,15.8,81,0.00,0
1,14/01/21,0:30,15.7,81,0.00,0
1,14/01/21,1:00,15.6,82,0.00,0
1,14/01/21,1:30,15.6,82,0.00,0
1,14/01/21,2:00,15.5,82,0.00,0
1,14/01/21,2:30,15.7,81,0.00,0
1,14/01/21,3:00,15.5,82,0.00,0
1,14/01/21,3:30,15.3,83,0.00,0
1,14/01/21,4:00,15.3,83,0.00,0
1,14/01/21,4:30,15.1,85,0.00,0
1,14/01/21,5:00,15.2,85,0.00,0
1,14/01/21,5:30,15.2,85,0.00,0
1,14/01/21,6:00,15.2,86,0.00,5
1,14/01/21,6:30,15.9,85,0.00,41
1,14/01/21,7:00,17.0,83,0.00,143
1,14/01/21,7:30,18.2,80,0.00,270
1,14/01/21,8:00,19.2,75,0.00,387
1,14/01/21,8:30,20.1,74,0.00,502
1,14/01/21,9:00,20.4,71,0.00,610
1,14/01/21,9:30,21.1,69,0.00,725
1,14/01/21,10:00,21.2,68,0.00,818
1,14/01/21,10:30,22.1,64,0.00,880
1,14/01/21,11:00,22.7,62,0.00,945
1,14/01/21,11:30,23.3,63,0.00,993
1,14/01/21,12:00,23.6,62,0.00,1028
1,14/01/21,12:30,24.2,59,0.00,1044
1,14/01/21,13:00,24.5,61,0.00,1044
1,14/01/21,13:30,25.2,58,0.00,1040
1,14/01/21,14:00,24.9,58,0.00,1021
1,14/01/21,14:30,25.5,57,0.00,960
1,14/01/21,15:00,25.4,58,0.00,899
1,14/01/21,15:30,25.8,57,0.00,813
1,14/01/21,16:00,25.2,58,0.00,667
1,14/01/21,16:30,25.4,59,0.00,540
1,14/01/21,17:00,24.9,60,0.00,354
1,14/01/21,17:30,23.9,61,0.00,256
1,14/01/21,18:00,24.2,59,0.00,309
1,14/01/21,18:30,22.9,63,0.00,133
1,14/01/21,19:00,22.7,65,0.00,110
1,14/01/21,19:30,21.7,70,0.00,26
1,14/01/21,20:00,20.8,74,0.00,3
1,14/01/21,20:30,20.3,77,0.00,0
1,14/01/21,21:00,19.7,79,0.00,0
1,14/01/21,21:30,19.3,81,0.00,0
1,14/01/21,22:00,19.1,82,0.00,0
1,14/01/21,22:30,18.6,83,0.00,0
1,14/01/21,23:00,18.4,83,0.00,0
1,14/01/21,23:30,18.3,84,0.00,0
1,15/01/21,00:00,17.9,85,0.00,0
1,15/01/21,0:30,17.8,85,0.00,0
1,15/01/21,1:00,17.6,86,0.00,0
1,15/01/21,1:30,17.5,86,0.00,0
1,15/01/21,2:00,17.7,85,0.00,0
1,15/01/21,2:30,17.3,87,0.00,0
1,15/01/21,3:00,17.6,87,0.00,0
1,15/01/21,3:30,18.3,86,0.00,0
1,15/01/21,4:00,18.1,87,0.00,0
1,15/01/21,4:30,17.8,89,0.00,0
1,15/01/21,5:00,17.6,90,0.00,0
1,15/01/21,5:30,17.4,91,0.00,0
1,15/01/21,6:00,17.4,91,0.00,4
1,15/01/21,6:30,18.1,90,0.00,37
1,15/01/21,7:00,19.3,88,0.00,135
1,15/01/21,7:30,20.2,85,0.00,259
1,15/01/21,8:00,21.4,82,0.00,375
1,15/01/21,8:30,22.1,78,0.00,488
1,15/01/21,9:00,22.8,76,0.00,593
1,15/01/21,9:30,23.9,73,0.00,692
1,15/01/21,10:00,24.4,73,0.00,781
1,15/01/21,10:30,25.2,71,0.00,857
1,15/01/21,11:00,26.2,68,0.00,924
1,15/01/21,11:30,26.7,67,0.00,960
1,15/01/21,12:00,26.9,67,0.00,1011
1,15/01/21,12:30,27.3,64,0.00,1046
1,15/01/21,13:00,28.1,65,0.00,1036
1,15/01/21,13:30,28.6,63,0.00,1051
1,15/01/21,14:00,29.1,62,0.00,1029
1,15/01/21,14:30,29.5,59,0.00,1037
1,15/01/21,15:00,29.6,61,0.00,957
1,15/01/21,15:30,29.5,60,0.00,802
1,15/01/21,16:00,29.7,61,0.00,557
1,15/01/21,16:30,29.4,61,0.00,506
1,15/01/21,17:00,29.0,64,0.00,398
1,15/01/21,17:30,28.3,67,0.00,298
1,15/01/21,18:00,27.9,69,0.00,226
1,15/01/21,18:30,27.2,72,0.00,168
1,15/01/21,19:00,26.2,74,0.00,66
1,15/01/21,19:30,25.5,78,0.00,25
1,15/01/21,20:00,24.7,80,0.00,1
1,15/01/21,20:30,24.0,82,0.00,0
1,15/01/21,21:00,23.5,84,0.00,0
1,15/01/21,21:30,23.2,85,0.00,0
1,15/01/21,22:00,23.1,86,0.00,0
1,15/01/21,22:30,22.8,86,0.00,0
1,15/01/21,23:00,22.7,87,0.00,0
1,15/01/21,23:30,22.7,88,0.00,0
1,16/01/21,00:00,22.6,88,0.00,0
1,16/01/21,0:30,22.7,88,0.00,0
1,16/01/21,1:00,22.7,90,0.00,0
1,16/01/21,1:30,22.6,90,0.00,0
1,16/01/21,2:00,22.5,91,0.00,0
1,16/01/21,2:30,22.4,90,0.00,0
1,16/01/21,3:00,22.3,92,0.00,0
1,16/01/21,3:30,19.7,96,19.60,0
1,16/01/21,4:00,19.7,96,2.60,0
1,16/01/21,4:30,19.8,97,2.20,0
1,16/01/21,5:00,20.1,96,0.40,0
1,16/01/21,5:30,20.1,95,0.20,0
1,16/01/21,6:00,20.1,95,0.60,0
1,16/01/21,6:30,19.5,96,5.80,0
1,16/01/21,7:00,19.3,97,5.60,0
1,16/01/21,7:30,19.4,97,1.60,4
1,16/01/21,8:00,19.3,96,4.60,0
1,16/01/21,8:30,19.2,96,3.20,0
1,16/01/21,9:00,19.8,96,3.00,5
1,16/01/21,9:30,19.5,97,4.00,5
1,16/01/21,10:00,19.3,97,1.80,8
1,16/01/21,10:30,19.3,97,4.60,12
1,16/01/21,11:00,19.3,97,3.00,26
1,16/01/21,11:30,19.2,97,1.00,55
1,16/01/21,12:00,19.3,97,1.00,71
1,16/01/21,12:30,19.8,97,0.40,240
1,16/01/21,13:00,20.4,97,0.00,525
1,16/01/21,13:30,21.4,96,0.00,660
1,16/01/21,14:00,21.9,93,0.00,1005
1,16/01/21,14:30,22.3,91,0.00,840
1,16/01/21,15:00,22.9,89,0.00,831
1,16/01/21,15:30,24.1,87,0.00,828
1,16/01/21,16:00,24.6,88,0.00,672
1,16/01/21,16:30,25.1,85,0.00,486
1,16/01/21,17:00,25.9,81,0.00,437
1,16/01/21,17:30,25.5,82,0.00,386
1,16/01/21,18:00,25.5,82,0.00,225
1,16/01/21,18:30,24.8,85,0.00,89
1,16/01/21,19:00,24.3,87,0.00,56
1,16/01/21,19:30,24.2,88,0.00,10
1,16/01/21,20:00,23.8,89,2.00,0
1,16/01/21,20:30,23.1,92,5.00,0
1,16/01/21,21:00,23.0,93,0.00,0
1,16/01/21,21:30,23.1,93,0.00,0
1,16/01/21,22:00,22.6,94,0.00,0
1,16/01/21,22:30,21.9,95,0.00,0
1,16/01/21,23:00,21.8,96,2.40,0
1,16/01/21,23:30,21.3,96,3.80,0
1,17/01/21,00:00,21.2,96,0.00,0
1,17/01/21,0:30,21.2,96,2.20,0
1,17/01/21,1:00,21.2,97,0.80,0
1,17/01/21,1:30,21.1,97,0.60,0
1,17/01/21,2:00,21.0,97,0.00,0
1,17/01/21,2:30,21.0,96,0.00,0
1,17/01/21,3:00,21.1,96,0.00,0
1,17/01/21,3:30,21.1,95,0.00,0
1,17/01/21,4:00,21.2,96,0.00,0
1,17/01/21,4:30,21.0,96,0.00,0
1,17/01/21,5:00,21.1,97,0.00,0
1,17/01/21,5:30,21.1,97,0.00,0
1,17/01/21,6:00,21.1,97,0.00,0
1,17/01/21,6:30,21.2,97,0.00,11
1,17/01/21,7:00,21.4,97,0.00,24
1,17/01/21,7:30,21.4,98,0.00,23
1,17/01/21,8:00,21.8,98,0.00,61
1,17/01/21,8:30,22.0,97,0.00,141
1,17/01/21,9:00,23.2,91,0.00,272
1,17/01/21,9:30,23.1,91,0.00,251
1,17/01/21,10:00,22.9,90,0.00,262
1,17/01/21,10:30,22.8,90,0.00,209
1,17/01/21,11:00,23.1,90,0.00,310
1,17/01/21,11:30,22.3,87,0.00,238
1,17/01/21,12:00,24.3,82,0.00,725
1,17/01/21,12:30,25.1,75,0.00,685
1,17/01/21,13:00,24.3,78,0.00,587
1,17/01/21,13:30,25.6,73,0.00,978
1,17/01/21,14:00,25.2,75,0.00,642
1,17/01/21,14:30,24.8,70,0.00,981
1,17/01/21,15:00,25.8,69,0.00,816
1,17/01/21,15:30,24.6,66,0.00,793
1,17/01/21,16:00,25.3,63,0.00,595
1,17/01/21,16:30,24.9,61,0.00,468
1,17/01/21,17:00,25.0,57,0.00,528
1,17/01/21,17:30,24.7,59,0.00,287
1,17/01/21,18:00,24.3,58,0.00,321
1,17/01/21,18:30,23.6,55,0.00,191
1,17/01/21,19:00,23.1,59,0.00,91
1,17/01/21,19:30,22.1,64,0.00,20
1,17/01/21,20:00,20.7,68,0.00,3
1,17/01/21,20:30,19.7,70,0.00,0
1,17/01/21,21:00,19.7,68,0.00,0
1,17/01/21,21:30,19.1,70,0.00,0
1,17/01/21,22:00,18.9,69,0.00,0
1,17/01/21,22:30,18.6,70,0.00,0
1,17/01/21,23:00,18.0,72,0.00,0
1,17/01/21,23:30,17.1,75,0.00,0
1,18/01/21,00:00,16.9,74,0.00,0
1,18/01/21,0:30,16.7,74,0.00,0
1,18/01/21,1:00,16.1,76,0.00,0
1,18/01/21,1:30,16.1,77,0.00,0
1,18/01/21,2:00,15.7,79,0.00,0
1,18/01/21,2:30,15.8,79,0.00,0
1,18/01/21,3:00,15.6,80,0.00,0
1,18/01/21,3:30,14.7,83,0.00,0
1,18/01/21,4:00,14.4,85,0.00,0
1,18/01/21,4:30,14.4,85,0.00,0
1,18/01/21,5:00,14.8,83,0.00,0
1,18/01/21,5:30,13.9,86,0.00,0
1,18/01/21,6:00,14.1,87,0.00,3
1,18/01/21,6:30,15.2,85,0.00,39
1,18/01/21,7:00,16.1,83,0.00,135
1,18/01/21,7:30,16.3,84,0.00,265
1,18/01/21,8:00,17.1,83,0.00,385
1,18/01/21,8:30,17.9,81,0.00,502
1,18/01/21,9:00,18.7,80,0.00,613
1,18/01/21,9:30,19.8,77,0.00,715
1,18/01/21,10:00,20.6,74,0.00,818
1,18/01/21,10:30,21.3,70,0.00,915
1,18/01/21,11:00,21.8,66,0.00,959
1,18/01/21,11:30,22.3,66,0.00,1022
1,18/01/21,12:00,22.3,66,0.00,1047
1,18/01/21,12:30,23.2,62,0.00,1067
1,18/01/21,13:00,23.4,58,0.00,1067
1,18/01/21,13:30,23.9,59,0.00,1053
1,18/01/21,14:00,24.2,55,0.00,1017
1,18/01/21,14:30,24.6,58,0.00,972
1,18/01/21,15:00,25.1,54,0.00,888
1,18/01/21,15:30,25.3,54,0.00,859
1,18/01/21,16:00,25.4,45,0.00,722
1,18/01/21,16:30,25.3,49,0.00,488
1,18/01/21,17:00,25.3,42,0.00,427
1,18/01/21,17:30,24.9,45,0.00,365
1,18/01/21,18:00,24.6,49,0.00,323
1,18/01/21,18:30,23.9,48,0.00,188
1,18/01/21,19:00,22.6,58,0.00,89
1,18/01/21,19:30,21.2,60,0.00,21
1,18/01/21,20:00,19.8,63,0.00,2
1,18/01/21,20:30,19.0,69,0.00,0
1,18/01/21,21:00,18.6,77,0.00,0
1,18/01/21,21:30,18.1,77,0.00,0
1,18/01/21,22:00,17.8,80,0.00,0
1,18/01/21,22:30,17.5,82,0.00,0
1,18/01/21,23:00,17.2,84,0.00,0
1,18/01/21,23:30,16.8,85,0.00,0
1,19/01/21,00:00,16.6,87,0.00,0
1,19/01/21,0:30,16.0,89,0.00,0
1,19/01/21,1:00,15.8,89,0.00,0
1,19/01/21,1:30,15.4,91,0.00,0
1,19/01/21,2:00,15.3,91,0.00,0
1,19/01/21,2:30,15.1,91,0.00,0
1,19/01/21,3:00,15.2,92,0.00,0
1,19/01/21,3:30,15.3,92,0.00,0
1,19/01/21,4:00,14.8,93,0.00,0
1,19/01/21,4:30,14.4,94,0.00,0
1,19/01/21,5:00,14.4,94,0.00,0
1,19/01/21,5:30,14.4,94,0.00,0
1,19/01/21,6:00,14.9,92,0.00,3
1,19/01/21,6:30,14.8,92,0.00,41
1,19/01/21,7:00,16.1,90,0.00,139
1,19/01/21,7:30,17.2,86,0.00,264
1,19/01/21,8:00,18.2,84,0.00,385
1,19/01/21,8:30,19.2,79,0.00,498
1,19/01/21,9:00,20.1,73,0.00,609
1,19/01/21,9:30,20.8,70,0.00,711
1,19/01/21,10:00,21.7,63,0.00,802
1,19/01/21,10:30,22.4,61,0.00,880
1,19/01/21,11:00,23.3,53,0.00,948
1,19/01/21,11:30,23.6,51,0.00,999
1,19/01/21,12:00,24.1,51,0.00,1036
1,19/01/21,12:30,24.6,51,0.00,1048
1,19/01/21,13:00,24.9,52,0.00,1048
1,19/01/21,13:30,25.4,51,0.00,1033
1,19/01/21,14:00,25.6,53,0.00,1005
1,19/01/21,14:30,25.8,54,0.00,966
1,19/01/21,15:00,26.2,56,0.00,906
1,19/01/21,15:30,26.2,53,0.00,833
1,19/01/21,16:00,26.2,51,0.00,715
1,19/01/21,16:30,26.0,50,0.00,489
1,19/01/21,17:00,25.8,51,0.00,428
1,19/01/21,17:30,25.3,50,0.00,356
1,19/01/21,18:00,25.3,53,0.00,320
1,19/01/21,18:30,24.4,55,0.00,192
1,19/01/21,19:00,23.6,58,0.00,86
1,19/01/21,19:30,22.4,63,0.00,20
1,19/01/21,20:00,21.2,67,0.00,2
1,19/01/21,20:30,20.3,73,0.00,0
1,19/01/21,21:00,19.4,76,0.00,0
1,19/01/21,21:30,19.2,79,0.00,0
1,19/01/21,22:00,18.6,83,0.00,0
1,19/01/21,22:30,17.9,86,0.00,0
1,19/01/21,23:00,17.4,88,0.00,0
1,19/01/21,23:30,17.2,89,0.00,0
1,20/01/21,00:00,17.1,91,0.00,0
1,20/01/21,0:30,17.0,91,0.00,0
1,20/01/21,1:00,16.8,92,0.00,0
1,20/01/21,1:30,16.6,92,0.00,0
1,20/01/21,2:00,16.7,92,0.00,0
1,20/01/21,2:30,16.7,91,0.00,0
1,20/01/21,3:00,17.0,90,0.00,0
1,20/01/21,3:30,16.8,92,0.00,0
1,20/01/21,4:00,16.7,91,0.00,0
1,20/01/21,4:30,16.3,92,0.00,0
1,20/01/21,5:00,16.4,92,0.00,0
1,20/01/21,5:30,16.1,92,0.00,0
1,20/01/21,6:00,16.1,92,0.00,3
1,20/01/21,6:30,16.9,90,0.00,32
1,20/01/21,7:00,17.7,89,0.00,131
1,20/01/21,7:30,18.2,88,0.00,263
1,20/01/21,8:00,19.2,85,0.00,384
1,20/01/21,8:30,19.8,84,0.00,497
1,20/01/21,9:00,20.5,78,0.00,608
1,20/01/21,9:30,21.7,73,0.00,711
1,20/01/21,10:00,22.4,70,0.00,804
1,20/01/21,10:30,22.7,67,0.00,881
1,20/01/21,11:00,23.5,66,0.00,948
1,20/01/21,11:30,24.1,61,0.00,1000
1,20/01/21,12:00,24.3,60,0.00,1033
1,20/01/21,12:30,24.9,59,0.00,1052
1,20/01/21,13:00,25.4,59,0.00,1056
1,20/01/21,13:30,25.9,55,0.00,1042
1,20/01/21,14:00,26.2,53,0.00,1012
1,20/01/21,14:30,26.4,52,0.00,972
1,20/01/21,15:00,26.3,52,0.00,913
1,20/01/21,15:30,26.5,51,0.00,842
1,20/01/21,16:00,26.2,55,0.00,723
1,20/01/21,16:30,25.7,57,0.00,494
1,20/01/21,17:00,25.7,57,0.00,428
1,20/01/21,17:30,25.2,58,0.00,347
1,20/01/21,18:00,24.8,62,0.00,320
1,20/01/21,18:30,24.2,59,0.00,186
1,20/01/21,19:00,23.4,64,0.00,85
1,20/01/21,19:30,22.3,67,0.00,22
1,20/01/21,20:00,21.3,72,0.00,2
1,20/01/21,20:30,20.8,76,0.00,0
1,20/01/21,21:00,20.1,79,0.00,0
1,20/01/21,21:30,19.9,83,0.00,0
1,20/01/21,22:00,19.6,86,0.00,0
1,20/01/21,22:30,19.3,88,0.00,0
1,20/01/21,23:00,19.1,88,0.00,0
1,20/01/21,23:30,19.0,89,0.00,0
1,21/01/21,00:00,18.9,90,0.00,0
1,21/01/21,0:30,18.8,92,0.00,0
1,21/01/21,1:00,18.7,92,0.00,0
1,21/01/21,1:30,18.4,93,0.00,0
1,21/01/21,2:00,18.3,92,0.00,0
1,21/01/21,2:30,18.3,92,0.00,0
1,21/01/21,3:00,18.1,92,0.00,0
1,21/01/21,3:30,18.2,93,0.00,0
1,21/01/21,4:00,18.2,93,0.00,0
1,21/01/21,4:30,18.3,92,0.00,0
1,21/01/21,5:00,17.9,93,0.00,0
1,21/01/21,5:30,17.9,93,0.00,0
1,21/01/21,6:00,17.8,92,0.00,2
1,21/01/21,6:30,18.1,92,0.00,29
1,21/01/21,7:00,18.8,91,0.00,117
1,21/01/21,7:30,19.3,90,0.00,241
1,21/01/21,8:00,19.6,88,0.00,355
1,21/01/21,8:30,20.4,84,0.00,532
1,21/01/21,9:00,21.5,78,0.00,597
1,21/01/21,9:30,22.4,75,0.00,705
1,21/01/21,10:00,24.1,75,0.00,705
1,21/01/21,10:30,24.1,67,0.00,862
1,21/01/21,11:00,24.2,67,0.00,942
1,21/01/21,11:30,24.8,68,0.00,993
1,21/01/21,12:00,25.2,65,0.00,1026
1,21/01/21,12:30,25.6,61,0.00,1046
1,21/01/21,13:00,25.9,60,0.00,1050
1,21/01/21,13:30,26.3,62,0.00,1043
1,21/01/21,14:00,26.3,58,0.00,1026
1,21/01/21,14:30,26.8,57,0.00,974
1,21/01/21,15:00,26.2,57,0.00,909
1,21/01/21,15:30,25.9,56,0.00,834
1,21/01/21,16:00,26.2,54,0.00,749
1,21/01/21,16:30,26.2,57,0.00,654
1,21/01/21,17:00,25.9,58,0.00,549
1,21/01/21,17:30,25.4,57,0.00,437
1,21/01/21,18:00,24.9,59,0.00,325
1,21/01/21,18:30,24.4,59,0.00,203
1,21/01/21,19:00,23.7,63,0.00,84
1,21/01/21,19:30,22.6,66,0.00,19
1,21/01/21,20:00,21.6,70,0.00,2
1,21/01/21,20:30,20.8,74,0.00,0
1,21/01/21,21:00,20.3,78,0.00,0
1,21/01/21,21:30,19.8,80,0.00,0
1,21/01/21,22:00,19.5,82,0.00,0
1,21/01/21,22:30,19.3,84,0.00,0
1,21/01/21,23:00,19.1,86,0.00,0
1,21/01/21,23:30,18.9,88,0.00,0
1,22/01/21,00:00,18.7,88,0.00,0
1,22/01/21,0:30,18.6,90,0.00,0
1,22/01/21,1:00,18.4,91,0.00,0
1,22/01/21,1:30,18.4,91,0.00,0
1,22/01/21,2:00,18.4,92,0.00,0
1,22/01/21,2:30,18.2,92,0.00,0
1,22/01/21,3:00,18.2,92,0.00,0
1,22/01/21,3:30,18.5,93,0.00,0
1,22/01/21,4:00,18.7,93,0.00,0
1,22/01/21,4:30,18.9,92,0.00,0
1,22/01/21,5:00,19.2,93,0.00,0
1,22/01/21,5:30,19.3,93,0.00,0
1,22/01/21,6:00,19.2,93,0.00,2
1,22/01/21,6:30,19.7,92,0.00,24
1,22/01/21,7:00,20.2,91,0.00,107
1,22/01/21,7:30,21.1,89,0.00,243
1,22/01/21,8:00,21.3,88,0.00,340
1,22/01/21,8:30,22.4,85,0.00,483
1,22/01/21,9:00,22.8,84,0.00,514
1,22/01/21,9:30,23.8,80,0.00,661
1,22/01/21,10:00,24.7,78,0.00,648
1,22/01/21,10:30,25.2,75,0.00,352
1,22/01/21,11:00,25.8,70,0.00,528
1,22/01/21,11:30,26.6,68,0.00,1058
1,22/01/21,12:00,27.0,65,0.00,852
1,22/01/21,12:30,27.1,66,0.00,423
1,22/01/21,13:00,27.7,67,0.00,869
1,22/01/21,13:30,27.7,65,0.00,1041
1,22/01/21,14:00,27.7,65,0.00,875
1,22/01/21,14:30,27.4,69,0.00,900
1,22/01/21,15:00,27.8,68,0.00,900
1,22/01/21,15:30,28.1,67,0.00,855
1,22/01/21,16:00,27.7,67,0.00,743
1,22/01/21,16:30,27.8,68,0.00,645
1,22/01/21,17:00,26.7,70,0.00,541
1,22/01/21,17:30,25.8,73,0.00,422
1,22/01/21,18:00,25.3,74,0.00,312
1,22/01/21,18:30,24.9,77,0.00,198
1,22/01/21,19:00,23.9,78,0.00,80
1,22/01/21,19:30,23.2,82,0.00,18
1,22/01/21,20:00,22.7,84,0.00,2
1,22/01/21,20:30,22.3,86,0.00,0
1,22/01/21,21:00,21.8,88,0.00,0
1,22/01/21,21:30,21.6,89,0.00,0
1,22/01/21,22:00,21.4,89,0.00,0
1,22/01/21,22:30,21.9,88,0.00,0
1,22/01/21,23:00,22.0,86,0.00,0
1,22/01/21,23:30,22.0,86,0.00,0
1,23/01/21,00:00,22.0,86,0.00,0
1,23/01/21,0:30,21.9,85,0.00,0
1,23/01/21,1:00,21.6,86,0.00,0
1,23/01/21,1:30,21.4,86,0.00,0
1,23/01/21,2:00,21.2,87,0.00,0
1,23/01/21,2:30,21.1,88,0.00,0
1,23/01/21,3:00,21.0,89,0.00,0
1,23/01/21,3:30,20.7,90,0.00,0
1,23/01/21,4:00,20.4,91,0.00,0
1,23/01/21,4:30,20.5,91,0.00,0
1,23/01/21,5:00,20.4,91,0.00,0
1,23/01/21,5:30,20.1,92,0.00,0
1,23/01/21,6:00,20.2,92,0.00,1
1,23/01/21,6:30,20.4,92,0.00,21
1,23/01/21,7:00,21.0,91,0.00,88
1,23/01/21,7:30,21.4,88,0.00,145
1,23/01/21,8:00,21.7,87,0.00,269
1,23/01/21,8:30,22.1,85,0.00,181
1,23/01/21,9:00,23.2,82,0.00,322
1,23/01/21,9:30,23.8,80,0.00,435
1,23/01/21,10:00,24.3,77,0.00,395
1,23/01/21,10:30,24.7,75,0.00,506
1,23/01/21,11:00,25.3,74,0.00,504
1,23/01/21,11:30,25.7,72,0.00,538
1,23/01/21,12:00,25.7,74,0.00,522
1,23/01/21,12:30,26.3,70,0.00,638
1,23/01/21,13:00,27.1,68,0.00,880
1,23/01/21,13:30,27.7,63,0.00,1004
1,23/01/21,14:00,28.2,64,0.00,862
1,23/01/21,14:30,28.2,64,0.00,611
1,23/01/21,15:00,28.9,63,0.00,934
1,23/01/21,15:30,28.8,60,0.00,653
1,23/01/21,16:00,29.3,61,0.00,416
1,23/01/21,16:30,29.3,58,0.00,507
1,23/01/21,17:00,29.3,57,0.00,571
1,23/01/21,17:30,29.2,59,0.00,407
1,23/01/21,18:00,28.6,63,0.00,320
1,23/01/21,18:30,27.9,65,0.00,160
1,23/01/21,19:00,27.1,68,0.00,81
1,23/01/21,19:30,25.9,71,0.00,17
1,23/01/21,20:00,24.8,74,0.00,2
1,23/01/21,20:30,23.9,77,0.00,0
1,23/01/21,21:00,23.4,79,0.00,0
1,23/01/21,21:30,22.9,81,0.00,0
1,23/01/21,22:00,22.4,84,0.00,0
1,23/01/21,22:30,21.9,86,0.00,0
1,23/01/21,23:00,21.8,88,0.00,0
1,23/01/21,23:30,21.4,90,0.00,0
1,24/01/21,00:00,21.4,91,0.00,0
1,24/01/21,0:30,21.1,92,0.00,0
1,24/01/21,1:00,21.0,93,0.00,0
1,24/01/21,1:30,20.4,94,0.00,0
1,24/01/21,2:00,20.3,96,0.00,0
1,24/01/21,2:30,20.3,93,0.00,0
1,24/01/21,3:00,20.0,93,0.00,0
1,24/01/21,3:30,19.8,93,0.00,0
1,24/01/21,4:00,19.4,94,0.00,0
1,24/01/21,4:30,19.6,95,0.00,0
1,24/01/21,5:00,19.8,95,0.00,0
1,24/01/21,5:30,19.9,93,0.00,0
1,24/01/21,6:00,19.6,94,0.00,0
1,24/01/21,6:30,19.8,93,0.00,25
1,24/01/21,7:00,20.7,91,0.00,124
1,24/01/21,7:30,21.3,89,0.00,222
1,24/01/21,8:00,22.6,86,0.00,357
1,24/01/21,8:30,23.1,83,0.00,347
1,24/01/21,9:00,23.6,81,0.00,410
1,24/01/21,9:30,24.8,76,0.00,666
1,24/01/21,10:00,25.6,73,0.00,760
1,24/01/21,10:30,26.3,71,0.00,892
1,24/01/21,11:00,27.5,67,0.00,1030
1,24/01/21,11:30,27.6,66,0.00,744
1,24/01/21,12:00,27.8,67,0.00,632
1,24/01/21,12:30,28.0,61,0.00,673
1,24/01/21,13:00,28.5,63,0.00,808
1,24/01/21,13:30,29.6,61,0.00,842
1,24/01/21,14:00,29.2,57,0.00,864
1,24/01/21,14:30,29.3,61,0.00,805
1,24/01/21,15:00,29.3,58,0.00,920
1,24/01/21,15:30,28.8,59,0.00,786
1,24/01/21,16:00,28.8,56,0.00,731
1,24/01/21,16:30,29.0,55,0.00,660
1,24/01/21,17:00,29.1,56,0.00,590
1,24/01/21,17:30,28.8,56,0.00,417
1,24/01/21,18:00,28.7,58,0.00,302
1,24/01/21,18:30,27.7,64,0.00,208
1,24/01/21,19:00,27.4,64,0.00,98
1,24/01/21,19:30,25.8,74,0.00,17
1,24/01/21,20:00,24.5,80,0.00,2
1,24/01/21,20:30,23.8,83,0.00,0
1,24/01/21,21:00,23.3,85,0.00,0
1,24/01/21,21:30,22.9,87,0.00,0
1,24/01/21,22:00,22.8,89,0.00,0
1,24/01/21,22:30,22.5,89,0.00,0
1,24/01/21,23:00,22.2,90,0.00,0
1,24/01/21,23:30,21.8,92,0.00,0
1,25/01/21,00:00,21.8,92,0.00,0
1,25/01/21,0:30,21.5,93,0.00,0
1,25/01/21,1:00,21.1,93,0.00,0
1,25/01/21,1:30,21.4,92,0.00,0
1,25/01/21,2:00,21.1,93,0.00,0
1,25/01/21,2:30,20.7,93,0.00,0
1,25/01/21,3:00,20.7,93,0.00,0
1,25/01/21,3:30,20.8,91,0.00,0
1,25/01/21,4:00,20.8,89,0.00,0
1,25/01/21,4:30,20.6,87,0.00,0
1,25/01/21,5:00,20.5,87,0.00,0
1,25/01/21,5:30,20.5,87,0.00,0
1,25/01/21,6:00,20.4,87,0.00,1
1,25/01/21,6:30,21.3,84,0.00,23
1,25/01/21,7:00,21.3,86,0.00,103
1,25/01/21,7:30,21.6,86,0.00,225
1,25/01/21,8:00,22.4,83,0.00,339
1,25/01/21,8:30,22.6,81,0.00,452
1,25/01/21,9:00,23.8,78,0.00,561
1,25/01/21,9:30,24.8,74,0.00,669
1,25/01/21,10:00,25.3,75,0.00,804
1,25/01/21,10:30,25.9,74,0.00,850
1,25/01/21,11:00,26.7,73,0.00,910
1,25/01/21,11:30,27.7,64,0.00,1005
1,25/01/21,12:00,28.1,67,0.00,786
1,25/01/21,12:30,27.8,61,0.00,620
1,25/01/21,13:00,29.6,55,0.00,1173
1,25/01/21,13:30,30.0,58,0.00,1160
1,25/01/21,14:00,30.2,52,0.00,1085
1,25/01/21,14:30,30.6,52,0.00,1005
1,25/01/21,15:00,31.1,54,0.00,960
1,25/01/21,15:30,30.9,50,0.00,833
1,25/01/21,16:00,31.1,46,0.00,744
1,25/01/21,16:30,31.3,44,0.00,652
1,25/01/21,17:00,30.7,47,0.00,407
1,25/01/21,17:30,31.6,46,0.00,427
1,25/01/21,18:00,31.6,43,0.00,326
1,25/01/21,18:30,31.4,45,0.00,209
1,25/01/21,19:00,27.7,68,0.00,113
1,25/01/21,19:30,26.2,73,0.00,28
1,25/01/21,20:00,25.3,77,0.00,2
1,25/01/21,20:30,24.8,78,0.00,0
1,25/01/21,21:00,24.3,79,0.00,0
1,25/01/21,21:30,24.0,80,0.00,0
1,25/01/21,22:00,23.7,81,0.00,0
1,25/01/21,22:30,23.9,79,0.00,0
1,25/01/21,23:00,23.6,81,0.00,0
1,25/01/21,23:30,23.1,83,0.00,0
1,26/01/21,00:00,23.2,81,0.00,0
1,26/01/21,0:30,23.0,82,0.00,0
1,26/01/21,1:00,22.7,81,0.00,0
1,26/01/21,1:30,22.7,82,0.00,0
1,26/01/21,2:00,22.5,82,0.00,0
1,26/01/21,2:30,22.3,84,0.00,0
1,26/01/21,3:00,22.2,85,0.00,0
1,26/01/21,3:30,22.1,86,0.00,0
1,26/01/21,4:00,21.8,84,0.00,0
1,26/01/21,4:30,22.3,84,0.00,0
1,26/01/21,5:00,22.1,84,0.00,0
1,26/01/21,5:30,21.6,86,0.00,0
1,26/01/21,6:00,21.2,87,0.00,1
1,26/01/21,6:30,21.6,87,0.00,22
1,26/01/21,7:00,22.2,85,0.00,124
1,26/01/21,7:30,22.8,84,0.00,230
1,26/01/21,8:00,23.2,84,0.00,339
1,26/01/21,8:30,23.6,83,0.00,449
1,26/01/21,9:00,24.7,82,0.00,559
1,26/01/21,9:30,26.3,77,0.00,664
1,26/01/21,10:00,26.6,75,0.00,763
1,26/01/21,10:30,27.2,72,0.00,811
1,26/01/21,11:00,28.0,70,0.00,893
1,26/01/21,11:30,28.6,69,0.00,969
1,26/01/21,12:00,28.7,67,0.00,908
1,26/01/21,12:30,29.2,65,0.00,815
1,26/01/21,13:00,29.8,64,0.00,849
1,26/01/21,13:30,29.5,61,0.00,743
1,26/01/21,14:00,30.0,61,0.00,859
1,26/01/21,14:30,29.9,64,0.00,436
1,26/01/21,15:00,29.4,65,0.00,472
1,26/01/21,15:30,28.5,70,0.00,305
1,26/01/21,16:00,25.9,78,0.00,82
1,26/01/21,16:30,23.9,91,1.20,29
1,26/01/21,17:00,23.5,93,0.80,60
1,26/01/21,17:30,23.2,92,1.20,60
1,26/01/21,18:00,23.1,94,1.00,59
1,26/01/21,18:30,23.1,94,0.00,73
1,26/01/21,19:00,23.1,94,0.00,43
1,26/01/21,19:30,22.8,95,0.00,20
1,26/01/21,20:00,22.8,95,0.00,1
1,26/01/21,20:30,22.7,95,0.00,0
1,26/01/21,21:00,22.6,95,0.00,0
1,26/01/21,21:30,22.5,96,0.00,0
1,26/01/21,22:00,22.6,96,0.00,0
1,26/01/21,22:30,22.7,96,0.20,0
1,26/01/21,23:00,22.7,97,0.20,0
1,26/01/21,23:30,22.6,97,0.00,0
1,27/01/21,00:00,22.3,97,0.20,0
1,27/01/21,0:30,22.4,97,0.00,0
1,27/01/21,1:00,22.3,97,1.40,0
1,27/01/21,1:30,22.4,97,0.00,0
1,27/01/21,2:00,22.7,96,0.00,0
1,27/01/21,2:30,22.7,95,0.00,0
1,27/01/21,3:00,22.6,94,0.00,0
1,27/01/21,3:30,22.5,94,0.00,0
1,27/01/21,4:00,22.4,94,0.00,0
1,27/01/21,4:30,22.6,93,0.00,0
1,27/01/21,5:00,22.6,93,0.00,0
1,27/01/21,5:30,22.7,92,0.00,0
1,27/01/21,6:00,22.4,93,0.00,0
1,27/01/21,6:30,22.3,94,0.00,15
1,27/01/21,7:00,22.5,94,0.00,25
1,27/01/21,7:30,22.9,92,0.00,107
1,27/01/21,8:00,23.2,91,0.00,130
1,27/01/21,8:30,23.2,91,0.00,81
1,27/01/21,9:00,23.9,89,0.00,228
1,27/01/21,9:30,23.7,89,0.00,220
1,27/01/21,10:00,23.9,88,0.00,275
1,27/01/21,10:30,23.8,89,0.00,300
1,27/01/21,11:00,22.3,94,0.00,212
1,27/01/21,11:30,21.6,95,0.80,142
1,27/01/21,12:00,21.7,97,1.40,131
1,27/01/21,12:30,21.7,96,0.80,182
1,27/01/21,13:00,21.4,95,1.60,182
1,27/01/21,13:30,21.8,93,0.20,231
1,27/01/21,14:00,22.2,91,0.00,289
1,27/01/21,14:30,22.2,91,0.00,136
1,27/01/21,15:00,21.9,90,0.00,102
1,27/01/21,15:30,20.9,88,0.00,110
1,27/01/21,16:00,21.2,92,0.20,171
1,27/01/21,16:30,22.1,88,0.00,322
1,27/01/21,17:00,22.7,84,0.00,267
1,27/01/21,17:30,22.8,83,0.00,171
1,27/01/21,18:00,22.7,86,0.00,100
1,27/01/21,18:30,22.6,87,0.00,66
1,27/01/21,19:00,22.3,89,0.00,33
1,27/01/21,19:30,22.2,90,0.00,9
1,27/01/21,20:00,22.0,91,0.00,0
1,27/01/21,20:30,21.9,92,0.00,0
1,27/01/21,21:00,21.7,93,0.00,0
1,27/01/21,21:30,21.3,93,0.00,0
1,27/01/21,22:00,21.3,94,0.00,0
1,27/01/21,22:30,21.2,93,0.00,0
1,27/01/21,23:00,21.2,93,0.00,0
1,27/01/21,23:30,20.8,95,0.00,0
1,28/01/21,00:00,20.8,95,0.00,0
1,28/01/21,0:30,20.8,94,0.00,0
1,28/01/21,1:00,20.8,94,0.00,0
1,28/01/21,1:30,20.8,94,0.00,0
1,28/01/21,2:00,20.8,94,0.00,0
1,28/01/21,2:30,20.5,95,0.00,0
1,28/01/21,3:00,20.7,95,0.00,0
1,28/01/21,3:30,20.4,95,0.00,0
1,28/01/21,4:00,20.4,95,0.00,0
1,28/01/21,4:30,20.4,95,0.00,0
1,28/01/21,5:00,20.1,96,0.00,0
1,28/01/21,5:30,19.9,97,0.00,0
1,28/01/21,6:00,19.6,97,0.00,0
1,28/01/21,6:30,19.8,97,0.00,8
1,28/01/21,7:00,20.1,97,0.00,39
1,28/01/21,7:30,20.6,97,0.00,154
1,28/01/21,8:00,20.4,97,0.00,133
1,28/01/21,8:30,20.7,97,0.00,161
1,28/01/21,9:00,21.3,95,0.00,312
1,28/01/21,9:30,22.9,89,0.00,641
1,28/01/21,10:00,23.8,85,0.00,781
1,28/01/21,10:30,24.8,81,0.00,886
1,28/01/21,11:00,25.9,72,0.00,946
1,28/01/21,11:30,26.8,66,0.00,1040
1,28/01/21,12:00,26.8,65,0.00,924
1,28/01/21,12:30,27.2,65,0.00,986
1,28/01/21,13:00,27.8,65,0.00,972
1,28/01/21,13:30,27.6,58,0.00,1093
1,28/01/21,14:00,28.1,57,0.00,1021
1,28/01/21,14:30,28.2,55,0.00,1033
1,28/01/21,15:00,28.6,55,0.00,957
1,28/01/21,15:30,28.3,59,0.00,709
1,28/01/21,16:00,27.8,64,0.00,642
1,28/01/21,16:30,27.3,65,0.00,387
1,28/01/21,17:00,26.4,67,0.00,290
1,28/01/21,17:30,26.0,67,0.00,267
1,28/01/21,18:00,25.3,70,0.00,184
1,28/01/21,18:30,24.6,74,0.00,83
1,28/01/21,19:00,23.9,78,0.00,37
1,28/01/21,19:30,23.4,81,0.00,13
1,28/01/21,20:00,22.7,78,0.00,3
1,28/01/21,20:30,22.1,83,0.00,0
1,28/01/21,21:00,21.7,84,0.00,0
1,28/01/21,21:30,21.6,86,0.00,0
1,28/01/21,22:00,21.2,87,0.00,0
1,28/01/21,22:30,20.8,89,0.00,0
1,28/01/21,23:00,20.7,90,0.00,0
1,28/01/21,23:30,20.6,91,0.00,0
1,29/01/21,00:00,20.7,91,0.00,0
1,29/01/21,0:30,20.7,92,0.00,0
1,29/01/21,1:00,20.5,91,0.00,0
1,29/01/21,1:30,20.2,93,0.00,0
1,29/01/21,2:00,20.4,92,0.00,0
1,29/01/21,2:30,20.3,93,0.00,0
1,29/01/21,3:00,20.4,93,0.00,0
1,29/01/21,3:30,20.1,93,0.00,0
1,29/01/21,4:00,20.0,94,0.00,0
1,29/01/21,4:30,20.1,94,0.00,0
1,29/01/21,5:00,20.3,94,0.00,0
1,29/01/21,5:30,20.1,95,0.00,0
1,29/01/21,6:00,19.8,95,0.00,0
1,29/01/21,6:30,20.0,96,0.00,12
1,29/01/21,7:00,20.1,96,0.00,50
1,29/01/21,7:30,20.4,96,0.00,96
1,29/01/21,8:00,21.1,93,0.00,213
1,29/01/21,8:30,21.6,92,0.00,222
1,29/01/21,9:00,22.8,88,0.00,474
1,29/01/21,9:30,23.2,85,0.00,286
1,29/01/21,10:00,24.8,81,0.00,375
1,29/01/21,10:30,26.1,77,0.00,857
1,29/01/21,11:00,26.2,76,0.00,502
1,29/01/21,11:30,26.7,78,0.00,428
1,29/01/21,12:00,27.2,73,0.00,929
1,29/01/21,12:30,27.7,73,0.00,563
1,29/01/21,13:00,26.1,76,0.00,740
1,29/01/21,13:30,24.9,87,0.20,192
1,29/01/21,14:00,26.6,85,0.00,490
1,29/01/21,14:30,27.9,77,0.00,1046
1,29/01/21,15:00,27.4,82,0.00,340
1,29/01/21,15:30,26.7,80,0.00,525
1,29/01/21,16:00,25.8,83,0.00,346
1,29/01/21,16:30,25.8,81,0.00,260
1,29/01/21,17:00,26.8,78,0.00,478
1,29/01/21,17:30,27.1,75,0.00,307
1,29/01/21,18:00,26.3,79,0.00,173
1,29/01/21,18:30,26.2,80,0.00,142
1,29/01/21,19:00,25.7,82,0.00,60
1,29/01/21,19:30,25.1,84,0.00,17
1,29/01/21,20:00,24.9,84,0.00,0
1,29/01/21,20:30,24.7,85,0.00,0
1,29/01/21,21:00,24.6,85,0.00,0
1,29/01/21,21:30,24.2,86,0.00,0
1,29/01/21,22:00,24.2,86,0.00,0
1,29/01/21,22:30,24.2,87,0.00,0
1,29/01/21,23:00,23.6,90,0.00,0
1,29/01/21,23:30,23.0,92,0.00,0
1,30/01/21,00:00,22.9,93,0.00,0
1,30/01/21,0:30,22.8,94,0.00,0
1,30/01/21,1:00,22.6,94,0.00,0
1,30/01/21,1:30,22.4,96,0.00,0
1,30/01/21,2:00,22.3,97,0.00,0
1,30/01/21,2:30,22.0,97,0.00,0
1,30/01/21,3:00,21.8,97,0.00,0
1,30/01/21,3:30,21.7,97,0.00,0
1,30/01/21,4:00,21.3,97,0.00,0
1,30/01/21,4:30,21.2,96,0.00,0
1,30/01/21,5:00,21.3,97,0.00,0
1,30/01/21,5:30,21.5,96,0.00,0
1,30/01/21,6:00,21.5,96,0.00,0
1,30/01/21,6:30,21.4,96,0.00,21
1,30/01/21,7:00,22.4,94,0.00,124
1,30/01/21,7:30,22.6,93,0.00,95
1,30/01/21,8:00,23.4,92,0.00,272
1,30/01/21,8:30,24.7,84,0.00,445
1,30/01/21,9:00,25.4,80,0.00,473
1,30/01/21,9:30,26.0,75,0.00,668
1,30/01/21,10:00,26.8,76,0.00,750
1,30/01/21,10:30,26.9,74,0.00,843
1,30/01/21,11:00,27.7,74,0.00,906
1,30/01/21,11:30,28.1,70,0.00,965
1,30/01/21,12:00,28.8,71,0.00,864
1,30/01/21,12:30,29.2,66,0.00,746
1,30/01/21,13:00,30.2,61,0.00,1168
1,30/01/21,13:30,29.7,63,0.00,934
1,30/01/21,14:00,29.3,63,0.00,628
1,30/01/21,14:30,30.7,59,0.00,850
1,30/01/21,15:00,31.3,52,0.00,924
1,30/01/21,15:30,30.7,52,0.00,710
1,30/01/21,16:00,31.3,50,0.00,633
1,30/01/21,16:30,30.6,54,0.00,359
1,30/01/21,17:00,25.7,77,0.00,157
1,30/01/21,17:30,25.3,79,0.00,111
1,30/01/21,18:00,24.9,81,0.00,42
1,30/01/21,18:30,24.4,83,0.00,6
1,30/01/21,19:00,18.7,92,9.20,0
1,30/01/21,19:30,18.3,95,9.00,0
1,30/01/21,20:00,18.7,96,2.60,0
1,30/01/21,20:30,18.8,96,3.20,0
1,30/01/21,21:00,18.8,96,1.60,0
1,30/01/21,21:30,19.3,95,0.60,0
1,30/01/21,22:00,19.2,94,0.00,0
1,30/01/21,22:30,19.3,94,0.00,0
1,30/01/21,23:00,19.3,95,0.00,0
1,30/01/21,23:30,19.2,94,0.00,0
1,31/01/21,00:00,19.3,94,0.00,0
1,31/01/21,0:30,19.1,95,0.00,0
1,31/01/21,1:00,18.9,94,0.00,0
1,31/01/21,1:30,18.9,94,0.00,0
1,31/01/21,2:00,19.4,92,0.00,0
1,31/01/21,2:30,18.9,93,0.00,0
1,31/01/21,3:00,18.8,93,0.00,0
1,31/01/21,3:30,18.4,93,0.00,0
1,31/01/21,4:00,18.4,94,0.00,0
1,31/01/21,4:30,18.4,94,0.00,0
1,31/01/21,5:00,18.8,93,0.00,0
1,31/01/21,5:30,18.4,93,0.00,0
1,31/01/21,6:00,18.3,93,0.00,0
1,31/01/21,6:30,18.6,94,0.00,18
1,31/01/21,7:00,19.6,91,0.00,85
1,31/01/21,7:30,19.1,93,0.00,116
1,31/01/21,8:00,19.5,94,0.00,154
1,31/01/21,8:30,19.9,94,0.00,203
1,31/01/21,9:00,21.1,90,0.00,512
1,31/01/21,9:30,21.4,88,0.00,311
1,31/01/21,10:00,21.4,88,0.00,253
1,31/01/21,10:30,21.8,83,0.00,292
1,31/01/21,11:00,23.1,79,0.00,465
1,31/01/21,11:30,23.2,78,0.00,470
1,31/01/21,12:00,23.4,79,0.00,370
1,31/01/21,12:30,24.3,76,0.00,613
1,31/01/21,13:00,23.8,75,0.00,393
1,31/01/21,13:30,24.6,78,0.00,572
1,31/01/21,14:00,24.3,74,0.00,597
1,31/01/21,14:30,25.3,75,0.00,604
1,31/01/21,15:00,25.7,74,0.00,539
1,31/01/21,15:30,25.4,70,0.00,522
1,31/01/21,16:00,25.4,73,0.00,331
1,31/01/21,16:30,25.3,76,0.00,411
1,31/01/21,17:00,25.6,76,0.00,399
1,31/01/21,17:30,25.4,75,0.00,296
1,31/01/21,18:00,25.1,77,0.00,254
1,31/01/21,18:30,24.7,77,0.00,193
1,31/01/21,19:00,23.9,80,0.00,64
1,31/01/21,19:30,23.4,84,0.00,28
1,31/01/21,20:00,23.1,85,0.00,1
1,31/01/21,20:30,23.1,84,0.00,0
1,31/01/21,21:00,22.7,86,0.00,0
1,31/01/21,21:30,22.1,89,0.00,0
1,31/01/21,22:00,21.7,91,0.00,0
1,31/01/21,22:30,21.4,92,0.00,0
1,31/01/21,23:00,21.6,93,0.00,0
1,31/01/21,23:30,21.7,93,0.00,0
1,01/02/21,00:00,21.5,93,0.00,0
1,01/02/21,0:30,21.6,94,0.00,0
1,01/02/21,1:00,21.8,94,0.00,0
1,01/02/21,1:30,21.8,94,0.00,0
1,01/02/21,2:00,21.4,94,0.00,0
1,01/02/21,2:30,21.2,95,0.00,0
1,01/02/21,3:00,21.3,95,0.00,0
1,01/02/21,3:30,21.3,94,0.00,0
1,01/02/21,4:00,21.2,95,0.00,0
1,01/02/21,4:30,21.0,95,0.00,0
1,01/02/21,5:00,21.1,96,0.00,0
1,01/02/21,5:30,21.2,95,0.00,0
1,01/02/21,6:00,21.0,93,0.00,0
1,01/02/21,6:30,20.8,94,0.00,15
1,01/02/21,7:00,21.6,93,0.00,92
1,01/02/21,7:30,21.7,92,0.00,213
1,01/02/21,8:00,22.1,91,0.00,344
1,01/02/21,8:30,23.0,89,0.00,473
1,01/02/21,9:00,23.6,87,0.00,411
1,01/02/21,9:30,24.3,81,0.00,634
1,01/02/21,10:00,25.3,80,0.00,601
1,01/02/21,10:30,25.1,77,0.00,589
1,01/02/21,11:00,25.7,72,0.00,685
1,01/02/21,11:30,26.6,70,0.00,956
1,01/02/21,12:00,26.3,68,0.00,708
1,01/02/21,12:30,27.1,64,0.00,1067
1,01/02/21,13:00,27.1,65,0.00,1027
1,01/02/21,13:30,27.2,66,0.00,568
1,01/02/21,14:00,27.2,68,0.00,483
1,01/02/21,14:30,27.3,70,0.00,632
1,01/02/21,15:00,27.0,73,0.00,457
1,01/02/21,15:30,26.9,73,0.00,578
1,01/02/21,16:00,27.1,69,0.00,472
1,01/02/21,16:30,26.8,67,0.00,437
1,01/02/21,17:00,27.3,69,0.00,468
1,01/02/21,17:30,26.7,69,0.00,346
1,01/02/21,18:00,27.0,67,0.00,231
1,01/02/21,18:30,25.6,71,0.00,140
1,01/02/21,19:00,24.8,76,0.00,52
1,01/02/21,19:30,24.5,77,0.00,13
1,01/02/21,20:00,23.2,85,0.00,1
1,01/02/21,20:30,23.1,85,0.00,0
1,01/02/21,21:00,23.1,85,0.00,0
1,01/02/21,21:30,23.1,85,0.00,0
1,01/02/21,22:00,22.7,86,0.00,0
1,01/02/21,22:30,22.6,87,0.00,0
1,01/02/21,23:00,22.2,88,0.00,0
1,01/02/21,23:30,21.8,89,0.00,0
1,02/02/21,00:00,21.7,89,0.00,0
1,02/02/21,0:30,21.6,90,0.00,0
1,02/02/21,1:00,21.3,91,0.00,0
1,02/02/21,1:30,21.1,93,0.00,0
1,02/02/21,2:00,21.3,93,0.00,0
1,02/02/21,2:30,21.2,93,0.00,0
1,02/02/21,3:00,21.1,93,0.00,0
1,02/02/21,3:30,20.6,93,0.00,0
1,02/02/21,4:00,20.7,93,0.00,0
1,02/02/21,4:30,20.8,93,0.00,0
1,02/02/21,5:00,21.1,91,0.00,0
1,02/02/21,5:30,20.9,90,0.00,0
1,02/02/21,6:00,20.6,90,0.00,0
1,02/02/21,6:30,20.9,88,0.00,17
1,02/02/21,7:00,21.1,90,0.00,49
1,02/02/21,7:30,22.7,86,0.00,208
1,02/02/21,8:00,22.7,89,0.00,316
1,02/02/21,8:30,23.9,87,0.00,447
1,02/02/21,9:00,24.9,82,0.00,555
1,02/02/21,9:30,26.1,74,0.00,669
1,02/02/21,10:00,26.8,73,0.00,498
1,02/02/21,10:30,27.9,67,0.00,657
1,02/02/21,11:00,28.6,60,0.00,824
1,02/02/21,11:30,29.1,59,0.00,738
1,02/02/21,12:00,29.7,58,0.00,998
1,02/02/21,12:30,29.8,57,0.00,1020
1,02/02/21,13:00,30.3,54,0.00,1088
1,02/02/21,13:30,30.2,54,0.00,965
1,02/02/21,14:00,30.7,53,0.00,804
1,02/02/21,14:30,30.2,59,0.00,429
1,02/02/21,15:00,30.5,54,0.00,587
1,02/02/21,15:30,29.9,57,0.00,376
1,02/02/21,16:00,29.9,59,0.00,390
1,02/02/21,16:30,29.2,64,0.00,165
1,02/02/21,17:00,20.8,93,26.80,11
1,02/02/21,17:30,20.4,95,7.00,8
1,02/02/21,18:00,20.5,95,1.00,18
1,02/02/21,18:30,20.6,95,0.20,19
1,02/02/21,19:00,20.9,93,0.00,36
1,02/02/21,19:30,21.2,89,0.00,23
1,02/02/21,20:00,21.4,89,0.00,0
1,02/02/21,20:30,21.6,89,0.00,0
1,02/02/21,21:00,21.6,92,0.20,0
1,02/02/21,21:30,21.3,92,0.00,0
1,02/02/21,22:00,21.4,93,0.20,0
1,02/02/21,22:30,21.3,93,0.00,0
1,02/02/21,23:00,21.3,94,0.20,0
1,02/02/21,23:30,21.2,94,0.00,0
1,03/02/21,00:00,21.1,95,0.00,0
1,03/02/21,0:30,21.4,94,0.00,0
1,03/02/21,1:00,21.3,94,0.00,0
1,03/02/21,1:30,21.4,94,0.00,0
1,03/02/21,2:00,21.3,93,0.00,0
1,03/02/21,2:30,21.2,94,0.00,0
1,03/02/21,3:00,21.1,95,0.00,0
1,03/02/21,3:30,20.8,95,0.20,0
1,03/02/21,4:00,21.2,95,0.40,0
1,03/02/21,4:30,21.2,95,0.00,0
1,03/02/21,5:00,21.1,95,0.00,0
1,03/02/21,5:30,21.2,95,0.00,0
1,03/02/21,6:00,21.2,95,0.00,0
1,03/02/21,6:30,21.2,95,0.00,7
1,03/02/21,7:00,21.4,96,0.00,39
1,03/02/21,7:30,21.4,96,0.00,46
1,03/02/21,8:00,21.5,96,0.00,91
1,03/02/21,8:30,21.7,96,0.20,148
1,03/02/21,9:00,22.1,95,0.00,195
1,03/02/21,9:30,22.2,95,0.00,100
1,03/02/21,10:00,22.2,96,0.00,36
1,03/02/21,10:30,22.1,96,0.80,63
1,03/02/21,11:00,22.5,96,1.20,158
1,03/02/21,11:30,22.6,95,0.00,134
1,03/02/21,12:00,23.2,93,0.00,243
1,03/02/21,12:30,23.2,93,0.00,204
1,03/02/21,13:00,23.2,92,0.00,190
1,03/02/21,13:30,23.1,94,0.00,166
1,03/02/21,14:00,22.7,96,4.00,97
1,03/02/21,14:30,22.9,92,0.00,161
1,03/02/21,15:00,23.1,92,0.20,139
1,03/02/21,15:30,23.2,92,0.00,249
1,03/02/21,16:00,23.8,89,0.00,319
1,03/02/21,16:30,23.8,89,0.00,213
1,03/02/21,17:00,23.6,90,0.00,130
1,03/02/21,17:30,23.4,90,0.00,110
1,03/02/21,18:00,23.1,92,0.00,38
1,03/02/21,18:30,22.2,95,5.40,3
1,03/02/21,19:00,21.9,96,1.00,11
1,03/02/21,19:30,21.9,96,0.40,10
1,03/02/21,20:00,21.9,96,0.40,0
1,03/02/21,20:30,21.9,97,0.20,0
1,03/02/21,21:00,21.8,98,4.00,0
1,03/02/21,21:30,17.8,95,21.40,0
1,03/02/21,22:00,17.7,95,3.60,0
1,03/02/21,22:30,17.9,95,2.00,0
1,03/02/21,23:00,18.4,95,0.00,0
1,03/02/21,23:30,18.6,93,0.60,0
1,04/02/21,00:00,18.9,92,0.20,0
1,04/02/21,0:30,18.8,92,0.00,0
1,04/02/21,1:00,18.9,91,0.00,0
1,04/02/21,1:30,18.9,91,0.00,0
1,04/02/21,2:00,18.4,93,0.00,0
1,04/02/21,2:30,18.1,96,0.00,0
1,04/02/21,3:00,17.9,97,0.00,0
1,04/02/21,3:30,18.1,97,0.00,0
1,04/02/21,4:00,18.3,97,0.00,0
1,04/02/21,4:30,18.5,97,0.00,0
1,04/02/21,5:00,18.6,97,0.00,0
1,04/02/21,5:30,18.4,97,0.20,0
1,04/02/21,6:00,18.3,96,0.40,0
1,04/02/21,6:30,18.3,96,0.00,4
1,04/02/21,7:00,18.3,95,0.00,25
1,04/02/21,7:30,18.4,95,0.00,61
1,04/02/21,8:00,18.8,94,0.00,156
1,04/02/21,8:30,19.2,92,0.00,197
1,04/02/21,9:00,19.8,88,0.00,273
1,04/02/21,9:30,20.1,88,0.00,274
1,04/02/21,10:00,20.6,85,0.00,383
1,04/02/21,10:30,18.9,85,1.40,260
1,04/02/21,11:00,21.6,84,0.00,947
1,04/02/21,11:30,21.8,79,0.00,653
1,04/02/21,12:00,22.7,77,0.00,803
1,04/02/21,12:30,20.6,92,0.40,351
1,04/02/21,13:00,19.6,95,4.40,198
1,04/02/21,13:30,21.2,83,0.00,854
1,04/02/21,14:00,21.9,77,0.00,524
1,04/02/21,14:30,20.8,87,0.20,423
1,04/02/21,15:00,20.8,84,0.00,349
1,04/02/21,15:30,19.2,93,0.80,364
1,04/02/21,16:00,19.4,88,0.20,408
1,04/02/21,16:30,20.6,79,0.00,512
1,04/02/21,17:00,21.8,76,0.00,442
1,04/02/21,17:30,21.8,69,0.00,432
1,04/02/21,18:00,21.8,69,0.00,263
1,04/02/21,18:30,21.7,68,0.00,166
1,04/02/21,19:00,21.2,69,0.00,60
1,04/02/21,19:30,19.9,74,0.00,14
1,04/02/21,20:00,18.8,78,0.00,0
1,04/02/21,20:30,18.3,80,0.00,0
1,04/02/21,21:00,18.1,80,0.00,0
1,04/02/21,21:30,18.3,77,0.00,0
1,04/02/21,22:00,18.4,73,0.00,0
1,04/02/21,22:30,17.5,73,0.00,0
1,04/02/21,23:00,17.3,74,0.00,0
1,04/02/21,23:30,17.1,76,0.00,0
1,05/02/21,00:00,16.6,80,0.00,0
1,05/02/21,0:30,16.1,83,0.00,0
1,05/02/21,1:00,15.8,86,0.00,0
1,05/02/21,1:30,15.1,88,0.00,0
1,05/02/21,2:00,14.5,91,0.00,0
1,05/02/21,2:30,14.9,92,0.00,0
1,05/02/21,3:00,15.4,93,0.00,0
1,05/02/21,3:30,15.6,93,0.00,0
1,05/02/21,4:00,15.4,93,0.00,0
1,05/02/21,4:30,15.1,94,0.00,0
1,05/02/21,5:00,15.2,95,0.00,0
1,05/02/21,5:30,15.2,95,0.00,0
1,05/02/21,6:00,15.2,95,0.00,0
1,05/02/21,6:30,15.1,96,0.00,4
1,05/02/21,7:00,15.2,95,0.00,52
1,05/02/21,7:30,15.4,94,0.00,79
1,05/02/21,8:00,15.6,95,0.00,107
1,05/02/21,8:30,16.2,93,0.00,194
1,05/02/21,9:00,16.9,88,0.00,377
1,05/02/21,9:30,17.7,86,0.00,581
1,05/02/21,10:00,18.3,84,0.00,558
1,05/02/21,10:30,18.9,78,0.00,433
1,05/02/21,11:00,19.6,77,0.00,698
1,05/02/21,11:30,20.2,68,0.00,556
1,05/02/21,12:00,20.2,69,0.00,535
1,05/02/21,12:30,21.6,68,0.00,835
1,05/02/21,13:00,20.8,66,0.00,607
1,05/02/21,13:30,21.3,61,0.00,932
1,05/02/21,14:00,21.6,58,0.00,692
1,05/02/21,14:30,21.7,59,0.00,593
1,05/02/21,15:00,21.8,58,0.00,470
1,05/02/21,15:30,21.8,59,0.00,653
1,05/02/21,16:00,22.2,58,0.00,525
1,05/02/21,16:30,22.6,60,0.00,449
1,05/02/21,17:00,22.4,62,0.00,345
1,05/02/21,17:30,21.7,63,0.00,426
1,05/02/21,18:00,22.0,60,0.00,377
1,05/02/21,18:30,20.6,67,0.00,77
1,05/02/21,19:00,20.1,67,0.00,44
1,05/02/21,19:30,19.1,69,0.00,15
1,05/02/21,20:00,18.4,73,0.00,0
1,05/02/21,20:30,17.7,77,0.00,0
1,05/02/21,21:00,16.8,81,0.00,0
1,05/02/21,21:30,16.6,82,0.00,0
1,05/02/21,22:00,16.1,84,0.00,0
1,05/02/21,22:30,15.9,84,0.00,0
1,05/02/21,23:00,15.7,85,0.00,0
1,05/02/21,23:30,15.5,85,0.00,0
1,06/02/21,00:00,15.4,85,0.00,0
1,06/02/21,0:30,14.7,87,0.00,0
1,06/02/21,1:00,14.7,89,0.00,0
1,06/02/21,1:30,13.9,90,0.00,0
1,06/02/21,2:00,14.1,90,0.00,0
1,06/02/21,2:30,14.0,90,0.00,0
1,06/02/21,3:00,13.9,90,0.00,0
1,06/02/21,3:30,13.4,91,0.00,0
1,06/02/21,4:00,12.8,93,0.00,0
1,06/02/21,4:30,12.8,94,0.00,0
1,06/02/21,5:00,12.6,94,0.00,0
1,06/02/21,5:30,12.4,95,0.00,0
1,06/02/21,6:00,12.3,96,0.00,0
1,06/02/21,6:30,12.1,96,0.00,12
1,06/02/21,7:00,12.3,96,0.00,65
1,06/02/21,7:30,13.7,97,0.00,172
1,06/02/21,8:00,14.1,96,0.00,286
1,06/02/21,8:30,14.7,96,0.00,405
1,06/02/21,9:00,15.8,96,0.00,517
1,06/02/21,9:30,17.9,88,0.00,665
1,06/02/21,10:00,19.1,83,0.00,763
1,06/02/21,10:30,20.2,79,0.00,863
1,06/02/21,11:00,20.9,77,0.00,917
1,06/02/21,11:30,21.7,72,0.00,970
1,06/02/21,12:00,22.2,72,0.00,1013
1,06/02/21,12:30,22.8,71,0.00,1030
1,06/02/21,13:00,23.4,70,0.00,1032
1,06/02/21,13:30,23.9,65,0.00,1014
1,06/02/21,14:00,24.5,64,0.00,985
1,06/02/21,14:30,25.1,63,0.00,943
1,06/02/21,15:00,25.5,59,0.00,881
1,06/02/21,15:30,25.6,55,0.00,806
1,06/02/21,16:00,26.3,59,0.00,719
1,06/02/21,16:30,26.2,56,0.00,619
1,06/02/21,17:00,26.1,57,0.00,515
1,06/02/21,17:30,25.9,59,0.00,400
1,06/02/21,18:00,25.8,62,0.00,286
1,06/02/21,18:30,25.6,60,0.00,166
1,06/02/21,19:00,24.8,64,0.00,58
1,06/02/21,19:30,23.4,67,0.00,12
1,06/02/21,20:00,22.3,69,0.00,0
1,06/02/21,20:30,22.1,71,0.00,0
1,06/02/21,21:00,21.8,72,0.00,0
1,06/02/21,21:30,21.5,72,0.00,0
1,06/02/21,22:00,21.5,70,0.00,0
1,06/02/21,22:30,21.5,70,0.00,0
1,06/02/21,23:00,21.4,69,0.00,0
1,06/02/21,23:30,20.8,74,0.00,0
1,07/02/21,00:00,21.1,76,0.00,0
1,07/02/21,0:30,20.9,70,0.00,0
1,07/02/21,1:00,21.1,68,0.00,0
1,07/02/21,1:30,20.6,70,0.00,0
1,07/02/21,2:00,18.4,78,0.00,0
1,07/02/21,2:30,18.2,87,0.00,0
1,07/02/21,3:00,17.3,95,0.00,0
1,07/02/21,3:30,17.3,96,0.00,0
1,07/02/21,4:00,17.3,96,0.00,0
1,07/02/21,4:30,16.9,96,0.00,0
1,07/02/21,5:00,17.2,97,0.00,0
1,07/02/21,5:30,17.6,96,0.00,0
1,07/02/21,6:00,17.9,95,0.00,0
1,07/02/21,6:30,18.1,94,0.00,10
1,07/02/21,7:00,18.1,93,0.00,58
1,07/02/21,7:30,18.6,91,0.00,136
1,07/02/21,8:00,19.5,90,0.00,283
1,07/02/21,8:30,20.3,86,0.00,439
1,07/02/21,9:00,21.2,84,0.00,540
1,07/02/21,9:30,22.3,78,0.00,644
1,07/02/21,10:00,23.2,74,0.00,738
1,07/02/21,10:30,24.2,74,0.00,819
1,07/02/21,11:00,24.8,67,0.00,891
1,07/02/21,11:30,25.7,65,0.00,950
1,07/02/21,12:00,26.3,61,0.00,989
1,07/02/21,12:30,26.4,62,0.00,1018
1,07/02/21,13:00,27.1,59,0.00,1013
1,07/02/21,13:30,27.0,60,0.00,1011
1,07/02/21,14:00,27.1,61,0.00,896
1,07/02/21,14:30,26.9,63,0.00,853
1,07/02/21,15:00,27.7,61,0.00,964
1,07/02/21,15:30,27.2,60,0.00,688
1,07/02/21,16:00,27.3,59,0.00,748
1,07/02/21,16:30,27.2,60,0.00,622
1,07/02/21,17:00,27.2,65,0.00,457
1,07/02/21,17:30,26.7,65,0.00,385
1,07/02/21,18:00,26.0,67,0.00,205
1,07/02/21,18:30,25.7,67,0.00,135
1,07/02/21,19:00,24.6,69,0.00,57
1,07/02/21,19:30,23.4,73,0.00,13
1,07/02/21,20:00,22.4,74,0.00,0
1,07/02/21,20:30,21.8,78,0.00,0
1,07/02/21,21:00,21.3,81,0.00,0
1,07/02/21,21:30,20.7,83,0.00,0
1,07/02/21,22:00,20.4,85,0.00,0
1,07/02/21,22:30,19.6,88,0.00,0
1,07/02/21,23:00,19.2,88,0.00,0
1,07/02/21,23:30,18.7,90,0.00,0
1,08/02/21,00:00,18.7,91,0.00,0
1,08/02/21,0:30,18.3,92,0.00,0
1,08/02/21,1:00,18.1,90,0.00,0
1,08/02/21,1:30,17.9,90,0.00,0
1,08/02/21,2:00,17.7,90,0.00,0
1,08/02/21,2:30,17.2,91,0.00,0
1,08/02/21,3:00,16.9,92,0.00,0
1,08/02/21,3:30,16.7,92,0.00,0
1,08/02/21,4:00,16.9,92,0.00,0
1,08/02/21,4:30,16.4,92,0.00,0
1,08/02/21,5:00,16.3,92,0.00,0
1,08/02/21,5:30,16.7,91,0.00,0
1,08/02/21,6:00,16.6,92,0.00,0
1,08/02/21,6:30,16.7,92,0.00,10
1,08/02/21,7:00,17.3,91,0.00,70
1,08/02/21,7:30,18.1,89,0.00,183
1,08/02/21,8:00,18.8,86,0.00,307
1,08/02/21,8:30,19.7,86,0.00,428
1,08/02/21,9:00,20.2,84,0.00,544
1,08/02/21,9:30,20.8,82,0.00,650
1,08/02/21,10:00,21.5,77,0.00,746
1,08/02/21,10:30,22.6,73,0.00,830
1,08/02/21,11:00,23.3,61,0.00,901
1,08/02/21,11:30,24.3,64,0.00,958
1,08/02/21,12:00,24.8,63,0.00,996
1,08/02/21,12:30,25.6,61,0.00,1018
1,08/02/21,13:00,26.3,57,0.00,1020
1,08/02/21,13:30,27.1,59,0.00,1006
1,08/02/21,14:00,27.7,55,0.00,974
1,08/02/21,14:30,28.1,51,0.00,928
1,08/02/21,15:00,28.2,44,0.00,815
1,08/02/21,15:30,27.8,46,0.00,421
1,08/02/21,16:00,27.6,52,0.00,361
1,08/02/21,16:30,27.2,54,0.00,272
1,08/02/21,17:00,23.9,71,0.00,139
1,08/02/21,17:30,20.4,77,0.00,86
1,08/02/21,18:00,19.3,80,0.00,34
1,08/02/21,18:30,19.0,78,0.00,20
1,08/02/21,19:00,19.6,74,0.00,12
1,08/02/21,19:30,19.7,75,0.00,2
1,08/02/21,20:00,18.7,83,0.00,0
1,08/02/21,20:30,19.5,84,0.00,0
1,08/02/21,21:00,19.3,85,0.00,0
1,08/02/21,21:30,18.9,87,0.00,0
1,08/02/21,22:00,19.1,89,0.00,0
1,08/02/21,22:30,18.9,90,0.00,0
1,08/02/21,23:00,18.8,91,0.00,0
1,08/02/21,23:30,19.0,91,0.00,0
1,09/02/21,00:00,18.8,92,0.00,0
1,09/02/21,0:30,18.8,91,0.00,0
1,09/02/21,1:00,19.0,91,0.00,0
1,09/02/21,1:30,19.1,91,0.00,0
1,09/02/21,2:00,18.8,92,0.00,0
1,09/02/21,2:30,18.6,92,0.00,0
1,09/02/21,3:00,18.2,92,0.00,0
1,09/02/21,3:30,18.0,93,0.00,0
1,09/02/21,4:00,17.8,94,0.00,0
1,09/02/21,4:30,17.3,95,0.00,0
1,09/02/21,5:00,17.0,96,0.00,0
1,09/02/21,5:30,17.2,95,0.00,0
1,09/02/21,6:00,17.4,95,0.00,0
1,09/02/21,6:30,18.1,94,0.00,8
1,09/02/21,7:00,18.9,93,0.00,53
1,09/02/21,7:30,19.3,93,0.00,84
1,09/02/21,8:00,19.6,92,0.00,79
1,09/02/21,8:30,20.3,89,0.00,216
1,09/02/21,9:00,21.5,87,0.00,391
1,09/02/21,9:30,22.4,85,0.00,693
1,09/02/21,10:00,23.5,79,0.00,731
1,09/02/21,10:30,24.7,74,0.00,822
1,09/02/21,11:00,25.9,73,0.00,906
1,09/02/21,11:30,25.4,70,0.00,679
1,09/02/21,12:00,25.3,65,0.00,345
1,09/02/21,12:30,25.1,68,0.00,477
1,09/02/21,13:00,24.0,76,0.00,244
1,09/02/21,13:30,21.0,83,2.00,152
1,09/02/21,14:00,19.5,87,13.80,97
1,09/02/21,14:30,19.6,89,0.80,158
1,09/02/21,15:00,21.4,86,1.40,223
1,09/02/21,15:30,22.9,87,0.00,540
1,09/02/21,16:00,23.2,82,0.00,753
1,09/02/21,16:30,23.2,77,0.00,646
1,09/02/21,17:00,22.3,82,0.00,88
1,09/02/21,17:30,23.2,81,0.00,217
1,09/02/21,18:00,23.7,76,0.00,293
1,09/02/21,18:30,23.5,77,0.00,158
1,09/02/21,19:00,22.9,77,0.00,64
1,09/02/21,19:30,21.8,82,0.00,13
1,09/02/21,20:00,21.1,85,0.00,0
1,09/02/21,20:30,20.7,86,0.00,0
1,09/02/21,21:00,20.1,87,0.00,0
1,09/02/21,21:30,19.8,86,0.00,0
1,09/02/21,22:00,19.6,86,0.00,0
1,09/02/21,22:30,19.4,89,0.00,0
1,09/02/21,23:00,19.3,90,0.00,0
1,09/02/21,23:30,19.3,90,0.00,0
1,10/02/21,00:00,19.4,90,0.00,0
1,10/02/21,0:30,18.9,92,0.00,0
1,10/02/21,1:00,18.9,92,0.00,0
1,10/02/21,1:30,18.8,92,0.00,0
1,10/02/21,2:00,19.3,91,0.00,0
1,10/02/21,2:30,19.1,92,0.00,0
1,10/02/21,3:00,19.2,92,0.00,0
1,10/02/21,3:30,19.0,93,0.00,0
1,10/02/21,4:00,19.4,93,0.00,0
1,10/02/21,4:30,19.1,93,0.00,0
1,10/02/21,5:00,19.2,93,0.00,0
1,10/02/21,5:30,19.3,94,0.00,0
1,10/02/21,6:00,19.4,93,0.00,0
1,10/02/21,6:30,19.6,93,0.00,4
1,10/02/21,7:00,19.9,93,0.00,40
1,10/02/21,7:30,20.6,90,0.00,162
1,10/02/21,8:00,20.6,90,0.00,136
1,10/02/21,8:30,21.0,88,0.00,193
1,10/02/21,9:00,21.9,86,0.00,287
1,10/02/21,9:30,22.6,83,0.00,645
1,10/02/21,10:00,23.6,80,0.00,659
1,10/02/21,10:30,24.6,78,0.00,695
1,10/02/21,11:00,24.9,74,0.00,497
1,10/02/21,11:30,25.8,70,0.00,1024
1,10/02/21,12:00,26.0,73,0.00,1032
1,10/02/21,12:30,25.8,70,0.00,313
1,10/02/21,13:00,26.7,69,0.00,841
1,10/02/21,13:30,26.7,67,0.00,896
1,10/02/21,14:00,26.6,68,0.00,574
1,10/02/21,14:30,26.3,73,0.00,518
1,10/02/21,15:00,22.2,76,0.00,466
1,10/02/21,15:30,20.7,82,0.00,88
1,10/02/21,16:00,19.4,88,5.20,1
1,10/02/21,16:30,18.4,92,6.40,0
1,10/02/21,17:00,17.6,92,7.40,0
1,10/02/21,17:30,17.6,93,1.80,1
1,10/02/21,18:00,17.2,92,1.60,7
1,10/02/21,18:30,17.4,91,4.80,5
1,10/02/21,19:00,17.8,92,3.00,0
1,10/02/21,19:30,18.7,91,3.00,0
1,10/02/21,20:00,19.6,92,0.80,0
1,10/02/21,20:30,19.3,91,0.20,0
1,10/02/21,21:00,19.1,89,0.00,0
1,10/02/21,21:30,18.8,90,0.00,0
1,10/02/21,22:00,18.7,88,0.00,0
1,10/02/21,22:30,19.2,91,0.00,0
1,10/02/21,23:00,19.6,91,0.00,0
1,10/02/21,23:30,19.3,92,0.00,0
1,11/02/21,00:00,19.3,93,0.00,0
1,11/02/21,0:30,19.6,93,0.00,0
1,11/02/21,1:00,19.9,92,0.00,0
1,11/02/21,1:30,19.9,93,0.00,0
1,11/02/21,2:00,19.9,94,0.00,0
1,11/02/21,2:30,20.1,94,0.00,0
1,11/02/21,3:00,20.3,92,0.00,0
1,11/02/21,3:30,20.2,93,0.00,0
1,11/02/21,4:00,20.2,92,0.00,0
1,11/02/21,4:30,20.1,93,0.00,0
1,11/02/21,5:00,20.2,93,0.00,0
1,11/02/21,5:30,20.2,93,0.00,0
1,11/02/21,6:00,19.9,93,0.00,0
1,11/02/21,6:30,19.9,94,0.00,6
1,11/02/21,7:00,20.1,93,0.00,17
1,11/02/21,7:30,20.2,92,0.00,34
1,11/02/21,8:00,20.4,92,0.00,54
1,11/02/21,8:30,20.7,91,0.00,105
1,11/02/21,9:00,21.1,90,0.00,199
1,11/02/21,9:30,21.7,88,0.00,286
1,11/02/21,10:00,22.3,86,0.00,386
1,11/02/21,10:30,23.5,79,0.00,572
1,11/02/21,11:00,23.8,80,0.00,638
1,11/02/21,11:30,24.1,77,0.00,499
1,11/02/21,12:00,24.5,75,0.00,517
1,11/02/21,12:30,25.2,72,0.00,713
1,11/02/21,13:00,25.6,70,0.00,785
1,11/02/21,13:30,25.9,68,0.00,676
1,11/02/21,14:00,26.3,71,0.00,865
1,11/02/21,14:30,26.1,68,0.00,704
1,11/02/21,15:00,26.6,68,0.00,930
1,11/02/21,15:30,26.9,67,0.00,813
1,11/02/21,16:00,26.2,66,0.00,461
1,11/02/21,16:30,26.7,62,0.00,639
1,11/02/21,17:00,26.1,69,0.00,211
1,11/02/21,17:30,23.9,78,0.00,66
1,11/02/21,18:00,21.1,87,9.40,34
1,11/02/21,18:30,20.3,92,2.60,2
1,11/02/21,19:00,19.1,85,47.20,0
1,11/02/21,19:30,18.7,91,54.80,0
1,11/02/21,20:00,18.6,90,30.00,0
1,11/02/21,20:30,18.0,93,4.60,0
1,11/02/21,21:00,17.7,95,17.00,0
1,11/02/21,21:30,18.6,96,9.40,0
1,11/02/21,22:00,18.5,96,2.00,0
1,11/02/21,22:30,18.4,97,1.20,0
1,11/02/21,23:00,18.3,97,0.60,0
1,11/02/21,23:30,18.2,97,1.80,0
1,12/02/21,00:00,18.1,97,6.60,0
1,12/02/21,0:30,18.4,97,0.60,0
1,12/02/21,1:00,18.9,96,0.00,0
1,12/02/21,1:30,19.5,96,0.00,0
1,12/02/21,2:00,20.2,95,0.00,0
1,12/02/21,2:30,20.5,94,0.00,0
1,12/02/21,3:00,20.4,94,0.00,0
1,12/02/21,3:30,20.5,94,0.00,0
1,12/02/21,4:00,20.6,93,0.00,0
1,12/02/21,4:30,20.5,94,0.00,0
1,12/02/21,5:00,20.4,95,0.00,0
1,12/02/21,5:30,20.5,95,0.00,0
1,12/02/21,6:00,20.5,95,0.00,0
1,12/02/21,6:30,20.6,95,0.00,5
1,12/02/21,7:00,20.8,94,0.00,45
1,12/02/21,7:30,21.1,94,0.00,75
1,12/02/21,8:00,21.3,94,0.00,114
1,12/02/21,8:30,21.5,93,0.00,135
1,12/02/21,9:00,21.4,93,0.00,104
1,12/02/21,9:30,21.9,91,0.00,238
1,12/02/21,10:00,22.9,87,0.00,425
1,12/02/21,10:30,22.7,88,0.00,332
1,12/02/21,11:00,23.1,87,0.00,344
1,12/02/21,11:30,24.2,83,0.00,502
1,12/02/21,12:00,24.2,81,0.00,427
1,12/02/21,12:30,24.7,82,0.00,497
1,12/02/21,13:00,24.8,77,0.00,726
1,12/02/21,13:30,25.4,77,0.00,917
1,12/02/21,14:00,25.5,76,0.00,489
1,12/02/21,14:30,26.1,72,0.00,657
1,12/02/21,15:00,26.3,67,0.00,839
1,12/02/21,15:30,25.6,71,0.00,540
1,12/02/21,16:00,24.0,84,0.00,272
1,12/02/21,16:30,24.2,77,0.00,445
1,12/02/21,17:00,23.9,78,0.00,180
1,12/02/21,17:30,24.0,81,0.00,108
1,12/02/21,18:00,23.8,82,0.00,64
1,12/02/21,18:30,22.6,85,0.00,19
1,12/02/21,19:00,19.7,90,0.00,2
1,12/02/21,19:30,18.1,93,0.00,0
1,12/02/21,20:00,18.1,93,0.00,0
1,12/02/21,20:30,18.0,93,0.00,0
1,12/02/21,21:00,17.9,93,0.00,0
1,12/02/21,21:30,18.4,92,0.00,0
1,12/02/21,22:00,18.7,91,0.00,0
1,12/02/21,22:30,18.4,91,0.00,0
1,12/02/21,23:00,18.7,91,0.00,0
1,12/02/21,23:30,19.1,92,0.00,0
1,13/02/21,00:00,19.1,93,0.00,0
1,13/02/21,0:30,19.4,93,0.00,0
1,13/02/21,1:00,19.3,93,0.00,0
1,13/02/21,1:30,19.4,93,0.00,0
1,13/02/21,2:00,19.3,93,0.00,0
1,13/02/21,2:30,19.2,93,0.00,0
1,13/02/21,3:00,19.0,94,0.00,0
1,13/02/21,3:30,18.7,95,0.00,0
1,13/02/21,4:00,18.7,95,0.00,0
1,13/02/21,4:30,18.6,96,0.00,0
1,13/02/21,5:00,18.9,96,0.00,0
1,13/02/21,5:30,18.9,97,0.00,0
1,13/02/21,6:00,18.9,97,0.00,0
1,13/02/21,6:30,19.0,97,0.00,2
1,13/02/21,7:00,19.0,96,0.00,33
1,13/02/21,7:30,19.7,96,0.00,100
1,13/02/21,8:00,20.1,94,0.00,164
1,13/02/21,8:30,21.2,91,0.00,357
1,13/02/21,9:00,21.6,89,0.00,451
1,13/02/21,9:30,22.4,84,0.00,638
1,13/02/21,10:00,23.2,82,0.00,721
1,13/02/21,10:30,23.0,83,0.00,529
1,13/02/21,11:00,23.4,79,0.00,613
1,13/02/21,11:30,24.4,76,0.00,817
1,13/02/21,12:00,25.4,75,0.00,794
1,13/02/21,12:30,25.7,69,0.00,1100
1,13/02/21,13:00,25.9,74,0.00,1083
1,13/02/21,13:30,26.4,68,0.00,1066
1,13/02/21,14:00,27.2,66,0.00,1043
1,13/02/21,14:30,27.1,63,0.00,953
1,13/02/21,15:00,26.9,62,0.00,877
1,13/02/21,15:30,27.1,63,0.00,800
1,13/02/21,16:00,27.7,62,0.00,719
1,13/02/21,16:30,27.7,62,0.00,619
1,13/02/21,17:00,28.1,58,0.00,504
1,13/02/21,17:30,28.2,61,0.00,386
1,13/02/21,18:00,28.3,58,0.00,269
1,13/02/21,18:30,27.1,64,0.00,115
1,13/02/21,19:00,24.8,74,0.00,22
1,13/02/21,19:30,23.8,79,0.00,2
1,13/02/21,20:00,23.8,76,0.00,0
1,13/02/21,20:30,22.6,84,0.00,0
1,13/02/21,21:00,22.7,86,0.00,0
1,13/02/21,21:30,22.8,79,0.00,0
1,13/02/21,22:00,21.9,87,0.00,0
1,13/02/21,22:30,22.1,89,0.00,0
1,13/02/21,23:00,22.1,90,0.00,0
1,13/02/21,23:30,21.9,91,0.00,0
1,14/02/21,00:00,21.8,91,0.00,0
1,14/02/21,0:30,21.4,92,0.00,0
1,14/02/21,1:00,21.7,91,0.00,0
1,14/02/21,1:30,21.5,92,0.00,0
1,14/02/21,2:00,21.2,93,0.00,0
1,14/02/21,2:30,21.3,93,0.00,0
1,14/02/21,3:00,21.4,93,0.00,0
1,14/02/21,3:30,21.2,94,0.00,0
1,14/02/21,4:00,21.1,93,0.00,0
1,14/02/21,4:30,20.9,94,0.00,0
1,14/02/21,5:00,20.8,95,0.00,0
1,14/02/21,5:30,20.8,95,0.00,0
1,14/02/21,6:00,20.6,95,0.00,0
1,14/02/21,6:30,20.7,95,0.00,7
1,14/02/21,7:00,20.7,96,0.00,39
1,14/02/21,7:30,21.1,94,0.00,91
1,14/02/21,8:00,21.5,93,0.00,151
1,14/02/21,8:30,22.1,90,0.00,182
1,14/02/21,9:00,22.7,88,0.00,248
1,14/02/21,9:30,23.7,86,0.00,418
1,14/02/21,10:00,24.8,79,0.00,661
1,14/02/21,10:30,25.0,77,0.00,606
1,14/02/21,11:00,25.5,74,0.00,547
1,14/02/21,11:30,25.8,72,0.00,645
1,14/02/21,12:00,25.9,74,0.00,525
1,14/02/21,12:30,26.0,70,0.00,602
1,14/02/21,13:00,26.4,68,0.00,628
1,14/02/21,13:30,26.6,67,0.00,762
1,14/02/21,14:00,26.9,68,0.00,757
1,14/02/21,14:30,22.1,84,5.20,122
1,14/02/21,15:00,22.9,81,1.40,246
1,14/02/21,15:30,25.2,80,0.00,345
1,14/02/21,16:00,26.5,69,0.00,521
1,14/02/21,16:30,25.9,72,0.00,347
1,14/02/21,17:00,25.0,79,0.00,104
1,14/02/21,17:30,20.9,83,0.20,59
1,14/02/21,18:00,20.6,84,0.00,80
1,14/02/21,18:30,20.8,84,0.00,69
1,14/02/21,19:00,19.1,88,2.40,21
1,14/02/21,19:30,19.8,91,0.60,7
1,14/02/21,20:00,19.8,91,0.00,0
1,14/02/21,20:30,19.6,92,0.00,0
1,14/02/21,21:00,19.4,93,0.00,0
1,14/02/21,21:30,19.2,94,0.00,0
1,14/02/21,22:00,19.2,95,0.00,0
1,14/02/21,22:30,19.3,94,0.00,0
1,14/02/21,23:00,19.7,92,0.00,0
1,14/02/21,23:30,20.1,90,0.00,0
1,15/02/21,00:00,20.2,88,0.00,0
1,15/02/21,0:30,19.3,90,0.00,0
1,15/02/21,1:00,18.4,93,0.00,0
1,15/02/21,1:30,18.2,96,0.00,0
1,15/02/21,2:00,18.1,95,0.00,0
1,15/02/21,2:30,18.1,96,0.00,0
1,15/02/21,3:00,18.1,96,0.00,0
1,15/02/21,3:30,17.8,95,0.00,0
1,15/02/21,4:00,17.9,96,0.00,0
1,15/02/21,4:30,17.8,96,0.00,0
1,15/02/21,5:00,17.7,97,0.00,0
1,15/02/21,5:30,17.8,97,0.00,0
1,15/02/21,6:00,18.1,96,0.00,0
1,15/02/21,6:30,18.4,94,0.00,3
1,15/02/21,7:00,19.8,91,0.00,70
1,15/02/21,7:30,20.3,89,0.00,180
1,15/02/21,8:00,19.9,93,0.00,263
1,15/02/21,8:30,20.8,91,0.00,390
1,15/02/21,9:00,21.8,88,0.00,504
1,15/02/21,9:30,22.8,85,0.00,611
1,15/02/21,10:00,23.8,83,0.00,724
1,15/02/21,10:30,24.4,79,0.00,796
1,15/02/21,11:00,24.8,79,0.00,688
1,15/02/21,11:30,25.6,72,0.00,828
1,15/02/21,12:00,25.6,71,0.00,881
1,15/02/21,12:30,25.9,73,0.20,749
1,15/02/21,13:00,26.4,71,0.00,790
1,15/02/21,13:30,25.8,66,0.00,962
1,15/02/21,14:00,25.8,75,0.00,1134
1,15/02/21,14:30,26.1,75,0.00,921
1,15/02/21,15:00,27.0,76,0.00,935
1,15/02/21,15:30,26.9,66,0.00,909
1,15/02/21,16:00,27.2,63,0.00,697
1,15/02/21,16:30,27.2,64,0.00,601
1,15/02/21,17:00,26.8,69,0.00,314
1,15/02/21,17:30,27.4,65,0.00,383
1,15/02/21,18:00,25.9,70,0.00,131
1,15/02/21,18:30,24.9,75,0.00,37
1,15/02/21,19:00,23.8,81,0.00,18
1,15/02/21,19:30,23.8,77,0.00,8
1,15/02/21,20:00,21.4,88,0.00,0
1,15/02/21,20:30,21.4,91,0.00,0
1,15/02/21,21:00,21.4,90,4.00,0
1,15/02/21,21:30,21.3,91,0.00,0
1,15/02/21,22:00,21.0,92,0.00,0
1,15/02/21,22:30,20.1,93,0.00,0
1,15/02/21,23:00,19.5,91,0.00,0
1,15/02/21,23:30,19.6,90,0.00,0
1,16/02/21,00:00,18.7,94,0.00,0
1,16/02/21,0:30,18.4,95,0.00,0
1,16/02/21,1:00,18.2,95,0.00,0
1,16/02/21,1:30,18.1,96,0.00,0
1,16/02/21,2:00,18.1,95,0.00,0
1,16/02/21,2:30,18.9,92,0.00,0
1,16/02/21,3:00,18.3,92,0.00,0
1,16/02/21,3:30,17.8,95,0.00,0
1,16/02/21,4:00,17.7,96,0.00,0
1,16/02/21,4:30,17.6,96,0.00,0
1,16/02/21,5:00,17.7,97,0.00,0
1,16/02/21,5:30,18.0,97,0.00,0
1,16/02/21,6:00,18.3,97,0.00,0
1,16/02/21,6:30,18.3,97,0.00,2
1,16/02/21,7:00,18.5,98,0.00,19
1,16/02/21,7:30,18.9,98,0.00,32
1,16/02/21,8:00,19.3,98,0.00,35
1,16/02/21,8:30,19.3,98,0.80,95
1,16/02/21,9:00,19.1,98,0.00,157
1,16/02/21,9:30,19.9,96,0.00,328
1,16/02/21,10:00,21.1,91,0.00,385
1,16/02/21,10:30,22.2,84,0.00,629
1,16/02/21,11:00,22.6,83,0.00,439
1,16/02/21,11:30,22.4,80,0.00,421
1,16/02/21,12:00,23.2,82,0.00,649
1,16/02/21,12:30,24.3,70,0.00,991
1,16/02/21,13:00,24.7,68,0.00,1050
1,16/02/21,13:30,24.8,67,0.00,1087
1,16/02/21,14:00,24.7,71,0.00,898
1,16/02/21,14:30,24.8,68,0.00,974
1,16/02/21,15:00,24.9,69,0.00,863
1,16/02/21,15:30,24.7,66,0.00,849
1,16/02/21,16:00,24.8,62,0.00,724
1,16/02/21,16:30,24.7,63,0.00,601
1,16/02/21,17:00,24.6,63,0.00,513
1,16/02/21,17:30,24.3,63,0.00,386
1,16/02/21,18:00,24.0,62,0.00,259
1,16/02/21,18:30,23.4,63,0.00,132
1,16/02/21,19:00,22.2,67,0.00,38
1,16/02/21,19:30,21.1,76,0.00,7
1,16/02/21,20:00,20.1,79,0.00,0
1,16/02/21,20:30,19.4,81,0.00,0
1,16/02/21,21:00,18.8,82,0.00,0
1,16/02/21,21:30,18.4,83,0.00,0
1,16/02/21,22:00,17.8,85,0.00,0
1,16/02/21,22:30,18.0,83,0.00,0
1,16/02/21,23:00,18.0,83,0.00,0
1,16/02/21,23:30,17.9,85,0.00,0
1,17/02/21,00:00,17.7,85,0.00,0
1,17/02/21,0:30,17.3,86,0.00,0
1,17/02/21,1:00,17.1,87,0.00,0
1,17/02/21,1:30,16.8,88,0.00,0
1,17/02/21,2:00,16.3,90,0.00,0
1,17/02/21,2:30,15.9,92,0.00,0
1,17/02/21,3:00,15.4,93,0.00,0
1,17/02/21,3:30,15.2,95,0.00,0
1,17/02/21,4:00,14.8,95,0.00,0
1,17/02/21,4:30,14.9,96,0.00,0
1,17/02/21,5:00,15.1,96,0.00,0
1,17/02/21,5:30,15.1,96,0.00,0
1,17/02/21,6:00,15.3,97,0.00,0
1,17/02/21,6:30,15.4,97,0.00,0
1,17/02/21,7:00,15.8,97,0.00,26
1,17/02/21,7:30,16.3,97,0.00,68
1,17/02/21,8:00,16.8,96,0.00,72
1,17/02/21,8:30,17.0,95,0.00,104
1,17/02/21,9:00,17.4,93,0.00,138
1,17/02/21,9:30,17.6,93,0.00,152
1,17/02/21,10:00,18.1,91,0.00,171
1,17/02/21,10:30,19.1,89,0.00,283
1,17/02/21,11:00,19.7,87,0.00,320
1,17/02/21,11:30,20.7,83,0.00,445
1,17/02/21,12:00,19.0,93,0.20,306
1,17/02/21,12:30,21.2,82,0.00,516
1,17/02/21,13:00,21.2,83,0.00,606
1,17/02/21,13:30,22.3,74,0.00,884
1,17/02/21,14:00,22.5,76,0.00,390
1,17/02/21,14:30,23.5,75,0.00,585
1,17/02/21,15:00,23.1,76,0.00,757
1,17/02/21,15:30,23.6,76,0.00,809
1,17/02/21,16:00,22.5,79,0.00,465
1,17/02/21,16:30,20.4,89,0.00,190
1,17/02/21,17:00,21.6,88,0.00,358
1,17/02/21,17:30,21.1,86,0.00,133
1,17/02/21,18:00,21.3,83,0.00,177
1,17/02/21,18:30,20.7,88,0.00,106
1,17/02/21,19:00,18.9,91,7.40,6
1,17/02/21,19:30,17.8,95,2.40,17
1,17/02/21,20:00,18.3,95,0.40,0
1,17/02/21,20:30,18.1,96,0.00,0
1,17/02/21,21:00,18.0,96,0.00,0
1,17/02/21,21:30,18.0,97,0.40,0
1,17/02/21,22:00,17.9,97,0.00,0
1,17/02/21,22:30,18.0,97,0.00,0
1,17/02/21,23:00,18.1,97,0.00,0
1,17/02/21,23:30,18.1,97,0.00,0
1,18/02/21,00:00,18.0,97,0.00,0
1,18/02/21,0:30,18.1,98,0.00,0
1,18/02/21,1:00,18.1,98,0.00,0
1,18/02/21,1:30,18.1,98,0.00,0
1,18/02/21,2:00,18.0,98,0.00,0
1,18/02/21,2:30,18.0,98,0.60,0
1,18/02/21,3:00,18.1,98,0.40,0
1,18/02/21,3:30,17.9,98,0.00,0
1,18/02/21,4:00,17.9,98,0.00,0
1,18/02/21,4:30,17.8,98,0.20,0
1,18/02/21,5:00,17.9,98,0.20,0
1,18/02/21,5:30,17.8,98,0.00,0
1,18/02/21,6:00,17.7,98,0.00,0
1,18/02/21,6:30,17.1,98,0.00,0
1,18/02/21,7:00,16.9,98,0.00,13
1,18/02/21,7:30,17.0,98,0.00,60
1,18/02/21,8:00,17.1,97,0.00,134
1,18/02/21,8:30,17.4,96,0.00,159
1,18/02/21,9:00,17.6,94,0.00,196
1,18/02/21,9:30,18.1,92,0.00,272
1,18/02/21,10:00,18.8,90,0.00,304
1,18/02/21,10:30,19.2,88,0.00,344
1,18/02/21,11:00,19.3,88,0.00,308
1,18/02/21,11:30,19.6,90,0.00,334
1,18/02/21,12:00,19.8,89,0.00,364
1,18/02/21,12:30,20.8,90,0.00,539
1,18/02/21,13:00,21.0,87,0.00,484
1,18/02/21,13:30,21.9,84,0.00,753
1,18/02/21,14:00,22.9,76,0.00,529
1,18/02/21,14:30,20.8,86,2.60,307
1,18/02/21,15:00,21.2,91,1.20,492
1,18/02/21,15:30,23.4,81,0.00,791
1,18/02/21,16:00,23.5,80,0.00,717
1,18/02/21,16:30,23.9,76,0.00,405
1,18/02/21,17:00,22.6,83,0.00,318
1,18/02/21,17:30,22.3,77,0.00,223
1,18/02/21,18:00,23.8,75,0.00,261
1,18/02/21,18:30,23.9,74,0.00,129
1,18/02/21,19:00,23.2,77,0.00,33
1,18/02/21,19:30,21.9,79,0.00,7
1,18/02/21,20:00,21.1,84,0.00,0
1,18/02/21,20:30,21.7,80,0.00,0
1,18/02/21,21:00,21.0,83,0.00,0
1,18/02/21,21:30,21.0,83,0.00,0
1,18/02/21,22:00,20.7,83,0.00,0
1,18/02/21,22:30,20.4,83,0.00,0
1,18/02/21,23:00,20.4,84,0.00,0
1,18/02/21,23:30,20.3,85,0.00,0
1,19/02/21,00:00,20.6,84,0.00,0
1,19/02/21,0:30,20.7,83,0.00,0
1,19/02/21,1:00,20.4,84,0.00,0
1,19/02/21,1:30,20.3,86,0.00,0
1,19/02/21,2:00,19.6,83,0.00,0
1,19/02/21,2:30,19.4,84,0.00,0
1,19/02/21,3:00,19.2,84,0.00,0
1,19/02/21,3:30,18.7,86,0.00,0
1,19/02/21,4:00,18.8,87,0.00,0
1,19/02/21,4:30,18.7,86,0.00,0
1,19/02/21,5:00,18.8,85,0.00,0
1,19/02/21,5:30,18.4,87,0.00,0
1,19/02/21,6:00,18.0,88,0.00,0
1,19/02/21,6:30,17.8,88,0.00,3
1,19/02/21,7:00,19.0,86,0.00,52
1,19/02/21,7:30,19.3,83,0.00,159
1,19/02/21,8:00,18.9,85,0.00,291
1,19/02/21,8:30,19.5,86,0.00,409
1,19/02/21,9:00,20.6,86,0.00,524
1,19/02/21,9:30,21.7,82,0.00,631
1,19/02/21,10:00,22.7,77,0.00,727
1,19/02/21,10:30,23.8,72,0.00,813
1,19/02/21,11:00,24.4,65,0.00,886
1,19/02/21,11:30,24.8,60,0.00,943
1,19/02/21,12:00,25.5,63,0.00,982
1,19/02/21,12:30,25.7,58,0.00,1002
1,19/02/21,13:00,26.2,56,0.00,1008
1,19/02/21,13:30,26.8,58,0.00,995
1,19/02/21,14:00,26.9,54,0.00,964
1,19/02/21,14:30,27.4,60,0.00,913
1,19/02/21,15:00,27.9,51,0.00,849
1,19/02/21,15:30,27.9,52,0.00,770
1,19/02/21,16:00,28.0,49,0.00,658
1,19/02/21,16:30,27.9,52,0.00,528
1,19/02/21,17:00,28.1,54,0.00,432
1,19/02/21,17:30,27.4,58,0.00,265
1,19/02/21,18:00,27.2,61,0.00,188
1,19/02/21,18:30,26.0,64,0.00,79
1,19/02/21,19:00,25.4,66,0.00,40
1,19/02/21,19:30,25.4,62,0.00,5
1,19/02/21,20:00,24.4,65,0.00,0
1,19/02/21,20:30,22.7,70,0.00,0
1,19/02/21,21:00,22.3,71,0.00,0
1,19/02/21,21:30,22.3,70,0.00,0
1,19/02/21,22:00,23.3,62,0.00,0
1,19/02/21,22:30,23.3,63,0.00,0
1,19/02/21,23:00,22.6,67,0.00,0
1,19/02/21,23:30,22.3,67,0.00,0
1,20/02/21,00:00,21.1,72,0.00,0
1,20/02/21,0:30,20.8,77,0.00,0
1,20/02/21,1:00,20.6,77,0.00,0
1,20/02/21,1:30,19.9,82,0.00,0
1,20/02/21,2:00,20.0,83,0.00,0
1,20/02/21,2:30,20.2,79,0.00,0
1,20/02/21,3:00,20.6,78,0.00,0
1,20/02/21,3:30,19.6,85,0.00,0
1,20/02/21,4:00,19.8,83,0.00,0
1,20/02/21,4:30,19.4,87,0.00,0
1,20/02/21,5:00,19.3,89,0.00,0
1,20/02/21,5:30,19.2,91,0.00,0
1,20/02/21,6:00,19.3,92,0.00,0
1,20/02/21,6:30,19.8,90,0.00,1
1,20/02/21,7:00,20.0,89,0.00,27
1,20/02/21,7:30,20.1,90,0.00,89
1,20/02/21,8:00,20.1,92,0.00,59
1,20/02/21,8:30,21.1,89,0.00,284
1,20/02/21,9:00,22.2,85,0.00,492
1,20/02/21,9:30,23.1,81,0.00,607
1,20/02/21,10:00,24.1,77,0.00,623
1,20/02/21,10:30,24.4,73,0.00,792
1,20/02/21,11:00,25.3,74,0.00,848
1,20/02/21,11:30,25.7,70,0.00,931
1,20/02/21,12:00,26.5,70,0.00,997
1,20/02/21,12:30,26.4,68,0.00,962
1,20/02/21,13:00,26.4,70,0.00,715
1,20/02/21,13:30,27.2,61,0.00,835
1,20/02/21,14:00,27.2,61,0.00,851
1,20/02/21,14:30,27.5,57,0.00,904
1,20/02/21,15:00,27.4,60,0.00,845
1,20/02/21,15:30,26.7,62,0.00,457
1,20/02/21,16:00,27.2,57,0.00,643
1,20/02/21,16:30,27.8,62,0.00,613
1,20/02/21,17:00,27.4,60,0.00,497
1,20/02/21,17:30,27.0,56,0.00,370
1,20/02/21,18:00,25.2,75,0.00,309
1,20/02/21,18:30,23.6,80,0.00,90
1,20/02/21,19:00,22.7,81,0.00,45
1,20/02/21,19:30,21.8,83,0.00,6
1,20/02/21,20:00,21.3,87,0.00,0
1,20/02/21,20:30,20.9,89,0.00,0
1,20/02/21,21:00,20.8,92,0.00,0
1,20/02/21,21:31,20.6,89,0.00,0
1,20/02/21,22:00,19.7,89,0.00,0
1,20/02/21,22:30,19.3,91,0.00,0
1,20/02/21,23:00,18.9,92,0.00,0
1,20/02/21,23:30,19.1,93,0.00,0
1,21/02/21,00:00,18.9,93,0.00,0
1,21/02/21,0:30,18.8,92,0.00,0
1,21/02/21,1:00,18.9,90,0.00,0
1,21/02/21,1:30,18.7,90,0.00,0
1,21/02/21,2:00,18.7,90,0.00,0
1,21/02/21,2:30,18.5,91,0.00,0
1,21/02/21,3:00,18.2,95,0.00,0
1,21/02/21,3:30,18.3,96,0.00,0
1,21/02/21,4:00,18.5,97,0.00,0
1,21/02/21,4:30,18.5,97,0.00,0
1,21/02/21,5:00,18.7,97,0.00,0
1,21/02/21,5:30,18.6,97,0.00,0
1,21/02/21,6:00,18.8,97,0.00,0
1,21/02/21,6:30,18.5,97,0.00,2
1,21/02/21,7:00,18.6,96,0.00,32
1,21/02/21,7:30,19.0,95,0.00,92
1,21/02/21,8:00,19.3,94,0.00,136
1,21/02/21,8:30,19.7,93,0.00,147
1,21/02/21,9:00,20.2,91,0.00,255
1,21/02/21,9:30,20.9,88,0.00,402
1,21/02/21,10:00,22.2,84,0.00,723
1,21/02/21,10:30,23.2,84,0.00,795
1,21/02/21,11:00,24.3,81,0.00,860
1,21/02/21,11:30,24.7,74,0.00,839
1,21/02/21,12:00,25.5,72,0.00,938
1,21/02/21,12:30,26.1,61,0.00,1042
1,21/02/21,13:00,26.3,65,0.00,670
1,21/02/21,13:30,26.8,62,0.00,1017
1,21/02/21,14:00,27.1,63,0.00,1060
1,21/02/21,14:30,27.4,57,0.00,939
1,21/02/21,15:00,27.8,55,0.00,915
1,21/02/21,15:30,27.6,57,0.00,835
1,21/02/21,16:00,27.4,60,0.00,601
1,21/02/21,16:30,27.8,57,0.00,447
1,21/02/21,17:00,27.7,54,0.00,484
1,21/02/21,17:30,27.8,50,0.00,354
1,21/02/21,18:00,27.5,55,0.00,241
1,21/02/21,18:30,26.8,59,0.00,118
1,21/02/21,19:00,26.1,64,0.00,32
1,21/02/21,19:30,25.0,63,0.00,5
1,21/02/21,20:00,24.1,65,0.00,0
1,21/02/21,20:30,23.0,81,0.00,0
1,21/02/21,21:00,22.7,85,0.00,0
1,21/02/21,21:30,22.5,89,0.00,0
1,21/02/21,22:00,22.2,89,0.00,0
1,21/02/21,22:30,21.4,91,0.00,0
1,21/02/21,23:00,20.9,92,0.00,0
1,21/02/21,23:30,20.8,93,0.00,0
1,22/02/21,00:00,21.1,92,0.00,0
1,22/02/21,0:30,20.7,93,0.00,0
1,22/02/21,1:00,20.4,93,0.00,0
1,22/02/21,1:30,20.4,92,0.00,0
1,22/02/21,2:00,19.9,94,0.00,0
1,22/02/21,2:30,19.6,94,0.00,0
1,22/02/21,3:00,19.4,95,0.00,0
1,22/02/21,3:30,19.7,94,0.00,0
1,22/02/21,4:00,19.8,93,0.00,0
1,22/02/21,4:30,19.7,93,0.00,0
1,22/02/21,5:00,19.6,94,0.00,0
1,22/02/21,5:30,19.3,94,0.00,0
1,22/02/21,6:00,19.1,95,0.00,0
1,22/02/21,6:30,19.2,95,0.00,3
1,22/02/21,7:00,19.7,94,0.00,41
1,22/02/21,7:30,19.6,95,0.00,70
1,22/02/21,8:00,20.2,94,0.00,289
1,22/02/21,8:30,21.2,91,0.00,394
1,22/02/21,9:00,21.6,92,0.00,503
1,22/02/21,9:30,23.2,86,0.00,612
1,22/02/21,10:00,24.4,82,0.00,704
1,22/02/21,10:30,25.4,78,0.00,795
1,22/02/21,11:00,26.1,75,0.00,869
1,22/02/21,11:30,26.8,73,0.00,929
1,22/02/21,12:00,28.1,68,0.00,963
1,22/02/21,12:30,28.2,66,0.00,1000
1,22/02/21,13:00,29.1,64,0.00,1016
1,22/02/21,13:30,29.5,62,0.00,860
1,22/02/21,14:00,29.4,62,0.00,625
1,22/02/21,14:30,30.0,60,0.00,641
1,22/02/21,15:00,29.9,62,0.00,767
1,22/02/21,15:30,29.3,61,0.00,475
1,22/02/21,16:00,28.8,68,0.00,228
1,22/02/21,16:30,28.3,67,0.00,198
1,22/02/21,17:00,26.3,65,0.00,260
1,22/02/21,17:30,26.2,70,0.00,426
1,22/02/21,18:00,25.6,71,0.00,156
1,22/02/21,18:30,24.9,73,0.00,102
1,22/02/21,19:00,23.7,82,0.00,23
1,22/02/21,19:30,24.1,80,0.00,4
1,22/02/21,20:00,23.3,84,0.00,0
1,22/02/21,20:30,23.0,83,0.00,0
1,22/02/21,21:00,22.8,84,0.00,0
1,22/02/21,21:30,22.7,84,0.00,0
1,22/02/21,22:00,22.9,81,0.00,0
1,22/02/21,22:30,22.7,81,0.00,0
1,22/02/21,23:00,23.2,80,0.00,0
1,22/02/21,23:30,22.6,82,0.00,0
1,23/02/21,00:00,22.8,82,0.00,0
1,23/02/21,0:30,22.4,85,0.00,0
1,23/02/21,1:00,22.4,85,0.00,0
1,23/02/21,1:30,22.8,86,0.00,0
1,23/02/21,2:00,22.6,83,0.00,0
1,23/02/21,2:30,22.3,85,0.00,0
1,23/02/21,3:00,22.3,84,0.00,0
1,23/02/21,3:30,22.2,83,0.00,0
1,23/02/21,4:00,22.1,84,0.00,0
1,23/02/21,4:30,21.7,86,0.00,0
1,23/02/21,5:00,20.9,88,0.00,0
1,23/02/21,5:30,20.9,89,0.00,0
1,23/02/21,6:00,20.5,84,0.00,0
1,23/02/21,6:30,19.3,87,0.20,0
1,23/02/21,7:00,18.9,91,0.00,16
1,23/02/21,7:30,19.6,87,0.00,40
1,23/02/21,8:00,20.0,88,0.00,84
1,23/02/21,8:30,22.1,84,0.00,345
1,23/02/21,9:00,23.6,77,0.00,412
1,23/02/21,9:30,25.4,74,0.00,561
1,23/02/21,10:00,26.6,60,0.00,730
1,23/02/21,10:30,26.4,66,0.00,736
1,23/02/21,11:00,26.6,60,0.00,875
1,23/02/21,11:30,26.7,63,0.00,927
1,23/02/21,12:00,26.4,64,0.00,954
1,23/02/21,12:30,26.2,66,0.00,1060
1,23/02/21,13:00,25.7,69,0.00,472
1,23/02/21,13:30,25.8,69,0.00,468
1,23/02/21,14:00,25.8,72,0.00,474
1,23/02/21,14:30,25.8,71,0.00,514
1,23/02/21,15:00,26.6,71,0.00,606
1,23/02/21,15:30,27.3,70,0.00,771
1,23/02/21,16:00,27.3,67,0.00,715
1,23/02/21,16:30,26.8,67,0.00,316
1,23/02/21,17:00,26.3,71,0.00,242
1,23/02/21,17:30,23.4,80,0.00,174
1,23/02/21,18:00,21.8,77,0.00,133
1,23/02/21,18:30,21.5,68,0.00,86
1,23/02/21,19:00,20.8,68,0.00,31
1,23/02/21,19:30,20.0,67,0.00,6
1,23/02/21,20:00,19.8,68,0.00,0
1,23/02/21,20:30,19.8,65,0.00,0
1,23/02/21,21:00,19.7,65,0.00,0
1,23/02/21,21:30,19.3,66,0.00,0
1,23/02/21,22:00,19.0,68,0.00,0
1,23/02/21,22:30,19.1,69,0.00,0
1,23/02/21,23:00,18.7,70,0.00,0
1,23/02/21,23:30,18.7,71,0.00,0
1,24/02/21,00:00,18.3,72,0.00,0
1,24/02/21,0:30,17.9,75,0.00,0
1,24/02/21,1:00,17.5,77,0.00,0
1,24/02/21,1:30,17.4,79,0.00,0
1,24/02/21,2:00,17.2,76,0.00,0
1,24/02/21,2:30,17.7,74,0.00,0
1,24/02/21,3:00,17.7,74,0.00,0
1,24/02/21,3:30,17.1,76,0.00,0
1,24/02/21,4:00,17.1,77,0.00,0
1,24/02/21,4:30,16.4,79,0.00,0
1,24/02/21,5:00,16.8,76,0.00,0
1,24/02/21,5:30,16.2,78,0.00,0
1,24/02/21,6:00,16.1,76,0.00,0
1,24/02/21,6:30,16.1,76,0.00,2
1,24/02/21,7:00,16.1,81,0.00,38
1,24/02/21,7:30,17.7,77,0.00,146
1,24/02/21,8:00,18.9,75,0.00,281
1,24/02/21,8:30,19.9,69,0.00,406
1,24/02/21,9:00,20.7,69,0.00,524
1,24/02/21,9:30,21.4,66,0.00,630
1,24/02/21,10:00,23.0,50,0.00,727
1,24/02/21,10:30,23.3,37,0.00,819
1,24/02/21,11:00,24.0,35,0.00,896
1,24/02/21,11:30,24.3,35,0.00,951
1,24/02/21,12:00,24.8,32,0.00,986
1,24/02/21,12:30,24.8,34,0.00,1006
1,24/02/21,13:00,25.3,38,0.00,1007
1,24/02/21,13:30,25.8,39,0.00,991
1,24/02/21,14:00,26.2,38,0.00,964
1,24/02/21,14:30,26.1,35,0.00,917
1,24/02/21,15:00,26.7,32,0.00,850
1,24/02/21,15:30,26.8,37,0.00,775
1,24/02/21,16:00,26.7,33,0.00,683
1,24/02/21,16:30,26.8,30,0.00,585
1,24/02/21,17:00,26.8,30,0.00,478
1,24/02/21,17:30,26.5,35,0.00,359
1,24/02/21,18:00,25.8,42,0.00,237
1,24/02/21,18:30,25.0,45,0.00,110
1,24/02/21,19:00,23.7,52,0.00,23
1,24/02/21,19:30,22.1,59,0.00,3
1,24/02/21,20:00,20.9,62,0.00,0
1,24/02/21,20:30,20.4,64,0.00,0
1,24/02/21,21:00,19.6,68,0.00,0
1,24/02/21,21:30,19.3,73,0.00,0
1,24/02/21,22:00,18.8,75,0.00,0
1,24/02/21,22:30,19.0,75,0.00,0
1,24/02/21,23:00,18.7,76,0.00,0
1,24/02/21,23:30,18.1,79,0.00,0
1,25/02/21,00:00,17.5,81,0.00,0
1,25/02/21,0:30,17.9,81,0.00,0
1,25/02/21,1:00,16.4,86,0.00,0
1,25/02/21,1:30,16.2,87,0.00,0
1,25/02/21,2:00,16.5,85,0.00,0
1,25/02/21,2:30,16.3,86,0.00,0
1,25/02/21,3:00,16.3,85,0.00,0
1,25/02/21,3:30,16.2,85,0.00,0
1,25/02/21,4:00,16.4,85,0.00,0
1,25/02/21,4:30,16.7,85,0.00,0
1,25/02/21,5:00,16.6,85,0.00,0
1,25/02/21,5:30,16.7,86,0.00,0
1,25/02/21,6:00,16.4,87,0.00,0
1,25/02/21,6:30,16.2,87,0.00,2
1,25/02/21,7:00,17.1,86,0.00,36
1,25/02/21,7:30,18.2,85,0.00,140
1,25/02/21,8:00,19.1,84,0.00,276
1,25/02/21,8:30,20.3,82,0.00,395
1,25/02/21,9:00,21.4,76,0.00,509
1,25/02/21,9:30,22.8,61,0.00,618
1,25/02/21,10:00,23.8,56,0.00,713
1,25/02/21,10:30,25.1,53,0.00,797
1,25/02/21,11:00,25.3,45,0.00,871
1,25/02/21,11:30,25.9,43,0.00,925
1,25/02/21,12:00,26.1,47,0.00,961
1,25/02/21,12:30,26.2,46,0.00,984
1,25/02/21,13:00,26.6,46,0.00,983
1,25/02/21,13:30,26.8,46,0.00,972
1,25/02/21,14:00,27.2,46,0.00,941
1,25/02/21,14:30,27.1,46,0.00,895
1,25/02/21,15:00,27.3,47,0.00,840
1,25/02/21,15:30,27.4,46,0.00,758
1,25/02/21,16:00,27.1,48,0.00,669
1,25/02/21,16:30,27.0,45,0.00,570
1,25/02/21,17:00,27.1,49,0.00,459
1,25/02/21,17:30,26.8,47,0.00,345
1,25/02/21,18:00,26.3,48,0.00,228
1,25/02/21,18:30,25.3,54,0.00,103
1,25/02/21,19:00,24.2,59,0.00,22
1,25/02/21,19:30,22.8,63,0.00,3
1,25/02/21,20:00,21.9,65,0.00,0
1,25/02/21,20:30,21.4,65,0.00,0
1,25/02/21,21:00,21.3,65,0.00,0
1,25/02/21,21:30,20.6,66,0.00,0
1,25/02/21,22:00,20.2,68,0.00,0
1,25/02/21,22:30,19.8,73,0.00,0
1,25/02/21,23:00,19.6,75,0.00,0
1,25/02/21,23:30,19.6,76,0.00,0
1,26/02/21,00:00,19.2,77,0.00,0
1,26/02/21,0:30,18.4,79,0.00,0
1,26/02/21,1:00,18.2,81,0.00,0
1,26/02/21,1:30,17.9,83,0.00,0
1,26/02/21,2:00,17.3,86,0.00,0
1,26/02/21,2:30,17.8,86,0.00,0
1,26/02/21,3:00,17.8,87,0.00,0
1,26/02/21,3:30,17.7,88,0.00,0
1,26/02/21,4:00,17.4,89,0.00,0
1,26/02/21,4:30,17.4,89,0.00,0
1,26/02/21,5:00,17.2,91,0.00,0
1,26/02/21,5:30,17.0,91,0.00,0
1,26/02/21,6:00,17.0,92,0.00,0
1,26/02/21,6:30,17.1,92,0.00,2
1,26/02/21,7:00,17.6,91,0.00,34
1,26/02/21,7:30,18.5,89,0.00,139
1,26/02/21,8:00,19.7,85,0.00,284
1,26/02/21,8:30,20.9,81,0.00,400
1,26/02/21,9:00,22.0,75,0.00,513
1,26/02/21,9:30,22.8,69,0.00,621
1,26/02/21,10:00,23.6,62,0.00,719
1,26/02/21,10:30,24.5,57,0.00,805
1,26/02/21,11:00,25.2,56,0.00,874
1,26/02/21,11:30,25.5,51,0.00,929
1,26/02/21,12:00,26.0,46,0.00,968
1,26/02/21,12:30,26.3,43,0.00,992
1,26/02/21,13:00,26.8,46,0.00,995
1,26/02/21,13:30,27.2,47,0.00,976
1,26/02/21,14:00,27.1,50,0.00,945
1,26/02/21,14:30,27.1,50,0.00,900
1,26/02/21,15:00,27.4,46,0.00,830
1,26/02/21,15:30,27.3,50,0.00,758
1,26/02/21,16:00,27.2,50,0.00,669
1,26/02/21,16:30,27.2,55,0.00,569
1,26/02/21,17:00,26.9,56,0.00,456
1,26/02/21,17:30,26.4,59,0.00,339
1,26/02/21,18:00,25.6,61,0.00,222
1,26/02/21,18:30,24.6,65,0.00,101
1,26/02/21,19:00,23.5,69,0.00,22
1,26/02/21,19:30,22.4,71,0.00,2
1,26/02/21,20:00,21.7,76,0.00,0
1,26/02/21,20:30,20.9,80,0.00,0
1,26/02/21,21:00,20.6,81,0.00,0
1,26/02/21,21:30,20.3,82,0.00,0
1,26/02/21,22:00,19.8,85,0.00,0
1,26/02/21,22:30,19.4,86,0.00,0
1,26/02/21,23:00,19.0,87,0.00,0
1,26/02/21,23:30,18.7,88,0.00,0
1,27/02/21,00:00,18.4,89,0.00,0
1,27/02/21,0:30,18.4,89,0.00,0
1,27/02/21,1:00,18.2,90,0.00,0
1,27/02/21,1:30,18.2,90,0.00,0
1,27/02/21,2:00,18.2,89,0.00,0
1,27/02/21,2:30,18.2,89,0.00,0
1,27/02/21,3:00,17.9,90,0.00,0
1,27/02/21,3:30,17.9,91,0.00,0
1,27/02/21,4:00,17.8,92,0.00,0
1,27/02/21,4:30,17.6,92,0.00,0
1,27/02/21,5:00,17.8,92,0.00,0
1,27/02/21,5:30,17.8,91,0.00,0
1,27/02/21,6:00,17.8,91,0.00,0
1,27/02/21,6:30,18.2,91,0.00,1
1,27/02/21,7:00,18.4,90,0.00,31
1,27/02/21,7:30,19.2,90,0.00,135
1,27/02/21,8:00,20.1,88,0.00,268
1,27/02/21,8:30,20.7,85,0.00,388
1,27/02/21,9:00,21.6,82,0.00,502
1,27/02/21,9:30,22.3,78,0.00,607
1,27/02/21,10:00,23.2,75,0.00,704
1,27/02/21,10:30,23.8,75,0.00,789
1,27/02/21,11:00,24.4,68,0.00,865
1,27/02/21,11:30,24.9,66,0.00,924
1,27/02/21,12:00,25.4,68,0.00,971
1,27/02/21,12:30,26.1,66,0.00,995
1,27/02/21,13:00,26.1,62,0.00,996
1,27/02/21,13:30,26.6,60,0.00,1019
1,27/02/21,14:00,26.9,59,0.00,957
1,27/02/21,14:30,26.7,58,0.00,896
1,27/02/21,15:00,27.1,59,0.00,856
1,27/02/21,15:30,26.7,59,0.00,757
1,27/02/21,16:00,26.5,59,0.00,662
1,27/02/21,16:30,26.2,61,0.00,577
1,27/02/21,17:00,26.0,61,0.00,453
1,27/02/21,17:30,25.4,59,0.00,338
1,27/02/21,18:00,24.7,61,0.00,220
1,27/02/21,18:30,23.8,66,0.00,99
1,27/02/21,19:00,22.9,70,0.00,22
1,27/02/21,19:30,21.9,74,0.00,2
1,27/02/21,20:00,21.4,78,0.00,0
1,27/02/21,20:30,21.1,79,0.00,0
1,27/02/21,21:00,20.7,82,0.00,0
1,27/02/21,21:30,20.5,85,0.00,0
1,27/02/21,22:00,20.3,87,0.00,0
1,27/02/21,22:30,20.3,86,0.00,0
1,27/02/21,23:00,20.3,87,0.00,0
1,27/02/21,23:30,20.2,87,0.00,0
1,28/02/21,00:00,20.1,88,0.00,0
1,28/02/21,0:30,19.9,88,0.00,0
1,28/02/21,1:00,19.6,89,0.00,0
1,28/02/21,1:30,19.8,89,0.00,0
1,28/02/21,2:00,19.3,90,0.00,0
1,28/02/21,2:30,19.4,90,0.00,0
1,28/02/21,3:00,19.2,90,0.00,0
1,28/02/21,3:30,19.5,88,0.00,0
1,28/02/21,4:00,19.4,89,0.00,0
1,28/02/21,4:30,18.9,90,0.00,0
1,28/02/21,5:00,18.9,91,0.00,0
1,28/02/21,5:30,19.1,91,0.00,0
1,28/02/21,6:00,18.9,91,0.00,0
1,28/02/21,6:30,18.3,92,0.00,1
1,28/02/21,7:00,18.6,92,0.00,22
1,28/02/21,7:30,19.3,90,0.00,125
1,28/02/21,8:00,20.1,88,0.00,259
1,28/02/21,8:30,20.9,85,0.00,375
1,28/02/21,9:00,21.4,82,0.00,480
1,28/02/21,9:30,22.5,76,0.00,617
1,28/02/21,10:00,23.2,72,0.00,705
1,28/02/21,10:30,23.9,69,0.00,786
1,28/02/21,11:00,24.4,71,0.00,841
1,28/02/21,11:30,24.7,72,0.00,931
1,28/02/21,12:00,25.0,68,0.00,973
1,28/02/21,12:30,25.2,68,0.00,688
1,28/02/21,13:00,25.3,67,0.00,611
1,28/02/21,13:30,25.7,67,0.00,502
1,28/02/21,14:00,26.3,66,0.00,785
1,28/02/21,14:30,26.2,66,0.00,517
1,28/02/21,15:00,26.5,65,0.00,563
1,28/02/21,15:30,26.8,62,0.00,768
1,28/02/21,16:00,26.6,63,0.00,604
1,28/02/21,16:30,26.3,66,0.00,407
1,28/02/21,17:00,25.9,70,0.00,253
1,28/02/21,17:30,25.3,70,0.00,298
1,28/02/21,18:00,24.4,74,0.00,180
1,28/02/21,18:30,23.9,77,0.00,78
1,28/02/21,19:00,23.0,80,0.00,28
1,28/02/21,19:30,22.3,82,0.00,3
1,28/02/21,20:00,21.9,84,0.00,0
1,28/02/21,20:30,21.6,86,0.00,0
1,28/02/21,21:00,21.4,87,0.00,0
1,28/02/21,21:30,21.3,88,0.00,0
1,28/02/21,22:00,21.2,88,0.00,0
1,28/02/21,22:30,21.1,89,0.00,0
1,28/02/21,23:00,20.9,89,0.00,0
1,28/02/21,23:30,20.8,90,0.00,0
1,01/03/21,00:00,20.8,90,0.00,0
1,01/03/21,0:30,20.7,89,0.00,0
1,01/03/21,1:00,20.8,88,0.00,0
1,01/03/21,1:30,20.9,88,0.00,0
1,01/03/21,2:00,20.8,87,0.00,0
1,01/03/21,2:30,20.9,87,0.00,0
1,01/03/21,3:00,21.0,87,0.00,0
1,01/03/21,3:30,20.8,88,0.00,0
1,01/03/21,4:00,21.0,88,0.00,0
1,01/03/21,4:30,21.1,87,0.00,0
1,01/03/21,5:00,21.2,88,0.00,0
1,01/03/21,5:30,21.1,89,0.00,0
1,01/03/21,6:00,20.7,90,0.00,0
1,01/03/21,6:30,20.7,91,0.00,0
1,01/03/21,7:00,20.9,91,0.00,20
1,01/03/21,7:30,20.9,92,0.00,42
1,01/03/21,8:00,21.8,90,0.00,132
1,01/03/21,8:30,22.6,86,0.00,219
1,01/03/21,9:00,22.8,86,0.00,270
1,01/03/21,9:30,23.1,85,0.00,218
1,01/03/21,10:00,23.4,83,0.00,242
1,01/03/21,10:30,25.2,77,0.00,706
1,01/03/21,11:00,25.8,77,0.00,803
1,01/03/21,11:30,25.8,77,0.00,797
1,01/03/21,12:00,25.9,74,0.00,501
1,01/03/21,12:30,26.1,74,0.00,459
1,01/03/21,13:00,26.6,73,0.00,937
1,01/03/21,13:30,27.4,69,0.00,1046
1,01/03/21,14:00,27.1,70,0.00,450
1,01/03/21,14:30,27.4,70,0.00,428
1,01/03/21,15:00,27.5,70,0.00,653
1,01/03/21,15:30,27.9,68,0.00,727
1,01/03/21,16:00,26.9,72,0.00,418
1,01/03/21,16:30,27.2,71,0.00,328
1,01/03/21,17:00,27.0,72,0.00,442
1,01/03/21,17:30,26.8,72,0.00,312
1,01/03/21,18:00,26.1,76,0.00,223
1,01/03/21,18:30,25.6,77,0.00,87
1,01/03/21,19:00,24.6,80,0.00,22
1,01/03/21,19:30,23.8,83,0.00,1
1,01/03/21,20:00,23.3,85,0.00,0
1,01/03/21,20:30,22.7,88,0.00,0
1,01/03/21,21:00,22.4,89,0.00,0
1,01/03/21,21:30,22.3,90,0.00,0
1,01/03/21,22:00,22.2,89,0.00,0
1,01/03/21,22:30,21.8,91,0.00,0
1,01/03/21,23:00,21.6,91,0.00,0
1,01/03/21,23:30,21.5,89,0.00,0
1,02/03/21,00:00,21.3,90,0.00,0
1,02/03/21,0:30,21.1,90,0.00,0
1,02/03/21,1:00,20.9,90,0.00,0
1,02/03/21,1:30,21.0,90,0.00,0
1,02/03/21,2:00,20.9,90,0.00,0
1,02/03/21,2:30,20.6,90,0.00,0
1,02/03/21,3:00,20.3,91,0.00,0
1,02/03/21,3:30,20.2,92,0.00,0
1,02/03/21,4:00,20.6,92,0.00,0
1,02/03/21,4:30,20.6,91,0.00,0
1,02/03/21,5:00,20.5,91,0.00,0
1,02/03/21,5:30,20.4,92,0.00,0
1,02/03/21,6:00,20.3,93,0.00,0
1,02/03/21,6:30,20.2,93,0.00,0
1,02/03/21,7:00,20.6,93,0.00,25
1,02/03/21,7:30,21.4,91,0.00,117
1,02/03/21,8:00,22.1,90,0.00,227
1,02/03/21,8:30,22.1,90,0.00,191
1,02/03/21,9:00,22.7,88,0.00,243
1,02/03/21,9:30,23.8,81,0.00,574
1,02/03/21,10:00,24.6,80,0.00,657
1,02/03/21,10:30,25.3,76,0.00,659
1,02/03/21,11:00,25.9,79,0.00,762
1,02/03/21,11:30,26.2,72,0.00,664
1,02/03/21,12:00,26.7,69,0.00,685
1,02/03/21,12:30,27.4,65,0.00,963
1,02/03/21,13:00,27.3,71,0.00,435
1,02/03/21,13:30,27.3,72,0.00,491
1,02/03/21,14:00,28.2,69,0.00,864
1,02/03/21,14:30,27.7,72,0.00,689
1,02/03/21,15:00,28.5,68,0.00,790
1,02/03/21,15:30,26.9,75,0.00,191
1,02/03/21,16:00,26.9,76,0.00,306
1,02/03/21,16:30,26.9,75,0.00,528
1,02/03/21,17:00,26.4,77,0.00,444
1,02/03/21,17:30,26.2,79,0.00,315
1,02/03/21,18:00,25.2,79,0.00,167
1,02/03/21,18:30,24.8,81,0.00,61
1,02/03/21,19:00,23.8,84,0.00,20
1,02/03/21,19:30,23.2,87,0.00,0
1,02/03/21,20:00,22.8,88,0.00,0
1,02/03/21,20:30,22.6,89,0.00,0
1,02/03/21,21:00,22.6,90,0.00,0
1,02/03/21,21:30,22.4,90,0.00,0
1,02/03/21,22:00,22.4,89,0.00,0
1,02/03/21,22:30,22.3,90,0.00,0
1,02/03/21,23:00,22.3,90,0.00,0
1,02/03/21,23:30,22.2,89,0.00,0
1,03/03/21,00:00,22.2,89,0.00,0
1,03/03/21,0:30,22.0,90,0.00,0
1,03/03/21,1:00,21.7,92,0.00,0
1,03/03/21,1:30,21.3,94,0.00,0
1,03/03/21,2:00,21.2,93,0.00,0
1,03/03/21,2:30,21.3,93,0.00,0
1,03/03/21,3:00,21.3,94,0.00,0
1,03/03/21,3:30,21.3,95,0.00,0
1,03/03/21,4:00,21.3,95,0.00,0
1,03/03/21,4:30,21.1,95,0.00,0
1,03/03/21,5:00,21.1,96,0.00,0
1,03/03/21,5:30,21.3,95,0.00,0
1,03/03/21,6:00,21.3,94,0.00,0
1,03/03/21,6:30,21.2,94,0.00,1
1,03/03/21,7:00,21.4,94,0.00,22
1,03/03/21,7:30,21.9,93,0.00,90
1,03/03/21,8:00,21.9,94,0.00,140
1,03/03/21,8:30,22.8,91,0.00,196
1,03/03/21,9:00,23.5,87,0.00,360
1,03/03/21,9:30,24.0,86,0.00,478
1,03/03/21,10:00,23.7,85,0.00,309
1,03/03/21,10:30,24.9,81,0.00,592
1,03/03/21,11:00,24.6,83,0.00,317
1,03/03/21,11:30,25.1,80,0.00,390
1,03/03/21,12:00,25.6,78,0.00,654
1,03/03/21,12:30,26.2,77,0.00,646
1,03/03/21,13:00,26.7,74,0.00,576
1,03/03/21,13:30,26.6,74,0.00,887
1,03/03/21,14:00,26.6,74,0.00,562
1,03/03/21,14:30,27.0,72,0.00,522
1,03/03/21,15:00,27.3,71,0.00,648
1,03/03/21,15:30,27.6,74,0.00,574
1,03/03/21,16:00,27.6,72,0.00,598
1,03/03/21,16:30,27.4,73,0.00,566
1,03/03/21,17:00,27.3,72,0.00,429
1,03/03/21,17:30,26.9,74,0.00,313
1,03/03/21,18:00,26.2,76,0.00,196
1,03/03/21,18:30,25.2,81,0.00,77
1,03/03/21,19:00,24.1,85,0.00,18
1,03/03/21,19:30,23.4,87,0.00,0
1,03/03/21,20:00,23.1,89,0.00,0
1,03/03/21,20:30,22.8,90,0.00,0
1,03/03/21,21:00,22.7,90,0.00,0
1,03/03/21,21:30,22.6,90,0.00,0
1,03/03/21,22:00,22.4,90,0.00,0
1,03/03/21,22:30,22.3,91,0.00,0
1,03/03/21,23:00,22.1,91,0.00,0
1,03/03/21,23:30,21.9,91,0.00,0
1,04/03/21,00:00,21.8,92,0.00,0
1,04/03/21,0:30,21.8,92,0.00,0
1,04/03/21,1:00,21.9,92,0.00,0
1,04/03/21,1:30,21.7,93,0.00,0
1,04/03/21,2:00,21.7,93,0.00,0
1,04/03/21,2:30,21.6,93,0.00,0
1,04/03/21,3:00,21.6,93,0.00,0
1,04/03/21,3:30,21.3,94,0.00,0
1,04/03/21,4:00,21.0,94,0.00,0
1,04/03/21,4:30,20.9,94,0.00,0
1,04/03/21,5:00,21.1,94,0.00,0
1,04/03/21,5:30,21.1,94,0.00,0
1,04/03/21,6:00,20.9,94,0.00,0
1,04/03/21,6:30,20.7,95,0.00,0
1,04/03/21,7:00,20.7,95,0.00,13
1,04/03/21,7:30,21.1,95,0.00,63
1,04/03/21,8:00,21.6,94,0.00,113
1,04/03/21,8:30,22.1,91,0.00,177
1,04/03/21,9:00,22.7,89,0.00,179
1,04/03/21,9:30,23.8,86,0.00,329
1,04/03/21,10:00,23.6,85,0.00,281
1,04/03/21,10:30,24.5,82,0.00,422
1,04/03/21,11:00,25.1,80,0.00,390
1,04/03/21,11:30,25.8,78,0.00,450
1,04/03/21,12:00,27.0,70,0.00,839
1,04/03/21,12:30,27.0,72,0.00,518
1,04/03/21,13:00,27.1,71,0.00,438
1,04/03/21,13:30,27.9,66,0.00,991
1,04/03/21,14:00,27.0,71,0.00,563
1,04/03/21,14:30,26.6,72,0.00,353
1,04/03/21,15:00,26.1,76,0.00,238
1,04/03/21,15:30,24.2,82,0.00,175
1,04/03/21,16:00,23.9,81,0.00,110
1,04/03/21,16:30,23.4,84,0.00,92
1,04/03/21,17:00,23.3,87,0.00,97
1,04/03/21,17:30,23.8,84,0.00,190
1,04/03/21,18:00,23.5,85,0.00,33
1,04/03/21,18:30,23.2,88,0.00,15
1,04/03/21,19:00,22.5,90,0.00,4
1,04/03/21,19:30,22.1,92,0.00,0
1,04/03/21,20:00,21.6,92,0.00,0
1,04/03/21,20:30,21.4,92,0.00,0
1,04/03/21,21:00,21.2,94,0.00,0
1,04/03/21,21:30,20.9,93,0.00,0
1,04/03/21,22:00,20.7,93,0.00,0
1,04/03/21,22:30,20.6,94,0.00,0
1,04/03/21,23:00,20.6,94,0.00,0
1,04/03/21,23:30,20.5,94,0.00,0
1,05/03/21,00:00,20.6,93,0.00,0
1,05/03/21,0:30,19.8,95,0.00,0
1,05/03/21,1:00,20.2,96,0.00,0
1,05/03/21,1:30,20.3,95,0.00,0
1,05/03/21,2:00,20.2,96,0.00,0
1,05/03/21,2:30,20.3,97,0.00,0
1,05/03/21,3:00,20.4,96,0.00,0
1,05/03/21,3:30,20.4,95,0.00,0
1,05/03/21,4:00,20.4,95,0.00,0
1,05/03/21,4:30,20.4,95,0.00,0
1,05/03/21,5:00,20.3,95,0.00,0
1,05/03/21,5:30,20.1,95,0.00,0
1,05/03/21,6:00,19.8,96,0.00,0
1,05/03/21,6:30,19.8,97,0.00,0
1,05/03/21,7:00,19.7,97,0.00,6
1,05/03/21,7:30,19.9,97,0.00,35
1,05/03/21,8:00,20.1,97,0.20,71
1,05/03/21,8:30,21.4,93,0.00,267
1,05/03/21,9:00,21.4,92,0.00,400
1,05/03/21,9:30,21.8,90,0.00,434
1,05/03/21,10:00,23.5,81,0.00,564
1,05/03/21,10:30,24.0,81,0.00,754
1,05/03/21,11:00,24.1,77,0.00,659
1,05/03/21,11:30,22.8,89,1.00,443
1,05/03/21,12:00,25.0,77,0.00,1105
1,05/03/21,12:30,25.3,77,0.00,463
1,05/03/21,13:00,20.4,91,4.60,271
1,05/03/21,13:30,23.2,84,0.00,390
1,05/03/21,14:00,20.3,93,4.80,181
1,05/03/21,14:30,22.6,85,0.20,423
1,05/03/21,15:00,23.5,88,0.00,374
1,05/03/21,15:30,24.3,78,0.00,510
1,05/03/21,16:00,25.6,69,0.00,600
1,05/03/21,16:30,25.6,62,0.00,551
1,05/03/21,17:00,25.8,61,0.00,469
1,05/03/21,17:30,24.4,69,0.00,196
1,05/03/21,18:00,23.2,78,0.00,146
1,05/03/21,18:30,22.6,80,0.00,47
1,05/03/21,19:00,21.7,84,0.00,11
1,05/03/21,19:30,20.7,86,0.00,0
1,05/03/21,20:00,20.4,87,0.00,0
1,05/03/21,20:30,19.8,90,0.00,0
1,05/03/21,21:00,19.5,91,0.00,0
1,05/03/21,21:30,19.3,91,0.00,0
1,05/03/21,22:00,19.1,91,0.00,0
1,05/03/21,22:30,18.8,89,0.00,0
1,05/03/21,23:00,18.7,89,0.00,0
1,05/03/21,23:30,18.3,88,0.00,0
1,06/03/21,00:00,17.3,85,0.00,0
1,06/03/21,0:30,16.6,88,0.00,0
1,06/03/21,1:00,16.1,88,0.00,0
1,06/03/21,1:30,15.4,89,0.00,0
1,06/03/21,2:00,15.1,89,0.00,0
1,06/03/21,2:30,14.7,90,0.00,0
1,06/03/21,3:00,14.3,91,0.00,0
1,06/03/21,3:30,13.9,91,0.00,0
1,06/03/21,4:00,13.2,92,0.00,0
1,06/03/21,4:30,13.1,92,0.00,0
1,06/03/21,5:00,13.1,92,0.00,0
1,06/03/21,5:30,12.9,93,0.00,0
1,06/03/21,6:00,12.8,95,0.00,0
1,06/03/21,6:30,12.1,95,0.00,0
1,06/03/21,7:00,12.3,95,0.00,25
1,06/03/21,7:30,12.5,95,0.00,89
1,06/03/21,8:00,13.0,96,0.00,162
1,06/03/21,8:30,13.9,96,0.00,325
1,06/03/21,9:00,15.4,95,0.00,498
1,06/03/21,9:30,16.8,89,0.00,603
1,06/03/21,10:00,17.8,84,0.00,696
1,06/03/21,10:30,19.1,82,0.00,801
1,06/03/21,11:00,19.8,79,0.00,804
1,06/03/21,11:30,20.4,80,0.00,442
1,06/03/21,12:00,20.8,75,0.00,665
1,06/03/21,12:30,21.4,75,0.00,907
1,06/03/21,13:00,21.6,74,0.00,617
1,06/03/21,13:30,21.9,74,0.00,1094
1,06/03/21,14:00,22.2,69,0.00,346
1,06/03/21,14:30,23.1,62,0.00,581
1,06/03/21,15:00,23.8,61,0.00,675
1,06/03/21,15:30,23.9,64,0.00,608
1,06/03/21,16:00,23.1,66,0.00,411
1,06/03/21,16:30,23.3,65,0.00,457
1,06/03/21,17:00,22.8,68,0.00,132
1,06/03/21,17:30,22.1,69,0.00,94
1,06/03/21,18:00,23.2,66,0.00,197
1,06/03/21,18:30,22.2,70,0.00,82
1,06/03/21,19:00,20.9,74,0.00,15
1,06/03/21,19:30,19.9,77,0.00,0
1,06/03/21,20:00,19.3,79,0.00,0
1,06/03/21,20:30,19.2,78,0.00,0
1,06/03/21,21:00,18.6,82,0.00,0
1,06/03/21,21:30,18.5,82,0.00,0
1,06/03/21,22:00,18.0,84,0.00,0
1,06/03/21,22:30,18.0,84,0.00,0
1,06/03/21,23:00,17.8,84,0.00,0
1,06/03/21,23:30,17.5,86,0.00,0
1,07/03/21,00:00,17.2,88,0.00,0
1,07/03/21,0:30,16.8,89,0.00,0
1,07/03/21,1:00,16.4,91,0.00,0
1,07/03/21,1:30,16.1,92,0.00,0
1,07/03/21,2:00,16.3,92,0.00,0
1,07/03/21,2:30,15.8,92,0.00,0
1,07/03/21,3:00,15.9,92,0.00,0
1,07/03/21,3:30,16.3,90,0.00,0
1,07/03/21,4:00,16.2,90,0.00,0
1,07/03/21,4:30,15.8,91,0.00,0
1,07/03/21,5:00,16.1,90,0.00,0
1,07/03/21,5:30,15.6,91,0.00,0
1,07/03/21,6:00,15.6,90,0.00,0
1,07/03/21,6:30,15.6,91,0.00,0
1,07/03/21,7:00,15.9,91,0.00,21
1,07/03/21,7:30,16.9,90,0.00,109
1,07/03/21,8:00,18.7,87,0.00,241
1,07/03/21,8:30,19.8,84,0.00,368
1,07/03/21,9:00,20.2,79,0.00,479
1,07/03/21,9:30,20.8,75,0.00,622
1,07/03/21,10:00,21.2,76,0.00,636
1,07/03/21,10:30,22.2,70,0.00,813
1,07/03/21,11:00,22.4,65,0.00,781
1,07/03/21,11:30,22.8,71,0.00,905
1,07/03/21,12:00,23.3,65,0.00,994
1,07/03/21,12:30,23.8,63,0.00,1026
1,07/03/21,13:00,24.1,64,0.00,1016
1,07/03/21,13:30,24.6,63,0.00,1039
1,07/03/21,14:00,24.9,61,0.00,997
1,07/03/21,14:30,25.1,57,0.00,716
1,07/03/21,15:00,25.4,56,0.00,689
1,07/03/21,15:30,25.8,57,0.00,746
1,07/03/21,16:00,26.1,57,0.00,720
1,07/03/21,16:30,25.7,56,0.00,526
1,07/03/21,17:00,25.8,57,0.00,456
1,07/03/21,17:30,25.8,55,0.00,295
1,07/03/21,18:00,25.5,56,0.00,178
1,07/03/21,18:30,24.9,60,0.00,64
1,07/03/21,19:00,23.4,66,0.00,12
1,07/03/21,19:30,21.8,76,0.00,0
1,07/03/21,20:00,21.2,82,0.00,0
1,07/03/21,20:30,20.7,83,0.00,0
1,07/03/21,21:00,20.3,84,0.00,0
1,07/03/21,21:30,20.3,85,0.00,0
1,07/03/21,22:00,19.8,86,0.00,0
1,07/03/21,22:30,19.3,88,0.00,0
1,07/03/21,23:00,19.2,88,0.00,0
1,07/03/21,23:30,18.9,87,0.00,0
1,08/03/21,00:00,17.9,92,0.00,0
1,08/03/21,0:30,17.8,92,0.00,0
1,08/03/21,1:00,17.8,93,0.00,0
1,08/03/21,1:30,17.9,92,0.00,0
1,08/03/21,2:00,18.1,92,0.00,0
1,08/03/21,2:30,18.1,92,0.00,0
1,08/03/21,3:00,18.0,92,0.00,0
1,08/03/21,3:30,17.8,92,0.00,0
1,08/03/21,4:00,17.6,93,0.00,0
1,08/03/21,4:30,18.1,93,0.00,0
1,08/03/21,5:00,17.8,93,0.00,0
1,08/03/21,5:30,17.8,93,0.00,0
1,08/03/21,6:00,17.7,94,0.00,0
1,08/03/21,6:30,17.4,94,0.00,0
1,08/03/21,7:00,18.1,92,0.00,20
1,08/03/21,7:30,18.2,88,0.00,106
1,08/03/21,8:00,18.1,93,0.00,233
1,08/03/21,8:30,20.2,88,0.00,355
1,08/03/21,9:00,21.1,85,0.00,465
1,08/03/21,9:30,21.9,79,0.00,571
1,08/03/21,10:00,22.8,75,0.00,655
1,08/03/21,10:30,23.9,73,0.00,771
1,08/03/21,11:00,24.5,63,0.00,833
1,08/03/21,11:30,24.9,61,0.00,887
1,08/03/21,12:00,25.2,62,0.00,969
1,08/03/21,12:30,25.3,62,0.00,562
1,08/03/21,13:00,25.2,63,0.00,655
1,08/03/21,13:30,25.4,63,0.00,710
1,08/03/21,14:00,26.2,62,0.00,918
1,08/03/21,14:30,25.9,60,0.00,705
1,08/03/21,15:00,25.8,62,0.00,414
1,08/03/21,15:30,25.7,61,0.00,419
1,08/03/21,16:00,25.9,62,0.00,372
1,08/03/21,16:30,25.8,64,0.00,245
1,08/03/21,17:00,25.4,65,0.00,161
1,08/03/21,17:30,25.2,67,0.00,198
1,08/03/21,18:00,24.1,73,0.00,102
1,08/03/21,18:30,23.4,77,0.00,72
1,08/03/21,19:00,22.0,82,0.00,5
1,08/03/21,19:30,21.6,84,0.00,0
1,08/03/21,20:00,21.4,85,0.00,0
1,08/03/21,20:30,21.1,86,0.00,0
1,08/03/21,21:00,20.9,87,0.00,0
1,08/03/21,21:30,20.8,88,0.00,0
1,08/03/21,22:00,20.7,87,0.00,0
1,08/03/21,22:30,20.4,87,0.00,0
1,08/03/21,23:00,19.9,89,0.00,0
1,08/03/21,23:30,19.6,90,0.00,0
1,09/03/21,00:00,19.2,90,0.00,0
1,09/03/21,0:30,19.0,92,0.00,0
1,09/03/21,1:00,18.6,91,0.00,0
1,09/03/21,1:30,18.6,93,0.00,0
1,09/03/21,2:00,18.2,93,0.00,0
1,09/03/21,2:30,17.8,94,0.00,0
1,09/03/21,3:00,17.9,95,0.00,0
1,09/03/21,3:30,17.9,96,0.00,0
1,09/03/21,4:00,18.1,96,0.00,0
1,09/03/21,4:30,17.8,97,0.00,0
1,09/03/21,5:00,18.0,97,0.00,0
1,09/03/21,5:30,17.7,96,0.00,0
1,09/03/21,6:00,17.8,97,0.00,0
1,09/03/21,6:30,17.6,97,0.00,0
1,09/03/21,7:00,17.9,97,0.00,11
1,09/03/21,7:30,18.1,98,0.00,51
1,09/03/21,8:00,18.6,97,0.00,195
1,09/03/21,8:30,19.7,94,0.00,200
1,09/03/21,9:00,20.0,91,0.00,233
1,09/03/21,9:30,21.4,84,0.00,338
1,09/03/21,10:00,22.3,79,0.00,392
1,09/03/21,10:30,22.7,75,0.00,510
1,09/03/21,11:00,23.2,72,0.00,714
1,09/03/21,11:30,24.2,67,0.00,890
1,09/03/21,12:00,24.3,63,0.00,959
1,09/03/21,12:30,24.6,62,0.00,992
1,09/03/21,13:00,25.4,63,0.00,945
1,09/03/21,13:30,25.2,61,0.00,713
1,09/03/21,14:00,25.9,57,0.00,948
1,09/03/21,14:30,25.6,55,0.00,768
1,09/03/21,15:00,26.1,56,0.00,823
1,09/03/21,15:30,25.1,55,0.00,564
1,09/03/21,16:00,25.8,52,0.00,513
1,09/03/21,16:30,25.0,58,0.00,454
1,09/03/21,17:00,24.3,59,0.00,272
1,09/03/21,17:30,25.0,56,0.00,247
1,09/03/21,18:00,24.6,58,0.00,168
1,09/03/21,18:30,23.7,61,0.00,58
1,09/03/21,19:00,22.1,68,0.00,12
1,09/03/21,19:30,21.1,76,0.00,0
1,09/03/21,20:00,20.3,79,0.00,0
1,09/03/21,20:30,19.8,84,0.00,0
1,09/03/21,21:00,19.6,85,0.00,0
1,09/03/21,21:30,19.3,84,0.00,0
1,09/03/21,22:00,19.2,85,0.00,0
1,09/03/21,22:30,18.7,86,0.00,0
1,09/03/21,23:00,18.4,87,0.00,0
1,09/03/21,23:30,18.2,89,0.00,0
1,10/03/21,00:00,18.2,89,0.00,0
1,10/03/21,0:30,17.8,91,0.00,0
1,10/03/21,1:00,17.6,92,0.00,0
1,10/03/21,1:30,17.6,92,0.00,0
1,10/03/21,2:00,17.1,93,0.00,0
1,10/03/21,2:30,16.9,94,0.00,0
1,10/03/21,3:00,16.9,94,0.00,0
1,10/03/21,3:30,17.1,95,0.00,0
1,10/03/21,4:00,16.7,94,0.00,0
1,10/03/21,4:30,16.4,96,0.00,0
1,10/03/21,5:00,16.6,97,0.00,0
1,10/03/21,5:30,16.9,97,0.00,0
1,10/03/21,6:00,16.9,97,0.00,0
1,10/03/21,6:30,16.4,96,0.00,0
1,10/03/21,7:00,16.4,97,0.00,12
1,10/03/21,7:30,16.9,97,0.00,88
1,10/03/21,8:00,16.9,96,0.00,176
1,10/03/21,8:30,17.4,97,0.00,254
1,10/03/21,9:00,17.9,97,0.00,261
1,10/03/21,9:30,18.8,96,0.00,230
1,10/03/21,10:00,20.3,84,0.00,326
1,10/03/21,10:30,21.8,75,0.00,712
1,10/03/21,11:00,22.7,69,0.00,884
1,10/03/21,11:30,23.2,66,0.00,906
1,10/03/21,12:00,23.6,65,0.00,872
1,10/03/21,12:30,24.1,59,0.00,818
1,10/03/21,13:00,24.1,64,0.00,649
1,10/03/21,13:30,24.4,57,0.00,595
1,10/03/21,14:00,24.4,55,0.00,472
1,10/03/21,14:30,25.4,55,0.00,868
1,10/03/21,15:00,25.1,56,0.00,740
1,10/03/21,15:30,25.6,54,0.00,730
1,10/03/21,16:00,25.4,54,0.00,413
1,10/03/21,16:30,25.1,57,0.00,360
1,10/03/21,17:00,24.4,60,0.00,405
1,10/03/21,17:30,23.9,59,0.00,240
1,10/03/21,18:00,23.5,61,0.00,159
1,10/03/21,18:30,22.5,63,0.00,55
1,10/03/21,19:00,21.3,65,0.00,11
1,10/03/21,19:30,20.4,72,0.00,0
1,10/03/21,20:00,19.8,78,0.00,0
1,10/03/21,20:30,19.0,83,0.00,0
1,10/03/21,21:00,18.7,86,0.00,0
1,10/03/21,21:30,18.4,87,0.00,0
1,10/03/21,22:00,18.1,87,0.00,0
1,10/03/21,22:30,17.8,88,0.00,0
1,10/03/21,23:00,17.7,89,0.00,0
1,10/03/21,23:30,17.2,91,0.00,0
1,11/03/21,00:00,16.7,92,0.00,0
1,11/03/21,0:30,16.2,94,0.00,0
1,11/03/21,1:00,16.3,94,0.00,0
1,11/03/21,1:30,17.3,92,0.00,0
1,11/03/21,2:00,15.9,95,0.00,0
1,11/03/21,2:30,16.7,93,0.00,0
1,11/03/21,3:00,16.7,93,0.00,0
1,11/03/21,3:30,16.2,93,0.00,0
1,11/03/21,4:00,15.5,94,0.00,0
1,11/03/21,4:30,15.6,95,0.00,0
1,11/03/21,5:00,14.6,95,0.00,0
1,11/03/21,5:30,14.9,96,0.00,0
1,11/03/21,6:00,15.7,96,0.00,0
1,11/03/21,6:30,14.0,95,0.00,0
1,11/03/21,7:00,14.9,97,0.00,16
1,11/03/21,7:30,15.9,94,0.00,98
1,11/03/21,8:00,16.6,96,0.00,215
1,11/03/21,8:30,16.4,95,0.00,344
1,11/03/21,9:00,18.0,95,0.00,489
1,11/03/21,9:30,19.8,86,0.00,591
1,11/03/21,10:00,21.8,74,0.00,701
1,11/03/21,10:30,21.9,70,0.00,834
1,11/03/21,11:00,22.6,64,0.00,869
1,11/03/21,11:30,23.2,59,0.00,895
1,11/03/21,12:00,23.8,51,0.00,934
1,11/03/21,12:30,24.3,55,0.00,954
1,11/03/21,13:00,24.8,48,0.00,961
1,11/03/21,13:30,25.4,47,0.00,945
1,11/03/21,14:00,26.0,48,0.00,906
1,11/03/21,14:30,26.4,47,0.00,855
1,11/03/21,15:00,26.1,50,0.00,692
1,11/03/21,15:30,25.5,50,0.00,409
1,11/03/21,16:00,24.8,51,0.00,402
1,11/03/21,16:30,25.1,51,0.00,366
1,11/03/21,17:00,24.3,56,0.00,244
1,11/03/21,17:30,25.4,53,0.00,294
1,11/03/21,18:00,24.3,55,0.00,150
1,11/03/21,18:30,23.5,60,0.00,45
1,11/03/21,19:00,21.7,67,0.00,16
1,11/03/21,19:30,20.8,69,0.00,0
1,11/03/21,20:00,20.0,71,0.00,0
1,11/03/21,20:30,20.4,69,0.00,0
1,11/03/21,21:00,19.9,71,0.00,0
1,11/03/21,21:30,18.9,74,0.00,0
1,11/03/21,22:00,19.1,73,0.00,0
1,11/03/21,22:30,18.9,77,0.00,0
1,11/03/21,23:00,18.3,81,0.00,0
1,11/03/21,23:30,18.5,84,0.00,0
1,12/03/21,00:00,18.3,84,0.00,0
1,12/03/21,0:30,18.8,84,0.00,0
1,12/03/21,1:00,18.6,84,0.00,0
1,12/03/21,1:30,17.5,87,0.00,0
1,12/03/21,2:00,16.8,91,0.00,0
1,12/03/21,2:30,16.7,91,0.00,0
1,12/03/21,3:00,17.3,94,0.00,0
1,12/03/21,3:30,17.2,93,0.00,0
1,12/03/21,4:00,17.2,93,0.00,0
1,12/03/21,4:30,16.7,93,0.00,0
1,12/03/21,5:00,16.8,95,0.00,0
1,12/03/21,5:30,17.1,94,0.00,0
1,12/03/21,6:00,17.1,93,0.00,0
1,12/03/21,6:30,17.1,95,0.00,0
1,12/03/21,7:00,17.4,95,0.00,21
1,12/03/21,7:30,18.4,93,0.00,93
1,12/03/21,8:00,19.3,90,0.00,211
1,12/03/21,8:30,20.7,84,0.00,333
1,12/03/21,9:00,21.3,81,0.00,446
1,12/03/21,9:30,22.2,77,0.00,550
1,12/03/21,10:00,23.6,63,0.00,648
1,12/03/21,10:30,24.0,59,0.00,571
1,12/03/21,11:00,24.8,60,0.00,769
1,12/03/21,11:30,25.6,61,0.00,860
1,12/03/21,12:00,25.9,58,0.00,908
1,12/03/21,12:30,26.4,55,0.00,940
1,12/03/21,13:00,26.7,54,0.00,956
1,12/03/21,13:30,27.3,56,0.00,947
1,12/03/21,14:00,26.8,54,0.00,498
1,12/03/21,14:30,27.1,50,0.00,567
1,12/03/21,15:00,27.3,54,0.00,349
1,12/03/21,15:30,26.6,53,0.00,398
1,12/03/21,16:00,26.9,53,0.00,360
1,12/03/21,16:30,27.1,54,0.00,296
1,12/03/21,17:00,27.0,52,0.00,283
1,12/03/21,17:30,26.8,52,0.00,290
1,12/03/21,18:00,25.7,59,0.00,55
1,12/03/21,18:30,25.2,62,0.00,46
1,12/03/21,19:00,24.1,67,0.00,7
1,12/03/21,19:30,23.0,71,0.00,0
1,12/03/21,20:00,22.4,73,0.00,0
1,12/03/21,20:30,22.3,74,0.00,0
1,12/03/21,21:00,21.9,75,0.00,0
1,12/03/21,21:30,21.7,75,0.00,0
1,12/03/21,22:00,21.2,76,0.00,0
1,12/03/21,22:30,21.1,75,0.00,0
1,12/03/21,23:00,21.1,74,0.00,0
1,12/03/21,23:30,20.4,76,0.00,0
1,13/03/21,00:00,20.2,77,0.00,0
1,13/03/21,0:30,19.6,80,0.00,0
1,13/03/21,1:00,19.3,80,0.00,0
1,13/03/21,1:30,18.7,83,0.00,0
1,13/03/21,2:00,18.3,84,0.00,0
1,13/03/21,2:30,18.2,84,0.00,0
1,13/03/21,3:00,18.4,84,0.00,0
1,13/03/21,3:30,18.1,86,0.00,0
1,13/03/21,4:00,17.5,89,0.00,0
1,13/03/21,4:30,17.9,89,0.00,0
1,13/03/21,5:00,17.8,90,0.00,0
1,13/03/21,5:30,17.2,91,0.00,0
1,13/03/21,6:00,17.4,91,0.00,0
1,13/03/21,6:30,17.5,90,0.00,0
1,13/03/21,7:00,17.8,89,0.00,14
1,13/03/21,7:30,18.6,86,0.00,83
1,13/03/21,8:00,19.6,83,0.00,201
1,13/03/21,8:30,20.3,83,0.00,329
1,13/03/21,9:00,21.3,80,0.00,437
1,13/03/21,9:30,22.3,78,0.00,544
1,13/03/21,10:00,23.4,74,0.00,642
1,13/03/21,10:30,24.6,70,0.00,718
1,13/03/21,11:00,26.1,66,0.00,785
1,13/03/21,11:30,26.4,63,0.00,840
1,13/03/21,12:00,27.3,57,0.00,876
1,13/03/21,12:30,27.7,54,0.00,900
1,13/03/21,13:00,28.3,54,0.00,912
1,13/03/21,13:30,28.7,53,0.00,900
1,13/03/21,14:00,28.8,54,0.00,922
1,13/03/21,14:30,29.1,53,0.00,844
1,13/03/21,15:00,29.2,52,0.00,771
1,13/03/21,15:30,28.9,52,0.00,697
1,13/03/21,16:00,29.4,48,0.00,603
1,13/03/21,16:30,28.8,51,0.00,493
1,13/03/21,17:00,28.9,49,0.00,370
1,13/03/21,17:30,27.8,53,0.00,176
1,13/03/21,18:00,27.4,56,0.00,96
1,13/03/21,18:30,27.0,57,0.00,57
1,13/03/21,19:00,25.1,65,0.00,8
1,13/03/21,19:30,24.1,76,0.00,0
1,13/03/21,20:00,22.9,82,0.00,0
1,13/03/21,20:30,22.3,85,0.00,0
1,13/03/21,21:00,21.7,86,0.00,0
1,13/03/21,21:30,21.5,88,0.00,0
1,13/03/21,22:00,21.3,89,0.00,0
1,13/03/21,22:30,21.3,89,0.00,0
1,13/03/21,23:00,20.7,90,0.00,0
1,13/03/21,23:30,20.6,90,0.00,0
1,14/03/21,00:00,20.3,90,0.00,0
1,14/03/21,0:30,20.2,91,0.00,0
1,14/03/21,1:00,20.1,90,0.00,0
1,14/03/21,1:30,19.7,91,0.00,0
1,14/03/21,2:00,19.7,91,0.00,0
1,14/03/21,2:30,19.5,92,0.00,0
1,14/03/21,3:00,19.6,92,0.00,0
1,14/03/21,3:30,19.5,93,0.00,0
1,14/03/21,4:00,19.4,93,0.00,0
1,14/03/21,4:30,19.3,93,0.00,0
1,14/03/21,5:00,19.6,94,0.00,0
1,14/03/21,5:30,19.4,93,0.00,0
1,14/03/21,6:00,19.1,93,0.00,0
1,14/03/21,6:30,18.7,94,0.00,0
1,14/03/21,7:00,18.9,94,0.00,11
1,14/03/21,7:30,19.7,92,0.00,93
1,14/03/21,8:00,19.7,92,0.00,123
1,14/03/21,8:30,20.3,90,0.00,294
1,14/03/21,9:00,20.4,88,0.00,416
1,14/03/21,9:30,21.1,85,0.00,547
1,14/03/21,10:00,21.7,82,0.00,632
1,14/03/21,10:30,22.1,80,0.00,723
1,14/03/21,11:00,23.1,79,0.00,823
1,14/03/21,11:30,23.2,76,0.00,675
1,14/03/21,12:00,24.1,76,0.00,454
1,14/03/21,12:30,23.9,73,0.00,529
1,14/03/21,13:00,24.4,72,0.00,365
1,14/03/21,13:30,24.8,69,0.00,740
1,14/03/21,14:00,24.8,70,0.00,512
1,14/03/21,14:30,25.3,68,0.00,724
1,14/03/21,15:00,25.4,67,0.00,541
1,14/03/21,15:30,25.6,66,0.00,706
1,14/03/21,16:00,25.2,66,0.00,494
1,14/03/21,16:30,24.7,66,0.00,425
1,14/03/21,17:00,25.2,64,0.00,392
1,14/03/21,17:30,24.6,65,0.00,244
1,14/03/21,18:00,24.0,67,0.00,154
1,14/03/21,18:30,22.6,72,0.00,57
1,14/03/21,19:00,21.1,71,0.00,7
1,14/03/21,19:30,20.0,69,0.00,0
1,14/03/21,20:00,19.3,68,0.00,0
1,14/03/21,20:30,18.9,70,0.00,0
1,14/03/21,21:00,18.8,73,0.00,0
1,14/03/21,21:30,18.4,79,0.00,0
1,14/03/21,22:00,17.9,83,0.00,0
1,14/03/21,22:30,17.3,86,0.00,0
1,14/03/21,23:00,17.1,88,0.00,0
1,14/03/21,23:30,17.2,89,0.00,0
1,15/03/21,00:00,17.1,90,0.00,0
1,15/03/21,0:30,16.9,91,0.00,0
1,15/03/21,1:00,16.7,91,0.00,0
1,15/03/21,1:30,16.1,92,0.00,0
1,15/03/21,2:00,15.9,93,0.00,0
1,15/03/21,2:30,15.9,94,0.00,0
1,15/03/21,3:00,15.6,91,0.00,0
1,15/03/21,3:30,15.3,94,0.00,0
1,15/03/21,4:00,15.6,94,0.00,0
1,15/03/21,4:30,15.6,93,0.00,0
1,15/03/21,5:00,16.2,93,0.00,0
1,15/03/21,5:30,15.8,93,0.00,0
1,15/03/21,6:00,16.1,93,0.00,0
1,15/03/21,6:30,16.0,93,0.00,0
1,15/03/21,7:00,15.9,94,0.00,8
1,15/03/21,7:30,17.0,93,0.00,77
1,15/03/21,8:00,18.3,91,0.00,200
1,15/03/21,8:30,19.3,87,0.00,329
1,15/03/21,9:00,20.1,84,0.00,444
1,15/03/21,9:30,20.4,81,0.00,464
1,15/03/21,10:00,21.0,77,0.00,610
1,15/03/21,10:30,21.8,73,0.00,748
1,15/03/21,11:00,22.6,73,0.00,807
1,15/03/21,11:30,23.2,68,0.00,877
1,15/03/21,12:00,23.4,64,0.00,910
1,15/03/21,12:30,23.8,63,0.00,871
1,15/03/21,13:00,24.3,60,0.00,976
1,15/03/21,13:30,24.6,57,0.00,868
1,15/03/21,14:00,25.0,55,0.00,889
1,15/03/21,14:30,25.4,51,0.00,826
1,15/03/21,15:00,25.4,54,0.00,757
1,15/03/21,15:30,25.5,53,0.00,674
1,15/03/21,16:00,25.5,58,0.00,573
1,15/03/21,16:30,25.4,55,0.00,456
1,15/03/21,17:00,25.4,53,0.00,364
1,15/03/21,17:30,25.2,53,0.00,261
1,15/03/21,18:00,24.7,55,0.00,135
1,15/03/21,18:30,23.7,60,0.00,37
1,15/03/21,19:00,22.3,65,0.00,5
1,15/03/21,19:30,21.3,76,0.00,0
1,15/03/21,20:00,20.8,80,0.00,0
1,15/03/21,20:30,20.3,83,0.00,0
1,15/03/21,21:00,20.2,83,0.00,0
1,15/03/21,21:30,19.9,85,0.00,0
1,15/03/21,22:00,19.6,87,0.00,0
1,15/03/21,22:30,19.4,88,0.00,0
1,15/03/21,23:00,19.2,89,0.00,0
1,15/03/21,23:30,18.8,91,0.00,0
1,16/03/21,00:00,18.6,92,0.00,0
1,16/03/21,0:30,18.6,91,0.00,0
1,16/03/21,1:00,18.3,92,0.00,0
1,16/03/21,1:30,18.1,91,0.00,0
1,16/03/21,2:00,17.8,91,0.00,0
1,16/03/21,2:30,17.4,92,0.00,0
1,16/03/21,3:00,17.6,91,0.00,0
1,16/03/21,3:30,17.7,92,0.00,0
1,16/03/21,4:00,17.5,92,0.00,0
1,16/03/21,4:30,17.6,92,0.00,0
1,16/03/21,5:00,17.7,93,0.00,0
1,16/03/21,5:30,17.6,93,0.00,0
1,16/03/21,6:00,17.4,94,0.00,0
1,16/03/21,6:30,17.6,94,0.00,0
1,16/03/21,7:00,17.1,95,0.00,19
1,16/03/21,7:30,18.2,94,0.00,84
1,16/03/21,8:00,19.3,92,0.00,174
1,16/03/21,8:30,20.4,90,0.00,308
1,16/03/21,9:00,21.1,89,0.00,253
1,16/03/21,9:30,22.4,86,0.00,425
1,16/03/21,10:00,22.8,84,0.00,387
1,16/03/21,10:30,23.7,81,0.00,569
1,16/03/21,11:00,24.0,81,0.00,607
1,16/03/21,11:30,25.4,75,0.00,834
1,16/03/21,12:00,26.1,72,0.00,956
1,16/03/21,12:30,26.5,70,0.00,925
1,16/03/21,13:00,27.4,69,0.00,890
1,16/03/21,13:30,27.9,69,0.00,892
1,16/03/21,14:00,28.5,62,0.00,833
1,16/03/21,14:30,28.7,59,0.00,697
1,16/03/21,15:00,29.1,59,0.00,483
1,16/03/21,15:30,29.5,59,0.00,693
1,16/03/21,16:00,29.1,57,0.00,427
1,16/03/21,16:30,29.3,55,0.00,421
1,16/03/21,17:00,29.2,56,0.00,282
1,16/03/21,17:30,29.2,57,0.00,269
1,16/03/21,18:00,28.6,60,0.00,105
1,16/03/21,18:30,27.2,68,0.00,26
1,16/03/21,19:00,26.4,71,0.00,4
1,16/03/21,19:30,25.7,73,0.00,0
1,16/03/21,20:00,25.3,75,0.00,0
1,16/03/21,20:30,24.8,80,0.00,0
1,16/03/21,21:00,24.3,85,0.00,0
1,16/03/21,21:30,24.2,88,0.00,0
1,16/03/21,22:00,23.2,92,2.60,0
1,16/03/21,22:30,22.6,93,4.00,0
1,16/03/21,23:00,20.6,91,3.00,0
1,16/03/21,23:30,20.6,90,0.80,0
1,17/03/21,00:00,19.9,92,1.40,0
1,17/03/21,0:30,20.1,92,0.40,0
1,17/03/21,1:00,20.1,93,0.20,0
1,17/03/21,1:30,20.5,93,0.20,0
1,17/03/21,2:00,19.9,93,0.00,0
1,17/03/21,2:30,19.8,96,0.00,0
1,17/03/21,3:00,19.6,96,0.00,0
1,17/03/21,3:30,19.5,97,0.00,0
1,17/03/21,4:00,19.4,97,0.00,0
1,17/03/21,4:30,19.3,97,0.00,0
1,17/03/21,5:00,19.3,97,0.00,0
1,17/03/21,5:30,19.2,96,0.00,0
1,17/03/21,6:00,19.1,97,0.00,0
1,17/03/21,6:30,19.1,97,0.00,0
1,17/03/21,7:00,18.9,96,0.00,10
1,17/03/21,7:30,19.3,96,0.00,49
1,17/03/21,8:00,19.6,96,0.00,75
1,17/03/21,8:30,19.8,95,0.00,112
1,17/03/21,9:00,19.7,94,0.00,90
1,17/03/21,9:30,19.8,93,0.00,121
1,17/03/21,10:00,20.3,94,0.00,136
1,17/03/21,10:30,20.4,91,0.00,213
1,17/03/21,11:00,20.3,90,0.00,231
1,17/03/21,11:30,20.9,88,0.00,263
1,17/03/21,12:00,21.2,87,0.00,378
1,17/03/21,12:30,21.2,85,0.00,244
1,17/03/21,13:00,21.7,82,0.00,293
1,17/03/21,13:30,22.9,76,0.00,479
1,17/03/21,14:00,22.7,79,0.00,375
1,17/03/21,14:30,22.6,80,0.00,363
1,17/03/21,15:00,23.2,73,0.00,489
1,17/03/21,15:30,22.8,75,0.00,391
1,17/03/21,16:00,22.4,76,0.00,277
1,17/03/21,16:30,22.2,77,0.00,184
1,17/03/21,17:00,23.1,76,0.00,225
1,17/03/21,17:30,23.3,72,0.00,259
1,17/03/21,18:00,22.4,73,0.00,183
1,17/03/21,18:30,21.3,76,0.00,37
1,17/03/21,19:00,19.9,80,0.00,6
1,17/03/21,19:30,18.9,83,0.00,0
1,17/03/21,20:00,18.5,86,0.00,0
1,17/03/21,20:30,19.1,85,0.00,0
1,17/03/21,21:00,19.1,88,0.00,0
1,17/03/21,21:30,18.6,92,0.00,0
1,17/03/21,22:00,18.4,93,0.00,0
1,17/03/21,22:30,18.4,92,0.00,0
1,17/03/21,23:00,18.0,93,0.20,0
1,17/03/21,23:30,17.9,94,0.00,0
1,18/03/21,00:00,17.1,89,0.00,0
1,18/03/21,0:30,16.8,89,0.00,0
1,18/03/21,1:00,16.6,90,0.00,0
1,18/03/21,1:30,16.2,89,0.00,0
1,18/03/21,2:00,16.2,86,0.00,0
1,18/03/21,2:30,15.9,90,0.00,0
1,18/03/21,3:00,15.8,92,0.00,0
1,18/03/21,3:30,15.4,93,0.00,0
1,18/03/21,4:00,15.1,93,0.00,0
1,18/03/21,4:30,14.8,95,0.00,0
1,18/03/21,5:00,14.6,96,0.00,0
1,18/03/21,5:30,14.5,97,0.00,0
1,18/03/21,6:00,14.6,97,0.00,0
1,18/03/21,6:30,14.4,97,0.00,0
1,18/03/21,7:00,14.6,97,0.00,10
1,18/03/21,7:30,14.7,97,0.00,24
1,18/03/21,8:00,14.8,97,0.00,35
1,18/03/21,8:30,15.1,98,0.00,87
1,18/03/21,9:00,15.3,98,0.00,124
1,18/03/21,9:30,15.8,97,0.00,180
1,18/03/21,10:00,16.1,96,0.00,200
1,18/03/21,10:30,16.3,95,0.00,206
1,18/03/21,11:00,16.8,93,0.00,265
1,18/03/21,11:30,17.1,91,0.00,249
1,18/03/21,12:00,18.3,88,0.00,435
1,18/03/21,12:30,18.7,82,0.00,557
1,18/03/21,13:00,19.7,79,0.00,645
1,18/03/21,13:30,19.9,77,0.00,622
1,18/03/21,14:00,20.7,75,0.00,792
1,18/03/21,14:30,21.2,69,0.00,524
1,18/03/21,15:00,21.7,70,0.00,494
1,18/03/21,15:30,21.4,73,0.00,306
1,18/03/21,16:00,22.6,65,0.00,646
1,18/03/21,16:30,21.8,63,0.00,493
1,18/03/21,17:00,21.1,68,0.00,316
1,18/03/21,17:30,21.8,65,0.00,228
1,18/03/21,18:00,21.7,65,0.00,143
1,18/03/21,18:30,20.4,69,0.00,45
1,18/03/21,19:00,19.1,75,0.00,5
1,18/03/21,19:30,18.6,77,0.00,0
1,18/03/21,20:00,17.5,82,0.00,0
1,18/03/21,20:30,17.1,83,0.00,0
1,18/03/21,21:00,16.6,85,0.00,0
1,18/03/21,21:30,16.6,83,0.00,0
1,18/03/21,22:00,16.2,83,0.00,0
1,18/03/21,22:30,16.1,86,0.00,0
1,18/03/21,23:00,16.4,85,0.00,0
1,18/03/21,23:30,15.7,86,0.00,0
1,19/03/21,00:00,15.4,88,0.00,0
1,19/03/21,0:30,15.2,89,0.00,0
1,19/03/21,1:00,15.1,90,0.00,0
1,19/03/21,1:30,15.1,91,0.00,0
1,19/03/21,2:00,14.6,92,0.00,0
1,19/03/21,2:30,14.1,93,0.00,0
1,19/03/21,3:00,14.6,92,0.00,0
1,19/03/21,3:30,14.6,92,0.00,0
1,19/03/21,4:00,14.7,91,0.00,0
1,19/03/21,4:30,14.7,90,0.00,0
1,19/03/21,5:00,14.6,90,0.00,0
1,19/03/21,5:30,14.6,89,0.00,0
1,19/03/21,6:00,14.6,89,0.00,0
1,19/03/21,6:30,14.3,90,0.00,0
1,19/03/21,7:00,14.3,90,0.00,10
1,19/03/21,7:30,14.4,90,0.00,81
1,19/03/21,8:00,15.9,86,0.00,195
1,19/03/21,8:30,17.2,84,0.00,314
1,19/03/21,9:00,17.8,81,0.00,423
1,19/03/21,9:30,18.6,79,0.00,532
1,19/03/21,10:00,19.6,79,0.00,625
1,19/03/21,10:30,19.8,77,0.00,706
1,19/03/21,11:00,20.6,74,0.00,774
1,19/03/21,11:30,21.8,74,0.00,829
1,19/03/21,12:00,21.8,71,0.00,871
1,19/03/21,12:30,22.4,72,0.00,908
1,19/03/21,13:00,23.2,67,0.00,931
1,19/03/21,13:30,23.4,68,0.00,903
1,19/03/21,14:00,24.1,63,0.00,848
1,19/03/21,14:30,24.4,63,0.00,796
1,19/03/21,15:00,24.6,61,0.00,725
1,19/03/21,15:30,24.9,57,0.00,644
1,19/03/21,16:00,25.2,56,0.00,560
1,19/03/21,16:30,25.2,57,0.00,451
1,19/03/21,17:00,24.8,57,0.00,340
1,19/03/21,17:30,24.4,62,0.00,223
1,19/03/21,18:00,23.7,64,0.00,114
1,19/03/21,18:30,22.6,68,0.00,29
1,19/03/21,19:00,21.4,73,0.00,3
1,19/03/21,19:30,20.4,77,0.00,0
1,19/03/21,20:00,19.7,79,0.00,0
1,19/03/21,20:30,19.6,82,0.00,0
1,19/03/21,21:00,19.1,84,0.00,0
1,19/03/21,21:30,18.5,87,0.00,0
1,19/03/21,22:00,18.1,88,0.00,0
1,19/03/21,22:30,17.7,90,0.00,0
1,19/03/21,23:00,17.4,91,0.00,0
1,19/03/21,23:30,17.2,92,0.00,0
1,20/03/21,00:00,17.2,93,0.00,0
1,20/03/21,0:30,17.9,92,0.00,0
1,20/03/21,1:00,18.4,91,0.00,0
1,20/03/21,1:30,18.7,91,0.00,0
1,20/03/21,2:00,18.7,91,0.00,0
1,20/03/21,2:30,18.8,91,0.00,0
1,20/03/21,3:00,18.6,92,0.00,0
1,20/03/21,3:30,18.6,93,0.00,0
1,20/03/21,4:00,18.2,94,0.00,0
1,20/03/21,4:30,18.2,94,0.00,0
1,20/03/21,5:00,18.6,93,0.00,0
1,20/03/21,5:30,18.3,93,0.00,0
1,20/03/21,6:00,18.5,93,0.00,0
1,20/03/21,6:30,18.4,94,0.00,0
1,20/03/21,7:00,18.4,95,0.00,9
1,20/03/21,7:30,19.1,93,0.00,68
1,20/03/21,8:00,19.5,92,0.00,188
1,20/03/21,8:30,20.7,88,0.00,312
1,20/03/21,9:00,21.6,85,0.00,424
1,20/03/21,9:30,22.7,83,0.00,529
1,20/03/21,10:00,23.4,78,0.00,626
1,20/03/21,10:30,24.2,75,0.00,707
1,20/03/21,11:00,24.7,74,0.00,775
1,20/03/21,11:30,25.7,72,0.00,829
1,20/03/21,12:00,26.2,71,0.00,867
1,20/03/21,12:30,26.8,71,0.00,881
1,20/03/21,13:00,27.6,69,0.00,883
1,20/03/21,13:30,28.4,65,0.00,865
1,20/03/21,14:00,29.1,61,0.00,840
1,20/03/21,14:30,29.2,60,0.00,789
1,20/03/21,15:00,29.4,61,0.00,716
1,20/03/21,15:30,29.4,59,0.00,632
1,20/03/21,16:00,29.3,62,0.00,466
1,20/03/21,16:30,28.8,64,0.00,217
1,20/03/21,17:00,28.2,65,0.00,178
1,20/03/21,17:30,27.7,68,0.00,83
1,20/03/21,18:00,27.2,70,0.00,36
1,20/03/21,18:30,26.3,75,0.00,7
1,20/03/21,19:00,26.2,75,0.00,0
1,20/03/21,19:30,26.1,75,0.00,0
1,20/03/21,20:00,25.3,74,1.00,0
1,20/03/21,20:30,20.9,93,15.80,0
1,20/03/21,21:00,20.7,95,9.00,0
1,20/03/21,21:30,20.8,96,4.00,0
1,20/03/21,22:00,21.0,96,1.60,0
1,20/03/21,22:30,20.9,96,14.80,0
1,20/03/21,23:00,20.8,96,16.00,0
1,20/03/21,23:30,20.9,96,3.60,0
1,21/03/21,00:00,21.1,95,1.60,0
1,21/03/21,0:30,21.3,95,1.40,0
1,21/03/21,1:00,21.1,95,3.00,0
1,21/03/21,1:30,20.9,96,3.00,0
1,21/03/21,2:00,20.8,96,0.80,0
1,21/03/21,2:30,20.7,97,0.20,0
1,21/03/21,3:00,20.6,97,0.20,0
1,21/03/21,3:30,20.6,98,0.00,0
1,21/03/21,4:00,20.4,98,0.20,0
1,21/03/21,4:30,20.4,98,0.00,0
1,21/03/21,5:00,20.6,98,0.00,0
1,21/03/21,5:30,20.6,98,0.00,0
1,21/03/21,6:00,20.1,98,0.20,0
1,21/03/21,6:30,19.5,98,0.00,0
1,21/03/21,7:00,19.4,98,0.00,0
1,21/03/21,7:30,19.2,98,0.80,3
1,21/03/21,8:00,19.3,98,0.20,28
1,21/03/21,8:30,19.4,98,0.00,63
1,21/03/21,9:00,20.0,99,0.00,165
1,21/03/21,9:30,20.8,98,0.00,318
1,21/03/21,10:00,21.6,94,0.00,389
1,21/03/21,10:30,21.0,94,0.00,191
1,21/03/21,11:00,21.0,94,0.00,277
1,21/03/21,11:30,20.3,94,0.00,225
1,21/03/21,12:00,20.4,94,0.00,163
1,21/03/21,12:30,19.7,95,0.00,86
1,21/03/21,13:00,19.6,95,0.00,81
1,21/03/21,13:30,19.8,95,0.00,118
1,21/03/21,14:00,20.8,92,0.00,216
1,21/03/21,14:30,20.9,91,0.00,199
1,21/03/21,15:00,21.3,90,0.00,239
1,21/03/21,15:30,21.1,90,0.00,193
1,21/03/21,16:00,20.7,92,0.00,138
1,21/03/21,16:30,20.8,93,0.00,197
1,21/03/21,17:00,21.4,91,0.00,195
1,21/03/21,17:30,21.7,90,0.00,179
1,21/03/21,18:00,21.1,92,0.00,87
1,21/03/21,18:30,20.3,94,0.20,7
1,21/03/21,19:00,20.3,94,0.00,1
1,21/03/21,19:30,20.1,94,0.00,0
1,21/03/21,20:00,19.7,93,0.00,0
1,21/03/21,20:30,19.7,92,0.00,0
1,21/03/21,21:00,19.4,93,0.00,0
1,21/03/21,21:30,19.2,92,0.00,0
1,21/03/21,22:00,19.1,92,0.00,0
1,21/03/21,22:30,19.0,92,0.00,0
1,21/03/21,23:00,18.7,93,0.00,0
1,21/03/21,23:30,18.7,93,0.00,0
1,22/03/21,00:00,18.5,93,0.00,0
1,22/03/21,0:30,18.3,93,0.00,0
1,22/03/21,1:00,18.4,93,0.00,0
1,22/03/21,1:30,18.5,93,0.00,0
1,22/03/21,2:00,18.3,94,0.00,0
1,22/03/21,2:30,18.4,94,0.00,0
1,22/03/21,3:00,18.3,93,0.00,0
1,22/03/21,3:30,18.3,93,0.00,0
1,22/03/21,4:00,18.4,93,0.00,0
1,22/03/21,4:30,18.2,93,0.00,0
1,22/03/21,5:00,18.2,93,0.00,0
1,22/03/21,5:30,18.1,93,0.00,0
1,22/03/21,6:00,17.9,94,0.00,0
1,22/03/21,6:30,18.0,94,0.00,0
1,22/03/21,7:00,18.1,94,0.00,9
1,22/03/21,7:30,18.6,92,0.00,66
1,22/03/21,8:00,19.4,90,0.00,187
1,22/03/21,8:30,20.1,87,0.00,316
1,22/03/21,9:00,20.6,85,0.00,446
1,22/03/21,9:30,20.6,83,0.00,419
1,22/03/21,10:00,21.4,80,0.00,583
1,22/03/21,10:30,22.0,81,0.00,616
1,22/03/21,11:00,22.3,78,0.00,556
1,22/03/21,11:30,23.3,74,0.00,833
1,22/03/21,12:00,22.8,77,0.00,332
1,22/03/21,12:30,22.9,77,0.00,339
1,22/03/21,13:00,23.5,76,0.00,532
1,22/03/21,13:30,23.7,73,0.00,460
1,22/03/21,14:00,24.1,72,0.00,644
1,22/03/21,14:30,23.8,75,0.00,403
1,22/03/21,15:00,23.9,73,0.00,430
1,22/03/21,15:30,23.9,73,0.00,361
1,22/03/21,16:00,23.4,75,0.00,183
1,22/03/21,16:30,23.1,74,0.00,142
1,22/03/21,17:00,22.9,76,0.00,80
1,22/03/21,17:30,22.7,78,0.00,76
1,22/03/21,18:00,21.9,83,0.00,55
1,22/03/21,18:30,20.8,87,0.00,25
1,22/03/21,19:00,20.6,87,0.00,0
1,22/03/21,19:30,20.4,87,0.00,0
1,22/03/21,20:00,20.2,89,0.00,0
1,22/03/21,20:30,20.1,88,0.00,0
1,22/03/21,21:00,19.8,89,0.00,0
1,22/03/21,21:30,19.6,90,0.00,0
1,22/03/21,22:00,19.2,92,0.00,0
1,22/03/21,22:30,19.1,92,0.00,0
1,22/03/21,23:00,19.2,92,0.00,0
1,22/03/21,23:30,19.1,92,0.00,0
1,23/03/21,00:00,18.9,93,0.00,0
1,23/03/21,0:30,19.1,92,0.00,0
1,23/03/21,1:00,19.2,90,0.00,0
1,23/03/21,1:30,19.1,90,0.00,0
1,23/03/21,2:00,19.1,90,0.00,0
1,23/03/21,2:30,18.8,92,0.00,0
1,23/03/21,3:00,18.8,92,0.00,0
1,23/03/21,3:30,18.8,90,0.00,0
1,23/03/21,4:00,18.6,92,0.00,0
1,23/03/21,4:30,18.4,92,0.00,0
1,23/03/21,5:00,18.2,91,0.00,0
1,23/03/21,5:30,17.7,93,0.80,0
1,23/03/21,6:00,17.5,94,0.20,0
1,23/03/21,6:30,17.4,95,0.40,0
1,23/03/21,7:00,17.3,95,1.00,2
1,23/03/21,7:30,17.5,95,0.20,14
1,23/03/21,8:00,17.8,95,0.00,57
1,23/03/21,8:30,18.1,94,0.00,88
1,23/03/21,9:00,18.1,94,0.00,71
1,23/03/21,9:30,18.3,94,0.60,132
1,23/03/21,10:00,18.6,90,0.00,114
1,23/03/21,10:30,18.8,91,0.00,130
1,23/03/21,11:00,19.1,91,0.00,216
1,23/03/21,11:30,19.2,92,0.20,301
1,23/03/21,12:00,19.7,90,0.00,290
1,23/03/21,12:30,20.5,87,0.00,285
1,23/03/21,13:00,20.8,84,0.00,340
1,23/03/21,13:30,21.3,78,0.00,335
1,23/03/21,14:00,21.6,80,0.00,345
1,23/03/21,14:30,21.1,79,0.00,329
1,23/03/21,15:00,20.8,81,0.00,249
1,23/03/21,15:30,21.1,83,0.00,305
1,23/03/21,16:00,21.1,79,0.00,216
1,23/03/21,16:30,21.3,77,0.00,176
1,23/03/21,17:00,21.3,81,0.00,143
1,23/03/21,17:30,19.9,88,0.00,103
1,23/03/21,18:00,19.6,90,0.00,68
1,23/03/21,18:30,19.5,90,0.00,24
1,23/03/21,19:00,19.3,85,0.00,2
1,23/03/21,19:30,19.2,86,0.00,0
1,23/03/21,20:00,19.3,89,0.00,0
1,23/03/21,20:30,19.1,91,0.00,0
1,23/03/21,21:00,18.7,92,0.00,0
1,23/03/21,21:30,18.6,91,0.00,0
1,23/03/21,22:00,18.7,90,0.00,0
1,23/03/21,22:30,18.3,91,0.00,0
1,23/03/21,23:00,18.2,91,0.00,0
1,23/03/21,23:30,18.2,90,0.00,0
1,24/03/21,00:00,18.2,91,0.00,0
1,24/03/21,0:30,18.1,92,0.00,0
1,24/03/21,1:00,18.0,93,0.00,0
1,24/03/21,1:30,17.7,94,0.00,0
1,24/03/21,2:00,17.4,94,0.00,0
1,24/03/21,2:30,17.4,94,0.00,0
1,24/03/21,3:00,17.4,95,0.00,0
1,24/03/21,3:30,17.4,96,0.00,0
1,24/03/21,4:00,17.4,96,0.00,0
1,24/03/21,4:30,17.5,95,0.00,0
1,24/03/21,5:00,17.4,96,0.00,0
1,24/03/21,5:30,17.5,96,0.00,0
1,24/03/21,6:00,17.6,96,0.00,0
1,24/03/21,6:30,17.6,96,0.00,0
1,24/03/21,7:00,17.6,96,0.00,5
1,24/03/21,7:30,17.9,94,0.00,24
1,24/03/21,8:00,18.3,93,0.00,61
1,24/03/21,8:30,19.4,90,0.00,187
1,24/03/21,9:00,19.8,88,0.00,297
1,24/03/21,9:30,19.9,88,0.00,155
1,24/03/21,10:00,20.8,86,0.00,300
1,24/03/21,10:30,21.6,81,0.00,445
1,24/03/21,11:00,22.2,79,0.00,514
1,24/03/21,11:30,22.4,77,0.00,448
1,24/03/21,12:00,23.0,78,0.00,410
1,24/03/21,12:30,23.1,76,0.00,338
1,24/03/21,13:00,23.7,74,0.00,489
1,24/03/21,13:30,23.4,75,0.00,457
1,24/03/21,14:00,23.9,74,0.00,417
1,24/03/21,14:30,24.2,72,0.00,456
1,24/03/21,15:00,24.2,72,0.00,342
1,24/03/21,15:30,23.9,74,0.00,244
1,24/03/21,16:00,23.9,74,0.00,229
1,24/03/21,16:30,23.9,75,0.00,208
1,24/03/21,17:00,24.2,74,0.00,255
1,24/03/21,17:30,23.9,74,0.00,202
1,24/03/21,18:00,23.7,74,0.00,81
1,24/03/21,18:30,22.9,79,0.00,21
1,24/03/21,19:00,21.8,84,0.00,2
1,24/03/21,19:30,21.3,85,0.00,0
1,24/03/21,20:00,20.9,87,0.00,0
1,24/03/21,20:30,20.6,89,0.00,0
1,24/03/21,21:00,20.2,90,0.00,0
1,24/03/21,21:30,19.8,90,0.00,0
1,24/03/21,22:00,19.6,91,0.00,0
1,24/03/21,22:30,19.6,91,0.00,0
1,24/03/21,23:00,19.2,91,0.00,0
1,24/03/21,23:30,18.7,92,0.00,0
1,25/03/21,00:00,18.6,93,0.00,0
1,25/03/21,0:30,18.4,93,0.00,0
1,25/03/21,1:00,18.4,94,0.00,0
1,25/03/21,1:30,18.4,94,0.00,0
1,25/03/21,2:00,18.4,94,0.00,0
1,25/03/21,2:30,18.8,93,0.00,0
1,25/03/21,3:00,18.8,94,0.00,0
1,25/03/21,3:30,19.1,93,0.00,0
1,25/03/21,4:00,19.3,93,0.00,0
1,25/03/21,4:30,19.4,93,0.00,0
1,25/03/21,5:00,19.3,93,0.00,0
1,25/03/21,5:30,19.1,94,0.00,0
1,25/03/21,6:00,19.1,94,0.00,0
1,25/03/21,6:30,19.3,94,0.00,0
1,25/03/21,7:00,19.3,93,0.00,8
1,25/03/21,7:30,19.6,93,0.00,41
1,25/03/21,8:00,19.9,92,0.00,96
1,25/03/21,8:30,20.2,92,0.00,169
1,25/03/21,9:00,21.1,90,0.00,329
1,25/03/21,9:30,21.8,87,0.00,467
1,25/03/21,10:00,22.5,86,0.00,616
1,25/03/21,10:30,23.4,84,0.00,689
1,25/03/21,11:00,24.2,82,0.00,722
1,25/03/21,11:30,25.2,78,0.00,782
1,25/03/21,12:00,25.8,74,0.00,826
1,25/03/21,12:30,26.4,72,0.00,790
1,25/03/21,13:00,26.9,72,0.00,664
1,25/03/21,13:30,27.8,69,0.00,858
1,25/03/21,14:00,28.2,68,0.00,767
1,25/03/21,14:30,28.4,70,0.00,730
1,25/03/21,15:00,28.7,69,0.00,634
1,25/03/21,15:30,27.9,68,0.00,306
1,25/03/21,16:00,27.7,71,0.00,254
1,25/03/21,16:30,27.4,73,0.00,214
1,25/03/21,17:00,27.3,74,0.00,175
1,25/03/21,17:30,26.4,77,0.00,76
1,25/03/21,18:00,25.9,78,0.00,61
1,25/03/21,18:30,25.4,80,0.00,15
1,25/03/21,19:00,24.9,82,0.00,0
1,25/03/21,19:30,24.4,83,0.00,0
1,25/03/21,20:00,24.4,83,0.00,0
1,25/03/21,20:30,23.8,85,0.00,0
1,25/03/21,21:00,24.0,85,0.00,0
1,25/03/21,21:30,23.4,87,0.00,0
1,25/03/21,22:00,23.4,88,0.00,0
1,25/03/21,22:30,22.8,81,0.00,0
1,25/03/21,23:00,20.7,86,5.40,0
1,25/03/21,23:30,20.3,85,6.40,0
1,26/03/21,00:00,19.3,91,1.80,0
1,26/03/21,0:30,19.4,92,1.80,0
1,26/03/21,1:00,19.7,91,0.40,0
1,26/03/21,1:30,19.4,93,0.00,0
1,26/03/21,2:00,19.2,93,0.00,0
1,26/03/21,2:30,19.3,92,0.00,0
1,26/03/21,3:00,19.4,92,0.00,0
1,26/03/21,3:30,19.5,93,0.00,0
1,26/03/21,4:00,19.7,94,0.00,0
1,26/03/21,4:30,19.7,93,0.00,0
1,26/03/21,5:00,19.7,94,0.00,0
1,26/03/21,5:30,20.1,94,0.00,0
1,26/03/21,6:00,20.2,93,0.00,0
1,26/03/21,6:30,19.6,95,2.00,0
1,26/03/21,7:00,19.8,96,12.80,0
1,26/03/21,7:30,19.7,96,2.20,0
1,26/03/21,8:00,19.7,96,2.20,12
1,26/03/21,8:30,19.8,97,1.60,26
1,26/03/21,9:00,20.1,96,0.40,23
1,26/03/21,9:30,20.2,96,0.20,44
1,26/03/21,10:00,20.6,96,0.20,127
1,26/03/21,10:30,20.4,96,0.20,135
1,26/03/21,11:00,20.6,96,0.00,219
1,26/03/21,11:30,20.7,96,0.00,189
1,26/03/21,12:00,20.9,96,0.00,230
1,26/03/21,12:30,21.4,95,0.00,240
1,26/03/21,13:00,21.4,94,0.00,79
1,26/03/21,13:30,22.4,90,0.00,183
1,26/03/21,14:00,22.6,89,0.00,239
1,26/03/21,14:30,23.2,86,0.00,428
1,26/03/21,15:00,22.7,88,0.00,129
1,26/03/21,15:30,22.8,84,0.00,206
1,26/03/21,16:00,22.7,83,0.00,189
1,26/03/21,16:30,22.6,85,0.00,166
1,26/03/21,17:00,22.4,86,0.00,135
1,26/03/21,17:30,22.4,85,0.00,137
1,26/03/21,18:00,21.9,87,0.00,70
1,26/03/21,18:30,21.3,90,0.00,17
1,26/03/21,19:00,21.1,91,0.00,0
1,26/03/21,19:30,21.0,91,0.00,0
1,26/03/21,20:00,20.6,92,0.00,0
1,26/03/21,20:30,20.5,92,0.00,0
1,26/03/21,21:00,20.4,93,0.00,0
1,26/03/21,21:30,20.4,93,0.00,0
1,26/03/21,22:00,20.0,94,0.00,0
1,26/03/21,22:30,19.7,95,0.00,0
1,26/03/21,23:00,19.6,95,0.00,0
1,26/03/21,23:30,19.2,96,0.00,0
1,27/03/21,00:00,19.2,96,0.00,0
1,27/03/21,0:30,19.2,96,0.00,0
1,27/03/21,1:00,19.0,95,0.00,0
1,27/03/21,1:30,18.7,96,0.00,0
1,27/03/21,2:00,18.4,96,0.00,0
1,27/03/21,2:30,18.4,97,0.00,0
1,27/03/21,3:00,18.4,97,0.00,0
1,27/03/21,3:30,18.2,97,0.00,0
1,27/03/21,4:00,18.3,97,0.00,0
1,27/03/21,4:30,18.4,97,0.00,0
1,27/03/21,5:00,18.3,97,0.00,0
1,27/03/21,5:30,18.5,98,0.00,0
1,27/03/21,6:00,18.5,98,0.00,0
1,27/03/21,6:30,18.4,98,0.00,0
1,27/03/21,7:00,18.6,98,0.00,2
1,27/03/21,7:30,18.7,98,0.00,11
1,27/03/21,8:00,19.0,98,0.00,23
1,27/03/21,8:30,19.1,98,0.00,44
1,27/03/21,9:00,19.3,98,0.00,52
1,27/03/21,9:30,19.4,98,0.00,67
1,27/03/21,10:00,19.5,98,0.00,111
1,27/03/21,10:30,19.7,98,0.00,97
1,27/03/21,11:00,20.1,98,0.00,167
1,27/03/21,11:30,20.6,96,0.00,144
1,27/03/21,12:00,20.6,96,0.00,169
1,27/03/21,12:30,21.4,92,0.00,377
1,27/03/21,13:00,22.2,87,0.00,419
1,27/03/21,13:30,22.6,86,0.00,314
1,27/03/21,14:00,23.1,84,0.00,402
1,27/03/21,14:30,23.7,80,0.00,480
1,27/03/21,15:00,23.7,79,0.00,389
1,27/03/21,15:30,23.3,80,0.00,215
1,27/03/21,16:00,23.2,81,0.00,156
1,27/03/21,16:30,23.3,81,0.00,120
1,27/03/21,17:00,22.9,85,0.00,85
1,27/03/21,17:30,22.6,87,0.00,63
1,27/03/21,18:00,22.3,88,0.00,32
1,27/03/21,18:30,21.9,91,0.00,2
1,27/03/21,19:00,21.6,92,0.00,0
1,27/03/21,19:30,21.4,93,0.00,0
1,27/03/21,20:00,21.3,93,0.40,0
1,27/03/21,20:30,21.1,94,4.20,0
1,27/03/21,21:00,21.0,95,2.20,0
1,27/03/21,21:30,20.8,95,0.20,0
1,27/03/21,22:00,20.7,95,0.00,0
1,27/03/21,22:30,20.7,95,0.00,0
1,27/03/21,23:00,20.8,95,0.00,0
1,27/03/21,23:30,20.6,96,0.00,0
1,28/03/21,00:00,20.3,95,0.00,0
1,28/03/21,0:30,20.2,95,0.00,0
1,28/03/21,1:00,20.1,94,0.00,0
1,28/03/21,1:30,19.7,94,0.00,0
1,28/03/21,2:00,19.6,94,0.00,0
1,28/03/21,2:30,19.7,95,0.00,0
1,28/03/21,3:00,19.6,96,0.00,0
1,28/03/21,3:30,19.5,96,1.20,0
1,28/03/21,4:00,19.2,97,0.00,0
1,28/03/21,4:30,19.1,97,0.20,0
1,28/03/21,5:00,19.1,97,0.00,0
1,28/03/21,5:30,18.9,98,0.00,0
1,28/03/21,6:00,18.8,98,0.20,0
1,28/03/21,6:30,18.7,98,1.00,0
1,28/03/21,7:00,18.6,98,0.60,0
1,28/03/21,7:30,18.7,98,0.40,12
1,28/03/21,8:00,18.4,98,0.00,28
1,28/03/21,8:30,18.3,98,0.00,32
1,28/03/21,9:00,18.2,98,0.20,58
1,28/03/21,9:30,18.6,98,0.20,119
1,28/03/21,10:00,18.9,98,0.00,260
1,28/03/21,10:30,18.9,98,0.00,181
1,28/03/21,11:00,18.8,97,0.00,101
1,28/03/21,11:30,19.0,97,0.00,102
1,28/03/21,12:00,18.9,96,0.00,103
1,28/03/21,12:30,19.3,94,0.00,249
1,28/03/21,13:00,19.1,96,0.00,176
1,28/03/21,13:30,19.1,95,0.00,200
1,28/03/21,14:00,19.8,94,0.00,288
1,28/03/21,14:30,19.7,92,0.00,227
1,28/03/21,15:00,19.4,92,0.00,157
1,28/03/21,15:30,19.3,92,0.00,138
1,28/03/21,16:00,19.2,93,0.00,136
1,28/03/21,16:30,19.3,92,0.00,141
1,28/03/21,17:00,19.4,92,0.00,135
1,28/03/21,17:30,19.6,90,0.00,141
1,28/03/21,18:00,19.6,89,0.00,71
1,28/03/21,18:30,18.6,92,0.00,16
1,28/03/21,19:00,17.8,94,0.00,0
1,28/03/21,19:30,17.6,95,0.00,0
1,28/03/21,20:00,17.5,95,0.00,0
1,28/03/21,20:30,17.4,96,0.00,0
1,28/03/21,21:00,17.5,96,0.00,0
1,28/03/21,21:30,17.4,96,0.00,0
1,28/03/21,22:00,17.0,96,0.00,0
1,28/03/21,22:30,16.6,96,0.00,0
1,28/03/21,23:00,15.9,97,0.00,0
1,28/03/21,23:30,15.8,97,0.00,0
1,29/03/21,00:00,15.2,96,0.00,0
1,29/03/21,0:30,15.0,96,0.00,0
1,29/03/21,1:00,15.2,96,0.00,0
1,29/03/21,1:30,14.6,95,0.00,0
1,29/03/21,2:00,14.4,95,0.00,0
1,29/03/21,2:30,14.4,95,0.00,0
1,29/03/21,3:00,14.1,95,0.00,0
1,29/03/21,3:30,14.1,95,0.20,0
1,29/03/21,4:00,13.9,96,0.00,0
1,29/03/21,4:30,13.8,96,0.00,0
1,29/03/21,5:00,13.8,96,0.00,0
1,29/03/21,5:30,13.8,96,0.00,0
1,29/03/21,6:00,13.7,96,0.00,0
1,29/03/21,6:30,13.8,97,0.00,0
1,29/03/21,7:00,13.9,97,0.00,2
1,29/03/21,7:30,14.1,97,0.00,15
1,29/03/21,8:00,14.0,97,0.00,45
1,29/03/21,8:30,14.3,97,0.00,76
1,29/03/21,9:00,14.9,98,0.00,138
1,29/03/21,9:30,15.2,97,0.00,176
1,29/03/21,10:00,15.9,95,0.00,255
1,29/03/21,10:30,16.4,94,0.00,246
1,29/03/21,11:00,17.4,90,0.00,300
1,29/03/21,11:30,17.9,87,0.00,319
1,29/03/21,12:00,19.7,81,0.00,834
1,29/03/21,12:30,19.5,81,0.00,666
1,29/03/21,13:00,20.1,79,0.00,827
1,29/03/21,13:30,21.3,74,0.00,912
1,29/03/21,14:00,21.1,72,0.00,625
1,29/03/21,14:30,20.4,74,0.00,307
1,29/03/21,15:00,21.0,70,0.00,281
1,29/03/21,15:30,20.4,76,0.00,215
1,29/03/21,16:00,20.6,75,0.00,201
1,29/03/21,16:30,20.7,76,0.00,203
1,29/03/21,17:00,21.3,70,0.00,232
1,29/03/21,17:30,20.8,74,0.00,178
1,29/03/21,18:00,20.2,77,0.00,64
1,29/03/21,18:30,19.6,79,0.00,5
1,29/03/21,19:00,19.2,82,0.00,0
1,29/03/21,19:30,18.4,85,0.00,0
1,29/03/21,20:00,18.1,89,0.00,0
1,29/03/21,20:30,17.8,90,0.00,0
1,29/03/21,21:00,17.4,91,0.00,0
1,29/03/21,21:30,17.4,92,0.00,0
1,29/03/21,22:00,17.3,93,0.40,0
1,29/03/21,22:30,17.1,95,0.60,0
1,29/03/21,23:00,17.1,96,1.40,0
1,29/03/21,23:30,17.2,97,0.00,0
1,30/03/21,00:00,17.2,97,0.00,0
1,30/03/21,0:30,17.1,97,0.00,0
1,30/03/21,1:00,17.1,98,0.00,0
1,30/03/21,1:30,16.9,97,0.00,0
1,30/03/21,2:00,16.9,98,0.20,0
1,30/03/21,2:30,16.9,98,0.00,0
1,30/03/21,3:00,16.9,98,0.00,0
1,30/03/21,3:30,16.9,98,0.00,0
1,30/03/21,4:00,16.7,98,0.40,0
1,30/03/21,4:30,16.7,98,0.00,0
1,30/03/21,5:00,16.7,98,0.00,0
1,30/03/21,5:30,16.7,98,0.00,0
1,30/03/21,6:00,16.7,98,0.00,0
1,30/03/21,6:30,16.7,98,0.00,0
1,30/03/21,7:00,16.8,98,0.00,3
1,30/03/21,7:30,16.8,98,0.00,13
1,30/03/21,8:00,17.0,98,0.00,29
1,30/03/21,8:30,17.3,98,0.00,65
1,30/03/21,9:00,17.9,98,0.20,160
1,30/03/21,9:30,18.4,93,0.00,235
1,30/03/21,10:00,19.1,89,0.00,297
1,30/03/21,10:30,19.5,86,0.00,407
1,30/03/21,11:00,20.0,82,0.00,343
1,30/03/21,11:30,20.8,83,0.00,679
1,30/03/21,12:00,21.4,79,0.00,803
1,30/03/21,12:30,22.2,74,0.00,780
1,30/03/21,13:00,22.1,72,0.00,816
1,30/03/21,13:30,20.3,82,0.00,672
1,30/03/21,14:00,19.1,87,0.00,810
1,30/03/21,14:30,19.8,81,0.00,733
1,30/03/21,15:00,20.7,77,0.00,618
1,30/03/21,15:30,20.6,81,0.00,273
1,30/03/21,16:00,18.4,87,0.20,258
1,30/03/21,16:30,20.2,82,0.20,270
1,30/03/21,17:00,19.9,80,0.00,77
1,30/03/21,17:30,19.8,81,0.00,91
1,30/03/21,18:00,19.9,78,0.00,63
1,30/03/21,18:30,18.9,80,0.00,16
1,30/03/21,19:00,18.0,85,0.00,0
1,30/03/21,19:30,17.7,86,0.00,0
1,30/03/21,20:00,17.2,88,0.00,0
1,30/03/21,20:30,17.2,90,0.00,0
1,30/03/21,21:00,17.1,91,0.00,0
1,30/03/21,21:30,17.1,91,0.00,0
1,30/03/21,22:00,16.9,92,0.00,0
1,30/03/21,22:30,16.6,92,0.00,0
1,30/03/21,23:00,16.6,93,0.00,0
1,30/03/21,23:30,16.2,94,0.00,0
1,31/03/21,00:00,16.0,94,0.00,0
1,31/03/21,0:30,15.8,94,0.00,0
1,31/03/21,1:00,15.5,94,0.00,0
1,31/03/21,1:30,15.2,95,0.00,0
1,31/03/21,2:00,15.3,95,0.00,0
1,31/03/21,2:30,15.4,95,0.00,0
1,31/03/21,3:00,15.6,95,0.00,0
1,31/03/21,3:30,15.7,95,0.00,0
1,31/03/21,4:00,15.5,94,0.00,0
1,31/03/21,4:30,15.5,94,0.00,0
1,31/03/21,5:00,15.2,95,0.00,0
1,31/03/21,5:30,14.8,94,0.00,0
1,31/03/21,6:00,14.7,96,0.00,0
1,31/03/21,6:30,14.4,96,0.00,0
1,31/03/21,7:00,14.7,97,0.00,3
1,31/03/21,7:30,14.9,97,0.00,50
1,31/03/21,8:00,15.6,97,0.00,163
1,31/03/21,8:30,16.6,94,0.00,341
1,31/03/21,9:00,17.8,89,0.00,414
1,31/03/21,9:30,18.4,85,0.00,516
1,31/03/21,10:00,19.2,75,0.00,609
1,31/03/21,10:30,20.2,73,0.00,714
1,31/03/21,11:00,20.2,66,0.00,776
1,31/03/21,11:30,21.0,70,0.00,890
1,31/03/21,12:00,21.1,63,0.00,884
1,31/03/21,12:30,20.3,70,0.00,349
1,31/03/21,13:00,21.7,61,0.00,463
1,31/03/21,13:30,21.3,68,0.00,534
1,31/03/21,14:00,21.2,69,0.00,560
1,31/03/21,14:30,21.6,63,0.00,487
1,31/03/21,15:00,21.2,71,0.00,410
1,31/03/21,15:30,20.1,75,0.00,498
1,31/03/21,16:00,19.8,73,0.00,261
1,31/03/21,16:30,19.7,74,0.00,200
1,31/03/21,17:00,18.4,76,0.00,161
1,31/03/21,17:30,18.8,75,0.00,66
1,31/03/21,18:00,18.9,75,0.00,34
1,31/03/21,18:30,18.6,78,0.00,11
1,31/03/21,19:00,18.0,82,0.00,0
1,31/03/21,19:30,17.1,85,0.00,0
1,31/03/21,20:00,16.7,85,0.00,0
1,31/03/21,20:30,16.2,85,0.00,0
1,31/03/21,21:00,15.4,87,0.00,0
1,31/03/21,21:30,15.5,85,0.00,0
1,31/03/21,22:00,14.8,88,0.00,0
1,31/03/21,22:30,14.9,88,0.00,0
1,31/03/21,23:00,14.7,88,0.00,0
1,31/03/21,23:30,14.6,89,0.00,0
1,01/04/21,00:00,14.8,89,0.00,0
1,01/04/21,0:30,14.8,88,0.00,0
1,01/04/21,1:00,14.0,89,0.00,0
1,01/04/21,1:30,13.6,90,0.00,0
1,01/04/21,2:00,13.8,89,0.00,0
1,01/04/21,2:30,14.2,90,0.00,0
1,01/04/21,3:00,13.9,89,0.00,0
1,01/04/21,3:30,13.1,92,0.00,0
1,01/04/21,4:00,13.2,91,0.00,0
1,01/04/21,4:30,13.1,92,0.00,0
1,01/04/21,5:00,12.8,92,0.00,0
1,01/04/21,5:30,12.9,93,0.00,0
1,01/04/21,6:00,12.0,93,0.00,0
1,01/04/21,6:30,11.8,95,0.00,0
1,01/04/21,7:00,11.3,96,0.00,4
1,01/04/21,7:30,11.8,96,0.00,59
1,01/04/21,8:00,12.5,96,0.00,164
1,01/04/21,8:30,13.3,96,0.00,284
1,01/04/21,9:00,14.4,96,0.00,317
1,01/04/21,9:30,17.6,90,0.00,510
1,01/04/21,10:00,18.9,86,0.00,604
1,01/04/21,10:30,18.4,85,0.00,671
1,01/04/21,11:00,19.8,80,0.00,772
1,01/04/21,11:30,20.2,79,0.00,504
1,01/04/21,12:00,19.6,80,0.00,458
1,01/04/21,12:30,20.1,78,0.00,389
1,01/04/21,13:00,19.5,81,0.00,538
1,01/04/21,13:30,20.1,79,0.00,423
1,01/04/21,14:00,20.1,83,0.00,420
1,01/04/21,14:30,19.9,84,0.00,713
1,01/04/21,15:00,17.8,90,0.60,339
1,01/04/21,15:30,19.3,84,0.00,587
1,01/04/21,16:00,18.9,83,0.00,282
1,01/04/21,16:30,18.8,81,0.00,220
1,01/04/21,17:00,18.6,83,0.00,93
1,01/04/21,17:30,17.9,85,0.00,79
1,01/04/21,18:00,17.6,88,0.00,34
1,01/04/21,18:30,16.9,88,0.00,7
1,01/04/21,19:00,16.6,88,0.00,0
1,01/04/21,19:30,16.9,87,0.00,0
1,01/04/21,20:00,16.4,91,0.00,0
1,01/04/21,20:30,16.4,91,0.00,0
1,01/04/21,21:00,16.4,92,0.00,0
1,01/04/21,21:30,16.3,93,0.00,0
1,01/04/21,22:00,16.1,92,0.00,0
1,01/04/21,22:30,15.9,91,0.00,0
1,01/04/21,23:00,16.0,91,0.00,0
1,01/04/21,23:30,16.1,91,0.00,0
1,02/04/21,00:00,15.8,93,0.00,0
1,02/04/21,0:30,15.9,93,0.00,0
1,02/04/21,1:00,16.2,93,0.00,0
1,02/04/21,1:30,16.0,93,0.00,0
1,02/04/21,2:00,15.8,94,0.00,0
1,02/04/21,2:30,15.8,94,0.00,0
1,02/04/21,3:00,15.8,94,0.00,0
1,02/04/21,3:30,15.6,94,0.00,0
1,02/04/21,4:00,15.7,93,0.00,0
1,02/04/21,4:30,16.0,92,0.00,0
1,02/04/21,5:00,15.8,92,0.00,0
1,02/04/21,5:30,15.8,91,0.00,0
1,02/04/21,6:00,15.3,92,0.00,0
1,02/04/21,6:30,15.3,92,0.00,0
1,02/04/21,7:00,15.5,92,0.00,4
1,02/04/21,7:30,15.3,92,0.00,37
1,02/04/21,8:00,16.3,92,0.00,127
1,02/04/21,8:30,17.8,84,0.00,281
1,02/04/21,9:00,18.9,80,0.00,411
1,02/04/21,9:30,19.2,79,0.00,499
1,02/04/21,10:00,19.9,78,0.00,602
1,02/04/21,10:30,20.3,73,0.00,681
1,02/04/21,11:00,20.6,72,0.00,765
1,02/04/21,11:30,20.4,73,0.00,615
1,02/04/21,12:00,20.5,67,0.00,561
1,02/04/21,12:30,21.9,65,0.00,883
1,02/04/21,13:00,21.8,66,0.00,813
1,02/04/21,13:30,21.6,66,0.00,576
1,02/04/21,14:00,22.2,65,0.00,836
1,02/04/21,14:30,22.2,63,0.00,566
1,02/04/21,15:00,22.8,61,0.00,642
1,02/04/21,15:30,22.6,62,0.00,461
1,02/04/21,16:00,22.3,64,0.00,394
1,02/04/21,16:30,21.8,67,0.00,253
1,02/04/21,17:00,21.7,70,0.00,210
1,02/04/21,17:30,21.3,68,0.00,217
1,02/04/21,18:00,20.5,70,0.00,114
1,02/04/21,18:30,19.3,73,0.00,32
1,02/04/21,19:00,18.5,77,0.00,1
1,02/04/21,19:30,18.1,77,0.00,0
1,02/04/21,20:00,17.6,79,0.00,0
1,02/04/21,20:30,17.3,82,0.00,0
1,02/04/21,21:00,16.9,84,0.00,0
1,02/04/21,21:30,16.7,86,0.00,0
1,02/04/21,22:00,16.4,87,0.00,0
1,02/04/21,22:30,16.2,88,0.00,0
1,02/04/21,23:00,16.0,88,0.00,0
1,02/04/21,23:30,16.0,88,0.00,0
1,03/04/21,00:00,15.9,88,0.00,0
1,03/04/21,0:30,15.8,89,0.00,0
1,03/04/21,1:00,15.6,89,0.00,0
1,03/04/21,1:30,15.6,89,0.00,0
1,03/04/21,2:00,15.6,89,0.00,0
1,03/04/21,2:30,15.4,90,0.00,0
1,03/04/21,3:00,15.2,91,0.00,0
1,03/04/21,3:30,15.2,91,0.00,0
1,03/04/21,4:00,15.2,91,0.00,0
1,03/04/21,4:30,15.4,90,0.00,0
1,03/04/21,5:00,15.7,90,0.00,0
1,03/04/21,5:30,15.3,91,0.00,0
1,03/04/21,6:00,14.8,92,0.00,0
1,03/04/21,6:30,14.8,93,0.00,0
1,03/04/21,7:00,14.9,95,0.00,3
1,03/04/21,7:30,15.8,93,0.00,21
1,03/04/21,8:00,16.7,92,0.00,144
1,03/04/21,8:30,16.8,93,0.00,212
1,03/04/21,9:00,17.6,92,0.00,359
1,03/04/21,9:30,18.3,89,0.00,504
1,03/04/21,10:00,19.3,86,0.00,595
1,03/04/21,10:30,19.1,87,0.00,435
1,03/04/21,11:00,20.1,83,0.00,713
1,03/04/21,11:30,20.8,80,0.00,713
1,03/04/21,12:00,21.6,78,0.00,884
1,03/04/21,12:30,22.1,75,0.00,913
1,03/04/21,13:00,22.6,74,0.00,883
1,03/04/21,13:30,23.3,71,0.00,812
1,03/04/21,14:00,23.7,70,0.00,801
1,03/04/21,14:30,24.1,67,0.00,780
1,03/04/21,15:00,24.3,65,0.00,689
1,03/04/21,15:30,24.6,63,0.00,590
1,03/04/21,16:00,24.3,64,0.00,364
1,03/04/21,16:30,24.1,67,0.00,366
1,03/04/21,17:00,23.2,71,0.00,179
1,03/04/21,17:30,23.3,70,0.00,139
1,03/04/21,18:00,22.2,76,0.00,54
1,03/04/21,18:30,21.0,83,0.00,9
1,03/04/21,19:00,20.4,85,0.00,0
1,03/04/21,19:30,19.8,87,0.00,0
1,03/04/21,20:00,19.6,88,0.00,0
1,03/04/21,20:30,19.3,90,0.00,0
1,03/04/21,21:00,19.1,91,0.00,0
1,03/04/21,21:30,18.8,91,0.00,0
1,03/04/21,22:00,18.7,92,0.00,0
1,03/04/21,22:30,18.6,92,0.00,0
1,03/04/21,23:00,18.6,93,0.00,0
1,03/04/21,23:30,18.4,93,0.00,0
1,04/04/21,00:00,18.6,93,0.00,0
1,04/04/21,0:30,18.2,94,0.00,0
1,04/04/21,1:00,17.8,95,0.00,0
1,04/04/21,1:30,18.0,94,0.00,0
1,04/04/21,2:00,17.8,94,0.00,0
1,04/04/21,2:30,17.6,94,0.00,0
1,04/04/21,3:00,17.8,94,0.00,0
1,04/04/21,3:30,17.8,94,0.00,0
1,04/04/21,4:00,17.8,93,0.00,0
1,04/04/21,4:30,18.1,93,0.00,0
1,04/04/21,5:00,18.1,92,0.00,0
1,04/04/21,5:30,18.1,92,0.00,0
1,04/04/21,6:00,18.2,92,0.00,0
1,04/04/21,6:30,18.0,92,0.00,0
1,04/04/21,7:00,17.8,93,0.00,4
1,04/04/21,7:30,17.9,93,0.00,29
1,04/04/21,8:00,18.6,91,0.00,154
1,04/04/21,8:30,19.0,91,0.00,205
1,04/04/21,9:00,19.8,89,0.00,256
1,04/04/21,9:30,20.8,86,0.00,484
1,04/04/21,10:00,21.4,82,0.00,572
1,04/04/21,10:30,22.2,80,0.00,650
1,04/04/21,11:00,23.1,77,0.00,714
1,04/04/21,11:30,23.6,73,0.00,762
1,04/04/21,12:00,24.3,71,0.00,796
1,04/04/21,12:30,24.6,69,0.00,811
1,04/04/21,13:00,25.2,64,0.00,809
1,04/04/21,13:30,25.7,60,0.00,795
1,04/04/21,14:00,26.1,59,0.00,760
1,04/04/21,14:30,26.3,58,0.00,711
1,04/04/21,15:00,26.3,56,0.00,646
1,04/04/21,15:30,26.5,57,0.00,564
1,04/04/21,16:00,26.3,59,0.00,473
1,04/04/21,16:30,25.9,59,0.00,293
1,04/04/21,17:00,24.9,64,0.00,191
1,04/04/21,17:30,24.5,64,0.00,102
1,04/04/21,18:00,24.0,66,0.00,46
1,04/04/21,18:30,22.9,71,0.00,10
1,04/04/21,19:00,22.1,78,0.00,0
1,04/04/21,19:30,21.6,82,0.00,0
1,04/04/21,20:00,21.1,84,0.00,0
1,04/04/21,20:30,20.7,85,0.00,0
1,04/04/21,21:00,20.3,85,0.00,0
1,04/04/21,21:30,19.7,87,0.00,0
1,04/04/21,22:00,19.4,88,0.00,0
1,04/04/21,22:30,19.1,90,0.00,0
1,04/04/21,23:00,18.7,91,0.00,0
1,04/04/21,23:30,18.8,91,0.00,0
1,05/04/21,00:00,18.4,92,0.00,0
1,05/04/21,0:30,18.2,92,0.00,0
1,05/04/21,1:00,18.2,92,0.00,0
1,05/04/21,1:30,18.4,92,0.00,0
1,05/04/21,2:00,18.3,92,0.00,0
1,05/04/21,2:30,18.3,92,0.00,0
1,05/04/21,3:00,18.6,91,0.00,0
1,05/04/21,3:30,18.5,92,0.00,0
1,05/04/21,4:00,18.3,92,0.00,0
1,05/04/21,4:30,18.7,91,0.00,0
1,05/04/21,5:00,18.6,92,0.00,0
1,05/04/21,5:30,18.8,91,0.00,0
1,05/04/21,6:00,18.8,92,0.00,0
1,05/04/21,6:30,18.6,92,0.60,0
1,05/04/21,7:00,18.4,94,0.60,0
1,05/04/21,7:30,18.6,94,0.20,7
1,05/04/21,8:00,18.8,93,0.00,28
1,05/04/21,8:30,18.9,93,0.00,43
1,05/04/21,9:00,19.3,92,0.00,106
1,05/04/21,9:30,19.8,90,0.00,163
1,05/04/21,10:00,20.6,89,0.00,266
1,05/04/21,10:30,20.8,85,0.00,338
1,05/04/21,11:00,21.6,82,0.00,503
1,05/04/21,11:30,21.3,84,0.00,292
1,05/04/21,12:00,21.7,83,0.00,560
1,05/04/21,12:30,21.1,85,0.00,265
1,05/04/21,13:00,21.4,83,0.00,274
1,05/04/21,13:30,21.7,84,0.00,410
1,05/04/21,14:00,22.4,80,0.00,304
1,05/04/21,14:30,22.7,79,0.00,330
1,05/04/21,15:00,22.9,77,0.00,281
1,05/04/21,15:30,23.2,73,0.00,319
1,05/04/21,16:00,23.1,74,0.00,287
1,05/04/21,16:30,22.3,80,0.00,178
1,05/04/21,17:00,21.7,84,0.00,135
1,05/04/21,17:30,21.3,86,0.00,51
1,05/04/21,18:00,18.6,85,1.00,7
1,05/04/21,18:30,18.1,89,3.80,0
1,05/04/21,19:00,21.1,88,0.00,0
1,05/04/21,19:30,20.9,89,0.00,0
1,05/04/21,20:00,21.1,89,0.00,0
1,05/04/21,20:30,21.0,88,0.00,0
1,05/04/21,21:00,20.9,88,0.00,0
1,05/04/21,21:30,20.8,88,0.00,0
1,05/04/21,22:00,20.7,88,0.00,0
1,05/04/21,22:30,20.2,91,0.20,0
1,05/04/21,23:00,20.1,91,0.00,0
1,05/04/21,23:30,20.1,90,0.00,0
1,06/04/21,00:00,19.7,93,0.40,0
1,06/04/21,0:30,19.4,93,0.40,0
1,06/04/21,1:00,19.3,93,0.00,0
1,06/04/21,1:30,19.3,93,0.20,0
1,06/04/21,2:00,19.8,89,0.00,0
1,06/04/21,2:30,19.0,93,0.00,0
1,06/04/21,3:00,19.3,91,0.00,0
1,06/04/21,3:30,19.7,87,0.00,0
1,06/04/21,4:00,20.2,84,0.00,0
1,06/04/21,4:30,19.9,85,0.00,0
1,06/04/21,5:00,19.1,89,0.00,0
1,06/04/21,5:30,19.3,89,0.00,0
1,06/04/21,6:00,18.6,92,0.00,0
1,06/04/21,6:30,18.2,93,0.00,0
1,06/04/21,7:00,18.3,93,0.00,0
1,06/04/21,7:30,18.8,93,0.00,20
1,06/04/21,8:00,19.3,92,0.00,49
1,06/04/21,8:30,19.8,91,0.00,84
1,06/04/21,9:00,20.5,89,0.00,213
1,06/04/21,9:30,20.9,89,0.00,247
1,06/04/21,10:00,22.1,84,0.00,587
1,06/04/21,10:30,23.2,75,0.00,618
1,06/04/21,11:00,24.6,67,0.00,699
1,06/04/21,11:30,25.4,60,0.00,748
1,06/04/21,12:00,25.8,62,0.00,779
1,06/04/21,12:30,26.1,56,0.00,795
1,06/04/21,13:00,26.7,58,0.00,794
1,06/04/21,13:30,26.8,51,0.00,775
1,06/04/21,14:00,27.1,52,0.00,739
1,06/04/21,14:30,27.3,49,0.00,704
1,06/04/21,15:00,27.2,53,0.00,644
1,06/04/21,15:30,27.3,53,0.00,558
1,06/04/21,16:00,27.1,57,0.00,450
1,06/04/21,16:30,26.8,54,0.00,353
1,06/04/21,17:00,26.3,58,0.00,235
1,06/04/21,17:30,25.6,66,0.00,137
1,06/04/21,18:00,24.2,72,0.00,44
1,06/04/21,18:30,23.0,76,0.00,7
1,06/04/21,19:00,22.2,78,0.00,0
1,06/04/21,19:30,21.8,77,0.00,0
1,06/04/21,20:00,21.3,80,0.00,0
1,06/04/21,20:30,20.9,82,0.00,0
1,06/04/21,21:00,20.7,86,0.00,0
1,06/04/21,21:30,20.4,89,0.00,0
1,06/04/21,22:00,20.2,90,0.00,0
1,06/04/21,22:30,20.0,92,0.00,0
1,06/04/21,23:00,19.8,93,0.00,0
1,06/04/21,23:30,20.0,92,0.00,0
1,07/04/21,00:00,20.0,92,0.00,0
1,07/04/21,0:30,20.1,93,0.00,0
1,07/04/21,1:00,20.0,92,0.00,0
1,07/04/21,1:30,19.9,93,0.00,0
1,07/04/21,2:00,19.8,93,0.00,0
1,07/04/21,2:30,19.5,92,0.00,0
1,07/04/21,3:00,19.2,92,0.00,0
1,07/04/21,3:30,18.7,93,0.00,0
1,07/04/21,4:00,18.5,94,0.00,0
1,07/04/21,4:30,18.4,93,0.00,0
1,07/04/21,5:00,18.2,93,0.00,0
1,07/04/21,5:30,17.9,94,0.00,0
1,07/04/21,6:00,17.8,93,0.00,0
1,07/04/21,6:30,17.6,94,0.00,0
1,07/04/21,7:00,17.0,95,0.00,3
1,07/04/21,7:30,17.8,94,0.00,38
1,07/04/21,8:00,18.5,93,0.00,139
1,07/04/21,8:30,18.8,92,0.00,217
1,07/04/21,9:00,19.4,92,0.00,228
1,07/04/21,9:30,20.1,90,0.00,458
1,07/04/21,10:00,21.2,87,0.00,579
1,07/04/21,10:30,22.4,83,0.00,646
1,07/04/21,11:00,23.7,79,0.00,711
1,07/04/21,11:30,24.2,75,0.00,759
1,07/04/21,12:00,24.5,74,0.00,794
1,07/04/21,12:30,25.0,71,0.00,810
1,07/04/21,13:00,25.3,70,0.00,807
1,07/04/21,13:30,25.8,67,0.00,789
1,07/04/21,14:00,26.2,62,0.00,755
1,07/04/21,14:30,26.3,58,0.00,706
1,07/04/21,15:00,26.6,57,0.00,643
1,07/04/21,15:30,26.7,53,0.00,562
1,07/04/21,16:00,26.6,53,0.00,463
1,07/04/21,16:30,26.4,54,0.00,365
1,07/04/21,17:00,26.1,55,0.00,260
1,07/04/21,17:30,25.5,57,0.00,142
1,07/04/21,18:00,24.7,61,0.00,44
1,07/04/21,18:30,23.1,68,0.00,7
1,07/04/21,19:00,22.2,71,0.00,0
1,07/04/21,19:30,21.7,73,0.00,0
1,07/04/21,20:00,20.9,78,0.00,0
1,07/04/21,20:30,20.4,83,0.00,0
1,07/04/21,21:00,20.1,86,0.00,0
1,07/04/21,21:30,19.6,89,0.00,0
1,07/04/21,22:00,19.3,90,0.00,0
1,07/04/21,22:30,19.0,91,0.00,0
1,07/04/21,23:00,18.9,92,0.00,0
1,07/04/21,23:30,18.9,92,0.00,0
1,08/04/21,00:00,18.8,93,0.00,0
1,08/04/21,0:30,18.2,94,0.00,0
1,08/04/21,1:00,18.0,94,0.00,0
1,08/04/21,1:30,17.9,95,0.00,0
1,08/04/21,2:00,18.1,95,0.00,0
1,08/04/21,2:30,18.2,95,0.00,0
1,08/04/21,3:00,18.2,94,0.00,0
1,08/04/21,3:30,18.3,94,0.00,0
1,08/04/21,4:00,18.1,94,0.00,0
1,08/04/21,4:30,17.9,95,0.00,0
1,08/04/21,5:00,17.9,95,0.00,0
1,08/04/21,5:30,18.1,94,0.00,0
1,08/04/21,6:00,17.7,94,0.00,0
1,08/04/21,6:30,17.4,94,0.00,0
1,08/04/21,7:00,17.9,93,0.00,6
1,08/04/21,7:30,18.0,92,0.00,41
1,08/04/21,8:00,18.4,91,0.00,84
1,08/04/21,8:30,19.4,86,0.00,211
1,08/04/21,9:00,20.2,84,0.00,370
1,08/04/21,9:30,20.6,82,0.00,383
1,08/04/21,10:00,21.1,82,0.00,541
1,08/04/21,10:30,22.3,78,0.00,640
1,08/04/21,11:00,22.9,76,0.00,689
1,08/04/21,11:30,23.9,75,0.00,759
1,08/04/21,12:00,24.5,73,0.00,721
1,08/04/21,12:30,24.6,71,0.00,782
1,08/04/21,13:00,24.9,73,0.00,521
1,08/04/21,13:30,25.5,69,0.00,789
1,08/04/21,14:00,26.2,69,0.00,681
1,08/04/21,14:30,26.4,64,0.00,570
1,08/04/21,15:00,26.2,66,0.00,527
1,08/04/21,15:30,26.4,66,0.00,512
1,08/04/21,16:00,26.4,66,0.00,421
1,08/04/21,16:30,26.7,63,0.00,372
1,08/04/21,17:00,26.4,64,0.00,272
1,08/04/21,17:30,26.0,66,0.00,142
1,08/04/21,18:00,25.4,70,0.00,55
1,08/04/21,18:30,24.3,72,0.00,17
1,08/04/21,19:00,23.7,76,0.00,0
1,08/04/21,19:30,23.1,77,0.00,0
1,08/04/21,20:00,23.0,76,0.00,0
1,08/04/21,20:30,22.3,79,0.00,0
1,08/04/21,21:00,22.2,79,0.00,0
1,08/04/21,21:30,21.6,81,0.00,0
1,08/04/21,22:00,21.4,82,0.00,0
1,08/04/21,22:30,21.3,82,0.00,0
1,08/04/21,23:00,21.1,83,0.00,0
1,08/04/21,23:30,21.4,81,0.00,0
1,09/04/21,00:00,21.1,83,0.00,0
1,09/04/21,0:30,21.1,82,0.00,0
1,09/04/21,1:00,20.7,83,0.00,0
1,09/04/21,1:30,20.6,84,0.00,0
1,09/04/21,2:00,20.7,84,0.00,0
1,09/04/21,2:30,20.8,83,0.00,0
1,09/04/21,3:00,20.4,85,0.00,0
1,09/04/21,3:30,19.5,88,0.00,0
1,09/04/21,4:00,19.3,90,0.00,0
1,09/04/21,4:30,19.6,89,0.00,0
1,09/04/21,5:00,19.8,88,0.00,0
1,09/04/21,5:30,19.8,88,0.00,0
1,09/04/21,6:00,20.2,86,0.00,0
1,09/04/21,6:30,20.4,85,0.00,0
1,09/04/21,7:00,20.4,85,0.00,2
1,09/04/21,7:30,20.3,86,0.00,26
1,09/04/21,8:00,20.3,87,0.00,75
1,09/04/21,8:30,21.3,83,0.00,181
1,09/04/21,9:00,22.4,79,0.00,184
1,09/04/21,9:30,23.8,75,0.00,349
1,09/04/21,10:00,23.6,76,0.00,308
1,09/04/21,10:30,24.9,74,0.00,352
1,09/04/21,11:00,24.9,74,0.00,262
1,09/04/21,11:30,25.8,73,0.00,349
1,09/04/21,12:00,26.6,69,0.00,257
1,09/04/21,12:30,27.8,65,0.00,332
1,09/04/21,13:00,28.8,62,0.00,601
1,09/04/21,13:30,29.6,61,0.00,744
1,09/04/21,14:00,29.3,61,0.00,471
1,09/04/21,14:30,29.7,60,0.00,508
1,09/04/21,15:00,29.8,60,0.00,399
1,09/04/21,15:30,30.2,61,0.00,430
1,09/04/21,16:00,29.2,62,0.00,262
1,09/04/21,16:30,28.9,63,0.00,186
1,09/04/21,17:00,28.7,66,0.00,175
1,09/04/21,17:30,28.2,69,0.00,109
1,09/04/21,18:00,27.4,71,0.00,36
1,09/04/21,18:30,27.2,70,0.00,3
1,09/04/21,19:00,24.4,81,0.00,0
1,09/04/21,19:30,23.8,84,0.00,0
1,09/04/21,20:00,23.2,85,0.00,0
1,09/04/21,20:30,22.1,90,0.00,0
1,09/04/21,21:00,22.1,90,0.00,0
1,09/04/21,21:30,21.9,91,0.00,0
1,09/04/21,22:00,21.4,91,0.00,0
1,09/04/21,22:30,20.8,93,0.00,0
1,09/04/21,23:00,20.8,94,0.00,0
1,09/04/21,23:30,20.8,93,0.00,0
1,10/04/21,00:00,20.8,93,0.00,0
1,10/04/21,0:30,20.9,93,0.00,0
1,10/04/21,1:00,21.5,91,0.00,0
1,10/04/21,1:30,21.6,90,0.00,0
1,10/04/21,2:00,21.5,91,0.00,0
1,10/04/21,2:30,22.6,86,0.00,0
1,10/04/21,3:00,22.1,88,0.00,0
1,10/04/21,3:30,22.3,88,0.00,0
1,10/04/21,4:00,22.2,88,0.00,0
1,10/04/21,4:30,21.9,89,0.00,0
1,10/04/21,5:00,21.9,89,0.00,0
1,10/04/21,5:30,22.3,87,0.00,0
1,10/04/21,6:00,22.1,88,0.00,0
1,10/04/21,6:30,21.8,90,0.00,0
1,10/04/21,7:00,22.1,88,0.00,1
1,10/04/21,7:30,22.5,86,0.00,28
1,10/04/21,8:00,21.9,89,0.00,45
1,10/04/21,8:30,22.5,89,0.00,123
1,10/04/21,9:00,23.0,87,0.00,173
1,10/04/21,9:30,23.7,84,0.00,216
1,10/04/21,10:00,24.7,81,0.00,357
1,10/04/21,10:30,24.9,81,0.00,258
1,10/04/21,11:00,25.2,80,0.00,288
1,10/04/21,11:30,25.6,81,0.00,376
1,10/04/21,12:00,26.0,79,0.00,454
1,10/04/21,12:30,26.3,78,0.00,433
1,10/04/21,13:00,26.2,80,0.00,342
1,10/04/21,13:30,26.0,81,0.00,274
1,10/04/21,14:00,26.1,81,0.00,291
1,10/04/21,14:30,26.2,81,0.00,204
1,10/04/21,15:00,25.9,82,0.00,187
1,10/04/21,15:30,25.7,84,0.00,140
1,10/04/21,16:00,25.3,85,0.00,146
1,10/04/21,16:30,25.2,85,0.00,127
1,10/04/21,17:00,24.9,85,0.00,105
1,10/04/21,17:30,24.6,86,0.00,65
1,10/04/21,18:00,23.9,88,0.00,30
1,10/04/21,18:30,23.4,90,0.00,2
1,10/04/21,19:00,23.1,92,0.00,0
1,10/04/21,19:30,23.1,92,0.00,0
1,10/04/21,20:00,22.8,92,0.00,0
1,10/04/21,20:30,22.8,92,0.00,0
1,10/04/21,21:00,22.9,92,0.00,0
1,10/04/21,21:30,22.7,93,0.00,0
1,10/04/21,22:00,22.8,93,0.00,0
1,10/04/21,22:30,23.0,92,0.00,0
1,10/04/21,23:00,22.9,92,0.00,0
1,10/04/21,23:30,22.9,91,0.00,0
1,11/04/21,00:00,22.8,92,0.00,0
1,11/04/21,0:30,22.7,93,0.00,0
1,11/04/21,1:00,22.5,93,0.00,0
1,11/04/21,1:30,22.6,93,0.00,0
1,11/04/21,2:00,22.2,94,0.00,0
1,11/04/21,2:30,21.9,95,0.00,0
1,11/04/21,3:00,21.9,95,0.00,0
1,11/04/21,3:30,21.7,95,0.00,0
1,11/04/21,4:00,21.6,95,0.00,0
1,11/04/21,4:30,21.3,96,0.00,0
1,11/04/21,5:00,21.7,93,0.00,0
1,11/04/21,5:30,22.2,87,0.00,0
1,11/04/21,6:00,22.4,83,0.00,0
1,11/04/21,6:30,22.9,78,0.00,0
1,11/04/21,7:00,23.0,77,0.00,0
1,11/04/21,7:30,24.1,68,0.00,11
1,11/04/21,8:00,24.1,68,0.00,27
1,11/04/21,8:30,19.8,91,5.80,35
1,11/04/21,9:00,20.3,90,0.00,91
1,11/04/21,9:30,20.5,89,0.20,89
1,11/04/21,10:00,21.1,87,0.00,133
1,11/04/21,10:30,21.8,86,0.00,236
1,11/04/21,11:00,22.0,86,0.00,153
1,11/04/21,11:30,23.1,83,0.00,254
1,11/04/21,12:00,22.8,83,0.00,149
1,11/04/21,12:30,22.4,86,0.00,69
1,11/04/21,13:00,22.3,87,0.00,104
1,11/04/21,13:30,21.4,93,0.20,49
1,11/04/21,14:00,20.1,96,2.40,50
1,11/04/21,14:30,18.6,96,0.40,51
1,11/04/21,15:00,18.3,96,0.20,78
1,11/04/21,15:30,18.5,94,0.00,108
1,11/04/21,16:00,18.4,89,0.00,127
1,11/04/21,16:30,17.9,89,0.00,113
1,11/04/21,17:00,17.7,88,0.00,72
1,11/04/21,17:30,17.2,90,0.00,47
1,11/04/21,18:00,17.1,91,0.00,45
1,11/04/21,18:30,16.9,91,0.00,6
1,11/04/21,19:00,16.8,94,0.00,0
1,11/04/21,19:30,16.6,95,0.00,0
1,11/04/21,20:00,16.6,96,0.00,0
1,11/04/21,20:30,16.7,95,0.00,0
1,11/04/21,21:00,16.7,96,0.00,0
1,11/04/21,21:30,16.3,96,0.00,0
1,11/04/21,22:00,16.0,96,0.00,0
1,11/04/21,22:30,15.7,96,0.00,0
1,11/04/21,23:00,15.7,96,0.00,0
1,11/04/21,23:30,15.7,95,0.00,0
1,12/04/21,00:00,15.0,92,0.00,0
1,12/04/21,0:30,14.3,93,0.00,0
1,12/04/21,1:00,13.8,95,0.00,0
1,12/04/21,1:30,13.6,95,0.00,0
1,12/04/21,2:00,13.3,96,0.00,0
1,12/04/21,2:30,13.2,96,0.00,0
1,12/04/21,3:00,12.8,96,0.00,0
1,12/04/21,3:30,12.7,96,0.00,0
1,12/04/21,4:00,12.6,96,0.00,0
1,12/04/21,4:30,12.4,97,0.00,0
1,12/04/21,5:00,12.6,97,0.00,0
1,12/04/21,5:30,12.4,97,0.00,0
1,12/04/21,6:00,12.3,97,0.00,0
1,12/04/21,6:30,12.1,97,0.00,0
1,12/04/21,7:00,12.0,98,0.00,0
1,12/04/21,7:30,11.9,98,0.00,23
1,12/04/21,8:00,12.4,98,0.00,79
1,12/04/21,8:30,12.5,98,0.00,119
1,12/04/21,9:00,13.1,98,0.00,240
1,12/04/21,9:30,13.8,97,0.00,429
1,12/04/21,10:00,14.8,96,0.00,431
1,12/04/21,10:30,16.3,90,0.00,515
1,12/04/21,11:00,17.3,84,0.00,744
1,12/04/21,11:30,17.7,83,0.00,429
1,12/04/21,12:00,18.8,80,0.00,962
1,12/04/21,12:30,19.5,75,0.00,728
1,12/04/21,13:00,19.6,75,0.00,369
1,12/04/21,13:30,19.8,71,0.00,609
1,12/04/21,14:00,20.2,72,0.00,533
1,12/04/21,14:30,20.9,68,0.00,754
1,12/04/21,15:00,21.8,63,0.00,518
1,12/04/21,15:30,21.7,67,0.00,440
1,12/04/21,16:00,21.6,64,0.00,394
1,12/04/21,16:30,21.2,63,0.00,273
1,12/04/21,17:00,20.7,69,0.00,217
1,12/04/21,17:30,20.8,64,0.00,137
1,12/04/21,18:00,19.9,70,0.00,45
1,12/04/21,18:30,18.3,74,0.00,7
1,12/04/21,19:00,17.3,78,0.00,0
1,12/04/21,19:30,16.9,79,0.00,0
1,12/04/21,20:00,16.6,81,0.00,0
1,12/04/21,20:30,16.1,83,0.00,0
1,12/04/21,21:00,15.7,84,0.00,0
1,12/04/21,21:30,15.9,83,0.00,0
1,12/04/21,22:00,15.7,83,0.00,0
1,12/04/21,22:30,15.5,85,0.00,0
1,12/04/21,23:00,15.3,88,0.00,0
1,12/04/21,23:30,15.2,90,0.00,0
1,13/04/21,00:00,15.1,91,0.00,0
1,13/04/21,0:30,15.1,89,0.00,0
1,13/04/21,1:00,15.1,89,0.00,0
1,13/04/21,1:30,14.9,90,0.00,0
1,13/04/21,2:00,14.5,91,0.00,0
1,13/04/21,2:30,14.3,93,0.00,0
1,13/04/21,3:00,14.4,94,0.00,0
1,13/04/21,3:30,14.5,94,0.00,0
1,13/04/21,4:00,14.1,95,0.00,0
1,13/04/21,4:30,14.0,94,0.00,0
1,13/04/21,5:00,13.6,95,0.00,0
1,13/04/21,5:30,13.4,95,0.00,0
1,13/04/21,6:00,13.5,96,0.00,0
1,13/04/21,6:30,13.8,96,0.00,0
1,13/04/21,7:00,13.7,96,0.00,1
1,13/04/21,7:30,14.2,95,0.00,32
1,13/04/21,8:00,14.9,94,0.00,131
1,13/04/21,8:30,16.4,92,0.00,250
1,13/04/21,9:00,17.3,87,0.00,361
1,13/04/21,9:30,18.1,82,0.00,462
1,13/04/21,10:00,19.0,75,0.00,554
1,13/04/21,10:30,19.6,70,0.00,621
1,13/04/21,11:00,20.5,68,0.00,695
1,13/04/21,11:30,20.2,65,0.00,554
1,13/04/21,12:00,20.3,64,0.00,629
1,13/04/21,12:30,21.6,64,0.00,836
1,13/04/21,13:00,21.7,65,0.00,807
1,13/04/21,13:30,21.8,60,0.00,794
1,13/04/21,14:00,22.3,60,0.00,776
1,13/04/21,14:30,22.2,58,0.00,696
1,13/04/21,15:00,22.5,55,0.00,626
1,13/04/21,15:30,22.3,56,0.00,521
1,13/04/21,16:00,22.5,57,0.00,441
1,13/04/21,16:30,22.3,56,0.00,335
1,13/04/21,17:00,22.2,58,0.00,232
1,13/04/21,17:30,21.6,60,0.00,114
1,13/04/21,18:00,20.7,64,0.00,29
1,13/04/21,18:30,19.3,70,0.00,3
1,13/04/21,19:00,17.7,75,0.00,0
1,13/04/21,19:30,17.5,75,0.00,0
1,13/04/21,20:00,17.3,77,0.00,0
1,13/04/21,20:30,16.7,82,0.00,0
1,13/04/21,21:00,16.4,82,0.00,0
1,13/04/21,21:30,16.3,83,0.00,0
1,13/04/21,22:00,15.9,85,0.00,0
1,13/04/21,22:30,15.9,85,0.00,0
1,13/04/21,23:00,15.7,86,0.00,0
1,13/04/21,23:30,15.8,85,0.00,0
1,14/04/21,00:00,15.5,86,0.00,0
1,14/04/21,0:30,15.3,87,0.00,0
1,14/04/21,1:00,15.0,88,0.00,0
1,14/04/21,1:30,14.7,88,0.00,0
1,14/04/21,2:00,14.8,89,0.00,0
1,14/04/21,2:30,14.7,89,0.00,0
1,14/04/21,3:00,14.6,90,0.00,0
1,14/04/21,3:30,14.2,91,0.00,0
1,14/04/21,4:00,14.1,92,0.00,0
1,14/04/21,4:30,14.4,93,0.00,0
1,14/04/21,5:00,14.9,93,0.00,0
1,14/04/21,5:30,15.1,93,0.00,0
1,14/04/21,6:00,14.9,94,0.00,0
1,14/04/21,6:30,15.0,94,0.00,0
1,14/04/21,7:00,14.7,94,0.00,1
1,14/04/21,7:30,15.1,94,0.00,32
1,14/04/21,8:00,16.1,93,0.00,125
1,14/04/21,8:30,16.8,91,0.00,248
1,14/04/21,9:00,17.9,82,0.00,359
1,14/04/21,9:30,18.9,78,0.00,457
1,14/04/21,10:00,19.8,73,0.00,545
1,14/04/21,10:30,20.8,71,0.00,622
1,14/04/21,11:00,21.2,70,0.00,689
1,14/04/21,11:30,21.4,70,0.00,743
1,14/04/21,12:00,21.8,69,0.00,808
1,14/04/21,12:30,21.9,66,0.00,744
1,14/04/21,13:00,22.3,69,0.00,773
1,14/04/21,13:30,22.6,67,0.00,758
1,14/04/21,14:00,22.9,66,0.00,715
1,14/04/21,14:30,23.0,67,0.00,666
1,14/04/21,15:00,23.3,67,0.00,592
1,14/04/21,15:30,23.3,67,0.00,514
1,14/04/21,16:00,23.4,66,0.00,424
1,14/04/21,16:30,23.3,65,0.00,336
1,14/04/21,17:00,22.6,67,0.00,120
1,14/04/21,17:30,21.9,70,0.00,67
1,14/04/21,18:00,21.3,70,0.00,21
1,14/04/21,18:30,20.3,73,0.00,3
1,14/04/21,19:00,19.8,75,0.00,0
1,14/04/21,19:30,19.4,76,0.00,0
1,14/04/21,20:00,19.2,77,0.00,0
1,14/04/21,20:30,18.7,78,0.00,0
1,14/04/21,21:00,18.6,79,0.00,0
1,14/04/21,21:30,18.3,80,0.00,0
1,14/04/21,22:00,17.9,81,0.00,0
1,14/04/21,22:30,17.6,83,0.00,0
1,14/04/21,23:00,17.5,84,0.00,0
1,14/04/21,23:30,17.4,85,0.00,0
1,15/04/21,00:00,17.4,85,0.00,0
1,15/04/21,0:30,17.5,84,0.00,0
1,15/04/21,1:00,17.2,86,0.00,0
1,15/04/21,1:30,17.2,86,0.00,0
1,15/04/21,2:00,17.2,87,0.00,0
1,15/04/21,2:30,17.2,87,0.00,0
1,15/04/21,3:00,16.7,89,0.00,0
1,15/04/21,3:30,17.2,88,0.00,0
1,15/04/21,4:00,17.0,90,0.00,0
1,15/04/21,4:30,17.2,90,0.00,0
1,15/04/21,5:00,17.1,91,0.00,0
1,15/04/21,5:30,16.9,92,0.00,0
1,15/04/21,6:00,17.1,91,0.00,0
1,15/04/21,6:30,16.9,91,0.00,0
1,15/04/21,7:00,17.3,90,0.00,2
1,15/04/21,7:30,18.2,86,0.00,52
1,15/04/21,8:00,18.8,84,0.00,138
1,15/04/21,8:30,19.2,83,0.00,109
1,15/04/21,9:00,19.2,83,0.00,121
1,15/04/21,9:30,19.3,85,0.00,286
1,15/04/21,10:00,19.2,86,0.00,222
1,15/04/21,10:30,19.3,84,0.00,223
1,15/04/21,11:00,19.4,85,0.00,148
1,15/04/21,11:30,19.8,84,0.00,136
1,15/04/21,12:00,19.9,84,0.00,98
1,15/04/21,12:30,19.6,85,0.00,62
1,15/04/21,13:00,19.2,88,0.00,77
1,15/04/21,13:30,19.0,91,0.20,83
1,15/04/21,14:00,19.1,91,0.20,62
1,15/04/21,14:30,18.6,93,1.60,36
1,15/04/21,15:00,18.6,93,0.40,67
1,15/04/21,15:30,18.6,93,1.00,23
1,15/04/21,16:00,18.5,94,1.40,37
1,15/04/21,16:30,18.6,95,0.00,72
1,15/04/21,17:00,18.6,95,0.00,70
1,15/04/21,17:30,18.7,95,0.00,43
1,15/04/21,18:00,18.6,95,0.00,26
1,15/04/21,18:30,18.5,95,0.00,3
1,15/04/21,19:00,18.5,95,0.00,0
1,15/04/21,19:30,18.3,96,0.00,0
1,15/04/21,20:00,18.3,96,0.00,0
1,15/04/21,20:30,18.2,96,0.00,0
1,15/04/21,21:00,18.3,96,0.00,0
1,15/04/21,21:30,18.3,95,0.00,0
1,15/04/21,22:00,18.4,95,0.00,0
1,15/04/21,22:30,18.7,95,0.00,0
1,15/04/21,23:00,18.3,95,0.00,0
1,15/04/21,23:30,18.3,96,0.00,0
1,16/04/21,00:00,18.2,95,0.00,0
1,16/04/21,0:30,18.1,95,0.00,0
1,16/04/21,1:00,17.9,96,0.00,0
1,16/04/21,1:30,17.9,95,0.00,0
1,16/04/21,2:00,17.9,96,0.00,0
1,16/04/21,2:30,18.4,96,0.00,0
1,16/04/21,3:00,18.3,96,0.00,0
1,16/04/21,3:30,17.5,96,0.00,0
1,16/04/21,4:00,17.3,97,0.00,0
1,16/04/21,4:30,17.3,97,0.00,0
1,16/04/21,5:00,17.2,97,0.00,0
1,16/04/21,5:30,17.2,97,0.00,0
1,16/04/21,6:00,17.1,97,0.00,0
1,16/04/21,6:30,16.9,97,0.00,0
1,16/04/21,7:00,16.9,98,0.00,0
1,16/04/21,7:30,17.0,98,0.00,25
1,16/04/21,8:00,17.1,98,0.00,72
1,16/04/21,8:30,17.4,98,0.00,121
1,16/04/21,9:00,18.1,98,0.00,236
1,16/04/21,9:30,18.7,97,0.00,226
1,16/04/21,10:00,19.3,95,0.00,239
1,16/04/21,10:30,19.5,93,0.00,333
1,16/04/21,11:00,19.2,95,0.00,302
1,16/04/21,11:30,19.1,93,0.00,381
1,16/04/21,12:00,19.8,93,0.00,410
1,16/04/21,12:30,21.3,88,0.00,815
1,16/04/21,13:00,22.2,79,0.00,768
1,16/04/21,13:30,23.4,77,0.00,797
1,16/04/21,14:00,23.3,77,0.00,738
1,16/04/21,14:30,24.0,72,0.00,646
1,16/04/21,15:00,24.4,69,0.00,585
1,16/04/21,15:30,24.4,73,0.00,463
1,16/04/21,16:00,24.2,72,0.00,367
1,16/04/21,16:30,24.2,71,0.00,218
1,16/04/21,17:00,24.1,72,0.00,200
1,16/04/21,17:30,24.0,72,0.00,98
1,16/04/21,18:00,22.2,80,0.00,24
1,16/04/21,18:30,21.8,81,0.00,3
1,16/04/21,19:00,21.6,82,0.00,0
1,16/04/21,19:30,20.9,86,0.00,0
1,16/04/21,20:00,20.7,87,0.00,0
1,16/04/21,20:30,20.4,89,0.00,0
1,16/04/21,21:00,20.1,90,0.00,0
1,16/04/21,21:30,19.8,91,0.00,0
1,16/04/21,22:00,19.5,92,0.00,0
1,16/04/21,22:30,19.2,92,0.00,0
1,16/04/21,23:00,19.1,91,0.00,0
1,16/04/21,23:30,19.1,92,0.00,0
1,17/04/21,00:00,18.7,92,0.00,0
1,17/04/21,0:30,18.4,92,0.00,0
1,17/04/21,1:00,18.3,93,0.00,0
1,17/04/21,1:30,17.9,94,0.00,0
1,17/04/21,2:00,18.0,94,0.00,0
1,17/04/21,2:30,17.8,93,0.00,0
1,17/04/21,3:00,18.0,93,0.00,0
1,17/04/21,3:30,17.7,94,0.00,0
1,17/04/21,4:00,17.4,94,0.00,0
1,17/04/21,4:30,17.2,95,0.00,0
1,17/04/21,5:00,17.7,92,0.00,0
1,17/04/21,5:30,17.0,94,0.00,0
1,17/04/21,6:00,16.9,95,0.00,0
1,17/04/21,6:30,16.6,93,0.00,0
1,17/04/21,7:00,16.6,94,0.00,0
1,17/04/21,7:30,16.8,95,0.00,24
1,17/04/21,8:00,17.9,93,0.00,115
1,17/04/21,8:30,18.0,92,0.00,216
1,17/04/21,9:00,20.0,90,0.00,339
1,17/04/21,9:30,20.0,89,0.00,447
1,17/04/21,10:00,20.2,88,0.00,529
1,17/04/21,10:30,21.1,85,0.00,606
1,17/04/21,11:00,21.3,81,0.00,677
1,17/04/21,11:30,21.5,78,0.00,542
1,17/04/21,12:00,22.2,76,0.00,790
1,17/04/21,12:30,21.8,75,0.00,725
1,17/04/21,13:00,22.7,70,0.00,816
1,17/04/21,13:30,22.4,70,0.00,615
1,17/04/21,14:00,22.8,71,0.00,589
1,17/04/21,14:30,22.9,70,0.00,551
1,17/04/21,15:00,22.8,69,0.00,445
1,17/04/21,15:30,23.4,66,0.00,437
1,17/04/21,16:00,23.2,67,0.00,315
1,17/04/21,16:30,22.5,71,0.00,289
1,17/04/21,17:00,23.2,68,0.00,217
1,17/04/21,17:30,22.2,72,0.00,88
1,17/04/21,18:00,21.6,76,0.00,23
1,17/04/21,18:30,20.1,81,0.00,2
1,17/04/21,19:00,19.3,84,0.00,0
1,17/04/21,19:30,19.1,85,0.00,0
1,17/04/21,20:00,18.4,88,0.00,0
1,17/04/21,20:30,18.3,89,0.00,0
1,17/04/21,21:00,17.9,91,0.00,0
1,17/04/21,21:30,18.1,92,0.00,0
1,17/04/21,22:00,18.3,92,0.00,0
1,17/04/21,22:30,18.3,92,0.00,0
1,17/04/21,23:00,18.2,91,0.00,0
1,17/04/21,23:30,18.1,92,0.00,0
1,18/04/21,00:00,18.1,91,0.00,0
1,18/04/21,0:30,17.8,92,0.00,0
1,18/04/21,1:00,17.8,93,0.00,0
1,18/04/21,1:30,17.7,93,0.00,0
1,18/04/21,2:00,17.7,93,0.00,0
1,18/04/21,2:30,17.8,92,0.00,0
1,18/04/21,3:00,17.8,93,0.00,0
1,18/04/21,3:30,17.7,93,0.00,0
1,18/04/21,4:00,17.6,92,0.00,0
1,18/04/21,4:30,17.4,93,0.00,0
1,18/04/21,5:00,17.6,93,0.00,0
1,18/04/21,5:30,17.7,93,0.00,0
1,18/04/21,6:00,17.6,93,0.00,0
1,18/04/21,6:30,17.8,93,0.00,0
1,18/04/21,7:00,17.6,93,0.00,1
1,18/04/21,7:30,17.8,93,0.00,15
1,18/04/21,8:00,18.2,92,0.00,66
1,18/04/21,8:30,19.1,89,0.00,231
1,18/04/21,9:00,19.9,86,0.00,352
1,18/04/21,9:30,19.9,85,0.00,432
1,18/04/21,10:00,20.5,83,0.00,523
1,18/04/21,10:30,20.8,79,0.00,619
1,18/04/21,11:00,21.5,75,0.00,716
1,18/04/21,11:30,21.7,73,0.00,706
1,18/04/21,12:00,22.1,73,0.00,721
1,18/04/21,12:30,23.1,67,0.00,801
1,18/04/21,13:00,23.3,62,0.00,791
1,18/04/21,13:30,23.6,61,0.00,772
1,18/04/21,14:00,23.7,61,0.00,694
1,18/04/21,14:30,23.7,60,0.00,609
1,18/04/21,15:00,23.5,60,0.00,515
1,18/04/21,15:30,23.8,58,0.00,538
1,18/04/21,16:00,23.4,62,0.00,436
1,18/04/21,16:30,22.8,65,0.00,304
1,18/04/21,17:00,22.8,62,0.00,201
1,18/04/21,17:30,21.7,70,0.00,91
1,18/04/21,18:00,20.7,70,0.00,21
1,18/04/21,18:30,19.5,72,0.00,2
1,18/04/21,19:00,18.6,73,0.00,0
1,18/04/21,19:30,17.9,76,0.00,0
1,18/04/21,20:00,17.4,82,0.00,0
1,18/04/21,20:30,17.1,83,0.00,0
1,18/04/21,21:00,16.8,85,0.00,0
1,18/04/21,21:30,16.5,85,0.00,0
1,18/04/21,22:00,16.1,86,0.00,0
1,18/04/21,22:30,15.8,86,0.00,0
1,18/04/21,23:00,15.8,84,0.00,0
1,18/04/21,23:30,15.4,85,0.00,0
1,19/04/21,00:00,14.9,87,0.00,0
1,19/04/21,0:30,14.9,87,0.00,0
1,19/04/21,1:00,14.6,88,0.00,0
1,19/04/21,1:30,14.3,89,0.00,0
1,19/04/21,2:00,14.1,90,0.00,0
1,19/04/21,2:30,14.4,90,0.00,0
1,19/04/21,3:00,14.5,89,0.00,0
1,19/04/21,3:30,14.8,88,0.00,0
1,19/04/21,4:00,14.9,86,0.00,0
1,19/04/21,4:30,14.6,87,0.00,0
1,19/04/21,5:00,14.3,89,0.00,0
1,19/04/21,5:30,13.7,91,0.00,0
1,19/04/21,6:00,13.3,91,0.00,0
1,19/04/21,6:30,13.4,92,0.00,0
1,19/04/21,7:00,13.4,92,0.00,1
1,19/04/21,7:30,14.2,91,0.00,24
1,19/04/21,8:00,15.1,89,0.00,103
1,19/04/21,8:30,16.4,86,0.00,227
1,19/04/21,9:00,17.7,85,0.00,339
1,19/04/21,9:30,18.6,81,0.00,435
1,19/04/21,10:00,19.1,77,0.00,524
1,19/04/21,10:30,19.7,74,0.00,607
1,19/04/21,11:00,20.0,73,0.00,666
1,19/04/21,11:30,20.7,72,0.00,716
1,19/04/21,12:00,21.3,70,0.00,762
1,19/04/21,12:30,21.6,67,0.00,757
1,19/04/21,13:00,22.1,67,0.00,775
1,19/04/21,13:30,22.6,64,0.00,741
1,19/04/21,14:00,22.8,62,0.00,727
1,19/04/21,14:30,22.8,60,0.00,689
1,19/04/21,15:00,23.0,59,0.00,589
1,19/04/21,15:30,23.3,59,0.00,563
1,19/04/21,16:00,22.9,59,0.00,337
1,19/04/21,16:30,22.7,57,0.00,296
1,19/04/21,17:00,22.2,64,0.00,222
1,19/04/21,17:30,21.3,69,0.00,78
1,19/04/21,18:00,20.2,72,0.00,20
1,19/04/21,18:30,19.2,77,0.00,1
1,19/04/21,19:00,18.3,80,0.00,0
1,19/04/21,19:30,17.9,82,0.00,0
1,19/04/21,20:00,17.6,84,0.00,0
1,19/04/21,20:30,17.2,85,0.00,0
1,19/04/21,21:00,16.8,87,0.00,0
1,19/04/21,21:30,16.6,87,0.00,0
1,19/04/21,22:00,16.4,88,0.00,0
1,19/04/21,22:30,16.3,89,0.00,0
1,19/04/21,23:00,16.0,90,0.00,0
1,19/04/21,23:30,16.1,90,0.00,0
1,20/04/21,00:00,16.1,91,0.00,0
1,20/04/21,0:30,16.1,92,0.00,0
1,20/04/21,1:00,15.9,92,0.00,0
1,20/04/21,1:30,15.9,92,0.00,0
1,20/04/21,2:00,16.0,92,0.00,0
1,20/04/21,2:30,16.1,92,0.00,0
1,20/04/21,3:00,15.8,93,0.00,0
1,20/04/21,3:30,15.9,94,0.00,0
1,20/04/21,4:00,15.9,94,0.00,0
1,20/04/21,4:30,16.2,95,0.00,0
1,20/04/21,5:00,16.1,95,0.00,0
1,20/04/21,5:30,16.0,94,0.00,0
1,20/04/21,6:00,16.2,94,0.00,0
1,20/04/21,6:30,16.1,94,0.00,0
1,20/04/21,7:00,15.9,94,0.00,0
1,20/04/21,7:30,16.3,94,0.00,21
1,20/04/21,8:00,16.7,93,0.00,75
1,20/04/21,8:30,17.7,90,0.00,211
1,20/04/21,9:00,18.3,88,0.00,304
1,20/04/21,9:30,18.4,86,0.00,296
1,20/04/21,10:00,18.3,87,0.00,155
1,20/04/21,10:30,19.4,82,0.00,560
1,20/04/21,11:00,20.3,77,0.00,655
1,20/04/21,11:30,20.5,72,0.00,653
1,20/04/21,12:00,21.3,69,0.00,462
1,20/04/21,12:30,21.3,69,0.00,354
1,20/04/21,13:00,21.8,69,0.00,531
1,20/04/21,13:30,22.0,66,0.00,609
1,20/04/21,14:00,21.8,67,0.00,388
1,20/04/21,14:30,21.9,67,0.00,393
1,20/04/21,15:00,21.9,66,0.00,273
1,20/04/21,15:30,22.6,62,0.00,399
1,20/04/21,16:00,22.0,63,0.00,208
1,20/04/21,16:30,21.4,65,0.00,154
1,20/04/21,17:00,21.8,64,0.00,163
1,20/04/21,17:30,21.1,68,0.00,90
1,20/04/21,18:00,20.2,72,0.00,21
1,20/04/21,18:30,19.3,77,0.00,1
1,20/04/21,19:00,18.7,79,0.00,0
1,20/04/21,19:30,18.1,83,0.00,0
1,20/04/21,20:00,17.6,86,0.00,0
1,20/04/21,20:30,17.4,89,0.00,0
1,20/04/21,21:00,17.4,90,0.00,0
1,20/04/21,21:30,17.2,91,0.00,0
1,20/04/21,22:00,16.9,92,0.00,0
1,20/04/21,22:30,16.8,92,0.00,0
1,20/04/21,23:00,17.1,90,0.00,0
1,20/04/21,23:30,16.8,89,0.00,0
1,21/04/21,00:00,16.6,90,0.00,0
1,21/04/21,0:30,16.3,91,0.00,0
1,21/04/21,1:00,16.2,92,0.00,0
1,21/04/21,1:30,16.2,93,0.00,0
1,21/04/21,2:00,16.2,93,0.00,0
1,21/04/21,2:30,16.3,91,0.00,0
1,21/04/21,3:00,16.3,91,0.00,0
1,21/04/21,3:30,16.2,91,0.00,0
1,21/04/21,4:00,16.3,90,0.00,0
1,21/04/21,4:30,16.3,90,0.00,0
1,21/04/21,5:00,16.4,90,0.00,0
1,21/04/21,5:30,16.6,90,0.00,0
1,21/04/21,6:00,16.7,91,0.00,0
1,21/04/21,6:30,16.5,92,0.00,0
1,21/04/21,7:00,16.5,92,0.00,0
1,21/04/21,7:30,16.7,92,0.00,20
1,21/04/21,8:00,17.3,90,0.00,95
1,21/04/21,8:30,18.2,88,0.00,213
1,21/04/21,9:00,19.0,85,0.00,321
1,21/04/21,9:30,19.6,82,0.00,288
1,21/04/21,10:00,19.8,80,0.00,249
1,21/04/21,10:30,20.4,80,0.00,282
1,21/04/21,11:00,20.7,79,0.00,319
1,21/04/21,11:30,20.8,78,0.00,274
1,21/04/21,12:00,21.9,74,0.00,413
1,21/04/21,12:30,21.6,72,0.00,301
1,21/04/21,13:00,22.0,73,0.00,375
1,21/04/21,13:30,23.0,70,0.00,496
1,21/04/21,14:00,22.8,70,0.00,684
1,21/04/21,14:30,23.0,71,0.00,351
1,21/04/21,15:00,22.6,71,0.00,227
1,21/04/21,15:30,23.1,69,0.00,250
1,21/04/21,16:00,21.8,75,0.00,239
1,21/04/21,16:30,21.7,77,0.00,214
1,21/04/21,17:00,21.3,76,0.00,159
1,21/04/21,17:30,19.7,83,0.00,51
1,21/04/21,18:00,19.2,81,0.00,22
1,21/04/21,18:30,18.6,81,0.00,1
1,21/04/21,19:00,18.1,82,0.00,0
1,21/04/21,19:30,17.8,83,0.00,0
1,21/04/21,20:00,17.5,84,0.00,0
1,21/04/21,20:30,17.1,85,0.00,0
1,21/04/21,21:00,17.1,86,0.00,0
1,21/04/21,21:30,16.9,86,0.00,0
1,21/04/21,22:00,17.1,84,0.00,0
1,21/04/21,22:30,16.9,86,0.00,0
1,21/04/21,23:00,16.9,88,0.00,0
1,21/04/21,23:30,16.9,88,0.00,0
1,22/04/21,00:00,16.7,89,0.00,0
1,22/04/21,0:30,16.7,89,0.00,0
1,22/04/21,1:00,16.7,89,0.00,0
1,22/04/21,1:30,16.4,90,0.00,0
1,22/04/21,2:00,16.1,91,0.00,0
1,22/04/21,2:30,15.8,92,0.00,0
1,22/04/21,3:00,15.8,92,0.00,0
1,22/04/21,3:30,16.1,92,0.00,0
1,22/04/21,4:00,16.3,91,0.00,0
1,22/04/21,4:30,16.6,91,0.00,0
1,22/04/21,5:00,16.7,90,0.00,0
1,22/04/21,5:30,16.5,90,0.00,0
1,22/04/21,6:00,16.3,91,0.00,0
1,22/04/21,6:30,16.3,91,0.00,0
1,22/04/21,7:00,16.2,90,0.00,0
1,22/04/21,7:30,16.2,90,0.00,19
1,22/04/21,8:00,16.8,89,0.00,93
1,22/04/21,8:30,17.5,87,0.00,208
1,22/04/21,9:00,18.2,84,0.00,316
1,22/04/21,9:30,19.1,81,0.00,413
1,22/04/21,10:00,19.8,75,0.00,499
1,22/04/21,10:30,20.5,71,0.00,575
1,22/04/21,11:00,20.8,68,0.00,636
1,22/04/21,11:30,21.3,69,0.00,685
1,22/04/21,12:00,21.8,65,0.00,714
1,22/04/21,12:30,21.9,66,0.00,727
1,22/04/21,13:00,22.2,66,0.00,723
1,22/04/21,13:30,22.6,65,0.00,702
1,22/04/21,14:00,23.0,64,0.00,668
1,22/04/21,14:30,22.9,64,0.00,615
1,22/04/21,15:00,23.2,63,0.00,555
1,22/04/21,15:30,23.2,61,0.00,463
1,22/04/21,16:00,23.4,60,0.00,379
1,22/04/21,16:30,23.2,61,0.00,300
1,22/04/21,17:00,22.8,62,0.00,175
1,22/04/21,17:30,21.9,65,0.00,58
1,22/04/21,18:00,20.9,67,0.00,18
1,22/04/21,18:30,19.5,73,0.00,0
1,22/04/21,19:00,19.1,73,0.00,0
1,22/04/21,19:30,18.8,73,0.00,0
1,22/04/21,20:00,18.2,77,0.00,0
1,22/04/21,20:30,17.7,81,0.00,0
1,22/04/21,21:00,17.3,84,0.00,0
1,22/04/21,21:30,16.8,86,0.00,0
1,22/04/21,22:00,16.7,87,0.00,0
1,22/04/21,22:30,16.6,88,0.00,0
1,22/04/21,23:00,16.6,90,0.00,0
1,22/04/21,23:30,16.4,90,0.00,0
1,23/04/21,00:00,15.9,91,0.00,0
1,23/04/21,0:30,15.9,92,0.00,0
1,23/04/21,1:00,15.8,91,0.00,0
1,23/04/21,1:30,15.9,92,0.00,0
1,23/04/21,2:00,15.8,93,0.00,0
1,23/04/21,2:30,16.2,93,0.00,0
1,23/04/21,3:00,15.9,93,0.00,0
1,23/04/21,3:30,15.5,94,0.00,0
1,23/04/21,4:00,15.7,94,0.00,0
1,23/04/21,4:30,15.6,94,0.00,0
1,23/04/21,5:00,15.9,93,0.00,0
1,23/04/21,5:30,15.8,93,0.00,0
1,23/04/21,6:00,15.8,93,0.00,0
1,23/04/21,6:30,15.8,93,0.00,0
1,23/04/21,7:00,15.7,93,0.00,0
1,23/04/21,7:30,15.7,94,0.00,21
1,23/04/21,8:00,16.6,92,0.00,113
1,23/04/21,8:30,17.2,91,0.00,174
1,23/04/21,9:00,18.2,87,0.00,355
1,23/04/21,9:30,18.9,82,0.00,473
1,23/04/21,10:00,19.6,79,0.00,395
1,23/04/21,10:30,20.4,75,0.00,584
1,23/04/21,11:00,21.1,73,0.00,643
1,23/04/21,11:30,21.6,68,0.00,688
1,23/04/21,12:00,22.3,70,0.00,714
1,23/04/21,12:30,22.6,67,0.00,727
1,23/04/21,13:00,23.3,66,0.00,724
1,23/04/21,13:30,23.4,62,0.00,704
1,23/04/21,14:00,23.7,61,0.00,668
1,23/04/21,14:30,23.7,64,0.00,615
1,23/04/21,15:00,24.1,62,0.00,548
1,23/04/21,15:30,24.0,63,0.00,468
1,23/04/21,16:00,24.1,61,0.00,379
1,23/04/21,16:30,24.1,61,0.00,281
1,23/04/21,17:00,24.1,61,0.00,175
1,23/04/21,17:30,23.5,62,0.00,71
1,23/04/21,18:00,22.4,66,0.00,15
1,23/04/21,18:30,21.3,67,0.00,0
1,23/04/21,19:00,20.7,67,0.00,0
1,23/04/21,19:30,20.1,68,0.00,0
1,23/04/21,20:00,19.7,70,0.00,0
1,23/04/21,20:30,18.8,75,0.00,0
1,23/04/21,21:00,17.6,82,0.00,0
1,23/04/21,21:30,17.8,84,0.00,0
1,23/04/21,22:00,17.6,86,0.00,0
1,23/04/21,22:30,17.4,88,0.00,0
1,23/04/21,23:00,17.3,89,0.00,0
1,23/04/21,23:30,16.7,91,0.00,0
1,24/04/21,00:00,16.6,91,0.00,0
1,24/04/21,0:30,16.6,91,0.00,0
1,24/04/21,1:00,16.4,92,0.00,0
1,24/04/21,1:30,16.3,92,0.00,0
1,24/04/21,2:00,16.2,93,0.00,0
1,24/04/21,2:30,15.7,94,0.00,0
1,24/04/21,3:00,15.8,94,0.00,0
1,24/04/21,3:30,15.9,94,0.00,0
1,24/04/21,4:00,15.8,94,0.00,0
1,24/04/21,4:30,15.6,93,0.00,0
1,24/04/21,5:00,15.6,93,0.00,0
1,24/04/21,5:30,16.0,95,0.00,0
1,24/04/21,6:00,16.5,91,0.00,0
1,24/04/21,6:30,16.1,94,0.00,0
1,24/04/21,7:00,16.4,91,0.00,0
1,24/04/21,7:30,16.2,92,0.00,22
1,24/04/21,8:00,16.7,92,0.00,117
1,24/04/21,8:30,16.9,90,0.00,98
1,24/04/21,9:00,16.8,91,0.00,53
1,24/04/21,9:30,16.9,89,0.00,59
1,24/04/21,10:00,17.0,89,0.00,53
1,24/04/21,10:30,17.7,88,0.00,150
1,24/04/21,11:00,18.1,86,0.00,138
1,24/04/21,11:30,17.2,91,0.00,93
1,24/04/21,12:00,17.3,91,0.00,118
1,24/04/21,12:30,17.9,90,0.20,148
1,24/04/21,13:00,17.9,89,0.20,162
1,24/04/21,13:30,18.3,88,0.00,129
1,24/04/21,14:00,18.2,90,0.20,125
1,24/04/21,14:30,16.9,94,0.20,59
1,24/04/21,15:00,17.6,92,0.00,148
1,24/04/21,15:30,18.6,85,0.00,134
1,24/04/21,16:00,18.7,82,0.00,90
1,24/04/21,16:30,18.3,87,0.00,85
1,24/04/21,17:00,18.2,89,0.00,64
1,24/04/21,17:30,18.0,89,0.00,58
1,24/04/21,18:00,17.6,89,0.00,25
1,24/04/21,18:30,17.1,92,0.00,1
1,24/04/21,19:00,16.9,93,0.00,0
1,24/04/21,19:30,17.1,94,0.00,0
1,24/04/21,20:00,16.9,94,0.00,0
1,24/04/21,20:30,16.8,95,0.00,0
1,24/04/21,21:00,16.8,95,0.00,0
1,24/04/21,21:30,16.9,96,0.00,0
1,24/04/21,22:00,16.7,96,0.00,0
1,24/04/21,22:30,16.5,96,0.00,0
1,24/04/21,23:00,16.4,95,0.00,0
1,24/04/21,23:30,16.1,96,0.00,0
1,25/04/21,00:00,16.1,96,0.00,0
1,25/04/21,0:30,16.3,96,0.00,0
1,25/04/21,1:00,16.4,97,0.00,0
1,25/04/21,1:30,16.6,96,0.00,0
1,25/04/21,2:00,16.4,96,0.00,0
1,25/04/21,2:30,16.4,96,0.00,0
1,25/04/21,3:00,16.4,97,0.00,0
1,25/04/21,3:30,16.3,97,0.00,0
1,25/04/21,4:00,16.1,97,0.00,0
1,25/04/21,4:30,16.0,97,0.00,0
1,25/04/21,5:00,15.8,97,0.00,0
1,25/04/21,5:30,15.8,98,0.00,0
1,25/04/21,6:00,15.7,98,0.20,0
1,25/04/21,6:30,15.4,98,0.00,0
1,25/04/21,7:00,15.3,97,0.00,0
1,25/04/21,7:30,15.1,96,0.20,0
1,25/04/21,8:00,15.1,95,0.20,27
1,25/04/21,8:30,15.3,93,0.00,108
1,25/04/21,9:00,15.3,93,0.00,148
1,25/04/21,9:30,15.7,90,0.00,176
1,25/04/21,10:00,16.2,84,0.00,282
1,25/04/21,10:30,17.2,81,0.00,394
1,25/04/21,11:00,17.4,79,0.00,493
1,25/04/21,11:30,17.3,77,0.00,389
1,25/04/21,12:00,18.1,68,0.00,692
1,25/04/21,12:30,18.4,69,0.00,734
1,25/04/21,13:00,17.8,67,0.00,398
1,25/04/21,13:30,17.5,66,0.00,310
1,25/04/21,14:00,17.9,64,0.00,417
1,25/04/21,14:30,18.4,61,0.00,411
1,25/04/21,15:00,18.4,54,0.00,562
1,25/04/21,15:30,18.3,55,0.00,508
1,25/04/21,16:00,17.8,58,0.00,233
1,25/04/21,16:30,17.9,59,0.00,193
1,25/04/21,17:00,17.3,58,0.00,182
1,25/04/21,17:30,16.6,61,0.00,63
1,25/04/21,18:00,15.1,65,0.00,12
1,25/04/21,18:30,14.2,70,0.00,0
1,25/04/21,19:00,13.6,73,0.00,0
1,25/04/21,19:30,13.4,76,0.00,0
1,25/04/21,20:00,13.4,76,0.00,0
1,25/04/21,20:30,13.9,76,0.00,0
1,25/04/21,21:00,14.4,76,0.00,0
1,25/04/21,21:30,14.3,77,0.00,0
1,25/04/21,22:00,14.2,78,0.00,0
1,25/04/21,22:30,13.1,89,0.00,0
1,25/04/21,23:00,12.8,91,0.00,0
1,25/04/21,23:30,12.7,90,0.00,0
1,26/04/21,00:00,12.7,91,0.00,0
1,26/04/21,0:30,12.9,91,0.00,0
1,26/04/21,1:00,12.8,93,0.00,0
1,26/04/21,1:30,12.8,94,0.00,0
1,26/04/21,2:00,12.7,95,0.00,0
1,26/04/21,2:30,12.7,95,0.00,0
1,26/04/21,3:00,12.7,96,0.00,0
1,26/04/21,3:30,12.6,96,0.00,0
1,26/04/21,4:00,12.3,96,0.00,0
1,26/04/21,4:30,12.1,96,0.00,0
1,26/04/21,5:00,11.9,96,0.00,0
1,26/04/21,5:30,11.7,96,0.00,0
1,26/04/21,6:00,11.6,97,0.00,0
1,26/04/21,6:30,11.4,97,0.00,0
1,26/04/21,7:00,11.4,97,0.00,0
1,26/04/21,7:30,11.4,97,0.00,8
1,26/04/21,8:00,11.6,97,0.00,52
1,26/04/21,8:30,11.6,97,0.00,88
1,26/04/21,9:00,12.4,97,0.00,200
1,26/04/21,9:30,13.1,93,0.00,261
1,26/04/21,10:00,14.2,90,0.00,462
1,26/04/21,10:30,14.9,86,0.00,602
1,26/04/21,11:00,15.7,84,0.00,639
1,26/04/21,11:30,16.4,81,0.00,685
1,26/04/21,12:00,16.9,77,0.00,707
1,26/04/21,12:30,17.8,70,0.00,762
1,26/04/21,13:00,18.3,63,0.00,737
1,26/04/21,13:30,18.6,66,0.00,690
1,26/04/21,14:00,19.2,65,0.00,728
1,26/04/21,14:30,19.1,60,0.00,589
1,26/04/21,15:00,18.8,61,0.00,452
1,26/04/21,15:30,19.8,54,0.00,513
1,26/04/21,16:00,19.1,55,0.00,439
1,26/04/21,16:30,18.6,59,0.00,289
1,26/04/21,17:00,18.3,59,0.00,177
1,26/04/21,17:30,17.6,58,0.00,67
1,26/04/21,18:00,16.1,64,0.00,14
1,26/04/21,18:30,15.1,67,0.00,0
1,26/04/21,19:00,14.6,69,0.00,0
1,26/04/21,19:30,14.6,69,0.00,0
1,26/04/21,20:00,14.2,70,0.00,0
1,26/04/21,20:30,14.2,69,0.00,0
1,26/04/21,21:00,14.0,69,0.00,0
1,26/04/21,21:30,13.8,69,0.00,0
1,26/04/21,22:00,13.3,70,0.00,0
1,26/04/21,22:30,12.4,75,0.00,0
1,26/04/21,23:00,12.0,77,0.00,0
1,26/04/21,23:30,11.8,79,0.00,0
1,27/04/21,00:00,11.7,80,0.00,0
1,27/04/21,0:30,11.6,79,0.00,0
1,27/04/21,1:00,11.7,80,0.00,0
1,27/04/21,1:30,11.8,79,0.00,0
1,27/04/21,2:00,11.3,83,0.00,0
1,27/04/21,2:30,10.4,86,0.00,0
1,27/04/21,3:00,10.4,85,0.00,0
1,27/04/21,3:30,10.2,87,0.00,0
1,27/04/21,4:00,9.6,89,0.00,0
1,27/04/21,4:30,9.2,90,0.00,0
1,27/04/21,5:00,8.9,90,0.00,0
1,27/04/21,5:30,8.7,92,0.00,0
1,27/04/21,6:00,8.7,92,0.00,0
1,27/04/21,6:30,8.4,93,0.00,0
1,27/04/21,7:00,8.2,94,0.00,0
1,27/04/21,7:30,8.1,94,0.00,16
1,27/04/21,8:00,8.7,94,0.00,88
1,27/04/21,8:30,9.2,93,0.00,200
1,27/04/21,9:00,9.9,93,0.00,315
1,27/04/21,9:30,11.2,92,0.00,415
1,27/04/21,10:00,12.6,86,0.00,505
1,27/04/21,10:30,14.0,81,0.00,582
1,27/04/21,11:00,14.7,75,0.00,646
1,27/04/21,11:30,15.3,74,0.00,700
1,27/04/21,12:00,16.1,71,0.00,770
1,27/04/21,12:30,16.3,68,0.00,779
1,27/04/21,13:00,16.6,67,0.00,751
1,27/04/21,13:30,17.3,65,0.00,719
1,27/04/21,14:00,17.4,63,0.00,668
1,27/04/21,14:30,17.8,60,0.00,614
1,27/04/21,15:00,18.3,61,0.00,547
1,27/04/21,15:30,17.8,60,0.00,468
1,27/04/21,16:00,18.1,60,0.00,378
1,27/04/21,16:30,17.8,60,0.00,280
1,27/04/21,17:00,17.2,61,0.00,168
1,27/04/21,17:30,16.8,64,0.00,62
1,27/04/21,18:00,15.4,69,0.00,12
1,27/04/21,18:30,13.8,74,0.00,0
1,27/04/21,19:00,13.4,74,0.00,0
1,27/04/21,19:30,13.7,73,0.00,0
1,27/04/21,20:00,13.3,75,0.00,0
1,27/04/21,20:30,13.2,75,0.00,0
1,27/04/21,21:00,12.8,76,0.00,0
1,27/04/21,21:30,12.9,76,0.00,0
1,27/04/21,22:00,12.6,77,0.00,0
1,27/04/21,22:30,11.6,80,0.00,0
1,27/04/21,23:00,11.2,82,0.00,0
1,27/04/21,23:30,11.1,81,0.00,0
1,28/04/21,00:00,11.8,79,0.00,0
1,28/04/21,0:30,11.6,80,0.00,0
1,28/04/21,1:00,11.6,80,0.00,0
1,28/04/21,1:30,11.2,81,0.00,0
1,28/04/21,2:00,10.3,82,0.00,0
1,28/04/21,2:30,9.6,88,0.00,0
1,28/04/21,3:00,10.0,87,0.00,0
1,28/04/21,3:30,10.1,88,0.00,0
1,28/04/21,4:00,9.4,88,0.00,0
1,28/04/21,4:30,9.2,89,0.00,0
1,28/04/21,5:00,9.3,90,0.00,0
1,28/04/21,5:30,9.4,90,0.00,0
1,28/04/21,6:00,9.3,90,0.00,0
1,28/04/21,6:30,9.1,90,0.00,0
1,28/04/21,7:00,8.6,92,0.00,0
1,28/04/21,7:30,8.9,93,0.00,15
1,28/04/21,8:00,9.3,91,0.00,90
1,28/04/21,8:30,9.5,90,0.00,199
1,28/04/21,9:00,9.9,91,0.00,316
1,28/04/21,9:30,11.2,91,0.00,412
1,28/04/21,10:00,12.9,89,0.00,499
1,28/04/21,10:30,15.0,83,0.00,572
1,28/04/21,11:00,16.5,73,0.00,641
1,28/04/21,11:30,17.0,74,0.00,700
1,28/04/21,12:00,17.3,71,0.00,726
1,28/04/21,12:30,17.8,68,0.00,749
1,28/04/21,13:00,17.8,64,0.00,729
1,28/04/21,13:30,18.1,65,0.00,686
1,28/04/21,14:00,18.1,63,0.00,661
1,28/04/21,14:30,18.4,63,0.00,610
1,28/04/21,15:00,18.8,62,0.00,543
1,28/04/21,15:30,18.7,61,0.00,463
1,28/04/21,16:00,19.1,63,0.00,372
1,28/04/21,16:30,18.9,62,0.00,273
1,28/04/21,17:00,18.1,65,0.00,163
1,28/04/21,17:30,17.3,67,0.00,60
1,28/04/21,18:00,15.5,73,0.00,11
1,28/04/21,18:30,13.9,76,0.00,0
1,28/04/21,19:00,13.6,78,0.00,0
1,28/04/21,19:30,13.7,78,0.00,0
1,28/04/21,20:00,13.4,79,0.00,0
1,28/04/21,20:30,12.8,81,0.00,0
1,28/04/21,21:00,12.7,81,0.00,0
1,28/04/21,21:30,12.5,82,0.00,0
1,28/04/21,22:00,12.3,82,0.00,0
1,28/04/21,22:30,12.0,83,0.00,0
1,28/04/21,23:00,11.8,84,0.00,0
1,28/04/21,23:30,11.9,82,0.00,0
1,29/04/21,00:00,11.8,80,0.00,0
1,29/04/21,0:30,12.1,77,0.00,0
1,29/04/21,1:00,12.1,77,0.00,0
1,29/04/21,1:30,12.2,77,0.00,0
1,29/04/21,2:00,12.0,79,0.00,0
1,29/04/21,2:30,11.8,80,0.00,0
1,29/04/21,3:00,11.7,82,0.00,0
1,29/04/21,3:30,11.6,82,0.00,0
1,29/04/21,4:00,11.8,80,0.00,0
1,29/04/21,4:30,11.4,83,0.00,0
1,29/04/21,5:00,9.7,89,0.00,0
1,29/04/21,5:30,11.1,85,0.00,0
1,29/04/21,6:00,11.2,86,0.00,0
1,29/04/21,6:30,11.2,86,0.00,0
1,29/04/21,7:00,10.6,87,0.00,0
1,29/04/21,7:30,10.8,87,0.00,15
1,29/04/21,8:00,11.3,86,0.00,90
1,29/04/21,8:30,12.8,83,0.00,203
1,29/04/21,9:00,12.9,85,0.00,315
1,29/04/21,9:30,13.9,88,0.00,409
1,29/04/21,10:00,16.7,72,0.00,493
1,29/04/21,10:30,17.3,68,0.00,569
1,29/04/21,11:00,17.9,65,0.00,628
1,29/04/21,11:30,18.3,64,0.00,674
1,29/04/21,12:00,19.1,62,0.00,703
1,29/04/21,12:30,19.1,59,0.00,715
1,29/04/21,13:00,19.7,55,0.00,712
1,29/04/21,13:30,19.8,57,0.00,691
1,29/04/21,14:00,20.4,58,0.00,653
1,29/04/21,14:30,20.7,56,0.00,602
1,29/04/21,15:00,20.9,57,0.00,538
1,29/04/21,15:30,21.1,53,0.00,458
1,29/04/21,16:00,21.4,51,0.00,369
1,29/04/21,16:30,21.3,50,0.00,273
1,29/04/21,17:00,20.7,56,0.00,159
1,29/04/21,17:30,20.1,56,0.00,55
1,29/04/21,18:00,18.6,63,0.00,10
1,29/04/21,18:30,17.7,68,0.00,0
1,29/04/21,19:00,17.1,66,0.00,0
1,29/04/21,19:30,17.0,64,0.00,0
1,29/04/21,20:00,16.4,68,0.00,0
1,29/04/21,20:30,15.1,71,0.00,0
1,29/04/21,21:00,14.2,76,0.00,0
1,29/04/21,21:30,13.9,78,0.00,0
1,29/04/21,22:00,13.8,80,0.00,0
1,29/04/21,22:30,13.9,82,0.00,0
1,29/04/21,23:00,13.8,82,0.00,0
1,29/04/21,23:30,13.2,84,0.00,0
1,30/04/21,00:00,12.9,86,0.00,0
1,30/04/21,0:30,11.9,88,0.00,0
1,30/04/21,1:00,12.4,88,0.00,0
1,30/04/21,1:30,11.6,90,0.00,0
1,30/04/21,2:00,11.7,92,0.00,0
1,30/04/21,2:30,11.7,92,0.00,0
1,30/04/21,3:00,12.0,93,0.00,0
1,30/04/21,3:30,11.5,94,0.00,0
1,30/04/21,4:00,11.2,96,0.00,0
1,30/04/21,4:30,11.6,96,0.00,0
1,30/04/21,5:00,11.9,97,0.00,0
1,30/04/21,5:30,12.1,97,0.00,0
1,30/04/21,6:00,11.9,97,0.00,0
1,30/04/21,6:30,11.9,97,0.00,0
1,30/04/21,7:00,11.8,97,0.00,0
1,30/04/21,7:30,11.5,97,0.00,9
1,30/04/21,8:00,12.1,97,0.00,73
1,30/04/21,8:30,12.7,96,0.00,184
1,30/04/21,9:00,14.4,91,0.00,290
1,30/04/21,9:30,16.3,85,0.00,383
1,30/04/21,10:00,17.2,81,0.00,464
1,30/04/21,10:30,18.6,77,0.00,535
1,30/04/21,11:00,19.4,75,0.00,593
1,30/04/21,11:30,20.1,69,0.00,637
1,30/04/21,12:00,20.9,66,0.00,666
1,30/04/21,12:30,21.8,64,0.00,679
1,30/04/21,13:00,22.6,63,0.00,674
1,30/04/21,13:30,22.8,59,0.00,653
1,30/04/21,14:00,23.0,61,0.00,616
1,30/04/21,14:30,23.1,57,0.00,567
1,30/04/21,15:00,23.4,55,0.00,500
1,30/04/21,15:30,23.4,56,0.00,424
1,30/04/21,16:00,23.3,56,0.00,336
1,30/04/21,16:30,23.2,56,0.00,245
1,30/04/21,17:00,22.7,58,0.00,143
1,30/04/21,17:30,21.9,61,0.00,51
1,30/04/21,18:00,20.7,64,0.00,9
1,30/04/21,18:30,20.1,66,0.00,0
1,30/04/21,19:00,19.7,68,0.00,0
1,30/04/21,19:30,19.6,68,0.00,0
1,30/04/21,20:00,19.3,67,0.00,0
1,30/04/21,20:30,18.6,69,0.00,0
1,30/04/21,21:00,18.3,71,0.00,0
1,30/04/21,21:30,16.8,77,0.00,0
1,30/04/21,22:00,15.8,82,0.00,0
1,30/04/21,22:30,15.6,85,0.00,0
1,30/04/21,23:00,15.6,85,0.00,0
1,30/04/21,23:30,15.1,85,0.00,0
1,01/05/21,00:00,14.8,85,0.00,0
1,01/05/21,0:30,15.0,86,0.00,0
1,01/05/21,1:00,15.1,87,0.00,0
1,01/05/21,1:30,15.2,86,0.00,0
1,01/05/21,2:00,15.1,87,0.00,0
1,01/05/21,2:30,15.1,86,0.00,0
1,01/05/21,3:00,14.8,87,0.00,0
1,01/05/21,3:30,14.7,88,0.00,0
1,01/05/21,4:00,14.3,90,0.00,0
1,01/05/21,4:30,14.1,91,0.00,0
1,01/05/21,5:00,14.3,91,0.00,0
1,01/05/21,5:30,14.7,88,0.00,0
1,01/05/21,6:00,14.9,87,0.00,0
1,01/05/21,6:30,14.7,87,0.00,0
1,01/05/21,7:00,14.7,87,0.00,0
1,01/05/21,7:30,15.2,85,0.00,10
1,01/05/21,8:00,15.6,84,0.00,75
1,01/05/21,8:30,15.8,86,0.00,180
1,01/05/21,9:00,16.3,86,0.00,286
1,01/05/21,9:30,17.3,82,0.00,376
1,01/05/21,10:00,17.4,78,0.00,459
1,01/05/21,10:30,17.8,78,0.00,533
1,01/05/21,11:00,18.9,74,0.00,591
1,01/05/21,11:30,20.4,73,0.00,633
1,01/05/21,12:00,20.9,71,0.00,664
1,01/05/21,12:30,21.5,70,0.00,677
1,01/05/21,13:00,22.3,70,0.00,671
1,01/05/21,13:30,23.2,63,0.00,648
1,01/05/21,14:00,24.2,54,0.00,610
1,01/05/21,14:30,24.6,48,0.00,582
1,01/05/21,15:00,24.9,46,0.00,542
1,01/05/21,15:30,25.1,48,0.00,431
1,01/05/21,16:00,24.6,48,0.00,345
1,01/05/21,16:30,23.5,52,0.00,201
1,01/05/21,17:00,22.7,59,0.00,72
1,01/05/21,17:30,21.9,61,0.00,41
1,01/05/21,18:00,21.2,62,0.00,12
1,01/05/21,18:30,20.7,64,0.00,0
1,01/05/21,19:00,20.3,67,0.00,0
1,01/05/21,19:30,19.9,67,0.00,0
1,01/05/21,20:00,19.7,68,0.00,0
1,01/05/21,20:30,19.7,67,0.00,0
1,01/05/21,21:00,19.6,66,0.00,0
1,01/05/21,21:30,19.4,68,0.00,0
1,01/05/21,22:00,18.3,71,0.00,0
1,01/05/21,22:30,17.7,73,0.00,0
1,01/05/21,23:00,17.1,76,0.00,0
1,01/05/21,23:30,17.0,78,0.00,0
1,02/05/21,00:00,16.7,80,0.00,0
1,02/05/21,0:30,16.4,81,0.00,0
1,02/05/21,1:00,16.8,81,0.00,0
1,02/05/21,1:30,16.8,81,0.00,0
1,02/05/21,2:00,16.7,81,0.00,0
1,02/05/21,2:30,16.1,83,0.00,0
1,02/05/21,3:00,16.2,84,0.00,0
1,02/05/21,3:30,16.2,82,0.00,0
1,02/05/21,4:00,16.1,82,0.00,0
1,02/05/21,4:30,16.3,79,0.00,0
1,02/05/21,5:00,16.2,80,0.00,0
1,02/05/21,5:30,16.2,80,0.00,0
1,02/05/21,6:00,16.5,78,0.00,0
1,02/05/21,6:30,16.7,77,0.00,0
1,02/05/21,7:00,17.1,74,0.00,0
1,02/05/21,7:30,16.9,74,0.00,11
1,02/05/21,8:00,17.2,73,0.00,75
1,02/05/21,8:30,17.9,73,0.00,176
1,02/05/21,9:00,18.9,72,0.00,282
1,02/05/21,9:30,20.7,69,0.00,371
1,02/05/21,10:00,20.8,66,0.00,452
1,02/05/21,10:30,21.4,62,0.00,523
1,02/05/21,11:00,21.9,60,0.00,580
1,02/05/21,11:30,22.9,57,0.00,623
1,02/05/21,12:00,23.5,57,0.00,655
1,02/05/21,12:30,23.9,53,0.00,668
1,02/05/21,13:00,24.5,52,0.00,663
1,02/05/21,13:30,24.7,52,0.00,643
1,02/05/21,14:00,25.1,51,0.00,606
1,02/05/21,14:30,25.4,52,0.00,553
1,02/05/21,15:00,25.6,50,0.00,490
1,02/05/21,15:30,25.6,53,0.00,412
1,02/05/21,16:00,25.4,50,0.00,327
1,02/05/21,16:30,25.2,52,0.00,235
1,02/05/21,17:00,24.8,53,0.00,132
1,02/05/21,17:30,23.8,58,0.00,44
1,02/05/21,18:00,22.7,60,0.00,7
1,02/05/21,18:30,21.9,63,0.00,0
1,02/05/21,19:00,21.8,62,0.00,0
1,02/05/21,19:30,21.4,61,0.00,0
1,02/05/21,20:00,21.1,63,0.00,0
1,02/05/21,20:30,20.2,66,0.00,0
1,02/05/21,21:00,20.2,65,0.00,0
1,02/05/21,21:30,19.9,65,0.00,0
1,02/05/21,22:00,19.8,66,0.00,0
1,02/05/21,22:30,19.3,67,0.00,0
1,02/05/21,23:00,18.7,69,0.00,0
1,02/05/21,23:30,18.1,75,0.00,0
1,03/05/21,00:00,18.3,76,0.00,0
1,03/05/21,0:30,18.1,78,0.00,0
1,03/05/21,1:00,17.9,80,0.00,0
1,03/05/21,1:30,17.7,81,0.00,0
1,03/05/21,2:00,17.6,82,0.00,0
1,03/05/21,2:30,17.4,83,0.00,0
1,03/05/21,3:00,16.6,86,0.00,0
1,03/05/21,3:30,16.6,87,0.00,0
1,03/05/21,4:00,17.0,85,0.00,0
1,03/05/21,4:30,17.3,82,0.00,0
1,03/05/21,5:00,17.6,80,0.00,0
1,03/05/21,5:30,17.7,78,0.00,0
1,03/05/21,6:00,17.8,77,0.00,0
1,03/05/21,6:30,17.5,79,0.00,0
1,03/05/21,7:00,17.5,79,0.00,0
1,03/05/21,7:30,17.6,79,0.00,9
1,03/05/21,8:00,18.4,78,0.00,68
1,03/05/21,8:30,19.3,76,0.00,167
1,03/05/21,9:00,20.3,75,0.00,266
1,03/05/21,9:30,21.3,73,0.00,358
1,03/05/21,10:00,22.0,73,0.00,481
1,03/05/21,10:30,22.9,71,0.00,445
1,03/05/21,11:00,24.8,65,0.00,551
1,03/05/21,11:30,25.3,64,0.00,656
1,03/05/21,12:00,26.4,61,0.00,688
1,03/05/21,12:30,26.9,61,0.00,653
1,03/05/21,13:00,28.0,60,0.00,652
1,03/05/21,13:30,28.8,56,0.00,662
1,03/05/21,14:00,29.3,54,0.00,488
1,03/05/21,14:30,28.5,57,0.00,470
1,03/05/21,15:00,29.7,53,0.00,486
1,03/05/21,15:30,29.1,54,0.00,426
1,03/05/21,16:00,29.1,54,0.00,275
1,03/05/21,16:30,29.2,52,0.00,238
1,03/05/21,17:00,27.6,58,0.00,84
1,03/05/21,17:30,26.2,62,0.00,32
1,03/05/21,18:00,25.7,65,0.00,8
1,03/05/21,18:30,25.6,65,0.00,0
1,03/05/21,19:00,25.3,66,0.00,0
1,03/05/21,19:30,25.0,66,0.00,0
1,03/05/21,20:00,24.1,70,0.00,0
1,03/05/21,20:30,23.3,72,0.00,0
1,03/05/21,21:00,23.6,70,0.00,0
1,03/05/21,21:30,23.4,70,0.00,0
1,03/05/21,22:00,22.8,72,0.00,0
1,03/05/21,22:30,22.6,74,0.00,0
1,03/05/21,23:00,22.8,72,0.00,0
1,03/05/21,23:30,23.1,71,0.00,0
1,04/05/21,00:00,22.7,72,0.00,0
1,04/05/21,0:30,22.3,73,0.00,0
1,04/05/21,1:00,22.4,73,0.00,0
1,04/05/21,1:30,22.2,75,0.00,0
1,04/05/21,2:00,22.3,74,0.00,0
1,04/05/21,2:30,22.3,74,0.00,0
1,04/05/21,3:00,22.1,75,0.00,0
1,04/05/21,3:30,22.4,74,0.00,0
1,04/05/21,4:00,22.4,74,0.00,0
1,04/05/21,4:30,22.2,75,0.00,0
1,04/05/21,5:00,22.0,76,0.00,0
1,04/05/21,5:30,21.8,77,0.00,0
1,04/05/21,6:00,21.9,78,0.00,0
1,04/05/21,6:30,20.9,84,0.00,0
1,04/05/21,7:00,19.4,91,1.20,0
1,04/05/21,7:30,19.4,92,0.40,1
1,04/05/21,8:00,19.1,94,2.20,1
1,04/05/21,8:30,18.7,95,3.00,5
1,04/05/21,9:00,18.7,96,2.20,9
1,04/05/21,9:30,18.6,96,4.20,12
1,04/05/21,10:00,18.7,97,2.00,51
1,04/05/21,10:30,19.0,97,0.20,100
1,04/05/21,11:00,19.1,97,0.40,99
1,04/05/21,11:30,19.3,97,0.00,114
1,04/05/21,12:00,19.1,96,0.00,70
1,04/05/21,12:30,19.2,96,0.20,67
1,04/05/21,13:00,19.1,96,0.20,63
1,04/05/21,13:30,17.5,95,0.00,69
1,04/05/21,14:00,16.8,94,0.00,125
1,04/05/21,14:30,16.8,93,0.00,112
1,04/05/21,15:00,16.9,92,0.00,125
1,04/05/21,15:30,16.7,92,0.00,66
1,04/05/21,16:00,16.7,92,0.00,40
1,04/05/21,16:30,16.8,91,0.00,49
1,04/05/21,17:00,16.5,89,0.00,27
1,04/05/21,17:30,16.2,90,0.00,8
1,04/05/21,18:00,15.9,91,0.00,0
1,04/05/21,18:30,15.6,92,0.00,0
1,04/05/21,19:00,15.3,92,0.00,0
1,04/05/21,19:30,15.5,92,0.00,0
1,04/05/21,20:00,14.0,90,0.00,0
1,04/05/21,20:30,13.8,92,0.00,0
1,04/05/21,21:00,13.2,92,0.00,0
1,04/05/21,21:30,13.3,90,0.00,0
1,04/05/21,22:00,13.2,87,0.00,0
1,04/05/21,22:30,12.8,86,0.00,0
1,04/05/21,23:00,12.4,86,0.00,0
1,04/05/21,23:30,12.2,85,0.00,0
1,05/05/21,00:00,11.9,86,0.00,0
1,05/05/21,0:30,11.7,88,0.00,0
1,05/05/21,1:00,11.7,88,0.00,0
1,05/05/21,1:30,11.3,90,0.00,0
1,05/05/21,2:00,11.3,91,0.00,0
1,05/05/21,2:30,11.6,90,0.00,0
1,05/05/21,3:00,11.4,89,0.00,0
1,05/05/21,3:30,11.3,90,0.00,0
1,05/05/21,4:00,11.2,90,0.00,0
1,05/05/21,4:30,11.2,90,0.00,0
1,05/05/21,5:00,11.0,90,0.00,0
1,05/05/21,5:30,10.8,91,0.00,0
1,05/05/21,6:00,10.6,91,0.00,0
1,05/05/21,6:30,10.7,90,0.00,0
1,05/05/21,7:00,10.6,90,0.00,0
1,05/05/21,7:30,10.5,90,0.00,2
1,05/05/21,8:00,10.6,89,0.00,22
1,05/05/21,8:30,10.6,87,0.00,54
1,05/05/21,9:00,10.7,86,0.00,68
1,05/05/21,9:30,10.6,86,0.00,75
1,05/05/21,10:00,10.4,88,0.00,65
1,05/05/21,10:30,10.7,87,0.00,93
1,05/05/21,11:00,11.2,87,0.00,115
1,05/05/21,11:30,11.6,86,0.00,128
1,05/05/21,12:00,12.1,85,0.00,139
1,05/05/21,12:30,12.6,82,0.00,216
1,05/05/21,13:00,12.4,82,0.00,155
1,05/05/21,13:30,12.4,82,0.00,129
1,05/05/21,14:00,12.8,81,0.00,170
1,05/05/21,14:30,13.3,80,0.00,216
1,05/05/21,15:00,13.6,78,0.00,242
1,05/05/21,15:30,14.1,78,0.00,303
1,05/05/21,16:00,13.9,78,0.00,147
1,05/05/21,16:30,14.1,77,0.00,123
1,05/05/21,17:00,13.4,80,0.00,68
1,05/05/21,17:30,12.9,82,0.00,27
1,05/05/21,18:00,12.6,83,0.00,4
1,05/05/21,18:30,12.3,85,0.00,0
1,05/05/21,19:00,12.2,85,0.00,0
1,05/05/21,19:30,12.2,83,0.00,0
1,05/05/21,20:00,11.7,84,0.00,0
1,05/05/21,20:30,11.4,84,0.00,0
1,05/05/21,21:00,11.1,86,0.00,0
1,05/05/21,21:30,10.9,86,0.00,0
1,05/05/21,22:00,10.6,87,0.00,0
1,05/05/21,22:30,10.3,88,0.00,0
1,05/05/21,23:00,10.2,88,0.00,0
1,05/05/21,23:30,10.1,87,0.00,0
1,06/05/21,00:00,9.9,85,0.00,0
1,06/05/21,0:30,9.6,85,0.00,0
1,06/05/21,1:00,9.2,87,0.00,0
1,06/05/21,1:30,9.0,88,0.00,0
1,06/05/21,2:00,8.8,89,0.00,0
1,06/05/21,2:30,8.6,90,0.00,0
1,06/05/21,3:00,8.2,91,0.00,0
1,06/05/21,3:30,7.6,93,0.00,0
1,06/05/21,4:00,7.6,93,0.00,0
1,06/05/21,4:30,7.4,94,0.00,0
1,06/05/21,5:00,7.3,94,0.00,0
1,06/05/21,5:30,7.3,94,0.00,0
1,06/05/21,6:00,7.2,94,0.00,0
1,06/05/21,6:30,6.9,95,0.00,0
1,06/05/21,7:00,6.7,95,0.00,0
1,06/05/21,7:30,6.4,95,0.00,8
1,06/05/21,8:00,6.6,96,0.00,55
1,06/05/21,8:30,7.8,96,0.00,196
1,06/05/21,9:00,8.8,95,0.00,217
1,06/05/21,9:30,9.6,93,0.00,216
1,06/05/21,10:00,9.9,88,0.00,203
1,06/05/21,10:30,10.7,85,0.00,289
1,06/05/21,11:00,11.2,83,0.00,333
1,06/05/21,11:30,12.7,77,0.00,585
1,06/05/21,12:00,13.7,70,0.00,673
1,06/05/21,12:30,13.9,68,0.00,683
1,06/05/21,13:00,14.3,66,0.00,676
1,06/05/21,13:30,15.0,66,0.00,677
1,06/05/21,14:00,15.6,64,0.00,705
1,06/05/21,14:30,14.9,67,0.00,569
1,06/05/21,15:00,15.4,64,0.00,433
1,06/05/21,15:30,15.7,62,0.00,447
1,06/05/21,16:00,15.1,60,0.00,343
1,06/05/21,16:30,15.2,63,0.00,251
1,06/05/21,17:00,14.5,61,0.00,133
1,06/05/21,17:30,13.4,65,0.00,39
1,06/05/21,18:00,12.3,67,0.00,7
1,06/05/21,18:30,10.9,71,0.00,0
1,06/05/21,19:00,10.4,73,0.00,0
1,06/05/21,19:30,9.9,76,0.00,0
1,06/05/21,20:00,9.7,78,0.00,0
1,06/05/21,20:30,10.1,77,0.00,0
1,06/05/21,21:00,9.6,78,0.00,0
1,06/05/21,21:30,9.3,79,0.00,0
1,06/05/21,22:00,8.8,80,0.00,0
1,06/05/21,22:30,8.7,81,0.00,0
1,06/05/21,23:00,7.8,84,0.00,0
1,06/05/21,23:30,7.7,86,0.00,0
1,07/05/21,00:00,7.5,85,0.00,0
1,07/05/21,0:30,7.4,85,0.00,0
1,07/05/21,1:00,7.2,85,0.00,0
1,07/05/21,1:30,6.9,85,0.00,0
1,07/05/21,2:00,6.7,86,0.00,0
1,07/05/21,2:30,6.4,87,0.00,0
1,07/05/21,3:00,6.3,87,0.00,0
1,07/05/21,3:30,6.2,87,0.00,0
1,07/05/21,4:00,6.0,88,0.00,0
1,07/05/21,4:30,5.5,89,0.00,0
1,07/05/21,5:00,5.6,89,0.00,0
1,07/05/21,5:30,5.4,90,0.00,0
1,07/05/21,6:00,5.3,90,0.00,0
1,07/05/21,6:30,5.2,90,0.00,0
1,07/05/21,7:00,5.0,91,0.00,0
1,07/05/21,7:30,5.2,91,0.00,8
1,07/05/21,8:00,6.0,90,0.00,66
1,07/05/21,8:30,6.4,87,0.00,162
1,07/05/21,9:00,6.9,89,0.00,275
1,07/05/21,9:30,8.0,89,0.00,371
1,07/05/21,10:00,9.9,87,0.00,456
1,07/05/21,10:30,11.3,82,0.00,526
1,07/05/21,11:00,12.7,78,0.00,586
1,07/05/21,11:30,13.8,75,0.00,630
1,07/05/21,12:00,15.1,72,0.00,660
1,07/05/21,12:30,15.7,70,0.00,677
1,07/05/21,13:00,15.9,70,0.00,674
1,07/05/21,13:30,15.9,65,0.00,657
1,07/05/21,14:00,16.7,64,0.00,640
1,07/05/21,14:30,15.7,65,0.00,434
1,07/05/21,15:00,16.2,61,0.00,526
1,07/05/21,15:30,16.9,60,0.00,432
1,07/05/21,16:00,16.6,60,0.00,343
1,07/05/21,16:30,16.4,59,0.00,233
1,07/05/21,17:00,16.5,59,0.00,156
1,07/05/21,17:30,15.4,66,0.00,62
1,07/05/21,18:00,13.5,74,0.00,7
1,07/05/21,18:30,12.3,78,0.00,0
1,07/05/21,19:00,11.9,79,0.00,0
1,07/05/21,19:30,11.4,80,0.00,0
1,07/05/21,20:00,11.3,80,0.00,0
1,07/05/21,20:30,10.9,80,0.00,0
1,07/05/21,21:00,11.1,80,0.00,0
1,07/05/21,21:30,10.7,82,0.00,0
1,07/05/21,22:00,10.6,83,0.00,0
1,07/05/21,22:30,10.2,84,0.00,0
1,07/05/21,23:00,10.4,84,0.00,0
1,07/05/21,23:30,10.2,84,0.00,0
1,08/05/21,00:00,10.0,86,0.00,0
1,08/05/21,0:30,10.0,87,0.00,0
1,08/05/21,1:00,9.9,88,0.00,0
1,08/05/21,1:30,9.9,90,0.00,0
1,08/05/21,2:00,9.9,91,0.00,0
1,08/05/21,2:30,9.9,91,0.00,0
1,08/05/21,3:00,9.3,91,0.00,0
1,08/05/21,3:30,9.2,93,0.00,0
1,08/05/21,4:00,8.9,93,0.00,0
1,08/05/21,4:30,8.8,94,0.00,0
1,08/05/21,5:00,8.6,94,0.00,0
1,08/05/21,5:30,8.7,94,0.00,0
1,08/05/21,6:00,8.3,93,0.00,0
1,08/05/21,6:30,8.4,94,0.00,0
1,08/05/21,7:00,8.7,93,0.00,0
1,08/05/21,7:30,8.7,93,0.00,7
1,08/05/21,8:00,9.7,88,0.00,67
1,08/05/21,8:30,11.0,87,0.00,168
1,08/05/21,9:00,11.8,84,0.00,286
1,08/05/21,9:30,13.3,76,0.00,379
1,08/05/21,10:00,13.9,80,0.00,461
1,08/05/21,10:30,14.6,78,0.00,534
1,08/05/21,11:00,15.2,76,0.00,595
1,08/05/21,11:30,15.6,73,0.00,637
1,08/05/21,12:00,16.2,71,0.00,664
1,08/05/21,12:30,16.8,70,0.00,673
1,08/05/21,13:00,17.1,67,0.00,651
1,08/05/21,13:30,17.5,65,0.00,647
1,08/05/21,14:00,18.1,65,0.00,609
1,08/05/21,14:30,18.3,63,0.00,559
1,08/05/21,15:00,18.6,64,0.00,510
1,08/05/21,15:30,18.7,59,0.00,419
1,08/05/21,16:00,18.7,61,0.00,331
1,08/05/21,16:30,18.6,57,0.00,236
1,08/05/21,17:00,18.2,58,0.00,124
1,08/05/21,17:30,17.2,60,0.00,36
1,08/05/21,18:00,15.8,74,0.00,6
1,08/05/21,18:30,14.7,82,0.00,0
1,08/05/21,19:00,14.2,84,0.00,0
1,08/05/21,19:30,13.6,87,0.00,0
1,08/05/21,20:00,13.3,91,0.00,0
1,08/05/21,20:30,13.2,92,0.00,0
1,08/05/21,21:00,13.1,92,0.00,0
1,08/05/21,21:30,12.9,92,0.00,0
1,08/05/21,22:00,12.8,93,0.00,0
1,08/05/21,22:30,12.6,93,0.00,0
1,08/05/21,23:00,12.9,92,0.00,0
1,08/05/21,23:30,12.6,92,0.00,0
1,09/05/21,00:00,12.1,93,0.00,0
1,09/05/21,0:30,11.7,94,0.00,0
1,09/05/21,1:00,12.2,94,0.00,0
1,09/05/21,1:30,12.2,94,0.00,0
1,09/05/21,2:00,12.5,94,0.00,0
1,09/05/21,2:30,12.3,94,0.00,0
1,09/05/21,3:00,12.7,93,0.00,0
1,09/05/21,3:30,12.3,94,0.00,0
1,09/05/21,4:00,12.1,94,0.00,0
1,09/05/21,4:30,11.9,94,0.00,0
1,09/05/21,5:00,11.8,95,0.00,0
1,09/05/21,5:30,12.5,95,0.00,0
1,09/05/21,6:00,13.2,93,0.00,0
1,09/05/21,6:30,13.5,92,0.00,0
1,09/05/21,7:00,13.6,92,0.00,0
1,09/05/21,7:30,13.3,93,0.00,6
1,09/05/21,8:00,13.8,92,0.00,54
1,09/05/21,8:30,14.3,91,0.00,138
1,09/05/21,9:00,15.3,88,0.00,273
1,09/05/21,9:30,16.1,86,0.00,362
1,09/05/21,10:00,16.8,80,0.00,452
1,09/05/21,10:30,17.4,77,0.00,519
1,09/05/21,11:00,18.3,75,0.00,576
1,09/05/21,11:30,18.9,72,0.00,619
1,09/05/21,12:00,19.7,69,0.00,650
1,09/05/21,12:30,19.9,66,0.00,631
1,09/05/21,13:00,20.4,62,0.00,639
1,09/05/21,13:30,20.8,58,0.00,638
1,09/05/21,14:00,21.3,56,0.00,601
1,09/05/21,14:30,21.4,59,0.00,550
1,09/05/21,15:00,21.1,60,0.00,485
1,09/05/21,15:30,20.9,61,0.00,409
1,09/05/21,16:00,20.8,62,0.00,322
1,09/05/21,16:30,20.6,63,0.00,226
1,09/05/21,17:00,20.1,65,0.00,119
1,09/05/21,17:30,19.1,68,0.00,35
1,09/05/21,18:00,17.9,71,0.00,5
1,09/05/21,18:30,17.1,73,0.00,0
1,09/05/21,19:00,16.3,75,0.00,0
1,09/05/21,19:30,14.9,82,0.00,0
1,09/05/21,20:00,15.4,80,0.00,0
1,09/05/21,20:30,15.4,79,0.00,0
1,09/05/21,21:00,14.7,83,0.00,0
1,09/05/21,21:30,14.5,85,0.00,0
1,09/05/21,22:00,14.4,88,0.00,0
1,09/05/21,22:30,15.1,88,0.00,0
1,09/05/21,23:00,15.3,87,0.00,0
1,09/05/21,23:30,15.2,88,0.00,0
1,10/05/21,00:00,15.3,88,0.00,0
1,10/05/21,0:30,14.9,90,0.00,0
1,10/05/21,1:00,15.0,90,0.00,0
1,10/05/21,1:30,14.9,91,0.00,0
1,10/05/21,2:00,14.9,91,0.00,0
1,10/05/21,2:30,14.8,91,0.00,0
1,10/05/21,3:00,14.8,91,0.00,0
1,10/05/21,3:30,14.8,90,0.00,0
1,10/05/21,4:00,14.7,91,0.00,0
1,10/05/21,4:30,14.8,90,0.00,0
1,10/05/21,5:00,14.4,92,0.00,0
1,10/05/21,5:30,14.5,92,0.00,0
1,10/05/21,6:00,14.6,91,0.20,0
1,10/05/21,6:30,14.4,91,0.00,0
1,10/05/21,7:00,14.5,91,0.00,0
1,10/05/21,7:30,14.6,90,0.00,1
1,10/05/21,8:00,14.6,91,0.00,15
1,10/05/21,8:30,14.8,91,0.00,28
1,10/05/21,9:00,14.9,92,0.00,52
1,10/05/21,9:30,15.7,90,0.00,130
1,10/05/21,10:00,16.2,88,0.00,179
1,10/05/21,10:30,16.5,86,0.00,204
1,10/05/21,11:00,16.8,86,0.00,188
1,10/05/21,11:30,17.6,82,0.00,248
1,10/05/21,12:00,18.1,80,0.00,298
1,10/05/21,12:30,18.3,79,0.00,222
1,10/05/21,13:00,17.5,85,0.00,142
1,10/05/21,13:30,17.0,88,0.00,124
1,10/05/21,14:00,15.9,91,0.00,51
1,10/05/21,14:30,15.5,92,0.00,42
1,10/05/21,15:00,15.1,93,0.00,31
1,10/05/21,15:30,14.8,95,0.60,29
1,10/05/21,16:00,13.9,95,0.60,18
1,10/05/21,16:30,13.8,96,1.80,18
1,10/05/21,17:00,13.8,96,0.80,16
1,10/05/21,17:30,13.8,97,0.20,16
1,10/05/21,18:00,13.7,97,0.00,1
1,10/05/21,18:30,13.7,97,0.00,0
1,10/05/21,19:00,13.7,97,0.40,0
1,10/05/21,19:30,13.7,97,0.40,0
1,10/05/21,20:00,13.6,97,0.00,0
1,10/05/21,20:30,13.5,97,0.00,0
1,10/05/21,21:00,13.5,97,0.00,0
1,10/05/21,21:30,13.4,97,0.00,0
1,10/05/21,22:00,12.6,96,0.00,0
1,10/05/21,22:30,12.6,90,0.00,0
1,10/05/21,23:00,12.5,88,0.00,0
1,10/05/21,23:30,12.3,88,0.00,0
1,11/05/21,00:00,12.1,89,0.00,0
1,11/05/21,0:30,11.9,89,0.00,0
1,11/05/21,1:00,11.8,90,0.00,0
1,11/05/21,1:30,11.7,90,0.00,0
1,11/05/21,2:00,11.5,89,0.00,0
1,11/05/21,2:30,11.2,88,0.00,0
1,11/05/21,3:00,10.8,86,0.00,0
1,11/05/21,3:30,9.9,88,0.00,0
1,11/05/21,4:00,9.2,89,0.00,0
1,11/05/21,4:30,8.9,90,0.00,0
1,11/05/21,5:00,9.1,90,0.00,0
1,11/05/21,5:30,9.1,89,0.00,0
1,11/05/21,6:00,9.2,88,0.00,0
1,11/05/21,6:30,8.8,88,0.00,0
1,11/05/21,7:00,8.7,88,0.00,0
1,11/05/21,7:30,8.6,88,0.00,6
1,11/05/21,8:00,8.3,91,0.00,47
1,11/05/21,8:30,8.8,93,0.00,97
1,11/05/21,9:00,9.4,93,0.00,195
1,11/05/21,9:30,10.6,91,0.00,315
1,11/05/21,10:00,11.6,79,0.00,389
1,11/05/21,10:30,12.3,74,0.00,354
1,11/05/21,11:00,12.6,71,0.00,407
1,11/05/21,11:30,12.6,69,0.00,460
1,11/05/21,12:00,12.5,70,0.00,460
1,11/05/21,12:30,11.8,68,0.00,277
1,11/05/21,13:00,13.1,65,0.00,424
1,11/05/21,13:30,13.8,58,0.00,653
1,11/05/21,14:00,13.9,56,0.00,612
1,11/05/21,14:30,14.3,54,0.00,563
1,11/05/21,15:00,14.3,56,0.00,491
1,11/05/21,15:30,14.6,60,0.00,418
1,11/05/21,16:00,14.3,57,0.00,327
1,11/05/21,16:30,14.2,60,0.00,228
1,11/05/21,17:00,13.8,64,0.00,115
1,11/05/21,17:30,13.0,68,0.00,32
1,11/05/21,18:00,11.7,72,0.00,5
1,11/05/21,18:30,10.4,73,0.00,0
1,11/05/21,19:00,10.3,73,0.00,0
1,11/05/21,19:30,10.5,73,0.00,0
1,11/05/21,20:00,9.9,75,0.00,0
1,11/05/21,20:30,9.8,76,0.00,0
1,11/05/21,21:00,9.1,78,0.00,0
1,11/05/21,21:30,9.2,77,0.00,0
1,11/05/21,22:00,9.1,77,0.00,0
1,11/05/21,22:30,8.9,78,0.00,0
1,11/05/21,23:00,8.4,79,0.00,0
1,11/05/21,23:30,8.2,80,0.00,0
1,12/05/21,00:00,8.4,79,0.00,0
1,12/05/21,0:30,7.9,81,0.00,0
1,12/05/21,1:00,8.1,81,0.00,0
1,12/05/21,1:30,7.4,82,0.00,0
1,12/05/21,2:00,8.1,81,0.00,0
1,12/05/21,2:30,6.3,86,0.00,0
1,12/05/21,3:00,5.9,88,0.00,0
1,12/05/21,3:30,6.6,87,0.00,0
1,12/05/21,4:00,6.6,86,0.00,0
1,12/05/21,4:30,5.8,88,0.00,0
1,12/05/21,5:00,5.6,90,0.00,0
1,12/05/21,5:30,5.6,91,0.00,0
1,12/05/21,6:00,5.6,91,0.00,0
1,12/05/21,6:30,5.3,91,0.00,0
1,12/05/21,7:00,4.7,92,0.00,0
1,12/05/21,7:30,4.8,94,0.00,5
1,12/05/21,8:00,5.8,93,0.00,60
1,12/05/21,8:30,6.2,92,0.00,158
1,12/05/21,9:00,6.7,92,0.00,267
1,12/05/21,9:30,7.6,92,0.00,360
1,12/05/21,10:00,8.9,90,0.00,444
1,12/05/21,10:30,11.1,86,0.00,515
1,12/05/21,11:00,12.7,78,0.00,574
1,12/05/21,11:30,13.8,74,0.00,618
1,12/05/21,12:00,14.4,69,0.00,645
1,12/05/21,12:30,15.1,69,0.00,657
1,12/05/21,13:00,15.6,66,0.00,652
1,12/05/21,13:30,15.4,66,0.00,632
1,12/05/21,14:00,15.7,63,0.00,597
1,12/05/21,14:30,16.0,64,0.00,554
1,12/05/21,15:00,15.9,62,0.00,479
1,12/05/21,15:30,16.3,61,0.00,402
1,12/05/21,16:00,15.8,61,0.00,316
1,12/05/21,16:30,15.7,58,0.00,222
1,12/05/21,17:00,15.1,61,0.00,112
1,12/05/21,17:30,14.6,65,0.00,31
1,12/05/21,18:00,13.6,67,0.00,5
1,12/05/21,18:30,12.7,68,0.00,0
1,12/05/21,19:00,12.3,68,0.00,0
1,12/05/21,19:30,12.2,72,0.00,0
1,12/05/21,20:00,12.7,67,0.00,0
1,12/05/21,20:30,12.8,67,0.00,0
1,12/05/21,21:00,12.4,69,0.00,0
1,12/05/21,21:30,11.0,74,0.00,0
1,12/05/21,22:00,11.4,71,0.00,0
1,12/05/21,22:30,11.9,70,0.00,0
1,12/05/21,23:00,11.6,72,0.00,0
1,12/05/21,23:30,11.4,70,0.00,0
1,13/05/21,00:00,10.9,76,0.00,0
1,13/05/21,0:30,11.4,71,0.00,0
1,13/05/21,1:00,10.6,76,0.00,0
1,13/05/21,1:30,10.3,75,0.00,0
1,13/05/21,2:00,9.7,76,0.00,0
1,13/05/21,2:30,6.8,84,0.00,0
1,13/05/21,3:00,8.4,85,0.00,0
1,13/05/21,3:30,9.0,80,0.00,0
1,13/05/21,4:00,9.2,78,0.00,0
1,13/05/21,4:30,9.1,79,0.00,0
1,13/05/21,5:00,8.9,80,0.00,0
1,13/05/21,5:30,8.8,80,0.00,0
1,13/05/21,6:00,8.7,83,0.00,0
1,13/05/21,6:30,8.5,82,0.00,0
1,13/05/21,7:00,8.6,84,0.00,0
1,13/05/21,7:30,8.6,84,0.00,4
1,13/05/21,8:00,10.1,81,0.00,56
1,13/05/21,8:30,10.4,80,0.00,161
1,13/05/21,9:00,10.8,79,0.00,272
1,13/05/21,9:30,10.4,84,0.00,365
1,13/05/21,10:00,12.2,80,0.00,449
1,13/05/21,10:30,13.7,73,0.00,521
1,13/05/21,11:00,14.1,70,0.00,580
1,13/05/21,11:30,15.1,65,0.00,624
1,13/05/21,12:00,15.9,63,0.00,650
1,13/05/21,12:30,16.7,62,0.00,661
1,13/05/21,13:00,16.7,56,0.00,658
1,13/05/21,13:30,17.2,54,0.00,638
1,13/05/21,14:00,17.9,49,0.00,602
1,13/05/21,14:30,18.2,47,0.00,551
1,13/05/21,15:00,18.1,50,0.00,472
1,13/05/21,15:30,18.4,42,0.00,417
1,13/05/21,16:00,18.6,47,0.00,323
1,13/05/21,16:30,17.9,46,0.00,233
1,13/05/21,17:00,17.1,52,0.00,102
1,13/05/21,17:30,15.2,56,0.00,26
1,13/05/21,18:00,14.3,56,0.00,2
1,13/05/21,18:30,13.8,61,0.00,0
1,13/05/21,19:00,13.7,62,0.00,0
1,13/05/21,19:30,13.3,66,0.00,0
1,13/05/21,20:00,13.6,62,0.00,0
1,13/05/21,20:30,13.6,60,0.00,0
1,13/05/21,21:00,13.2,62,0.00,0
1,13/05/21,21:30,12.2,65,0.00,0
1,13/05/21,22:00,12.2,64,0.00,0
1,13/05/21,22:30,12.2,67,0.00,0
1,13/05/21,23:00,12.4,68,0.00,0
1,13/05/21,23:30,10.9,72,0.00,0
1,14/05/21,00:00,11.6,73,0.00,0
1,14/05/21,0:30,12.4,70,0.00,0
1,14/05/21,1:00,12.2,72,0.00,0
1,14/05/21,1:30,11.7,77,0.00,0
1,14/05/21,2:00,11.4,79,0.00,0
1,14/05/21,2:30,11.9,78,0.00,0
1,14/05/21,3:00,11.7,79,0.00,0
1,14/05/21,3:30,11.8,77,0.00,0
1,14/05/21,4:00,10.8,79,0.00,0
1,14/05/21,4:30,11.2,80,0.00,0
1,14/05/21,5:00,11.1,78,0.00,0
1,14/05/21,5:30,10.3,81,0.00,0
1,14/05/21,6:00,10.6,78,0.00,0
1,14/05/21,6:30,10.6,75,0.00,0
1,14/05/21,7:00,10.4,75,0.00,0
1,14/05/21,7:30,10.7,73,0.00,4
1,14/05/21,8:00,9.5,78,0.00,51
1,14/05/21,8:30,9.7,84,0.00,155
1,14/05/21,9:00,11.6,77,0.00,268
1,14/05/21,9:30,14.6,69,0.00,364
1,14/05/21,10:00,13.9,75,0.00,411
1,14/05/21,10:30,14.4,75,0.00,405
1,14/05/21,11:00,15.6,74,0.00,560
1,14/05/21,11:30,16.1,67,0.00,614
1,14/05/21,12:00,17.1,68,0.00,640
1,14/05/21,12:30,17.4,63,0.00,652
1,14/05/21,13:00,18.8,55,0.00,658
1,14/05/21,13:30,19.6,48,0.00,627
1,14/05/21,14:00,20.2,44,0.00,576
1,14/05/21,14:30,20.3,48,0.00,537
1,14/05/21,15:00,21.0,44,0.00,472
1,14/05/21,15:30,20.3,37,0.00,396
1,14/05/21,16:00,20.1,38,0.00,310
1,14/05/21,16:30,19.7,35,0.00,215
1,14/05/21,17:00,19.1,36,0.00,107
1,14/05/21,17:30,17.8,42,0.00,28
1,14/05/21,18:00,15.8,49,0.00,4
1,14/05/21,18:30,14.1,62,0.00,0
1,14/05/21,19:00,13.8,63,0.00,0
1,14/05/21,19:30,13.2,64,0.00,0
1,14/05/21,20:00,12.3,69,0.00,0
1,14/05/21,20:30,12.6,71,0.00,0
1,14/05/21,21:00,12.2,73,0.00,0
1,14/05/21,21:30,11.8,73,0.00,0
1,14/05/21,22:00,12.7,70,0.00,0
1,14/05/21,22:30,11.9,72,0.00,0
1,14/05/21,23:00,11.4,74,0.00,0
1,14/05/21,23:30,11.2,75,0.00,0
1,15/05/21,00:00,11.1,77,0.00,0
1,15/05/21,0:30,11.5,78,0.00,0
1,15/05/21,1:00,10.6,79,0.00,0
1,15/05/21,1:30,11.1,79,0.00,0
1,15/05/21,2:00,10.4,79,0.00,0
1,15/05/21,2:30,10.2,82,0.00,0
1,15/05/21,3:00,10.3,82,0.00,0
1,15/05/21,3:30,9.7,84,0.00,0
1,15/05/21,4:00,10.1,82,0.00,0
1,15/05/21,4:30,10.2,80,0.00,0
1,15/05/21,5:00,9.8,82,0.00,0
1,15/05/21,5:30,9.8,79,0.00,0
1,15/05/21,6:00,10.0,72,0.00,0
1,15/05/21,6:30,9.4,72,0.00,0
1,15/05/21,7:00,8.9,73,0.00,0
1,15/05/21,7:30,9.8,71,0.00,4
1,15/05/21,8:00,11.3,70,0.00,52
1,15/05/21,8:30,11.8,73,0.00,152
1,15/05/21,9:00,12.8,71,0.00,266
1,15/05/21,9:30,13.7,67,0.00,358
1,15/05/21,10:00,14.9,61,0.00,441
1,15/05/21,10:30,15.8,54,0.00,510
1,15/05/21,11:00,16.8,49,0.00,569
1,15/05/21,11:30,17.5,46,0.00,611
1,15/05/21,12:00,18.1,43,0.00,638
1,15/05/21,12:30,18.6,40,0.00,649
1,15/05/21,13:00,18.8,37,0.00,642
1,15/05/21,13:30,19.0,33,0.00,620
1,15/05/21,14:00,19.5,36,0.00,584
1,15/05/21,14:30,19.5,37,0.00,534
1,15/05/21,15:00,19.7,37,0.00,469
1,15/05/21,15:30,19.6,38,0.00,406
1,15/05/21,16:00,19.4,38,0.00,348
1,15/05/21,16:30,19.0,36,0.00,210
1,15/05/21,17:00,18.4,38,0.00,102
1,15/05/21,17:30,17.1,43,0.00,34
1,15/05/21,18:00,15.2,53,0.00,9
1,15/05/21,18:30,14.1,61,0.00,0
1,15/05/21,19:00,13.3,66,0.00,0
1,15/05/21,19:30,12.7,68,0.00,0
1,15/05/21,20:00,12.7,69,0.00,0
1,15/05/21,20:30,12.2,74,0.00,0
1,15/05/21,21:00,11.6,80,0.00,0
1,15/05/21,21:30,11.5,82,0.00,0
1,15/05/21,22:00,11.3,83,0.00,0
1,15/05/21,22:30,11.4,84,0.00,0
1,15/05/21,23:00,11.4,84,0.00,0
1,15/05/21,23:30,11.6,83,0.00,0
1,16/05/21,00:00,11.3,83,0.00,0
1,16/05/21,0:30,10.9,85,0.00,0
1,16/05/21,1:00,11.1,86,0.00,0
1,16/05/21,1:30,10.4,87,0.00,0
1,16/05/21,2:00,11.1,88,0.00,0
1,16/05/21,2:30,10.8,89,0.00,0
1,16/05/21,3:00,10.8,91,0.00,0
1,16/05/21,3:30,10.8,92,0.00,0
1,16/05/21,4:00,10.8,93,0.00,0
1,16/05/21,4:30,10.6,93,0.00,0
1,16/05/21,5:00,10.1,95,0.00,0
1,16/05/21,5:30,9.7,96,0.00,0
1,16/05/21,6:00,9.9,96,0.00,0
1,16/05/21,6:30,9.7,97,0.00,0
1,16/05/21,7:00,9.5,97,0.00,0
1,16/05/21,7:30,9.2,97,0.00,6
1,16/05/21,8:00,9.3,97,0.00,34
1,16/05/21,8:30,9.7,97,0.00,77
1,16/05/21,9:00,10.3,97,0.00,183
1,16/05/21,9:30,11.5,98,0.00,351
1,16/05/21,10:00,11.6,97,0.00,354
1,16/05/21,10:30,11.8,97,0.00,360
1,16/05/21,11:00,11.8,97,0.00,345
1,16/05/21,11:30,12.8,96,0.00,402
1,16/05/21,12:00,13.3,94,0.00,476
1,16/05/21,12:30,13.3,92,0.00,429
1,16/05/21,13:00,14.0,90,0.00,482
1,16/05/21,13:30,14.9,88,0.00,425
1,16/05/21,14:00,15.8,80,0.00,399
1,16/05/21,14:30,16.7,72,0.00,573
1,16/05/21,15:00,16.3,75,0.00,255
1,16/05/21,15:30,16.4,72,0.00,227
1,16/05/21,16:00,16.7,71,0.00,210
1,16/05/21,16:30,16.9,72,0.00,189
1,16/05/21,17:00,16.3,77,0.00,121
1,16/05/21,17:30,15.1,84,0.00,48
1,16/05/21,18:00,13.4,89,0.00,8
1,16/05/21,18:30,12.9,91,0.00,0
1,16/05/21,19:00,12.7,92,0.00,0
1,16/05/21,19:30,12.4,93,0.00,0
1,16/05/21,20:00,12.3,94,0.00,0
1,16/05/21,20:30,12.2,94,0.00,0
1,16/05/21,21:00,12.2,94,0.00,0
1,16/05/21,21:30,12.2,94,0.00,0
1,16/05/21,22:00,11.7,94,0.00,0
1,16/05/21,22:30,11.2,94,0.00,0
1,16/05/21,23:00,11.6,94,0.00,0
1,16/05/21,23:30,11.4,95,0.00,0
1,17/05/21,00:00,11.6,95,0.00,0
1,17/05/21,0:30,11.2,95,0.00,0
1,17/05/21,1:00,11.3,96,0.00,0
1,17/05/21,1:30,11.7,96,0.00,0
1,17/05/21,2:00,10.7,94,0.00,0
1,17/05/21,2:30,11.1,96,0.00,0
1,17/05/21,3:00,10.0,96,0.00,0
1,17/05/21,3:30,10.6,97,0.00,0
1,17/05/21,4:00,10.4,97,0.00,0
1,17/05/21,4:30,10.6,97,0.00,0
1,17/05/21,5:00,9.8,97,0.00,0
1,17/05/21,5:30,9.9,97,0.00,0
1,17/05/21,6:00,10.6,97,0.00,0
1,17/05/21,6:30,10.3,97,0.00,0
1,17/05/21,7:00,9.8,97,0.00,0
1,17/05/21,7:30,9.8,98,0.00,4
1,17/05/21,8:00,10.1,97,0.00,36
1,17/05/21,8:30,10.7,98,0.00,83
1,17/05/21,9:00,11.4,97,0.00,99
1,17/05/21,9:30,11.8,97,0.00,157
1,17/05/21,10:00,12.1,97,0.00,205
1,17/05/21,10:30,12.8,97,0.00,453
1,17/05/21,11:00,13.7,93,0.00,551
1,17/05/21,11:30,15.1,84,0.00,589
1,17/05/21,12:00,16.1,74,0.00,603
1,17/05/21,12:30,16.4,69,0.00,629
1,17/05/21,13:00,16.7,72,0.00,623
1,17/05/21,13:30,16.7,68,0.00,603
1,17/05/21,14:00,17.3,66,0.00,572
1,17/05/21,14:30,17.1,65,0.00,525
1,17/05/21,15:00,17.0,62,0.00,461
1,17/05/21,15:30,16.7,63,0.00,386
1,17/05/21,16:00,16.6,65,0.00,302
1,17/05/21,16:30,16.4,62,0.00,205
1,17/05/21,17:00,15.8,61,0.00,98
1,17/05/21,17:30,14.6,64,0.00,25
1,17/05/21,18:00,12.8,67,0.00,2
1,17/05/21,18:30,12.4,68,0.00,0
1,17/05/21,19:00,12.1,69,0.00,0
1,17/05/21,19:30,11.5,72,0.00,0
1,17/05/21,20:00,10.9,74,0.00,0
1,17/05/21,20:30,10.7,76,0.00,0
1,17/05/21,21:00,11.3,76,0.00,0
1,17/05/21,21:30,11.7,76,0.00,0
1,17/05/21,22:00,11.1,77,0.00,0
1,17/05/21,22:30,10.6,78,0.00,0
1,17/05/21,23:00,10.4,79,0.00,0
1,17/05/21,23:30,10.5,79,0.00,0
1,18/05/21,00:00,9.6,82,0.00,0
1,18/05/21,0:30,9.6,83,0.00,0
1,18/05/21,1:00,9.2,86,0.00,0
1,18/05/21,1:30,9.6,89,0.00,0
1,18/05/21,2:00,9.1,88,0.00,0
1,18/05/21,2:30,8.8,89,0.00,0
1,18/05/21,3:00,8.4,91,0.00,0
1,18/05/21,3:30,8.2,91,0.00,0
1,18/05/21,4:00,8.2,92,0.00,0
1,18/05/21,4:30,8.0,91,0.00,0
1,18/05/21,5:00,7.7,91,0.00,0
1,18/05/21,5:30,7.6,92,0.00,0
1,18/05/21,6:00,7.2,92,0.00,0
1,18/05/21,6:30,7.3,93,0.00,0
1,18/05/21,7:00,6.9,93,0.00,0
1,18/05/21,7:30,7.2,94,0.00,3
1,18/05/21,8:00,7.7,94,0.00,48
1,18/05/21,8:30,8.3,94,0.00,114
1,18/05/21,9:00,8.4,93,0.00,199
1,18/05/21,9:30,8.8,94,0.00,208
1,18/05/21,10:00,9.8,93,0.00,401
1,18/05/21,10:30,11.3,89,0.00,496
1,18/05/21,11:00,12.1,84,0.00,558
1,18/05/21,11:30,12.9,79,0.00,634
1,18/05/21,12:00,13.9,71,0.00,657
1,18/05/21,12:30,13.9,71,0.00,633
1,18/05/21,13:00,14.4,68,0.00,628
1,18/05/21,13:30,14.8,68,0.00,608
1,18/05/21,14:00,15.2,66,0.00,572
1,18/05/21,14:30,15.5,64,0.00,522
1,18/05/21,15:00,15.8,63,0.00,460
1,18/05/21,15:30,15.8,64,0.00,383
1,18/05/21,16:00,15.7,63,0.00,298
1,18/05/21,16:30,15.3,65,0.00,200
1,18/05/21,17:00,14.4,67,0.00,97
1,18/05/21,17:30,12.9,72,0.00,24
1,18/05/21,18:00,11.4,76,0.00,2
1,18/05/21,18:30,10.6,80,0.00,0
1,18/05/21,19:00,10.7,79,0.00,0
1,18/05/21,19:30,10.2,81,0.00,0
1,18/05/21,20:00,10.1,82,0.00,0
1,18/05/21,20:30,10.2,81,0.00,0
1,18/05/21,21:00,9.8,83,0.00,0
1,18/05/21,21:30,9.5,84,0.00,0
1,18/05/21,22:00,9.3,84,0.00,0
1,18/05/21,22:30,9.3,84,0.00,0
1,18/05/21,23:00,9.1,83,0.00,0
1,18/05/21,23:30,8.9,84,0.00,0
1,19/05/21,00:00,9.1,83,0.00,0
1,19/05/21,0:30,8.6,83,0.00,0
1,19/05/21,1:00,8.4,85,0.00,0
1,19/05/21,1:30,8.7,83,0.00,0
1,19/05/21,2:00,7.7,87,0.00,0
1,19/05/21,2:30,8.6,85,0.00,0
1,19/05/21,3:00,8.6,85,0.00,0
1,19/05/21,3:30,8.7,85,0.00,0
1,19/05/21,4:00,8.4,85,0.00,0
1,19/05/21,4:30,8.1,87,0.00,0
1,19/05/21,5:00,7.7,87,0.00,0
1,19/05/21,5:30,7.8,87,0.00,0
1,19/05/21,6:00,7.6,86,0.00,0
1,19/05/21,6:30,8.6,85,0.00,0
1,19/05/21,7:00,7.4,87,0.00,0
1,19/05/21,7:30,7.7,88,0.00,3
1,19/05/21,8:00,8.2,89,0.00,30
1,19/05/21,8:30,9.1,86,0.00,107
1,19/05/21,9:00,9.4,85,0.00,178
1,19/05/21,9:30,10.3,83,0.00,347
1,19/05/21,10:00,11.0,86,0.00,397
1,19/05/21,10:30,12.8,75,0.00,474
1,19/05/21,11:00,13.4,73,0.00,507
1,19/05/21,11:30,14.2,69,0.00,574
1,19/05/21,12:00,15.2,66,0.00,610
1,19/05/21,12:30,15.7,64,0.00,640
1,19/05/21,13:00,16.2,63,0.00,461
1,19/05/21,13:30,17.0,60,0.00,614
1,19/05/21,14:00,17.3,55,0.00,569
1,19/05/21,14:30,17.7,55,0.00,515
1,19/05/21,15:00,18.0,48,0.00,457
1,19/05/21,15:30,18.1,48,0.00,378
1,19/05/21,16:00,17.9,50,0.00,296
1,19/05/21,16:30,17.9,48,0.00,215
1,19/05/21,17:00,16.8,53,0.00,91
1,19/05/21,17:30,15.2,63,0.00,22
1,19/05/21,18:00,13.6,69,0.00,1
1,19/05/21,18:30,12.8,72,0.00,0
1,19/05/21,19:00,12.1,75,0.00,0
1,19/05/21,19:30,12.2,77,0.00,0
1,19/05/21,20:00,11.7,79,0.00,0
1,19/05/21,20:30,11.4,80,0.00,0
1,19/05/21,21:00,10.9,80,0.00,0
1,19/05/21,21:30,10.2,83,0.00,0
1,19/05/21,22:00,10.1,84,0.00,0
1,19/05/21,22:30,10.1,84,0.00,0
1,19/05/21,23:00,10.5,82,0.00,0
1,19/05/21,23:30,10.2,83,0.00,0
1,20/05/21,00:00,10.1,83,0.00,0
1,20/05/21,0:30,10.2,84,0.00,0
1,20/05/21,1:00,9.9,84,0.00,0
1,20/05/21,1:30,9.8,85,0.00,0
1,20/05/21,2:00,9.9,86,0.00,0
1,20/05/21,2:30,9.9,87,0.00,0
1,20/05/21,3:00,9.6,88,0.00,0
1,20/05/21,3:30,10.1,88,0.00,0
1,20/05/21,4:00,10.3,85,0.00,0
1,20/05/21,4:30,10.1,87,0.00,0
1,20/05/21,5:00,10.6,86,0.00,0
1,20/05/21,5:30,11.2,84,0.00,0
1,20/05/21,6:00,10.4,88,0.00,0
1,20/05/21,6:30,9.8,91,0.00,0
1,20/05/21,7:00,10.1,91,0.00,0
1,20/05/21,7:30,10.3,88,0.00,1
1,20/05/21,8:00,10.4,88,0.00,19
1,20/05/21,8:30,11.1,84,0.00,32
1,20/05/21,9:00,11.7,81,0.00,54
1,20/05/21,9:30,11.6,83,0.00,102
1,20/05/21,10:00,11.8,81,0.00,154
1,20/05/21,10:30,12.6,77,0.00,274
1,20/05/21,11:00,13.2,75,0.00,263
1,20/05/21,11:30,14.1,73,0.00,406
1,20/05/21,12:00,14.3,70,0.00,378
1,20/05/21,12:30,14.9,67,0.00,367
1,20/05/21,13:00,14.9,58,0.00,333
1,20/05/21,13:30,14.9,62,0.00,290
1,20/05/21,14:00,15.1,64,0.00,236
1,20/05/21,14:30,15.3,65,0.00,208
1,20/05/21,15:00,14.8,76,0.00,191
1,20/05/21,15:30,14.2,79,0.00,126
1,20/05/21,16:00,13.9,80,0.00,93
1,20/05/21,16:30,14.1,81,0.00,100
1,20/05/21,17:00,13.6,83,0.00,38
1,20/05/21,17:30,13.1,85,0.00,30
1,20/05/21,18:00,12.9,84,0.00,1
1,20/05/21,18:30,12.9,83,0.00,0
1,20/05/21,19:00,13.2,81,0.00,0
1,20/05/21,19:30,13.2,81,0.00,0
1,20/05/21,20:00,13.3,81,0.00,0
1,20/05/21,20:30,13.2,81,0.00,0
1,20/05/21,21:00,13.2,81,0.00,0
1,20/05/21,21:30,13.2,81,0.00,0
1,20/05/21,22:00,12.9,82,0.00,0
1,20/05/21,22:30,12.3,84,0.00,0
1,20/05/21,23:00,12.8,85,0.00,0
1,20/05/21,23:30,12.6,86,0.00,0
1,21/05/21,00:00,12.1,87,0.00,0
1,21/05/21,0:30,12.0,88,0.00,0
1,21/05/21,1:00,11.9,89,0.00,0
1,21/05/21,1:30,11.5,90,0.00,0
1,21/05/21,2:00,11.7,91,0.00,0
1,21/05/21,2:30,11.4,92,0.00,0
1,21/05/21,3:00,11.3,92,0.00,0
1,21/05/21,3:30,11.6,94,0.00,0
1,21/05/21,4:00,11.4,95,0.00,0
1,21/05/21,4:30,11.8,94,0.00,0
1,21/05/21,5:00,12.2,94,0.00,0
1,21/05/21,5:30,12.2,94,0.00,0
1,21/05/21,6:00,12.4,94,0.00,0
1,21/05/21,6:30,12.3,94,0.00,0
1,21/05/21,7:00,12.3,95,0.00,0
1,21/05/21,7:30,12.4,95,0.00,1
1,21/05/21,8:00,12.8,94,0.00,20
1,21/05/21,8:30,13.2,93,0.00,40
1,21/05/21,9:00,13.5,93,0.00,59
1,21/05/21,9:30,13.7,92,0.00,65
1,21/05/21,10:00,14.0,91,0.00,63
1,21/05/21,10:30,14.2,91,0.00,87
1,21/05/21,11:00,14.5,91,0.00,76
1,21/05/21,11:30,14.6,90,0.00,73
1,21/05/21,12:00,14.9,89,0.00,64
1,21/05/21,12:30,14.9,90,0.00,47
1,21/05/21,13:00,14.8,91,0.40,92
1,21/05/21,13:30,14.8,92,0.20,138
1,21/05/21,14:00,14.9,90,0.00,75
1,21/05/21,14:30,14.4,90,0.80,110
1,21/05/21,15:00,14.2,83,0.00,108
1,21/05/21,15:30,14.1,84,0.00,124
1,21/05/21,16:00,13.9,86,0.00,93
1,21/05/21,16:30,13.6,89,0.20,37
1,21/05/21,17:00,13.6,91,0.20,24
1,21/05/21,17:30,13.7,92,0.00,37
1,21/05/21,18:00,13.7,92,0.00,4
1,21/05/21,18:30,14.1,91,0.00,0
1,21/05/21,19:00,14.1,92,0.00,0
1,21/05/21,19:30,14.1,92,0.00,0
1,21/05/21,20:00,14.2,93,0.00,0
1,21/05/21,20:30,14.2,94,0.00,0
1,21/05/21,21:00,14.2,95,0.40,0
1,21/05/21,21:30,14.3,95,0.00,0
1,21/05/21,22:00,14.5,95,0.00,0
1,21/05/21,22:30,14.6,95,0.00,0
1,21/05/21,23:00,14.8,95,0.00,0
1,21/05/21,23:30,14.8,94,0.00,0
1,22/05/21,00:00,14.9,95,0.00,0
1,22/05/21,0:30,15.1,95,0.20,0
1,22/05/21,1:00,15.1,96,0.00,0
1,22/05/21,1:30,14.8,96,0.00,0
1,22/05/21,2:00,14.9,97,0.00,0
1,22/05/21,2:30,14.9,97,0.00,0
1,22/05/21,3:00,15.2,97,0.00,0
1,22/05/21,3:30,15.3,97,0.00,0
1,22/05/21,4:00,15.4,97,0.00,0
1,22/05/21,4:30,15.3,97,0.00,0
1,22/05/21,5:00,15.4,97,0.00,0
1,22/05/21,5:30,15.4,97,0.00,0
1,22/05/21,6:00,14.3,97,0.80,0
1,22/05/21,6:30,14.2,97,0.00,0
1,22/05/21,7:00,13.9,97,0.20,0
1,22/05/21,7:30,13.6,97,0.00,1
1,22/05/21,8:00,13.2,97,0.00,21
1,22/05/21,8:30,13.4,97,0.00,57
1,22/05/21,9:00,13.4,97,0.00,73
1,22/05/21,9:30,13.6,95,0.00,124
1,22/05/21,10:00,14.7,90,0.00,213
1,22/05/21,10:30,14.5,87,0.00,258
1,22/05/21,11:00,15.1,88,0.00,165
1,22/05/21,11:30,15.2,84,0.00,309
1,22/05/21,12:00,12.9,91,0.00,202
1,22/05/21,12:30,13.5,88,0.00,232
1,22/05/21,13:00,12.2,93,0.00,166
1,22/05/21,13:30,12.9,84,0.00,244
1,22/05/21,14:00,13.2,79,0.00,265
1,22/05/21,14:30,12.6,82,0.00,123
1,22/05/21,15:00,12.6,82,0.00,99
1,22/05/21,15:30,12.8,82,0.00,125
1,22/05/21,16:00,12.7,83,0.00,71
1,22/05/21,16:30,12.8,79,0.00,83
1,22/05/21,17:00,12.6,81,0.00,53
1,22/05/21,17:30,12.6,77,0.00,16
1,22/05/21,18:00,12.1,79,0.00,1
1,22/05/21,18:30,12.1,77,0.00,0
1,22/05/21,19:00,11.8,80,0.00,0
1,22/05/21,19:30,11.7,82,0.00,0
1,22/05/21,20:00,11.6,83,0.00,0
1,22/05/21,20:30,11.2,78,0.00,0
1,22/05/21,21:00,10.7,78,0.00,0
1,22/05/21,21:30,10.9,78,0.00,0
1,22/05/21,22:00,11.3,75,0.00,0
1,22/05/21,22:30,11.5,74,0.00,0
1,22/05/21,23:00,11.3,74,0.00,0
1,22/05/21,23:30,10.7,78,0.00,0
1,23/05/21,00:00,10.3,80,0.00,0
1,23/05/21,0:30,10.4,80,0.00,0
1,23/05/21,1:00,10.6,81,0.00,0
1,23/05/21,1:30,10.6,82,0.00,0
1,23/05/21,2:00,10.5,84,0.00,0
1,23/05/21,2:30,10.2,87,0.00,0
1,23/05/21,3:00,10.1,88,0.00,0
1,23/05/21,3:30,9.8,91,0.00,0
1,23/05/21,4:00,9.4,94,0.00,0
1,23/05/21,4:30,9.4,95,0.20,0
1,23/05/21,5:00,9.6,96,0.00,0
1,23/05/21,5:30,9.8,95,0.00,0
1,23/05/21,6:00,9.9,95,0.20,0
1,23/05/21,6:30,10.2,93,0.00,0
1,23/05/21,7:00,10.3,92,0.00,0
1,23/05/21,7:30,10.3,92,0.00,0
1,23/05/21,8:00,10.0,95,0.00,10
1,23/05/21,8:30,10.0,95,0.00,29
1,23/05/21,9:00,10.1,95,0.00,49
1,23/05/21,9:30,10.2,95,0.00,102
1,23/05/21,10:00,10.2,96,0.00,90
1,23/05/21,10:30,10.2,95,0.00,103
1,23/05/21,11:00,10.3,95,0.00,101
1,23/05/21,11:30,10.2,94,0.00,103
1,23/05/21,12:00,10.8,91,0.00,174
1,23/05/21,12:30,10.5,93,0.00,164
1,23/05/21,13:00,10.9,93,0.00,241
1,23/05/21,13:30,10.4,94,0.00,183
1,23/05/21,14:00,10.3,94,0.00,117
1,23/05/21,14:30,10.6,93,0.00,104
1,23/05/21,15:00,10.4,93,0.00,57
1,23/05/21,15:30,10.5,92,0.00,58
1,23/05/21,16:00,10.7,90,0.00,30
1,23/05/21,16:30,10.6,90,0.00,29
1,23/05/21,17:00,10.6,90,0.00,15
1,23/05/21,17:30,10.4,90,0.00,2
1,23/05/21,18:00,10.7,87,0.00,0
1,23/05/21,18:30,10.6,88,0.00,0
1,23/05/21,19:00,10.4,89,0.00,0
1,23/05/21,19:30,10.3,90,0.00,0
1,23/05/21,20:00,10.3,89,0.00,0
1,23/05/21,20:30,10.2,90,0.00,0
1,23/05/21,21:00,10.3,88,0.00,0
1,23/05/21,21:30,10.3,87,0.00,0
1,23/05/21,22:00,10.1,87,0.00,0
1,23/05/21,22:30,9.9,88,0.00,0
1,23/05/21,23:00,9.9,88,0.00,0
1,23/05/21,23:30,9.9,88,0.00,0
1,24/05/21,00:00,9.9,88,0.00,0
1,24/05/21,0:30,9.9,88,0.00,0
1,24/05/21,1:00,9.9,88,0.00,0
1,24/05/21,1:30,9.9,88,0.00,0
1,24/05/21,2:00,9.8,89,0.00,0
1,24/05/21,2:30,9.6,91,0.00,0
1,24/05/21,3:00,9.7,90,0.00,0
1,24/05/21,3:30,9.7,91,0.00,0
1,24/05/21,4:00,9.7,90,0.00,0
1,24/05/21,4:30,9.7,91,0.00,0
1,24/05/21,5:00,9.6,91,0.00,0
1,24/05/21,5:30,9.4,90,0.00,0
1,24/05/21,6:00,9.1,91,0.00,0
1,24/05/21,6:30,9.0,90,0.00,0
1,24/05/21,7:00,8.8,91,0.00,0
1,24/05/21,7:30,8.8,91,0.00,0
1,24/05/21,8:00,8.8,90,0.00,13
1,24/05/21,8:30,9.1,88,0.00,54
1,24/05/21,9:00,9.2,88,0.00,101
1,24/05/21,9:30,9.4,86,0.00,136
1,24/05/21,10:00,9.6,85,0.00,168
1,24/05/21,10:30,10.1,85,0.00,198
1,24/05/21,11:00,10.1,83,0.00,210
1,24/05/21,11:30,10.3,83,0.00,198
1,24/05/21,12:00,10.9,82,0.00,218
1,24/05/21,12:30,11.8,79,0.00,324
1,24/05/21,13:00,11.7,79,0.00,368
1,24/05/21,13:30,11.7,79,0.00,210
1,24/05/21,14:00,12.1,78,0.00,209
1,24/05/21,14:30,12.6,77,0.00,217
1,24/05/21,15:00,13.4,73,0.00,482
1,24/05/21,15:30,13.4,71,0.00,278
1,24/05/21,16:00,13.2,74,0.00,163
1,24/05/21,16:30,12.9,73,0.00,169
1,24/05/21,17:00,13.1,73,0.00,91
1,24/05/21,17:30,11.8,78,0.00,18
1,24/05/21,18:00,10.4,81,0.00,2
1,24/05/21,18:30,9.9,82,0.00,0
1,24/05/21,19:00,9.7,83,0.00,0
1,24/05/21,19:30,9.7,83,0.00,0
1,24/05/21,20:00,9.7,83,0.00,0
1,24/05/21,20:30,9.3,82,0.00,0
1,24/05/21,21:00,8.9,83,0.00,0
1,24/05/21,21:30,9.0,83,0.00,0
1,24/05/21,22:00,8.8,84,0.00,0
1,24/05/21,22:30,8.7,85,0.00,0
1,24/05/21,23:00,8.5,84,0.00,0
1,24/05/21,23:30,8.3,84,0.00,0
1,25/05/21,00:00,8.1,84,0.00,0
1,25/05/21,0:30,8.1,85,0.00,0
1,25/05/21,1:00,8.2,84,0.00,0
1,25/05/21,1:30,8.1,85,0.00,0
1,25/05/21,2:00,8.3,84,0.00,0
1,25/05/21,2:30,8.2,83,0.00,0
1,25/05/21,3:00,7.8,85,0.00,0
1,25/05/21,3:30,7.7,85,0.00,0
1,25/05/21,4:00,7.8,84,0.00,0
1,25/05/21,4:30,7.6,84,0.00,0
1,25/05/21,5:00,7.7,84,0.00,0
1,25/05/21,5:30,7.5,85,0.00,0
1,25/05/21,6:00,7.6,84,0.00,0
1,25/05/21,6:30,7.6,84,0.00,0
1,25/05/21,7:00,7.4,84,0.00,0
1,25/05/21,7:30,7.2,84,0.00,2
1,25/05/21,8:00,7.8,84,0.00,35
1,25/05/21,8:30,8.5,83,0.00,124
1,25/05/21,9:00,9.4,83,0.00,234
1,25/05/21,9:30,10.5,82,0.00,327
1,25/05/21,10:00,11.9,80,0.00,410
1,25/05/21,10:30,13.3,73,0.00,480
1,25/05/21,11:00,13.9,69,0.00,535
1,25/05/21,11:30,15.1,68,0.00,575
1,25/05/21,12:00,15.6,65,0.00,602
1,25/05/21,12:30,16.2,60,0.00,615
1,25/05/21,13:00,16.6,56,0.00,613
1,25/05/21,13:30,17.1,52,0.00,592
1,25/05/21,14:00,17.5,49,0.00,549
1,25/05/21,14:30,17.4,53,0.00,495
1,25/05/21,15:00,17.7,54,0.00,434
1,25/05/21,15:30,17.6,54,0.00,363
1,25/05/21,16:00,17.7,55,0.00,278
1,25/05/21,16:30,17.2,57,0.00,181
1,25/05/21,17:00,16.7,61,0.00,81
1,25/05/21,17:30,15.2,65,0.00,18
1,25/05/21,18:00,14.3,66,0.00,2
1,25/05/21,18:30,13.8,67,0.00,0
1,25/05/21,19:00,13.5,68,0.00,0
1,25/05/21,19:30,12.8,70,0.00,0
1,25/05/21,20:00,12.8,71,0.00,0
1,25/05/21,20:30,12.9,69,0.00,0
1,25/05/21,21:00,12.5,70,0.00,0
1,25/05/21,21:30,12.1,71,0.00,0
1,25/05/21,22:00,12.1,71,0.00,0
1,25/05/21,22:30,12.0,72,0.00,0
1,25/05/21,23:00,11.7,73,0.00,0
1,25/05/21,23:30,11.6,73,0.00,0
1,26/05/21,00:00,11.6,74,0.00,0
1,26/05/21,0:30,11.4,74,0.00,0
1,26/05/21,1:00,11.3,73,0.00,0
1,26/05/21,1:30,11.2,74,0.00,0
1,26/05/21,2:00,10.8,76,0.00,0
1,26/05/21,2:30,10.6,77,0.00,0
1,26/05/21,3:00,10.2,78,0.00,0
1,26/05/21,3:30,10.3,79,0.00,0
1,26/05/21,4:00,10.1,79,0.00,0
1,26/05/21,4:30,9.9,80,0.00,0
1,26/05/21,5:00,9.6,81,0.00,0
1,26/05/21,5:30,9.4,83,0.00,0
1,26/05/21,6:00,9.0,83,0.00,0
1,26/05/21,6:30,8.8,84,0.00,0
1,26/05/21,7:00,8.7,85,0.00,0
1,26/05/21,7:30,9.2,84,0.00,2
1,26/05/21,8:00,9.8,83,0.00,34
1,26/05/21,8:30,10.8,82,0.00,121
1,26/05/21,9:00,11.6,79,0.00,226
1,26/05/21,9:30,12.3,76,0.00,317
1,26/05/21,10:00,12.6,80,0.00,398
1,26/05/21,10:30,13.9,77,0.00,467
1,26/05/21,11:00,14.3,76,0.00,523
1,26/05/21,11:30,15.3,73,0.00,565
1,26/05/21,12:00,16.6,70,0.00,592
1,26/05/21,12:30,16.8,63,0.00,605
1,26/05/21,13:00,17.3,59,0.00,599
1,26/05/21,13:30,17.8,59,0.00,579
1,26/05/21,14:00,18.2,55,0.00,546
1,26/05/21,14:30,18.5,52,0.00,498
1,26/05/21,15:00,18.8,53,0.00,434
1,26/05/21,15:30,19.2,52,0.00,362
1,26/05/21,16:00,18.7,52,0.00,246
1,26/05/21,16:30,17.9,58,0.00,122
1,26/05/21,17:00,17.9,58,0.00,79
1,26/05/21,17:30,17.2,58,0.00,35
1,26/05/21,18:00,16.1,60,0.00,2
1,26/05/21,18:30,15.8,62,0.00,0
1,26/05/21,19:00,14.5,67,0.00,0
1,26/05/21,19:30,13.9,69,0.00,0
1,26/05/21,20:00,13.4,70,0.00,0
1,26/05/21,20:30,13.4,70,0.00,0
1,26/05/21,21:00,12.8,74,0.00,0
1,26/05/21,21:30,12.8,74,0.00,0
1,26/05/21,22:00,12.8,74,0.00,0
1,26/05/21,22:30,12.4,74,0.00,0
1,26/05/21,23:00,12.2,75,0.00,0
1,26/05/21,23:30,12.4,77,0.00,0
1,27/05/21,00:00,12.6,75,0.00,0
1,27/05/21,0:30,12.5,75,0.00,0
1,27/05/21,1:00,12.3,75,0.00,0
1,27/05/21,1:30,11.8,76,0.00,0
1,27/05/21,2:00,11.9,76,0.00,0
1,27/05/21,2:30,11.5,77,0.00,0
1,27/05/21,3:00,11.1,78,0.00,0
1,27/05/21,3:30,10.7,79,0.00,0
1,27/05/21,4:00,11.1,78,0.00,0
1,27/05/21,4:30,10.9,79,0.00,0
1,27/05/21,5:00,10.6,80,0.00,0
1,27/05/21,5:30,10.1,82,0.00,0
1,27/05/21,6:00,9.9,83,0.00,0
1,27/05/21,6:30,9.7,84,0.00,0
1,27/05/21,7:00,9.6,84,0.00,0
1,27/05/21,7:30,9.9,83,0.00,1
1,27/05/21,8:00,10.6,80,0.00,30
1,27/05/21,8:30,11.6,76,0.00,115
1,27/05/21,9:00,12.0,77,0.00,220
1,27/05/21,9:30,12.4,76,0.00,313
1,27/05/21,10:00,13.6,76,0.00,390
1,27/05/21,10:30,15.0,72,0.00,460
1,27/05/21,11:00,16.4,69,0.00,514
1,27/05/21,11:30,17.2,66,0.00,555
1,27/05/21,12:00,18.1,64,0.00,582
1,27/05/21,12:30,18.6,59,0.00,595
1,27/05/21,13:00,19.2,56,0.00,592
1,27/05/21,13:30,19.7,54,0.00,571
1,27/05/21,14:00,20.1,52,0.00,535
1,27/05/21,14:30,20.3,53,0.00,485
1,27/05/21,15:00,20.7,53,0.00,423
1,27/05/21,15:30,20.9,51,0.00,352
1,27/05/21,16:00,21.1,54,0.00,269
1,27/05/21,16:30,20.9,56,0.00,173
1,27/05/21,17:00,20.7,54,0.00,75
1,27/05/21,17:30,20.2,55,0.00,17
1,27/05/21,18:00,18.7,59,0.00,2
1,27/05/21,18:30,16.9,67,0.00,0
1,27/05/21,19:00,16.1,73,0.00,0
1,27/05/21,19:30,15.9,72,0.00,0
1,27/05/21,20:00,15.7,73,0.00,0
1,27/05/21,20:30,15.0,74,0.00,0
1,27/05/21,21:00,15.2,74,0.00,0
1,27/05/21,21:30,14.8,74,0.00,0
1,27/05/21,22:00,14.5,74,0.00,0
1,27/05/21,22:30,14.1,75,0.00,0
1,27/05/21,23:00,13.9,75,0.00,0
1,27/05/21,23:30,14.2,73,0.00,0
1,28/05/21,00:00,13.7,74,0.00,0
1,28/05/21,0:30,13.6,73,0.00,0
1,28/05/21,1:00,13.3,72,0.00,0
1,28/05/21,1:30,13.7,70,0.00,0
1,28/05/21,2:00,14.2,66,0.00,0
1,28/05/21,2:30,14.1,67,0.00,0
1,28/05/21,3:00,13.6,69,0.00,0
1,28/05/21,3:30,12.3,75,0.00,0
1,28/05/21,4:00,11.0,82,0.00,0
1,28/05/21,4:30,12.1,77,0.00,0
1,28/05/21,5:00,12.3,76,0.00,0
1,28/05/21,5:30,12.6,75,0.00,0
1,28/05/21,6:00,12.7,74,0.00,0
1,28/05/21,6:30,14.3,71,0.00,0
1,28/05/21,7:00,13.9,72,0.00,0
1,28/05/21,7:30,12.9,75,0.00,1
1,28/05/21,8:00,13.7,74,0.00,23
1,28/05/21,8:30,13.9,75,0.00,45
1,28/05/21,9:00,14.1,77,0.00,25
1,28/05/21,9:30,14.6,75,0.00,10
1,28/05/21,10:00,14.4,76,0.00,5
1,28/05/21,10:30,11.8,82,0.80,1
1,28/05/21,11:00,13.1,95,7.20,0
1,28/05/21,11:30,13.8,95,5.00,2
1,28/05/21,12:00,14.2,95,4.40,7
1,28/05/21,12:30,15.1,96,4.60,8
1,28/05/21,13:00,15.8,96,4.40,8
1,28/05/21,13:30,16.3,97,4.60,7
1,28/05/21,14:00,15.8,97,3.00,10
1,28/05/21,14:30,15.3,97,4.20,8
1,28/05/21,15:00,15.7,97,2.00,10
1,28/05/21,15:30,15.3,97,1.40,3
1,28/05/21,16:00,15.1,97,1.60,0
1,28/05/21,16:30,15.1,97,1.60,0
1,28/05/21,17:00,14.7,97,0.80,0
1,28/05/21,17:30,14.5,97,0.20,0
1,28/05/21,18:00,14.4,97,0.20,0
1,28/05/21,18:30,14.6,97,0.20,0
1,28/05/21,19:00,14.6,97,0.80,0
1,28/05/21,19:30,14.5,97,1.00,0
1,28/05/21,20:00,14.5,97,0.00,0
1,28/05/21,20:30,14.5,97,0.20,0
1,28/05/21,21:00,14.5,98,0.00,0
1,28/05/21,21:30,14.4,98,0.00,0
1,28/05/21,22:00,14.1,97,0.00,0
1,28/05/21,22:30,13.7,98,0.00,0
1,28/05/21,23:00,13.4,97,0.00,0
1,28/05/21,23:30,13.4,98,0.00,0
1,29/05/21,00:00,13.5,98,0.00,0
1,29/05/21,0:30,13.2,98,0.00,0
1,29/05/21,1:00,13.3,98,0.00,0
1,29/05/21,1:30,13.3,98,0.00,0
1,29/05/21,2:00,13.6,98,0.00,0
1,29/05/21,2:30,13.7,98,0.00,0
1,29/05/21,3:00,13.1,98,0.00,0
1,29/05/21,3:30,12.8,98,0.00,0
1,29/05/21,4:00,12.3,98,0.00,0
1,29/05/21,4:30,11.5,98,0.00,0
1,29/05/21,5:00,11.2,98,0.00,0
1,29/05/21,5:30,11.1,98,0.00,0
1,29/05/21,6:00,10.6,98,0.00,0
1,29/05/21,6:30,10.4,98,0.00,0
1,29/05/21,7:00,10.1,98,0.00,0
1,29/05/21,7:30,9.6,98,0.20,0
1,29/05/21,8:00,8.7,98,0.00,14
1,29/05/21,8:30,9.1,98,0.00,85
1,29/05/21,9:00,9.6,98,0.00,197
1,29/05/21,9:30,10.2,98,0.00,284
1,29/05/21,10:00,11.3,95,0.00,369
1,29/05/21,10:30,12.6,89,0.00,449
1,29/05/21,11:00,13.9,76,0.00,504
1,29/05/21,11:30,14.2,73,0.00,546
1,29/05/21,12:00,15.1,68,0.00,574
1,29/05/21,12:30,15.7,65,0.00,590
1,29/05/21,13:00,16.1,63,0.00,591
1,29/05/21,13:30,16.2,56,0.00,574
1,29/05/21,14:00,16.0,60,0.00,543
1,29/05/21,14:30,16.1,57,0.00,500
1,29/05/21,15:00,15.7,59,0.00,452
1,29/05/21,15:30,15.3,63,0.00,356
1,29/05/21,16:00,14.8,64,0.00,307
1,29/05/21,16:30,14.2,65,0.00,207
1,29/05/21,17:00,13.4,67,0.00,84
1,29/05/21,17:30,12.2,68,0.00,21
1,29/05/21,18:00,11.2,72,0.00,2
1,29/05/21,18:30,10.5,73,0.00,0
1,29/05/21,19:00,9.8,76,0.00,0
1,29/05/21,19:30,8.9,79,0.00,0
1,29/05/21,20:00,8.4,80,0.00,0
1,29/05/21,20:30,7.7,81,0.00,0
1,29/05/21,21:00,7.1,83,0.00,0
1,29/05/21,21:30,6.4,84,0.00,0
1,29/05/21,22:00,6.1,84,0.00,0
1,29/05/21,22:30,5.8,83,0.00,0
1,29/05/21,23:00,5.8,81,0.00,0
1,29/05/21,23:30,5.4,79,0.00,0
1,30/05/21,00:00,5.1,78,0.00,0
1,30/05/21,0:30,4.8,77,0.00,0
1,30/05/21,1:00,3.1,83,0.00,0
1,30/05/21,1:30,3.6,82,0.00,0
1,30/05/21,2:00,3.3,87,0.00,0
1,30/05/21,2:30,3.3,86,0.00,0
1,30/05/21,3:00,2.9,85,0.00,0
1,30/05/21,3:30,2.6,87,0.00,0
1,30/05/21,4:00,2.9,83,0.00,0
1,30/05/21,4:30,2.5,83,0.00,0
1,30/05/21,5:00,2.7,82,0.00,0
1,30/05/21,5:30,2.4,81,0.00,0
1,30/05/21,6:00,2.3,80,0.00,0
1,30/05/21,6:30,2.8,78,0.00,0
1,30/05/21,7:00,2.2,80,0.00,0
1,30/05/21,7:30,2.6,79,0.00,1
1,30/05/21,8:00,2.9,81,0.00,29
1,30/05/21,8:30,4.3,78,0.00,115
1,30/05/21,9:00,4.7,78,0.00,208
1,30/05/21,9:30,5.2,78,0.00,319
1,30/05/21,10:00,6.4,73,0.00,399
1,30/05/21,10:30,7.4,71,0.00,470
1,30/05/21,11:00,8.3,68,0.00,527
1,30/05/21,11:30,9.6,64,0.00,566
1,30/05/21,12:00,10.7,56,0.00,591
1,30/05/21,12:30,11.2,56,0.00,604
1,30/05/21,13:00,11.6,53,0.00,600
1,30/05/21,13:30,11.9,52,0.00,581
1,30/05/21,14:00,11.9,52,0.00,548
1,30/05/21,14:30,12.3,53,0.00,496
1,30/05/21,15:00,12.6,48,0.00,433
1,30/05/21,15:30,12.4,50,0.00,358
1,30/05/21,16:00,12.5,49,0.00,276
1,30/05/21,16:30,12.2,49,0.00,178
1,30/05/21,17:00,11.4,56,0.00,77
1,30/05/21,17:30,10.3,59,0.00,16
1,30/05/21,18:00,8.6,64,0.00,2
1,30/05/21,18:30,8.7,63,0.00,0
1,30/05/21,19:00,8.6,63,0.00,0
1,30/05/21,19:30,7.9,70,0.00,0
1,30/05/21,20:00,8.0,64,0.00,0
1,30/05/21,20:30,7.5,68,0.00,0
1,30/05/21,21:00,7.7,67,0.00,0
1,30/05/21,21:30,7.7,65,0.00,0
1,30/05/21,22:00,7.8,64,0.00,0
1,30/05/21,22:30,7.4,67,0.00,0
1,30/05/21,23:00,7.2,67,0.00,0
1,30/05/21,23:30,6.7,69,0.00,0
1,31/05/21,00:00,6.2,71,0.00,0
1,31/05/21,0:30,6.4,70,0.00,0
1,31/05/21,1:00,6.3,71,0.00,0
1,31/05/21,1:30,6.3,69,0.00,0
1,31/05/21,2:00,6.3,69,0.00,0
1,31/05/21,2:30,5.5,73,0.00,0
1,31/05/21,3:00,5.1,74,0.00,0
1,31/05/21,3:30,5.3,74,0.00,0
1,31/05/21,4:00,5.0,75,0.00,0
1,31/05/21,4:30,5.2,76,0.00,0
1,31/05/21,5:00,4.9,77,0.00,0
1,31/05/21,5:30,5.4,76,0.00,0
1,31/05/21,6:00,5.7,75,0.00,0
1,31/05/21,6:30,5.7,74,0.00,0
1,31/05/21,7:00,5.7,75,0.00,0
1,31/05/21,7:30,5.7,75,0.00,2
1,31/05/21,8:00,6.2,74,0.00,34
1,31/05/21,8:30,7.3,69,0.00,117
1,31/05/21,9:00,7.9,69,0.00,224
1,31/05/21,9:30,9.0,68,0.00,311
1,31/05/21,10:00,10.1,69,0.00,397
1,31/05/21,10:30,11.7,63,0.00,426
1,31/05/21,11:00,12.3,60,0.00,492
1,31/05/21,11:30,13.4,59,0.00,542
1,31/05/21,12:00,13.9,59,0.00,537
1,31/05/21,12:30,14.7,55,0.00,586
1,31/05/21,13:00,15.5,53,0.00,581
1,31/05/21,13:30,16.2,53,0.00,560
1,31/05/21,14:00,17.1,47,0.00,527
1,31/05/21,14:30,17.4,46,0.00,481
1,31/05/21,15:00,17.8,46,0.00,418
1,31/05/21,15:30,17.8,44,0.00,352
1,31/05/21,16:00,17.2,50,0.00,183
1,31/05/21,16:30,16.6,48,0.00,160
1,31/05/21,17:00,15.3,51,0.00,61
1,31/05/21,17:30,14.5,53,0.00,27
1,31/05/21,18:00,13.1,57,0.00,1
1,31/05/21,18:30,12.6,59,0.00,0
1,31/05/21,19:00,12.4,60,0.00,0
1,31/05/21,19:30,12.2,60,0.00,0
1,31/05/21,20:00,12.2,61,0.00,0
1,31/05/21,20:30,12.1,62,0.00,0
1,31/05/21,21:00,11.6,65,0.00,0
1,31/05/21,21:30,11.4,66,0.00,0
1,31/05/21,22:00,11.5,66,0.00,0
1,31/05/21,22:30,11.6,66,0.00,0
1,31/05/21,23:00,11.7,65,0.00,0
1,31/05/21,23:30,11.6,64,0.00,0
1,01/06/21,00:00,11.6,63,0.00,0
1,01/06/21,0:30,11.7,62,0.00,0
1,01/06/21,1:00,11.1,65,0.00,0
1,01/06/21,1:30,11.3,64,0.00,0
1,01/06/21,2:00,11.2,63,0.00,0
1,01/06/21,2:30,11.2,63,0.00,0
1,01/06/21,3:00,11.0,63,0.00,0
1,01/06/21,3:30,11.0,63,0.00,0
1,01/06/21,4:00,11.3,61,0.00,0
1,01/06/21,4:30,10.7,64,0.00,0
1,01/06/21,5:00,10.9,64,0.00,0
1,01/06/21,5:30,11.0,63,0.00,0
1,01/06/21,6:00,10.3,66,0.00,0
1,01/06/21,6:30,10.1,67,0.00,0
1,01/06/21,7:00,10.2,68,0.00,0
1,01/06/21,7:30,9.3,73,0.00,1
1,01/06/21,8:00,10.1,71,0.00,14
1,01/06/21,8:30,10.4,71,0.00,50
1,01/06/21,9:00,10.9,69,0.00,133
1,01/06/21,9:30,11.2,72,0.00,300
1,01/06/21,10:00,12.6,67,0.00,365
1,01/06/21,10:30,14.3,65,0.00,423
1,01/06/21,11:00,14.8,64,0.00,512
1,01/06/21,11:30,15.2,64,0.00,538
1,01/06/21,12:00,16.4,61,0.00,571
1,01/06/21,12:30,17.5,59,0.00,586
1,01/06/21,13:00,19.1,45,0.00,562
1,01/06/21,13:30,19.6,47,0.00,552
1,01/06/21,14:00,19.4,50,0.00,499
1,01/06/21,14:30,19.5,51,0.00,472
1,01/06/21,15:00,19.9,49,0.00,412
1,01/06/21,15:30,20.7,45,0.00,345
1,01/06/21,16:00,19.2,52,0.00,164
1,01/06/21,16:30,19.0,51,0.00,123
1,01/06/21,17:00,18.4,53,0.00,77
1,01/06/21,17:30,17.1,59,0.00,32
1,01/06/21,18:00,16.4,62,0.00,1
1,01/06/21,18:30,15.8,68,0.00,0
1,01/06/21,19:00,15.4,70,0.00,0
1,01/06/21,19:30,15.4,69,0.00,0
1,01/06/21,20:00,15.3,69,0.00,0
1,01/06/21,20:30,14.9,68,0.00,0
1,01/06/21,21:00,14.7,68,0.00,0
1,01/06/21,21:30,14.6,68,0.00,0
1,01/06/21,22:00,15.3,65,0.00,0
1,01/06/21,22:30,14.7,68,0.00,0
1,01/06/21,23:00,14.9,67,0.00,0
1,01/06/21,23:30,14.6,69,0.00,0
1,02/06/21,00:00,14.9,68,0.00,0
1,02/06/21,0:30,14.6,69,0.00,0
1,02/06/21,1:00,13.2,73,0.00,0
1,02/06/21,1:30,13.4,72,0.00,0
1,02/06/21,2:00,13.0,74,0.00,0
1,02/06/21,2:30,13.3,75,0.00,0
1,02/06/21,3:00,13.4,73,0.00,0
1,02/06/21,3:30,12.2,78,0.00,0
1,02/06/21,4:00,13.0,77,0.00,0
1,02/06/21,4:30,13.4,76,0.00,0
1,02/06/21,5:00,14.0,74,0.00,0
1,02/06/21,5:30,14.4,73,0.00,0
1,02/06/21,6:00,13.5,77,0.00,0
1,02/06/21,6:30,13.9,76,0.00,0
1,02/06/21,7:00,13.9,76,0.00,0
1,02/06/21,7:30,13.8,76,0.00,0
1,02/06/21,8:00,13.6,79,0.00,21
1,02/06/21,8:30,13.4,80,0.00,44
1,02/06/21,9:00,13.8,81,0.00,138
1,02/06/21,9:30,14.3,80,0.00,265
1,02/06/21,10:00,15.7,78,0.00,341
1,02/06/21,10:30,15.7,75,0.00,246
1,02/06/21,11:00,16.6,69,0.00,441
1,02/06/21,11:30,16.7,71,0.00,482
1,02/06/21,12:00,18.2,68,0.00,554
1,02/06/21,12:30,18.0,67,0.00,573
1,02/06/21,13:00,17.6,68,0.00,554
1,02/06/21,13:30,18.2,70,0.00,576
1,02/06/21,14:00,18.6,66,0.00,522
1,02/06/21,14:30,18.9,62,0.00,479
1,02/06/21,15:00,18.7,58,0.00,404
1,02/06/21,15:30,18.6,55,0.00,310
1,02/06/21,16:00,18.2,59,0.00,253
1,02/06/21,16:30,18.1,61,0.00,171
1,02/06/21,17:00,17.0,63,0.00,71
1,02/06/21,17:30,15.8,68,0.00,15
1,02/06/21,18:00,14.9,71,0.00,1
1,02/06/21,18:30,14.3,74,0.00,0
1,02/06/21,19:00,13.8,75,0.00,0
1,02/06/21,19:30,13.3,77,0.00,0
1,02/06/21,20:00,13.0,78,0.00,0
1,02/06/21,20:30,12.9,79,0.00,0
1,02/06/21,21:00,12.7,79,0.00,0
1,02/06/21,21:30,12.3,81,0.00,0
1,02/06/21,22:00,12.3,82,0.00,0
1,02/06/21,22:30,11.8,84,0.00,0
1,02/06/21,23:00,11.4,86,0.00,0
1,02/06/21,23:30,11.4,88,0.00,0
1,03/06/21,00:00,10.9,89,0.00,0
1,03/06/21,0:30,10.9,90,0.00,0
1,03/06/21,1:00,9.7,92,0.00,0
1,03/06/21,1:30,9.7,91,0.00,0
1,03/06/21,2:00,10.2,91,0.00,0
1,03/06/21,2:30,9.7,90,0.00,0
1,03/06/21,3:00,9.1,90,0.00,0
1,03/06/21,3:30,9.0,90,0.00,0
1,03/06/21,4:00,8.9,88,0.00,0
1,03/06/21,4:30,8.9,86,0.00,0
1,03/06/21,5:00,8.3,87,0.00,0
1,03/06/21,5:30,8.7,86,0.00,0
1,03/06/21,6:00,8.4,87,0.00,0
1,03/06/21,6:30,8.6,84,0.00,0
1,03/06/21,7:00,8.5,83,0.00,0
1,03/06/21,7:30,8.3,84,0.00,1
1,03/06/21,8:00,9.4,79,0.00,24
1,03/06/21,8:30,9.8,78,0.00,103
1,03/06/21,9:00,10.3,79,0.00,187
1,03/06/21,9:30,11.4,80,0.00,276
1,03/06/21,10:00,12.3,80,0.00,362
1,03/06/21,10:30,12.6,81,0.00,430
1,03/06/21,11:00,12.9,82,0.00,493
1,03/06/21,11:30,14.2,79,0.00,534
1,03/06/21,12:00,15.8,77,0.00,561
1,03/06/21,12:30,17.2,69,0.00,573
1,03/06/21,13:00,17.7,66,0.00,569
1,03/06/21,13:30,18.2,63,0.00,550
1,03/06/21,14:00,18.6,59,0.00,516
1,03/06/21,14:30,19.0,57,0.00,469
1,03/06/21,15:00,19.6,52,0.00,410
1,03/06/21,15:30,19.8,57,0.00,338
1,03/06/21,16:00,19.9,58,0.00,257
1,03/06/21,16:30,19.6,57,0.00,163
1,03/06/21,17:00,18.8,63,0.00,69
1,03/06/21,17:30,17.3,66,0.00,15
1,03/06/21,18:00,16.1,69,0.00,1
1,03/06/21,18:30,15.8,70,0.00,0
1,03/06/21,19:00,15.4,71,0.00,0
1,03/06/21,19:30,15.0,73,0.00,0
1,03/06/21,20:00,14.4,76,0.00,0
1,03/06/21,20:30,14.2,77,0.00,0
1,03/06/21,21:00,14.1,78,0.00,0
1,03/06/21,21:30,14.0,80,0.00,0
1,03/06/21,22:00,14.1,79,0.00,0
1,03/06/21,22:30,13.8,79,0.00,0
1,03/06/21,23:00,13.5,80,0.00,0
1,03/06/21,23:30,13.5,82,0.00,0
1,04/06/21,00:00,13.5,83,0.00,0
1,04/06/21,0:30,12.4,85,0.00,0
1,04/06/21,1:00,12.6,85,0.00,0
1,04/06/21,1:30,12.8,84,0.00,0
1,04/06/21,2:00,12.6,85,0.00,0
1,04/06/21,2:30,12.8,84,0.00,0
1,04/06/21,3:00,13.1,83,0.00,0
1,04/06/21,3:30,13.4,83,0.00,0
1,04/06/21,4:00,13.6,83,0.00,0
1,04/06/21,4:30,13.6,83,0.00,0
1,04/06/21,5:00,13.4,83,0.00,0
1,04/06/21,5:30,13.6,83,0.00,0
1,04/06/21,6:00,14.0,82,0.00,0
1,04/06/21,6:30,14.1,81,0.00,0
1,04/06/21,7:00,14.2,82,0.00,0
1,04/06/21,7:30,14.4,81,0.00,0
1,04/06/21,8:00,14.8,80,0.00,24
1,04/06/21,8:30,14.8,80,0.00,37
1,04/06/21,9:00,15.1,80,0.00,88
1,04/06/21,9:30,15.2,81,0.00,53
1,04/06/21,10:00,15.7,82,0.00,54
1,04/06/21,10:30,16.4,82,0.00,142
1,04/06/21,11:00,18.6,79,0.00,268
1,04/06/21,11:30,18.9,78,0.00,219
1,04/06/21,12:00,19.2,77,0.00,216
1,04/06/21,12:30,19.3,77,0.00,299
1,04/06/21,13:00,21.4,75,0.00,346
1,04/06/21,13:30,22.8,72,0.00,485
1,04/06/21,14:00,23.9,71,0.00,430
1,04/06/21,14:30,23.6,71,0.00,284
1,04/06/21,15:00,24.3,70,0.00,346
1,04/06/21,15:30,23.9,72,0.00,216
1,04/06/21,16:00,23.5,74,0.00,125
1,04/06/21,16:30,23.2,76,0.00,109
1,04/06/21,17:00,22.7,75,0.00,60
1,04/06/21,17:30,22.3,77,0.00,19
1,04/06/21,18:00,21.7,78,0.00,0
1,04/06/21,18:30,21.3,79,0.00,0
1,04/06/21,19:00,20.9,80,0.00,0
1,04/06/21,19:30,20.5,81,0.00,0
1,04/06/21,20:00,20.2,82,0.00,0
1,04/06/21,20:30,20.1,82,0.00,0
1,04/06/21,21:00,20.1,83,0.00,0
1,04/06/21,21:30,19.5,84,0.00,0
1,04/06/21,22:00,19.2,86,0.00,0
1,04/06/21,22:30,19.3,86,0.00,0
1,04/06/21,23:00,19.1,87,0.00,0
1,04/06/21,23:30,19.4,86,0.00,0
1,05/06/21,00:00,19.8,85,0.00,0
1,05/06/21,0:30,19.4,87,0.00,0
1,05/06/21,1:00,19.3,87,0.00,0
1,05/06/21,1:30,19.3,88,0.00,0
1,05/06/21,2:00,19.0,88,0.00,0
1,05/06/21,2:30,18.7,88,0.00,0
1,05/06/21,3:00,18.4,89,0.00,0
1,05/06/21,3:30,18.0,90,0.00,0
1,05/06/21,4:00,18.2,90,0.00,0
1,05/06/21,4:30,17.8,90,0.00,0
1,05/06/21,5:00,18.1,89,0.00,0
1,05/06/21,5:30,17.9,89,0.00,0
1,05/06/21,6:00,17.9,89,0.00,0
1,05/06/21,6:30,17.8,89,0.00,0
1,05/06/21,7:00,17.9,88,0.00,0
1,05/06/21,7:30,17.9,88,0.00,1
1,05/06/21,8:00,18.2,87,0.00,21
1,05/06/21,8:30,19.5,82,0.00,86
1,05/06/21,9:00,21.6,74,0.00,191
1,05/06/21,9:30,22.4,71,0.00,301
1,05/06/21,10:00,23.2,68,0.00,405
1,05/06/21,10:30,22.0,73,0.00,156
1,05/06/21,11:00,20.3,82,0.00,144
1,05/06/21,11:30,20.8,84,0.00,260
1,05/06/21,12:00,20.9,78,0.00,306
1,05/06/21,12:30,20.0,79,0.00,217
1,05/06/21,13:00,18.1,85,1.40,129
1,05/06/21,13:30,17.6,88,0.00,96
1,05/06/21,14:00,17.2,89,0.00,116
1,05/06/21,14:30,16.6,90,0.40,22
1,05/06/21,15:00,16.2,92,1.60,17
1,05/06/21,15:30,15.7,94,8.40,3
1,05/06/21,16:00,15.4,94,3.60,1
1,05/06/21,16:30,15.1,95,1.60,12
1,05/06/21,17:00,15.0,96,0.40,6
1,05/06/21,17:30,15.0,96,2.80,0
1,05/06/21,18:00,14.7,96,4.00,0
1,05/06/21,18:30,14.6,97,3.60,0
1,05/06/21,19:00,14.4,96,5.40,0
1,05/06/21,19:30,14.4,97,1.80,0
1,05/06/21,20:00,14.4,97,2.00,0
1,05/06/21,20:30,14.3,97,0.20,0
1,05/06/21,21:00,14.3,97,0.00,0
1,05/06/21,21:30,14.2,97,0.00,0
1,05/06/21,22:00,13.8,97,0.00,0
1,05/06/21,22:30,13.8,97,0.20,0
1,05/06/21,23:00,13.7,97,0.00,0
1,05/06/21,23:30,13.4,97,0.00,0
1,06/06/21,00:00,12.9,97,0.00,0
1,06/06/21,0:30,13.4,97,0.00,0
1,06/06/21,1:00,13.4,97,0.00,0
1,06/06/21,1:30,13.2,97,0.00,0
1,06/06/21,2:00,13.6,97,0.20,0
1,06/06/21,2:30,13.1,96,0.00,0
1,06/06/21,3:00,12.6,94,0.00,0
1,06/06/21,3:30,12.2,94,0.00,0
1,06/06/21,4:00,11.7,93,0.00,0
1,06/06/21,4:30,10.8,93,0.00,0
1,06/06/21,5:00,10.6,94,0.00,0
1,06/06/21,5:30,10.4,95,0.00,0
1,06/06/21,6:00,10.1,94,0.00,0
1,06/06/21,6:30,9.4,94,0.00,0
1,06/06/21,7:00,9.0,94,0.00,0
1,06/06/21,7:30,8.7,94,0.00,0
1,06/06/21,8:00,8.8,94,0.00,16
1,06/06/21,8:30,9.1,94,0.00,58
1,06/06/21,9:00,9.4,93,0.00,109
1,06/06/21,9:30,9.9,92,0.00,141
1,06/06/21,10:00,10.5,91,0.00,188
1,06/06/21,10:30,10.9,90,0.00,234
1,06/06/21,11:00,11.2,88,0.00,281
1,06/06/21,11:30,11.7,84,0.00,340
1,06/06/21,12:00,12.2,83,0.00,379
1,06/06/21,12:30,12.7,80,0.00,380
1,06/06/21,13:00,13.2,78,0.00,433
1,06/06/21,13:30,13.7,69,0.00,431
1,06/06/21,14:00,13.8,70,0.00,386
1,06/06/21,14:30,14.1,72,0.00,388
1,06/06/21,15:00,13.6,72,0.00,291
1,06/06/21,15:30,13.6,74,0.00,253
1,06/06/21,16:00,13.2,75,0.00,227
1,06/06/21,16:30,12.8,76,0.00,168
1,06/06/21,17:00,12.2,80,0.00,74
1,06/06/21,17:30,11.3,82,0.00,27
1,06/06/21,18:00,10.4,84,0.00,3
1,06/06/21,18:30,9.9,85,0.00,0
1,06/06/21,19:00,9.4,87,0.00,0
1,06/06/21,19:30,9.3,88,0.00,0
1,06/06/21,20:00,9.3,89,0.00,0
1,06/06/21,20:30,9.3,87,0.00,0
1,06/06/21,21:00,9.1,85,0.00,0
1,06/06/21,21:30,8.8,84,0.00,0
1,06/06/21,22:00,8.6,85,0.00,0
1,06/06/21,22:30,8.8,84,0.00,0
1,06/06/21,23:00,8.9,86,0.00,0
1,06/06/21,23:30,8.7,87,0.00,0
1,07/06/21,00:00,8.8,88,0.00,0
1,07/06/21,0:30,8.9,90,0.00,0
1,07/06/21,1:00,9.0,91,0.00,0
1,07/06/21,1:30,9.1,92,0.00,0
1,07/06/21,2:00,9.8,92,0.00,0
1,07/06/21,2:30,10.1,92,0.00,0
1,07/06/21,3:00,10.0,93,0.00,0
1,07/06/21,3:30,10.3,95,0.00,0
1,07/06/21,4:00,10.0,95,0.00,0
1,07/06/21,4:30,9.9,96,0.00,0
1,07/06/21,5:00,10.1,96,0.00,0
1,07/06/21,5:30,10.1,95,0.00,0
1,07/06/21,6:00,10.1,95,0.00,0
1,07/06/21,6:30,10.2,95,0.00,0
1,07/06/21,7:00,10.3,95,0.00,0
1,07/06/21,7:30,10.4,94,0.00,0
1,07/06/21,8:00,10.8,94,0.00,28
1,07/06/21,8:30,11.1,93,0.00,96
1,07/06/21,9:00,11.9,90,0.00,185
1,07/06/21,9:30,12.4,89,0.00,272
1,07/06/21,10:00,13.2,86,0.00,365
1,07/06/21,10:30,14.2,84,0.00,436
1,07/06/21,11:00,14.8,80,0.00,503
1,07/06/21,11:30,15.4,77,0.00,553
1,07/06/21,12:00,15.8,75,0.00,527
1,07/06/21,12:30,15.7,73,0.00,440
1,07/06/21,13:00,16.3,71,0.00,491
1,07/06/21,13:30,16.6,69,0.00,534
1,07/06/21,14:00,16.8,69,0.00,514
1,07/06/21,14:30,16.8,68,0.00,467
1,07/06/21,15:00,16.4,70,0.00,410
1,07/06/21,15:30,16.3,71,0.00,201
1,07/06/21,16:00,16.6,71,0.00,274
1,07/06/21,16:30,15.7,74,0.00,81
1,07/06/21,17:00,15.3,75,0.00,35
1,07/06/21,17:30,14.8,78,0.00,13
1,07/06/21,18:00,14.7,79,0.00,1
1,07/06/21,18:30,14.3,81,0.00,0
1,07/06/21,19:00,14.3,82,0.00,0
1,07/06/21,19:30,14.3,82,0.00,0
1,07/06/21,20:00,14.1,82,0.00,0
1,07/06/21,20:30,13.9,82,0.00,0
1,07/06/21,21:00,13.8,82,0.00,0
1,07/06/21,21:30,13.8,83,0.00,0
1,07/06/21,22:00,13.7,84,0.00,0
1,07/06/21,22:30,13.7,85,0.00,0
1,07/06/21,23:00,13.6,86,0.00,0
1,07/06/21,23:30,13.6,87,0.00,0
1,08/06/21,00:00,13.8,87,0.00,0
1,08/06/21,0:30,13.6,88,0.00,0
1,08/06/21,1:00,12.9,92,0.00,0
1,08/06/21,1:30,12.9,93,0.00,0
1,08/06/21,2:00,13.2,93,0.00,0
1,08/06/21,2:30,13.5,92,0.00,0
1,08/06/21,3:00,13.6,92,0.00,0
1,08/06/21,3:30,13.8,92,0.00,0
1,08/06/21,4:00,13.9,91,0.00,0
1,08/06/21,4:30,13.9,92,0.00,0
1,08/06/21,5:00,13.9,93,0.00,0
1,08/06/21,5:30,13.9,94,0.00,0
1,08/06/21,6:00,14.3,92,0.00,0
1,08/06/21,6:30,14.3,91,0.00,0
1,08/06/21,7:00,14.1,92,0.00,0
1,08/06/21,7:30,14.1,92,0.00,0
1,08/06/21,8:00,14.3,92,0.00,10
1,08/06/21,8:30,14.4,92,0.00,31
1,08/06/21,9:00,14.6,92,0.00,36
1,08/06/21,9:30,14.9,92,0.00,85
1,08/06/21,10:00,15.3,91,0.00,141
1,08/06/21,10:30,15.2,91,0.00,88
1,08/06/21,11:00,15.5,90,0.00,104
1,08/06/21,11:30,15.8,89,0.00,120
1,08/06/21,12:00,15.8,89,0.00,131
1,08/06/21,12:30,15.7,89,0.00,101
1,08/06/21,13:00,14.9,93,0.80,76
1,08/06/21,13:30,15.1,93,3.60,65
1,08/06/21,14:00,14.8,93,0.00,47
1,08/06/21,14:30,14.8,94,0.40,21
1,08/06/21,15:00,15.0,93,0.20,26
1,08/06/21,15:30,15.4,93,0.00,90
1,08/06/21,16:00,15.6,92,0.00,74
1,08/06/21,16:30,15.7,91,0.00,54
1,08/06/21,17:00,15.4,91,0.00,31
1,08/06/21,17:30,15.3,92,0.00,8
1,08/06/21,18:00,15.3,92,0.00,0
1,08/06/21,18:30,15.2,92,0.00,0
1,08/06/21,19:00,15.1,92,0.00,0
1,08/06/21,19:30,15.1,93,0.00,0
1,08/06/21,20:00,15.2,92,0.00,0
1,08/06/21,20:30,15.0,93,0.00,0
1,08/06/21,21:00,15.1,93,0.00,0
1,08/06/21,21:30,15.1,92,0.00,0
1,08/06/21,22:00,14.8,92,0.00,0
1,08/06/21,22:30,14.8,92,0.00,0
1,08/06/21,23:00,15.0,92,0.00,0
1,08/06/21,23:30,14.8,92,0.00,0
1,09/06/21,00:00,14.9,92,0.20,0
1,09/06/21,0:30,14.9,92,0.00,0
1,09/06/21,1:00,15.1,91,0.00,0
1,09/06/21,1:30,15.1,91,0.00,0
1,09/06/21,2:00,15.2,91,0.00,0
1,09/06/21,2:30,15.3,91,0.00,0
1,09/06/21,3:00,15.5,90,0.00,0
1,09/06/21,3:30,15.4,90,0.00,0
1,09/06/21,4:00,15.3,90,0.00,0
1,09/06/21,4:30,15.4,90,0.00,0
1,09/06/21,5:00,15.4,90,0.00,0
1,09/06/21,5:30,15.4,91,0.00,0
1,09/06/21,6:00,15.5,91,0.00,0
1,09/06/21,6:30,15.5,91,0.00,0
1,09/06/21,7:00,15.5,91,0.00,0
1,09/06/21,7:30,15.4,92,0.00,0
1,09/06/21,8:00,15.5,92,0.00,6
1,09/06/21,8:30,15.7,92,0.00,30
1,09/06/21,9:00,16.0,91,0.00,61
1,09/06/21,9:30,16.4,90,0.00,98
1,09/06/21,10:00,16.8,90,0.00,135
1,09/06/21,10:30,17.1,88,0.00,148
1,09/06/21,11:00,17.0,89,0.00,136
1,09/06/21,11:30,17.1,89,0.00,242
1,09/06/21,12:00,17.2,90,0.00,255
1,09/06/21,12:30,17.5,88,0.00,233
1,09/06/21,13:00,16.9,93,0.00,281
1,09/06/21,13:30,17.5,90,0.20,328
1,09/06/21,14:00,17.9,88,0.00,324
1,09/06/21,14:30,18.3,86,0.00,353
1,09/06/21,15:00,18.3,85,0.00,220
1,09/06/21,15:30,18.4,85,0.00,128
1,09/06/21,16:00,18.4,85,0.00,104
1,09/06/21,16:30,18.3,85,0.00,104
1,09/06/21,17:00,17.3,90,0.00,32
1,09/06/21,17:30,17.2,91,0.00,12
1,09/06/21,18:00,17.0,92,0.00,0
1,09/06/21,18:30,16.7,92,0.00,0
1,09/06/21,19:00,16.4,92,0.00,0
1,09/06/21,19:30,15.9,92,0.00,0
1,09/06/21,20:00,15.2,93,0.00,0
1,09/06/21,20:30,14.8,94,0.00,0
1,09/06/21,21:00,14.6,95,0.00,0
1,09/06/21,21:30,14.7,95,0.00,0
1,09/06/21,22:00,14.9,94,0.00,0
1,09/06/21,22:30,14.9,94,0.00,0
1,09/06/21,23:00,14.9,94,0.00,0
1,09/06/21,23:30,14.9,94,0.00,0
1,10/06/21,00:00,14.9,94,0.00,0
1,10/06/21,0:30,14.8,94,0.00,0
1,10/06/21,1:00,14.8,95,0.00,0
1,10/06/21,1:30,14.8,95,0.00,0
1,10/06/21,2:00,14.7,95,0.00,0
1,10/06/21,2:30,14.4,96,0.00,0
1,10/06/21,3:00,14.2,97,0.00,0
1,10/06/21,3:30,14.2,97,0.00,0
1,10/06/21,4:00,14.1,97,0.00,0
1,10/06/21,4:30,14.1,97,0.00,0
1,10/06/21,5:00,14.1,97,0.00,0
1,10/06/21,5:30,14.1,98,0.00,0
1,10/06/21,6:00,13.8,97,0.00,0
1,10/06/21,6:30,13.8,98,0.00,0
1,10/06/21,7:00,13.8,98,0.00,0
1,10/06/21,7:30,13.8,98,0.00,0
1,10/06/21,8:00,13.8,98,0.00,2
1,10/06/21,8:30,13.9,98,0.00,10
1,10/06/21,9:00,14.1,98,0.00,17
1,10/06/21,9:30,14.2,98,0.00,62
1,10/06/21,10:00,14.6,98,0.00,203
1,10/06/21,10:30,14.7,98,0.00,159
1,10/06/21,11:00,14.6,98,0.00,166
1,10/06/21,11:30,15.2,98,0.00,197
1,10/06/21,12:00,15.9,95,0.00,426
1,10/06/21,12:30,16.6,85,0.00,397
1,10/06/21,13:00,16.7,88,0.00,261
1,10/06/21,13:30,17.3,84,0.00,487
1,10/06/21,14:00,17.9,80,0.00,537
1,10/06/21,14:30,17.4,82,0.00,436
1,10/06/21,15:00,17.4,82,0.00,220
1,10/06/21,15:30,17.1,82,0.00,110
1,10/06/21,16:00,17.6,83,0.00,143
1,10/06/21,16:30,17.4,83,0.00,109
1,10/06/21,17:00,16.8,82,0.00,48
1,10/06/21,17:30,15.3,87,0.00,11
1,10/06/21,18:00,14.8,89,0.00,1
1,10/06/21,18:30,14.5,90,0.00,0
1,10/06/21,19:00,14.4,91,0.00,0
1,10/06/21,19:30,13.9,93,0.00,0
1,10/06/21,20:00,13.6,93,0.00,0
1,10/06/21,20:30,13.1,95,0.00,0
1,10/06/21,21:00,13.6,96,0.00,0
1,10/06/21,21:30,13.4,96,0.00,0
1,10/06/21,22:00,13.2,96,0.00,0
1,10/06/21,22:30,12.9,96,0.00,0
1,10/06/21,23:00,12.9,96,0.00,0
1,10/06/21,23:30,12.7,97,0.00,0
1,11/06/21,00:00,12.6,97,0.00,0
1,11/06/21,0:30,12.6,97,0.00,0
1,11/06/21,1:00,12.4,97,0.00,0
1,11/06/21,1:30,12.1,97,0.00,0
1,11/06/21,2:00,11.8,97,0.00,0
1,11/06/21,2:30,11.7,97,0.00,0
1,11/06/21,3:00,11.1,97,0.00,0
1,11/06/21,3:30,10.9,98,0.00,0
1,11/06/21,4:00,11.2,98,0.00,0
1,11/06/21,4:30,11.2,98,0.00,0
1,11/06/21,5:00,11.2,98,0.00,0
1,11/06/21,5:30,10.8,98,0.00,0
1,11/06/21,6:00,10.4,98,0.00,0
1,11/06/21,6:30,10.1,98,0.00,0
1,11/06/21,7:00,9.5,97,0.00,0
1,11/06/21,7:30,9.2,97,0.00,0
1,11/06/21,8:00,8.8,97,0.00,10
1,11/06/21,8:30,8.6,96,0.00,50
1,11/06/21,9:00,8.4,95,0.00,83
1,11/06/21,9:30,9.1,93,0.00,165
1,11/06/21,10:00,9.3,90,0.00,184
1,11/06/21,10:30,10.1,85,0.00,448
1,11/06/21,11:00,10.7,82,0.00,531
1,11/06/21,11:30,11.4,73,0.00,569
1,11/06/21,12:00,11.9,68,0.00,589
1,11/06/21,12:30,11.8,69,0.00,436
1,11/06/21,13:00,11.6,68,0.00,419
1,11/06/21,13:30,11.8,65,0.00,460
1,11/06/21,14:00,11.5,69,0.00,306
1,11/06/21,14:30,12.6,68,0.00,493
1,11/06/21,15:00,12.5,65,0.00,381
1,11/06/21,15:30,11.7,66,0.00,265
1,11/06/21,16:00,11.3,66,0.00,138
1,11/06/21,16:30,12.1,59,0.00,186
1,11/06/21,17:00,11.1,64,0.00,84
1,11/06/21,17:30,9.8,71,0.00,24
1,11/06/21,18:00,8.7,74,0.00,1
1,11/06/21,18:30,8.4,74,0.00,0
1,11/06/21,19:00,8.6,71,0.00,0
1,11/06/21,19:30,7.9,73,0.00,0
1,11/06/21,20:00,8.1,73,0.00,0
1,11/06/21,20:30,7.8,75,0.00,0
1,11/06/21,21:00,7.6,76,0.00,0
1,11/06/21,21:30,7.3,77,0.00,0
1,11/06/21,22:00,7.0,77,0.00,0
1,11/06/21,22:30,7.0,76,0.00,0
1,11/06/21,23:00,7.2,75,0.00,0
1,11/06/21,23:30,7.1,75,0.00,0
1,12/06/21,00:00,6.7,77,0.00,0
1,12/06/21,0:30,6.5,77,0.00,0
1,12/06/21,1:00,6.2,79,0.00,0
1,12/06/21,1:30,6.1,78,0.00,0
1,12/06/21,2:00,6.4,76,0.00,0
1,12/06/21,2:30,6.8,73,0.00,0
1,12/06/21,3:00,6.9,72,0.00,0
1,12/06/21,3:30,6.8,72,0.00,0
1,12/06/21,4:00,6.8,72,0.00,0
1,12/06/21,4:30,6.9,71,0.00,0
1,12/06/21,5:00,7.3,72,0.00,0
1,12/06/21,5:30,7.3,73,0.00,0
1,12/06/21,6:00,7.2,75,0.00,0
1,12/06/21,6:30,7.6,74,0.00,0
1,12/06/21,7:00,8.2,72,0.00,0
1,12/06/21,7:30,8.2,70,0.00,1
1,12/06/21,8:00,8.7,68,0.00,18
1,12/06/21,8:30,9.3,67,0.00,99
1,12/06/21,9:00,10.1,65,0.00,175
1,12/06/21,9:30,10.3,68,0.00,241
1,12/06/21,10:00,11.1,73,0.00,335
1,12/06/21,10:30,12.4,73,0.00,315
1,12/06/21,11:00,14.1,70,0.00,427
1,12/06/21,11:30,14.8,69,0.00,503
1,12/06/21,12:00,15.7,70,0.00,514
1,12/06/21,12:30,15.9,69,0.00,528
1,12/06/21,13:00,16.7,68,0.00,535
1,12/06/21,13:30,16.7,68,0.00,542
1,12/06/21,14:00,17.5,68,0.00,526
1,12/06/21,14:30,17.5,67,0.00,457
1,12/06/21,15:00,17.4,68,0.00,404
1,12/06/21,15:30,17.7,67,0.00,334
1,12/06/21,16:00,17.5,68,0.00,254
1,12/06/21,16:30,17.1,69,0.00,161
1,12/06/21,17:00,16.5,73,0.00,69
1,12/06/21,17:30,15.3,76,0.00,15
1,12/06/21,18:00,14.7,78,0.00,1
1,12/06/21,18:30,14.6,78,0.00,0
1,12/06/21,19:00,14.2,79,0.00,0
1,12/06/21,19:30,13.9,80,0.00,0
1,12/06/21,20:00,13.1,83,0.00,0
1,12/06/21,20:30,13.3,83,0.00,0
1,12/06/21,21:00,13.3,82,0.00,0
1,12/06/21,21:30,13.2,83,0.00,0
1,12/06/21,22:00,12.8,84,0.00,0
1,12/06/21,22:30,12.3,85,0.00,0
1,12/06/21,23:00,12.7,84,0.00,0
1,12/06/21,23:30,12.4,85,0.00,0
1,13/06/21,00:00,12.1,85,0.00,0
1,13/06/21,0:30,12.1,85,0.00,0
1,13/06/21,1:00,11.9,85,0.00,0
1,13/06/21,1:30,11.8,85,0.00,0
1,13/06/21,2:00,11.9,84,0.00,0
1,13/06/21,2:30,11.6,85,0.00,0
1,13/06/21,3:00,11.2,87,0.00,0
1,13/06/21,3:30,11.2,87,0.00,0
1,13/06/21,4:00,11.1,87,0.00,0
1,13/06/21,4:30,11.5,87,0.00,0
1,13/06/21,5:00,11.6,86,0.00,0
1,13/06/21,5:30,11.6,86,0.00,0
1,13/06/21,6:00,11.8,85,0.00,0
1,13/06/21,6:30,11.6,86,0.00,0
1,13/06/21,7:00,11.2,87,0.00,0
1,13/06/21,7:30,11.4,86,0.00,0
1,13/06/21,8:00,11.6,87,0.00,17
1,13/06/21,8:30,13.0,84,0.00,85
1,13/06/21,9:00,13.4,82,0.00,187
1,13/06/21,9:30,13.4,83,0.00,282
1,13/06/21,10:00,13.9,83,0.00,362
1,13/06/21,10:30,15.3,79,0.00,432
1,13/06/21,11:00,16.1,77,0.00,489
1,13/06/21,11:30,17.2,72,0.00,533
1,13/06/21,12:00,18.1,70,0.00,562
1,13/06/21,12:30,18.4,69,0.00,575
1,13/06/21,13:00,19.1,66,0.00,573
1,13/06/21,13:30,19.2,66,0.00,554
1,13/06/21,14:00,19.7,64,0.00,521
1,13/06/21,14:30,20.4,56,0.00,475
1,13/06/21,15:00,20.6,54,0.00,415
1,13/06/21,15:30,20.3,54,0.00,342
1,13/06/21,16:00,19.8,57,0.00,261
1,13/06/21,16:30,19.4,60,0.00,164
1,13/06/21,17:00,18.8,63,0.00,70
1,13/06/21,17:30,17.4,70,0.00,14
1,13/06/21,18:00,16.2,74,0.00,1
1,13/06/21,18:30,15.6,78,0.00,0
1,13/06/21,19:00,15.4,81,0.00,0
1,13/06/21,19:30,15.1,82,0.00,0
1,13/06/21,20:00,14.8,81,0.00,0
1,13/06/21,20:30,14.5,81,0.00,0
1,13/06/21,21:00,14.3,80,0.00,0
1,13/06/21,21:30,13.8,82,0.00,0
1,13/06/21,22:00,13.7,82,0.00,0
1,13/06/21,22:30,13.6,82,0.00,0
1,13/06/21,23:00,12.9,84,0.00,0
1,13/06/21,23:30,12.8,85,0.00,0
1,14/06/21,00:00,12.9,86,0.00,0
1,14/06/21,0:30,13.2,86,0.00,0
1,14/06/21,1:00,13.1,86,0.00,0
1,14/06/21,1:30,13.2,85,0.00,0
1,14/06/21,2:00,12.9,86,0.00,0
1,14/06/21,2:30,12.3,87,0.00,0
1,14/06/21,3:00,11.9,87,0.00,0
1,14/06/21,3:30,11.9,87,0.00,0
1,14/06/21,4:00,12.0,86,0.00,0
1,14/06/21,4:30,11.8,87,0.00,0
1,14/06/21,5:00,11.8,86,0.00,0
1,14/06/21,5:30,11.5,87,0.00,0
1,14/06/21,6:00,10.1,89,0.00,0
1,14/06/21,6:30,11.0,91,0.00,0
1,14/06/21,7:00,11.1,88,0.00,0
1,14/06/21,7:30,10.3,91,0.00,0
1,14/06/21,8:00,11.3,91,0.00,18
1,14/06/21,8:30,12.6,87,0.00,88
1,14/06/21,9:00,13.9,83,0.00,185
1,14/06/21,9:30,14.4,82,0.00,282
1,14/06/21,10:00,15.1,81,0.00,361
1,14/06/21,10:30,15.7,80,0.00,431
1,14/06/21,11:00,16.7,78,0.00,486
1,14/06/21,11:30,18.2,72,0.00,529
1,14/06/21,12:00,19.4,72,0.00,556
1,14/06/21,12:30,19.8,67,0.00,568
1,14/06/21,13:00,20.1,67,0.00,564
1,14/06/21,13:30,20.3,66,0.00,546
1,14/06/21,14:00,20.5,65,0.00,516
1,14/06/21,14:30,20.9,62,0.00,468
1,14/06/21,15:00,20.9,62,0.00,409
1,14/06/21,15:30,20.6,66,0.00,338
1,14/06/21,16:00,20.1,65,0.00,256
1,14/06/21,16:30,19.3,68,0.00,161
1,14/06/21,17:00,18.4,70,0.00,68
1,14/06/21,17:30,17.2,74,0.00,15
1,14/06/21,18:00,15.8,78,0.00,1
1,14/06/21,18:30,16.0,77,0.00,0
1,14/06/21,19:00,16.1,76,0.00,0
1,14/06/21,19:30,16.2,76,0.00,0
1,14/06/21,20:00,16.0,77,0.00,0
1,14/06/21,20:30,15.8,77,0.00,0
1,14/06/21,21:00,14.8,80,0.00,0
1,14/06/21,21:30,14.3,82,0.00,0
1,14/06/21,22:00,13.7,86,0.00,0
1,14/06/21,22:30,13.8,85,0.00,0
1,14/06/21,23:00,13.6,86,0.00,0
1,14/06/21,23:30,13.4,87,0.00,0
1,15/06/21,00:00,13.2,88,0.00,0
1,15/06/21,0:30,13.2,88,0.00,0
1,15/06/21,1:00,12.9,89,0.00,0
1,15/06/21,1:30,12.4,89,0.00,0
1,15/06/21,2:00,12.1,90,0.00,0
1,15/06/21,2:30,11.8,91,0.00,0
1,15/06/21,3:00,11.6,92,0.00,0
1,15/06/21,3:30,10.7,94,0.00,0
1,15/06/21,4:00,10.4,96,0.00,0
1,15/06/21,4:30,10.4,96,0.00,0
1,15/06/21,5:00,10.6,96,0.00,0
1,15/06/21,5:30,10.9,96,0.00,0
1,15/06/21,6:00,11.0,97,0.00,0
1,15/06/21,6:30,11.1,97,0.00,0
1,15/06/21,7:00,11.1,97,0.00,0
1,15/06/21,7:30,10.9,97,0.00,0
1,15/06/21,8:00,10.8,97,0.00,4
1,15/06/21,8:30,10.8,97,0.00,26
1,15/06/21,9:00,10.8,97,0.00,31
1,15/06/21,9:30,10.3,97,0.00,33
1,15/06/21,10:00,9.9,96,0.00,67
1,15/06/21,10:30,9.6,95,0.00,76
1,15/06/21,11:00,9.5,94,0.00,84
1,15/06/21,11:30,9.5,91,0.00,94
1,15/06/21,12:00,9.8,89,0.00,122
1,15/06/21,12:30,10.6,87,0.00,252
1,15/06/21,13:00,10.9,83,0.00,396
1,15/06/21,13:30,11.4,80,0.00,339
1,15/06/21,14:00,11.6,79,0.00,336
1,15/06/21,14:30,11.7,78,0.00,242
1,15/06/21,15:00,11.6,78,0.00,228
1,15/06/21,15:30,11.3,78,0.00,134
1,15/06/21,16:00,11.3,75,0.00,148
1,15/06/21,16:30,11.4,74,0.00,108
1,15/06/21,17:00,10.9,73,0.00,45
1,15/06/21,17:30,10.4,73,0.00,8
1,15/06/21,18:00,9.4,75,0.00,0
1,15/06/21,18:30,8.9,76,0.00,0
1,15/06/21,19:00,8.3,76,0.00,0
1,15/06/21,19:30,8.0,77,0.00,0
1,15/06/21,20:00,7.8,77,0.00,0
1,15/06/21,20:30,7.8,78,0.00,0
1,15/06/21,21:00,6.8,82,0.00,0
1,15/06/21,21:30,6.3,84,0.00,0
1,15/06/21,22:00,6.4,84,0.00,0
1,15/06/21,22:30,6.9,82,0.00,0
1,15/06/21,23:00,7.7,79,0.00,0
1,15/06/21,23:30,7.7,80,0.00,0
1,16/06/21,00:00,7.1,83,0.00,0
1,16/06/21,0:30,6.5,83,0.00,0
1,16/06/21,1:00,6.6,86,0.00,0
1,16/06/21,1:30,5.9,88,0.00,0
1,16/06/21,2:00,5.6,89,0.00,0
1,16/06/21,2:30,5.5,89,0.00,0
1,16/06/21,3:00,4.8,90,0.00,0
1,16/06/21,3:30,4.3,91,0.00,0
1,16/06/21,4:00,3.9,92,0.00,0
1,16/06/21,4:30,3.5,93,0.00,0
1,16/06/21,5:00,3.7,93,0.00,0
1,16/06/21,5:30,4.2,92,0.00,0
1,16/06/21,6:00,4.7,90,0.00,0
1,16/06/21,6:30,4.2,92,0.00,0
1,16/06/21,7:00,4.1,91,0.00,0
1,16/06/21,7:30,3.6,89,0.00,0
1,16/06/21,8:00,4.7,88,0.00,22
1,16/06/21,8:30,5.3,87,0.00,91
1,16/06/21,9:00,5.9,86,0.00,199
1,16/06/21,9:30,6.1,84,0.00,148
1,16/06/21,10:00,7.1,81,0.00,265
1,16/06/21,10:30,7.7,76,0.00,383
1,16/06/21,11:00,8.4,76,0.00,456
1,16/06/21,11:30,8.8,73,0.00,466
1,16/06/21,12:00,9.5,67,0.00,470
1,16/06/21,12:30,9.7,67,0.00,443
1,16/06/21,13:00,9.2,63,0.00,391
1,16/06/21,13:30,9.4,65,0.00,339
1,16/06/21,14:00,9.6,64,0.00,309
1,16/06/21,14:30,9.7,62,0.00,273
1,16/06/21,15:00,9.8,63,0.00,315
1,16/06/21,15:30,9.6,65,0.00,239
1,16/06/21,16:00,10.0,64,0.00,261
1,16/06/21,16:30,9.2,64,0.00,159
1,16/06/21,17:00,8.7,68,0.00,83
1,16/06/21,17:30,8.1,73,0.00,35
1,16/06/21,18:00,7.3,76,0.00,2
1,16/06/21,18:30,6.8,78,0.00,0
1,16/06/21,19:00,6.3,81,0.00,0
1,16/06/21,19:30,6.1,83,0.00,0
1,16/06/21,20:00,5.7,84,0.00,0
1,16/06/21,20:30,5.6,85,0.00,0
1,16/06/21,21:00,5.8,85,0.00,0
1,16/06/21,21:30,5.2,87,0.00,0
1,16/06/21,22:00,4.7,87,0.00,0
1,16/06/21,22:30,4.0,89,0.00,0
1,16/06/21,23:00,4.4,90,0.00,0
1,16/06/21,23:30,4.2,90,0.00,0
1,17/06/21,00:00,4.3,91,0.00,0
1,17/06/21,0:30,3.6,90,0.00,0
1,17/06/21,1:00,3.6,90,0.00,0
1,17/06/21,1:30,3.3,91,0.00,0
1,17/06/21,2:00,2.8,92,0.00,0
1,17/06/21,2:30,3.3,92,0.00,0
1,17/06/21,3:00,2.4,92,0.00,0
1,17/06/21,3:30,1.9,93,0.00,0
1,17/06/21,4:00,2.3,94,0.00,0
1,17/06/21,4:30,2.6,95,0.00,0
1,17/06/21,5:00,2.3,95,0.00,0
1,17/06/21,5:30,2.4,95,0.00,0
1,17/06/21,6:00,2.4,96,0.00,0
1,17/06/21,6:30,2.9,96,0.00,0
1,17/06/21,7:00,2.9,96,0.00,0
1,17/06/21,7:30,2.8,95,0.00,0
1,17/06/21,8:00,2.8,96,0.00,10
1,17/06/21,8:30,3.7,97,0.00,26
1,17/06/21,9:00,3.9,96,0.00,45
1,17/06/21,9:30,4.6,97,0.00,65
1,17/06/21,10:00,5.4,97,0.00,127
1,17/06/21,10:30,6.1,97,0.00,202
1,17/06/21,11:00,6.3,97,0.00,140
1,17/06/21,11:30,6.7,97,0.00,191
1,17/06/21,12:00,7.4,96,0.00,374
1,17/06/21,12:30,8.1,91,0.00,408
1,17/06/21,13:00,8.5,88,0.00,495
1,17/06/21,13:30,8.5,87,0.00,475
1,17/06/21,14:00,9.3,88,0.00,526
1,17/06/21,14:30,8.2,88,0.00,217
1,17/06/21,15:00,8.2,89,0.00,219
1,17/06/21,15:30,8.2,88,0.00,169
1,17/06/21,16:00,8.2,88,0.00,135
1,17/06/21,16:30,7.8,88,0.00,109
1,17/06/21,17:00,7.0,90,0.00,33
1,17/06/21,17:30,7.1,91,0.00,18
1,17/06/21,18:00,6.1,91,0.00,1
1,17/06/21,18:30,6.2,91,0.00,0
1,17/06/21,19:00,6.1,91,0.00,0
1,17/06/21,19:30,5.6,92,0.00,0
1,17/06/21,20:00,5.7,93,0.00,0
1,17/06/21,20:30,5.8,93,0.00,0
1,17/06/21,21:00,5.9,94,0.00,0
1,17/06/21,21:30,5.9,94,0.00,0
1,17/06/21,22:00,6.1,94,0.00,0
1,17/06/21,22:30,5.8,94,0.00,0
1,17/06/21,23:00,6.2,95,0.00,0
1,17/06/21,23:30,5.8,95,0.00,0
1,18/06/21,00:00,5.8,95,0.00,0
1,18/06/21,0:30,5.0,95,0.00,0
1,18/06/21,1:00,5.4,95,0.00,0
1,18/06/21,1:30,6.2,96,0.00,0
1,18/06/21,2:00,5.7,96,0.00,0
1,18/06/21,2:30,5.6,95,0.00,0
1,18/06/21,3:00,6.3,97,0.00,0
1,18/06/21,3:30,6.6,97,0.00,0
1,18/06/21,4:00,6.4,96,0.00,0
1,18/06/21,4:30,6.2,96,0.00,0
1,18/06/21,5:00,5.8,96,0.00,0
1,18/06/21,5:30,5.8,97,0.00,0
1,18/06/21,6:00,6.0,97,0.00,0
1,18/06/21,6:30,6.0,97,0.00,0
1,18/06/21,7:00,6.1,97,0.00,0
1,18/06/21,7:30,5.9,97,0.00,0
1,18/06/21,8:00,6.1,97,0.00,7
1,18/06/21,8:30,6.2,97,0.00,36
1,18/06/21,9:00,6.7,97,0.00,84
1,18/06/21,9:30,7.4,95,0.00,231
1,18/06/21,10:00,7.8,92,0.00,181
1,18/06/21,10:30,9.0,88,0.00,437
1,18/06/21,11:00,9.7,83,0.00,435
1,18/06/21,11:30,10.8,77,0.00,531
1,18/06/21,12:00,11.2,76,0.00,559
1,18/06/21,12:30,11.7,69,0.00,574
1,18/06/21,13:00,12.2,66,0.00,575
1,18/06/21,13:30,12.6,66,0.00,573
1,18/06/21,14:00,12.8,63,0.00,443
1,18/06/21,14:30,13.0,62,0.00,463
1,18/06/21,15:00,13.2,64,0.00,434
1,18/06/21,15:30,12.9,67,0.00,439
1,18/06/21,16:00,12.3,66,0.00,291
1,18/06/21,16:30,12.3,68,0.00,165
1,18/06/21,17:00,11.7,70,0.00,73
1,18/06/21,17:30,10.8,75,0.00,15
1,18/06/21,18:00,10.0,78,0.00,0
1,18/06/21,18:30,9.1,82,0.00,0
1,18/06/21,19:00,9.1,83,0.00,0
1,18/06/21,19:30,9.1,84,0.00,0
1,18/06/21,20:00,9.0,86,0.00,0
1,18/06/21,20:30,9.3,87,0.00,0
1,18/06/21,21:00,9.1,88,0.00,0
1,18/06/21,21:30,9.0,90,0.00,0
1,18/06/21,22:00,9.0,91,0.00,0
1,18/06/21,22:30,9.2,92,0.00,0
1,18/06/21,23:00,9.2,92,0.00,0
1,18/06/21,23:30,9.2,93,0.00,0
1,19/06/21,00:00,9.4,92,0.00,0
1,19/06/21,0:30,9.4,92,0.00,0
1,19/06/21,1:00,9.6,93,0.00,0
1,19/06/21,1:30,9.7,93,0.00,0
1,19/06/21,2:00,9.7,93,0.00,0
1,19/06/21,2:30,10.0,92,0.00,0
1,19/06/21,3:00,10.1,92,0.00,0
1,19/06/21,3:30,9.9,92,0.00,0
1,19/06/21,4:00,9.8,92,0.00,0
1,19/06/21,4:30,9.4,93,0.00,0
1,19/06/21,5:00,9.6,93,0.00,0
1,19/06/21,5:30,9.4,94,0.00,0
1,19/06/21,6:00,9.4,94,0.00,0
1,19/06/21,6:30,9.9,94,0.00,0
1,19/06/21,7:00,10.0,94,0.00,0
1,19/06/21,7:30,10.2,94,0.00,0
1,19/06/21,8:00,10.3,94,0.00,7
1,19/06/21,8:30,10.4,93,0.00,52
1,19/06/21,9:00,11.3,93,0.00,146
1,19/06/21,9:30,11.4,93,0.00,160
1,19/06/21,10:00,11.9,91,0.00,156
1,19/06/21,10:30,12.8,88,0.00,425
1,19/06/21,11:00,13.1,87,0.00,283
1,19/06/21,11:30,13.4,85,0.00,250
1,19/06/21,12:00,13.7,83,0.00,190
1,19/06/21,12:30,14.7,80,0.00,420
1,19/06/21,13:00,14.5,81,0.00,239
1,19/06/21,13:30,14.5,85,0.00,424
1,19/06/21,14:00,14.4,84,0.00,150
1,19/06/21,14:30,15.4,79,0.00,343
1,19/06/21,15:00,15.1,80,0.00,154
1,19/06/21,15:30,15.6,79,0.00,145
1,19/06/21,16:00,15.6,78,0.00,170
1,19/06/21,16:30,14.7,80,0.00,104
1,19/06/21,17:00,14.9,83,0.00,67
1,19/06/21,17:30,13.7,87,0.00,20
1,19/06/21,18:00,12.3,90,0.00,1
1,19/06/21,18:30,12.1,92,0.00,0
1,19/06/21,19:00,11.6,92,0.00,0
1,19/06/21,19:30,11.8,94,0.00,0
1,19/06/21,20:00,11.1,95,0.00,0
1,19/06/21,20:30,11.0,95,0.00,0
1,19/06/21,21:00,10.7,96,0.00,0
1,19/06/21,21:30,10.6,96,0.00,0
1,19/06/21,22:00,10.7,96,0.00,0
1,19/06/21,22:30,10.8,97,0.00,0
1,19/06/21,23:00,10.9,97,0.00,0
1,19/06/21,23:30,11.1,97,0.00,0
1,20/06/21,00:00,11.1,97,0.00,0
1,20/06/21,0:30,11.1,97,0.00,0
1,20/06/21,1:00,10.9,97,0.00,0
1,20/06/21,1:30,10.6,97,0.00,0
1,20/06/21,2:00,10.6,97,0.00,0
1,20/06/21,2:30,10.2,97,0.00,0
1,20/06/21,3:00,10.1,97,0.00,0
1,20/06/21,3:30,10.0,98,0.00,0
1,20/06/21,4:00,9.8,98,0.00,0
1,20/06/21,4:30,9.9,98,0.00,0
1,20/06/21,5:00,9.8,98,0.00,0
1,20/06/21,5:30,9.3,97,0.00,0
1,20/06/21,6:00,9.7,98,0.20,0
1,20/06/21,6:30,9.7,98,0.00,0
1,20/06/21,7:00,9.8,98,0.00,0
1,20/06/21,7:30,9.9,98,0.00,0
1,20/06/21,8:00,10.1,98,0.00,8
1,20/06/21,8:30,10.0,98,0.00,42
1,20/06/21,9:00,10.4,98,0.00,73
1,20/06/21,9:30,10.8,98,0.00,98
1,20/06/21,10:00,10.6,98,0.20,108
1,20/06/21,10:30,10.9,98,0.00,144
1,20/06/21,11:00,10.8,97,0.00,138
1,20/06/21,11:30,11.2,97,0.00,155
1,20/06/21,12:00,11.3,96,0.00,182
1,20/06/21,12:30,11.6,95,0.00,179
1,20/06/21,13:00,11.9,94,0.00,167
1,20/06/21,13:30,12.4,93,0.00,163
1,20/06/21,14:00,12.8,91,0.00,188
1,20/06/21,14:30,12.8,88,0.00,166
1,20/06/21,15:00,13.2,86,0.00,134
1,20/06/21,15:30,13.2,87,0.00,74
1,20/06/21,16:00,13.2,88,0.00,51
1,20/06/21,16:30,12.4,93,0.00,52
1,20/06/21,17:00,12.3,94,0.00,26
1,20/06/21,17:30,12.1,94,0.00,15
1,20/06/21,18:00,11.9,93,0.00,0
1,20/06/21,18:30,11.9,94,0.00,0
1,20/06/21,19:00,11.6,94,0.00,0
1,20/06/21,19:30,10.9,95,0.00,0
1,20/06/21,20:00,10.6,94,0.00,0
1,20/06/21,20:30,10.4,95,0.00,0
1,20/06/21,21:00,10.3,95,0.00,0
1,20/06/21,21:30,10.4,95,0.00,0
1,20/06/21,22:00,10.2,95,0.00,0
1,20/06/21,22:30,9.9,95,0.00,0
1,20/06/21,23:00,9.9,95,0.00,0
1,20/06/21,23:30,9.8,95,0.00,0
1,21/06/21,00:00,9.7,95,0.00,0
1,21/06/21,0:30,9.7,95,0.00,0
1,21/06/21,1:00,9.4,95,0.00,0
1,21/06/21,1:30,9.4,95,0.00,0
1,21/06/21,2:00,9.2,96,0.00,0
1,21/06/21,2:30,9.2,96,0.00,0
1,21/06/21,3:00,9.3,96,0.00,0
1,21/06/21,3:30,9.2,96,0.00,0
1,21/06/21,4:00,9.0,96,0.00,0
1,21/06/21,4:30,8.8,95,0.00,0
1,21/06/21,5:00,8.7,95,0.00,0
1,21/06/21,5:30,8.9,95,0.00,0
1,21/06/21,6:00,8.8,96,0.00,0
1,21/06/21,6:30,8.3,95,0.00,0
1,21/06/21,7:00,8.3,96,0.00,0
1,21/06/21,7:30,8.4,96,0.00,1
1,21/06/21,8:00,8.4,96,0.00,13
1,21/06/21,8:30,8.6,96,0.00,50
1,21/06/21,9:00,8.8,96,0.00,110
1,21/06/21,9:30,9.6,95,0.00,201
1,21/06/21,10:00,9.8,94,0.00,263
1,21/06/21,10:30,10.2,92,0.00,280
1,21/06/21,11:00,10.6,91,0.00,279
1,21/06/21,11:30,11.1,90,0.00,318
1,21/06/21,12:00,11.9,88,0.00,450
1,21/06/21,12:30,12.5,84,0.00,484
1,21/06/21,13:00,13.1,82,0.00,455
1,21/06/21,13:30,13.1,83,0.00,302
1,21/06/21,14:00,13.3,80,0.00,322
1,21/06/21,14:30,13.0,82,0.00,235
1,21/06/21,15:00,13.0,82,0.00,249
1,21/06/21,15:30,12.2,85,0.00,159
1,21/06/21,16:00,12.0,86,0.00,170
1,21/06/21,16:30,11.8,86,0.00,137
1,21/06/21,17:00,11.6,86,0.00,98
1,21/06/21,17:30,11.1,87,0.00,37
1,21/06/21,18:00,10.3,90,0.00,3
1,21/06/21,18:30,10.0,91,0.00,0
1,21/06/21,19:00,9.8,91,0.00,0
1,21/06/21,19:30,9.4,92,0.00,0
1,21/06/21,20:00,9.4,92,0.00,0
1,21/06/21,20:30,9.6,92,0.00,0
1,21/06/21,21:00,9.3,93,0.00,0
1,21/06/21,21:30,9.3,91,0.00,0
1,21/06/21,22:00,8.5,93,0.00,0
1,21/06/21,22:30,8.7,94,0.00,0
1,21/06/21,23:00,9.3,95,0.00,0
1,21/06/21,23:30,9.6,95,0.00,0
1,22/06/21,00:00,9.5,96,0.00,0
1,22/06/21,0:30,9.6,96,0.00,0
1,22/06/21,1:00,9.6,96,0.00,0
1,22/06/21,1:30,9.4,96,0.00,0
1,22/06/21,2:00,9.4,97,0.00,0
1,22/06/21,2:30,9.2,97,0.00,0
1,22/06/21,3:00,9.0,97,0.00,0
1,22/06/21,3:30,9.0,97,0.00,0
1,22/06/21,4:00,8.7,97,0.00,0
1,22/06/21,4:30,8.4,97,0.00,0
1,22/06/21,5:00,8.4,97,0.00,0
1,22/06/21,5:30,8.4,97,0.00,0
1,22/06/21,6:00,8.8,98,0.00,0
1,22/06/21,6:30,9.0,98,0.00,0
1,22/06/21,7:00,9.2,97,0.00,0
1,22/06/21,7:30,9.4,95,0.00,0
1,22/06/21,8:00,8.6,96,0.00,14
1,22/06/21,8:30,8.9,97,0.00,76
1,22/06/21,9:00,10.4,95,0.00,180
1,22/06/21,9:30,11.2,92,0.00,270
1,22/06/21,10:00,10.9,94,0.00,228
1,22/06/21,10:30,11.6,92,0.00,237
1,22/06/21,11:00,12.8,89,0.00,439
1,22/06/21,11:30,13.8,86,0.00,508
1,22/06/21,12:00,13.8,86,0.00,372
1,22/06/21,12:30,13.4,86,0.00,352
1,22/06/21,13:00,13.8,85,0.00,381
1,22/06/21,13:30,14.9,80,0.00,548
1,22/06/21,14:00,14.6,82,0.00,280
1,22/06/21,14:30,15.2,79,0.00,272
1,22/06/21,15:00,15.4,78,0.00,347
1,22/06/21,15:30,15.7,76,0.00,264
1,22/06/21,16:00,16.0,75,0.00,241
1,22/06/21,16:30,14.9,80,0.00,84
1,22/06/21,17:00,14.3,83,0.00,53
1,22/06/21,17:30,13.6,84,0.00,16
1,22/06/21,18:00,12.9,85,0.00,1
1,22/06/21,18:30,12.6,87,0.00,0
1,22/06/21,19:00,11.6,90,0.00,0
1,22/06/21,19:30,11.3,91,0.00,0
1,22/06/21,20:00,12.2,92,0.00,0
1,22/06/21,20:30,12.6,92,0.00,0
1,22/06/21,21:00,12.5,94,0.00,0
1,22/06/21,21:30,12.1,93,0.00,0
1,22/06/21,22:00,11.7,94,0.00,0
1,22/06/21,22:30,11.6,94,0.00,0
1,22/06/21,23:00,11.8,92,0.00,0
1,22/06/21,23:30,11.8,92,0.00,0
1,23/06/21,00:00,11.8,93,0.00,0
1,23/06/21,0:30,12.3,92,0.00,0
1,23/06/21,1:00,12.4,92,0.00,0
1,23/06/21,1:30,12.9,91,0.00,0
1,23/06/21,2:00,13.3,89,0.00,0
1,23/06/21,2:30,13.3,89,0.00,0
1,23/06/21,3:00,13.3,89,0.00,0
1,23/06/21,3:30,13.3,89,0.00,0
1,23/06/21,4:00,13.4,89,0.00,0
1,23/06/21,4:30,13.3,90,0.00,0
1,23/06/21,5:00,13.2,90,0.00,0
1,23/06/21,5:30,13.2,91,0.00,0
1,23/06/21,6:00,13.2,91,0.00,0
1,23/06/21,6:30,12.9,91,0.00,0
1,23/06/21,7:00,12.7,92,0.00,0
1,23/06/21,7:30,12.6,92,0.00,0
1,23/06/21,8:00,12.7,92,0.00,6
1,23/06/21,8:30,12.8,92,0.00,32
1,23/06/21,9:00,13.1,91,0.00,65
1,23/06/21,9:30,13.4,90,0.00,109
1,23/06/21,10:00,13.8,89,0.00,154
1,23/06/21,10:30,14.4,87,0.00,221
1,23/06/21,11:00,15.1,84,0.00,287
1,23/06/21,11:30,15.8,80,0.00,378
1,23/06/21,12:00,16.1,78,0.00,408
1,23/06/21,12:30,16.7,76,0.00,419
1,23/06/21,13:00,16.6,77,0.00,403
1,23/06/21,13:30,16.7,77,0.00,380
1,23/06/21,14:00,16.5,78,0.00,302
1,23/06/21,14:30,16.3,78,0.00,215
1,23/06/21,15:00,16.1,79,0.00,192
1,23/06/21,15:30,15.9,80,0.00,157
1,23/06/21,16:00,15.8,81,0.00,101
1,23/06/21,16:30,15.4,84,0.00,36
1,23/06/21,17:00,15.3,84,0.00,4
1,23/06/21,17:30,15.2,85,0.00,0
1,23/06/21,18:00,14.4,90,0.80,0
1,23/06/21,18:30,14.3,90,0.00,0
1,23/06/21,19:00,14.3,91,0.00,0
1,23/06/21,19:30,14.4,90,0.00,0
1,23/06/21,20:00,14.4,90,0.00,0
1,23/06/21,20:30,14.4,89,0.00,0
1,23/06/21,21:00,14.7,88,0.00,0
1,23/06/21,21:30,14.5,88,0.00,0
1,23/06/21,22:00,14.9,87,0.00,0
1,23/06/21,22:30,15.3,86,0.00,0
1,23/06/21,23:00,15.3,86,0.00,0
1,23/06/21,23:30,15.3,86,0.00,0
1,24/06/21,00:00,14.7,89,0.40,0
1,24/06/21,0:30,14.1,92,2.20,0
1,24/06/21,1:00,13.9,93,2.60,0
1,24/06/21,1:30,13.9,93,1.40,0
1,24/06/21,2:00,13.6,95,5.20,0
1,24/06/21,2:30,13.5,96,8.20,0
1,24/06/21,3:00,13.4,96,8.80,0
1,24/06/21,3:30,13.4,96,4.00,0
1,24/06/21,4:00,13.4,96,6.60,0
1,24/06/21,4:30,13.4,96,6.80,0
1,24/06/21,5:00,13.4,96,6.00,0
1,24/06/21,5:30,13.3,96,6.40,0
1,24/06/21,6:00,13.1,97,3.80,0
1,24/06/21,6:30,13.1,97,3.80,0
1,24/06/21,7:00,13.1,97,2.80,0
1,24/06/21,7:30,13.1,97,2.60,0
1,24/06/21,8:00,13.0,97,2.20,0
1,24/06/21,8:30,12.9,97,2.20,1
1,24/06/21,9:00,13.1,97,2.00,25
1,24/06/21,9:30,13.2,98,0.20,56
1,24/06/21,10:00,13.4,97,0.20,112
1,24/06/21,10:30,14.1,97,0.00,237
1,24/06/21,11:00,15.5,95,0.00,438
1,24/06/21,11:30,16.2,91,0.00,432
1,24/06/21,12:00,16.5,91,0.00,354
1,24/06/21,12:30,16.9,90,0.00,261
1,24/06/21,13:00,17.1,88,0.00,241
1,24/06/21,13:30,16.7,90,0.00,155
1,24/06/21,14:00,16.7,89,0.00,103
1,24/06/21,14:30,15.5,93,0.40,79
1,24/06/21,15:00,14.8,96,1.80,32
1,24/06/21,15:30,14.5,96,2.00,8
1,24/06/21,16:00,14.8,96,0.40,32
1,24/06/21,16:30,14.2,95,0.20,33
1,24/06/21,17:00,13.7,96,0.00,23
1,24/06/21,17:30,13.6,97,0.00,7
1,24/06/21,18:00,13.1,97,0.20,0
1,24/06/21,18:30,13.1,97,0.00,0
1,24/06/21,19:00,12.7,97,0.20,0
1,24/06/21,19:30,12.6,97,0.40,0
1,24/06/21,20:00,12.4,97,0.20,0
1,24/06/21,20:30,12.3,97,0.00,0
1,24/06/21,21:00,12.1,96,0.00,0
1,24/06/21,21:30,11.5,94,0.00,0
1,24/06/21,22:00,10.8,93,0.00,0
1,24/06/21,22:30,10.4,94,0.00,0
1,24/06/21,23:00,10.8,95,0.00,0
1,24/06/21,23:30,10.4,95,0.00,0
1,25/06/21,00:00,10.6,96,0.00,0
1,25/06/21,0:30,10.3,96,0.00,0
1,25/06/21,1:00,10.3,96,0.00,0
1,25/06/21,1:30,10.3,96,0.00,0
1,25/06/21,2:00,10.2,96,0.00,0
1,25/06/21,2:30,9.9,96,0.00,0
1,25/06/21,3:00,9.6,96,0.00,0
1,25/06/21,3:30,9.4,97,0.00,0
1,25/06/21,4:00,9.2,97,0.00,0
1,25/06/21,4:30,9.2,97,0.00,0
1,25/06/21,5:00,9.2,97,0.00,0
1,25/06/21,5:30,9.2,97,0.00,0
1,25/06/21,6:00,8.8,97,0.00,0
1,25/06/21,6:30,8.7,97,0.00,0
1,25/06/21,7:00,8.4,97,0.00,0
1,25/06/21,7:30,8.3,97,0.00,0
1,25/06/21,8:00,8.2,97,0.00,7
1,25/06/21,8:30,8.2,97,0.00,31
1,25/06/21,9:00,8.2,98,0.00,59
1,25/06/21,9:30,8.4,97,0.00,118
1,25/06/21,10:00,9.1,98,0.00,223
1,25/06/21,10:30,10.0,97,0.00,445
1,25/06/21,11:00,11.1,93,0.00,464
1,25/06/21,11:30,12.5,85,0.00,521
1,25/06/21,12:00,13.3,78,0.00,557
1,25/06/21,12:30,14.2,73,0.00,576
1,25/06/21,13:00,14.7,69,0.00,575
1,25/06/21,13:30,15.3,62,0.00,553
1,25/06/21,14:00,15.7,56,0.00,526
1,25/06/21,14:30,16.3,58,0.00,478
1,25/06/21,15:00,16.5,55,0.00,415
1,25/06/21,15:30,16.8,52,0.00,347
1,25/06/21,16:00,16.7,56,0.00,266
1,25/06/21,16:30,16.4,62,0.00,172
1,25/06/21,17:00,15.7,57,0.00,77
1,25/06/21,17:30,14.3,62,0.00,13
1,25/06/21,18:00,12.9,68,0.00,0
1,25/06/21,18:30,11.1,77,0.00,0
1,25/06/21,19:00,11.5,76,0.00,0
1,25/06/21,19:30,11.3,77,0.00,0
1,25/06/21,20:00,11.3,78,0.00,0
1,25/06/21,20:30,11.1,79,0.00,0
1,25/06/21,21:00,11.2,79,0.00,0
1,25/06/21,21:30,10.5,82,0.00,0
1,25/06/21,22:00,10.3,82,0.00,0
1,25/06/21,22:30,9.9,83,0.00,0
1,25/06/21,23:00,9.6,84,0.00,0
1,25/06/21,23:30,10.0,81,0.00,0
1,26/06/21,00:00,9.8,80,0.00,0
1,26/06/21,0:30,9.9,78,0.00,0
1,26/06/21,1:00,9.7,76,0.00,0
1,26/06/21,1:30,10.2,72,0.00,0
1,26/06/21,2:00,10.2,71,0.00,0
1,26/06/21,2:30,9.8,72,0.00,0
1,26/06/21,3:00,9.9,72,0.00,0
1,26/06/21,3:30,9.6,74,0.00,0
1,26/06/21,4:00,9.3,76,0.00,0
1,26/06/21,4:30,9.3,79,0.00,0
1,26/06/21,5:00,9.2,84,0.00,0
1,26/06/21,5:30,9.3,86,0.00,0
1,26/06/21,6:00,9.1,88,0.00,0
1,26/06/21,6:30,9.3,89,0.00,0
1,26/06/21,7:00,9.4,90,0.00,0
1,26/06/21,7:30,9.9,90,0.00,0
1,26/06/21,8:00,10.4,89,0.00,2
1,26/06/21,8:30,10.4,90,0.00,15
1,26/06/21,9:00,10.8,91,0.00,31
1,26/06/21,9:30,11.2,92,0.00,36
1,26/06/21,10:00,11.7,92,0.00,91
1,26/06/21,10:30,12.2,92,0.00,111
1,26/06/21,11:00,12.5,93,0.00,84
1,26/06/21,11:30,12.6,94,0.40,50
1,26/06/21,12:00,12.3,95,1.00,37
1,26/06/21,12:30,11.8,96,2.00,31
1,26/06/21,13:00,11.7,96,2.60,34
1,26/06/21,13:30,11.7,97,2.40,29
1,26/06/21,14:00,12.1,97,2.40,28
1,26/06/21,14:30,12.3,97,3.40,17
1,26/06/21,15:00,12.4,97,5.80,10
1,26/06/21,15:30,12.5,97,4.40,11
1,26/06/21,16:00,13.1,97,3.20,10
1,26/06/21,16:30,13.1,97,1.80,9
1,26/06/21,17:00,13.2,97,3.00,3
1,26/06/21,17:30,12.8,97,2.60,0
1,26/06/21,18:00,13.2,98,3.40,0
1,26/06/21,18:30,12.3,97,2.80,0
1,26/06/21,19:00,12.1,97,0.40,0
1,26/06/21,19:30,11.9,97,0.20,0
1,26/06/21,20:00,11.8,97,0.60,0
1,26/06/21,20:30,11.3,97,0.40,0
1,26/06/21,21:00,11.0,97,0.80,0
1,26/06/21,21:30,10.8,98,0.00,0
1,26/06/21,22:00,10.6,98,0.20,0
1,26/06/21,22:30,10.1,97,0.00,0
1,26/06/21,23:00,9.7,97,0.00,0
1,26/06/21,23:30,9.6,98,0.00,0
1,27/06/21,00:00,9.2,97,0.00,0
1,27/06/21,0:30,9.1,97,0.00,0
1,27/06/21,1:00,9.1,97,0.00,0
1,27/06/21,1:30,9.1,97,0.00,0
1,27/06/21,2:00,8.9,97,0.00,0
1,27/06/21,2:30,9.0,97,0.00,0
1,27/06/21,3:00,9.1,97,0.00,0
1,27/06/21,3:30,9.3,98,0.00,0
1,27/06/21,4:00,9.4,98,0.00,0
1,27/06/21,4:30,9.6,97,0.00,0
1,27/06/21,5:00,9.8,97,0.00,0
1,27/06/21,5:30,9.7,97,0.00,0
1,27/06/21,6:00,9.3,97,0.00,0
1,27/06/21,6:30,9.0,97,0.00,0
1,27/06/21,7:00,8.6,97,0.00,0
1,27/06/21,7:30,8.4,97,0.00,0
1,27/06/21,8:00,8.3,97,0.00,4
1,27/06/21,8:30,7.8,97,0.00,20
1,27/06/21,9:00,7.6,97,0.00,38
1,27/06/21,9:30,7.6,97,0.00,55
1,27/06/21,10:00,7.6,97,0.00,76
1,27/06/21,10:30,7.6,96,0.00,81
1,27/06/21,11:00,7.3,96,0.00,101
1,27/06/21,11:30,7.4,94,0.00,171
1,27/06/21,12:00,7.7,91,0.00,205
1,27/06/21,12:30,7.6,90,0.00,155
1,27/06/21,13:00,7.6,91,0.00,150
1,27/06/21,13:30,7.7,88,0.00,167
1,27/06/21,14:00,7.4,86,0.00,186
1,27/06/21,14:30,7.6,85,0.00,192
1,27/06/21,15:00,7.8,83,0.00,159
1,27/06/21,15:30,8.1,80,0.00,193
1,27/06/21,16:00,8.3,75,0.00,181
1,27/06/21,16:30,7.7,78,0.00,149
1,27/06/21,17:00,7.3,81,0.00,59
1,27/06/21,17:30,7.1,78,0.00,37
1,27/06/21,18:00,5.7,85,0.00,5
1,27/06/21,18:30,5.2,87,0.00,0
1,27/06/21,19:00,5.2,87,0.00,0
1,27/06/21,19:30,5.9,86,0.00,0
1,27/06/21,20:00,5.8,82,0.00,0
1,27/06/21,20:30,5.5,83,0.00,0
1,27/06/21,21:00,5.1,86,0.00,0
1,27/06/21,21:30,4.9,87,0.00,0
1,27/06/21,22:00,3.9,88,0.00,0
1,27/06/21,22:30,2.9,91,0.00,0
1,27/06/21,23:00,2.5,91,0.00,0
1,27/06/21,23:30,2.5,93,0.00,0
1,28/06/21,00:00,2.4,92,0.00,0
1,28/06/21,0:30,2.6,92,0.00,0
1,28/06/21,1:00,2.2,91,0.00,0
1,28/06/21,1:30,2.4,92,0.00,0
1,28/06/21,2:00,2.2,91,0.00,0
1,28/06/21,2:30,2.6,91,0.00,0
1,28/06/21,3:00,2.2,92,0.00,0
1,28/06/21,3:30,2.4,93,0.00,0
1,28/06/21,4:00,2.6,94,0.00,0
1,28/06/21,4:30,2.7,93,0.00,0
1,28/06/21,5:00,2.5,94,0.00,0
1,28/06/21,5:30,3.2,94,0.00,0
1,28/06/21,6:00,3.5,92,0.00,0
1,28/06/21,6:30,3.3,93,0.00,0
1,28/06/21,7:00,2.9,91,0.00,0
1,28/06/21,7:30,2.9,88,0.00,0
1,28/06/21,8:00,3.1,85,0.00,2
1,28/06/21,8:30,3.3,85,0.00,16
1,28/06/21,9:00,3.6,86,0.00,42
1,28/06/21,9:30,3.9,84,0.00,74
1,28/06/21,10:00,4.1,82,0.00,105
1,28/06/21,10:30,4.3,84,0.00,105
1,28/06/21,11:00,4.4,83,0.00,107
1,28/06/21,11:30,5.2,81,0.00,191
1,28/06/21,12:00,5.5,80,0.00,270
1,28/06/21,12:30,6.1,80,0.00,273
1,28/06/21,13:00,5.8,81,0.00,216
1,28/06/21,13:30,6.1,80,0.00,226
1,28/06/21,14:00,7.1,78,0.00,320
1,28/06/21,14:30,7.4,76,0.00,417
1,28/06/21,15:00,7.3,79,0.00,246
1,28/06/21,15:30,6.4,79,0.00,220
1,28/06/21,16:00,6.2,78,0.00,141
1,28/06/21,16:30,6.1,80,0.00,88
1,28/06/21,17:00,5.7,82,0.00,49
1,28/06/21,17:30,5.5,83,0.00,22
1,28/06/21,18:00,5.2,82,0.00,0
1,28/06/21,18:30,5.1,83,0.00,0
1,28/06/21,19:00,4.9,84,0.00,0
1,28/06/21,19:30,4.6,88,0.00,0
1,28/06/21,20:00,4.6,88,0.00,0
1,28/06/21,20:30,4.6,89,0.0,0
1,28/06/21,21:00,4.6,90,0.0,0
1,28/06/21,21:30,4.6,90,0.0,0
1,28/06/21,22:00,4.7,89,0.0,0
1,28/06/21,22:30,4.9,88,0.0,0
1,28/06/21,23:00,4.8,88,0.0,0
1,28/06/21,23:30,4.5,91,0.0,0
1,29/06/21,00:00,4.4,90,0.0,0
1,29/06/21,0:30,4.2,92,0.2,0
1,29/06/21,1:00,3.9,93,0.4,0
1,29/06/21,1:30,4.0,92,0.2,0
1,29/06/21,2:00,3.7,93,0.4,0
1,29/06/21,2:30,3.7,94,0.4,0
1,29/06/21,3:00,3.6,94,0.6,0
1,29/06/21,3:30,3.5,94,0.4,0
1,29/06/21,4:00,3.4,95,0.4,0
1,29/06/21,4:30,3.3,94,0.2,0
1,29/06/21,5:00,3.2,95,0.4,0
1,29/06/21,5:30,3.1,95,0.4,0
1,29/06/21,6:00,3.1,95,0.2,0
1,29/06/21,6:30,3.1,95,0.0,0
1,29/06/21,7:00,3.1,96,0.2,0
1,29/06/21,7:30,3.1,96,0.0,0
1,29/06/21,8:00,3.3,96,0.0,0
1,29/06/21,8:30,3.4,95,0.0,10
1,29/06/21,9:00,3.6,94,0.0,16
1,29/06/21,9:30,3.7,94,0.0,24
1,29/06/21,10:00,3.7,95,0.0,45
1,29/06/21,10:30,3.9,96,0.0,60
1,29/06/21,11:00,4.2,94,0.0,75
1,29/06/21,11:30,4.3,94,0.0,82
1,29/06/21,12:00,4.5,95,0.0,101
1,29/06/21,12:30,4.7,94,0.0,98
1,29/06/21,13:00,4.7,94,0.0,94
1,29/06/21,13:30,4.8,94,0.0,84
1,29/06/21,14:00,4.7,95,0.0,67
1,29/06/21,14:30,4.8,96,0.0,65
1,29/06/21,15:00,4.8,96,0.0,49
1,29/06/21,15:30,5.1,97,0.0,33
1,29/06/21,16:00,5.2,97,0.0,44
1,29/06/21,16:30,5.1,97,0.0,54
1,29/06/21,17:00,5.2,97,0.0,11
1,29/06/21,17:30,5.4,97,0.0,3
1,29/06/21,18:00,5.7,96,0.0,0
1,29/06/21,18:30,5.8,96,0.0,0
1,29/06/21,19:00,5.8,96,0.0,0
1,29/06/21,19:30,5.8,96,0.0,0
1,29/06/21,20:00,5.8,96,0.2,0
1,29/06/21,20:30,5.8,97,0.0,0
1,29/06/21,21:00,5.8,97,0.0,0
1,29/06/21,21:30,5.9,97,0.2,0
1,29/06/21,22:00,5.9,97,0.2,0
1,29/06/21,22:30,5.9,97,0.2,0
1,29/06/21,23:00,5.9,97,0.0,0
1,29/06/21,23:30,5.8,97,0.2,0
1,30/06/21,00:00,5.8,97,0.0,0
1,30/06/21,0:30,5.9,98,0.2,0
1,30/06/21,1:00,5.9,98,0.0,0
1,30/06/21,1:30,6.1,98,0.2,0
1,30/06/21,2:00,6.2,98,0.0,0
1,30/06/21,2:30,6.3,98,0.0,0
1,30/06/21,3:00,6.3,98,0.2,0
1,30/06/21,3:30,6.3,98,0.0,0
1,30/06/21,4:00,6.4,98,0.2,0
1,30/06/21,4:30,6.4,98,0.0,0
1,30/06/21,5:00,6.3,98,0.0,0
1,30/06/21,5:30,6.3,98,0.0,0
1,30/06/21,6:00,6.3,98,0.0,0
1,30/06/21,6:30,6.2,98,0.0,0
1,30/06/21,7:00,6.2,98,0.0,0
1,30/06/21,7:30,6.2,98,0.0,0
1,30/06/21,8:00,6.2,98,0.2,3
1,30/06/21,8:30,6.3,98,0.0,19
1,30/06/21,9:00,6.5,98,0.0,52
1,30/06/21,9:30,6.7,98,0.0,93
1,30/06/21,10:00,6.9,98,0.0,121
1,30/06/21,10:30,6.9,98,0.0,126
1,30/06/21,11:00,7.2,98,0.0,152
1,30/06/21,11:30,7.5,98,0.0,182
1,30/06/21,12:00,7.8,98,0.0,237
1,30/06/21,12:30,7.7,98,0.0,221
1,30/06/21,13:00,8.2,98,0.0,266
1,30/06/21,13:30,8.4,98,0.0,203
1,30/06/21,14:00,8.6,98,0.0,164
1,30/06/21,14:30,8.7,98,0.0,136
1,30/06/21,15:00,8.9,98,0.0,103
1,30/06/21,15:30,9.0,97,0.0,106
1,30/06/21,16:00,9.0,97,0.0,91
1,30/06/21,16:30,9.1,97,0.0,78
1,30/06/21,17:00,8.9,97,0.0,24
1,30/06/21,17:30,8.9,97,0.0,26
1,30/06/21,18:00,8.8,97,0.0,3
1,30/06/21,18:30,8.8,97,0.0,0
1,30/06/21,19:00,8.7,97,0.0,0
1,30/06/21,19:30,8.7,97,0.0,0
1,30/06/21,20:00,8.8,97,0.0,0
1,30/06/21,20:30,8.9,96,0.0,0
1,30/06/21,21:00,8.4,95,0.0,0
1,30/06/21,21:30,8.2,96,0.0,0
1,30/06/21,22:00,8.1,96,0.0,0
1,30/06/21,22:30,8.1,97,0.0,0
1,30/06/21,23:00,8.1,96,0.0,0
1,30/06/21,23:30,7.7,97,0.0,0
1,01/07/21,00:00,7.6,97,0.0,0
1,01/07/21,0:30,8.1,97,0.0,0
1,01/07/21,1:00,8.1,97,0.0,0
1,01/07/21,1:30,7.9,97,0.0,0
1,01/07/21,2:00,7.8,97,0.0,0
1,01/07/21,2:30,7.8,97,0.0,0
1,01/07/21,3:00,7.7,98,0.0,0
1,01/07/21,3:30,7.8,98,0.0,0
1,01/07/21,4:00,8.1,98,0.0,0
1,01/07/21,4:30,8.2,98,0.0,0
1,01/07/21,5:00,8.4,97,0.0,0
1,01/07/21,5:30,8.5,97,0.0,0
1,01/07/21,6:00,8.4,97,0.0,0
1,01/07/21,6:30,8.4,97,0.0,0
1,01/07/21,7:00,8.4,97,0.0,0
1,01/07/21,7:30,8.4,97,0.0,0
1,01/07/21,8:00,8.4,96,0.0,15
1,01/07/21,8:30,8.4,96,0.0,59
1,01/07/21,9:00,8.8,96,0.0,111
1,01/07/21,9:30,9.4,95,0.0,173
1,01/07/21,10:00,10.3,93,0.0,254
1,01/07/21,10:30,11.1,91,0.0,385
1,01/07/21,11:00,11.6,89,0.0,469
1,01/07/21,11:30,12.2,85,0.0,505
1,01/07/21,12:00,13.0,82,0.0,506
1,01/07/21,12:30,13.8,79,0.0,578
1,01/07/21,13:00,14.4,76,0.0,580
1,01/07/21,13:30,14.7,76,0.0,569
1,01/07/21,14:00,15.2,70,0.0,533
1,01/07/21,14:30,15.4,69,0.0,490
1,01/07/21,15:00,15.7,69,0.0,430
1,01/07/21,15:30,15.6,66,0.0,361
1,01/07/21,16:00,15.5,65,0.0,281
1,01/07/21,16:30,15.3,67,0.0,182
1,01/07/21,17:00,14.7,70,0.0,81
1,01/07/21,17:30,13.4,76,0.0,19
1,01/07/21,18:00,12.2,79,0.0,3
1,01/07/21,18:30,11.8,82,0.0,0
1,01/07/21,19:00,11.2,83,0.0,0
1,01/07/21,19:30,11.3,83,0.0,0
1,01/07/21,20:00,11.1,83,0.0,0
1,01/07/21,20:30,10.6,85,0.0,0
1,01/07/21,21:00,10.1,87,0.0,0
1,01/07/21,21:30,9.7,90,0.0,0
1,01/07/21,22:00,9.6,92,0.0,0
1,01/07/21,22:30,9.2,94,0.0,0
1,01/07/21,23:00,9.2,94,0.0,0
1,01/07/21,23:30,9.2,94,0.0,0
1,02/07/21,00:00,9.2,93,0.0,0
1,02/07/21,0:30,8.9,92,0.0,0
1,02/07/21,1:00,8.4,93,0.0,0
1,02/07/21,1:30,8.5,93,0.0,0
1,02/07/21,2:00,8.9,91,0.0,0
1,02/07/21,2:30,8.4,92,0.0,0
1,02/07/21,3:00,8.8,91,0.0,0
1,02/07/21,3:30,8.7,91,0.0,0
1,02/07/21,4:00,8.9,90,0.0,0
1,02/07/21,4:30,8.9,90,0.0,0
1,02/07/21,5:00,8.4,92,0.0,0
1,02/07/21,5:30,8.6,92,0.0,0
1,02/07/21,6:00,8.7,92,0.0,0
1,02/07/21,6:30,8.4,94,0.0,0
1,02/07/21,7:00,8.4,93,0.0,0
1,02/07/21,7:30,5.2,95,0.0,0
1,02/07/21,8:00,6.6,96,0.0,8
1,02/07/21,8:30,7.0,97,0.0,46
1,02/07/21,9:00,7.9,97,0.0,172
1,02/07/21,9:30,8.2,95,0.0,277
1,02/07/21,10:00,9.0,92,0.0,340
1,02/07/21,10:30,9.5,92,0.0,406
1,02/07/21,11:00,10.8,91,0.0,484
1,02/07/21,11:30,11.7,88,0.0,521
1,02/07/21,12:00,13.1,86,0.0,521
1,02/07/21,12:30,14.9,79,0.0,568
1,02/07/21,13:00,16.2,67,0.0,579
1,02/07/21,13:30,17.1,65,0.0,553
1,02/07/21,14:00,17.3,55,0.0,541
1,02/07/21,14:30,16.9,58,0.0,470
1,02/07/21,15:00,16.9,57,0.0,427
1,02/07/21,15:30,16.7,58,0.0,350
1,02/07/21,16:00,16.4,61,0.0,268
1,02/07/21,16:30,16.0,63,0.0,179
1,02/07/21,17:00,15.1,66,0.0,83
1,02/07/21,17:30,13.3,74,0.0,21
1,02/07/21,18:00,12.6,76,0.0,2
1,02/07/21,18:30,12.1,79,0.0,0
1,02/07/21,19:00,11.8,79,0.0,0
1,02/07/21,19:30,11.4,80,0.0,0
1,02/07/21,20:00,11.3,80,0.0,0
1,02/07/21,20:30,11.4,80,0.0,0
1,02/07/21,21:00,11.5,80,0.0,0
1,02/07/21,21:30,11.1,82,0.0,0
1,02/07/21,22:00,10.9,83,0.0,0
1,02/07/21,22:30,10.6,83,0.0,0
1,02/07/21,23:00,10.6,84,0.0,0
1,02/07/21,23:30,10.1,85,0.0,0
1,03/07/21,00:00,9.6,87,0.0,0
1,03/07/21,0:30,9.4,87,0.0,0
1,03/07/21,1:00,9.0,89,0.0,0
1,03/07/21,1:30,8.7,89,0.0,0
1,03/07/21,2:00,8.1,91,0.0,0
1,03/07/21,2:30,7.3,92,0.0,0
1,03/07/21,3:00,7.1,93,0.0,0
1,03/07/21,3:30,7.1,94,0.0,0
1,03/07/21,4:00,6.7,94,0.0,0
1,03/07/21,4:30,6.7,95,0.0,0
1,03/07/21,5:00,6.7,95,0.0,0
1,03/07/21,5:30,6.9,95,0.0,0
1,03/07/21,6:00,7.1,95,0.0,0
1,03/07/21,6:30,6.8,96,0.0,0
1,03/07/21,7:00,6.5,96,0.0,0
1,03/07/21,7:30,6.6,96,0.0,0
1,03/07/21,8:00,6.9,96,0.0,15
1,03/07/21,8:30,7.8,96,0.0,81
1,03/07/21,9:00,8.5,96,0.0,176
1,03/07/21,9:30,8.3,94,0.0,262
1,03/07/21,10:00,8.8,94,0.0,342
1,03/07/21,10:30,9.5,94,0.0,430
1,03/07/21,11:00,10.7,91,0.0,498
1,03/07/21,11:30,11.7,85,0.0,544
1,03/07/21,12:00,12.7,80,0.0,577
1,03/07/21,12:30,13.6,66,0.0,596
1,03/07/21,13:00,14.2,63,0.0,596
1,03/07/21,13:30,14.7,55,0.0,579
1,03/07/21,14:00,15.2,53,0.0,549
1,03/07/21,14:30,15.6,54,0.0,500
1,03/07/21,15:00,15.8,48,0.0,444
1,03/07/21,15:30,15.7,50,0.0,369
1,03/07/21,16:00,15.8,51,0.0,287
1,03/07/21,16:30,15.7,56,0.0,190
1,03/07/21,17:00,14.8,58,0.0,84
1,03/07/21,17:30,12.7,60,0.0,15
1,03/07/21,18:00,11.2,64,0.0,0
1,03/07/21,18:30,10.8,66,0.0,0
1,03/07/21,19:00,10.3,69,0.0,0
1,03/07/21,19:30,10.6,66,0.0,0
1,03/07/21,20:00,11.3,64,0.0,0
1,03/07/21,20:30,11.1,64,0.0,0
1,03/07/21,21:00,11.4,63,0.0,0
1,03/07/21,21:30,10.8,64,0.0,0
1,03/07/21,22:00,10.9,62,0.0,0
1,03/07/21,22:30,10.7,62,0.0,0
1,03/07/21,23:00,9.8,70,0.0,0
1,03/07/21,23:30,9.9,67,0.0,0
1,04/07/21,00:00,10.6,64,0.0,0
1,04/07/21,0:30,10.2,64,0.0,0
1,04/07/21,1:00,9.9,70,0.0,0
1,04/07/21,1:30,9.6,70,0.0,0
1,04/07/21,2:00,8.9,74,0.0,0
1,04/07/21,2:30,9.6,74,0.0,0
1,04/07/21,3:00,9.1,70,0.0,0
1,04/07/21,3:30,9.5,68,0.0,0
1,04/07/21,4:00,9.4,70,0.0,0
1,04/07/21,4:30,9.6,68,0.0,0
1,04/07/21,5:00,8.4,73,0.0,0
1,04/07/21,5:30,8.9,73,0.0,0
1,04/07/21,6:00,8.8,74,0.0,0
1,04/07/21,6:30,8.4,75,0.0,0
1,04/07/21,7:00,8.1,78,0.0,0
1,04/07/21,7:30,7.7,81,0.0,0
1,04/07/21,8:00,8.6,80,0.0,13
1,04/07/21,8:30,9.4,80,0.0,89
1,04/07/21,9:00,9.3,82,0.0,128
1,04/07/21,9:30,9.9,80,0.0,179
1,04/07/21,10:00,10.7,77,0.0,271
1,04/07/21,10:30,11.8,72,0.0,323
1,04/07/21,11:00,13.4,67,0.0,408
1,04/07/21,11:30,14.5,57,0.0,462
1,04/07/21,12:00,15.2,50,0.0,481
1,04/07/21,12:30,16.1,53,0.0,533
1,04/07/21,13:00,16.7,58,0.0,567
1,04/07/21,13:30,16.3,61,0.0,536
1,04/07/21,14:00,15.7,63,0.0,510
1,04/07/21,14:30,15.2,62,0.0,422
1,04/07/21,15:00,15.1,63,0.0,347
1,04/07/21,15:30,15.0,65,0.0,286
1,04/07/21,16:00,15.4,63,0.0,280
1,04/07/21,16:30,14.8,66,0.0,161
1,04/07/21,17:00,13.7,67,0.0,84
1,04/07/21,17:30,12.1,70,0.0,25
1,04/07/21,18:00,11.5,74,0.0,1
1,04/07/21,18:30,11.0,76,0.0,0
1,04/07/21,19:00,10.7,77,0.0,0
1,04/07/21,19:30,10.7,74,0.0,0
1,04/07/21,20:00,9.1,80,0.0,0
1,04/07/21,20:30,8.8,80,0.0,0
1,04/07/21,21:00,9.4,79,0.0,0
1,04/07/21,21:30,9.1,81,0.0,0
1,04/07/21,22:00,8.9,77,0.0,0
1,04/07/21,22:30,8.4,79,0.0,0
1,04/07/21,23:00,8.1,81,0.0,0
1,04/07/21,23:30,6.9,85,0.0,0
1,05/07/21,00:00,6.8,89,0.0,0
1,05/07/21,0:30,6.7,90,0.0,0
1,05/07/21,1:00,7.0,92,0.0,0
1,05/07/21,1:30,6.9,94,0.0,0
1,05/07/21,2:00,7.2,93,0.0,0
1,05/07/21,2:30,6.3,94,0.0,0
1,05/07/21,3:00,6.6,96,0.0,0
1,05/07/21,3:30,7.2,96,0.0,0
1,05/07/21,4:00,7.3,96,0.0,0
1,05/07/21,4:30,7.1,96,0.0,0
1,05/07/21,5:00,6.8,96,0.0,0
1,05/07/21,5:30,6.6,96,0.0,0
1,05/07/21,6:00,6.4,96,0.0,0
1,05/07/21,6:30,6.1,96,0.0,0
1,05/07/21,7:00,6.1,97,0.0,0
1,05/07/21,7:30,6.3,97,0.0,0
1,05/07/21,8:00,6.4,97,0.0,11
1,05/07/21,8:30,6.4,97,0.0,38
1,05/07/21,9:00,6.8,97,0.0,116
1,05/07/21,9:30,6.9,97,0.0,226
1,05/07/21,10:00,7.7,97,0.0,349
1,05/07/21,10:30,8.0,97,0.0,294
1,05/07/21,11:00,8.6,95,0.0,199
1,05/07/21,11:30,9.3,94,0.0,286
1,05/07/21,12:00,9.6,92,0.0,293
1,05/07/21,12:30,10.6,90,0.0,387
1,05/07/21,13:00,11.2,88,0.0,576
1,05/07/21,13:30,12.4,84,0.0,571
1,05/07/21,14:00,13.8,80,0.0,539
1,05/07/21,14:30,14.7,79,0.0,495
1,05/07/21,15:00,15.1,77,0.0,431
1,05/07/21,15:30,15.4,77,0.0,360
1,05/07/21,16:00,15.4,77,0.0,280
1,05/07/21,16:30,15.5,77,0.0,186
1,05/07/21,17:00,14.8,79,0.0,88
1,05/07/21,17:30,13.7,82,0.0,23
1,05/07/21,18:00,12.2,87,0.0,3
1,05/07/21,18:30,12.4,87,0.0,0
1,05/07/21,19:00,12.1,88,0.0,0
1,05/07/21,19:30,11.2,90,0.0,0
1,05/07/21,20:00,11.2,91,0.0,0
1,05/07/21,20:30,10.9,92,0.0,0
1,05/07/21,21:00,10.9,93,0.0,0
1,05/07/21,21:30,10.8,94,0.0,0
1,05/07/21,22:00,10.5,94,0.0,0
1,05/07/21,22:30,10.1,95,0.0,0
1,05/07/21,23:00,10.4,96,0.0,0
1,05/07/21,23:30,10.1,96,0.0,0
1,06/07/21,00:00,9.8,96,0.0,0
1,06/07/21,0:30,9.5,96,0.0,0
1,06/07/21,1:00,9.5,96,0.0,0
1,06/07/21,1:30,9.7,97,0.0,0
1,06/07/21,2:00,9.9,97,0.0,0
1,06/07/21,2:30,10.0,97,0.0,0
1,06/07/21,3:00,10.2,97,0.0,0
1,06/07/21,3:30,10.6,96,0.0,0
1,06/07/21,4:00,10.7,95,0.0,0
1,06/07/21,4:30,10.9,94,0.0,0
1,06/07/21,5:00,10.8,94,0.0,0
1,06/07/21,5:30,10.6,94,0.0,0
1,06/07/21,6:00,10.6,94,0.0,0
1,06/07/21,6:30,10.6,94,0.0,0
1,06/07/21,7:00,10.8,94,0.0,0
1,06/07/21,7:30,10.8,94,0.0,0
1,06/07/21,8:00,10.9,94,0.0,8
1,06/07/21,8:30,11.1,94,0.0,27
1,06/07/21,9:00,11.4,93,0.0,65
1,06/07/21,9:30,11.9,92,0.0,170
1,06/07/21,10:00,12.4,91,0.0,363
1,06/07/21,10:30,13.5,89,0.0,430
1,06/07/21,11:00,14.3,85,0.0,485
1,06/07/21,11:30,15.4,84,0.0,530
1,06/07/21,12:00,16.2,78,0.0,561
1,06/07/21,12:30,16.9,75,0.0,570
1,06/07/21,13:00,17.6,72,0.0,577
1,06/07/21,13:30,18.3,71,0.0,560
1,06/07/21,14:00,18.7,67,0.0,529
1,06/07/21,14:30,18.8,65,0.0,478
1,06/07/21,15:00,19.0,65,0.0,424
1,06/07/21,15:30,19.0,69,0.0,353
1,06/07/21,16:00,18.9,70,0.0,274
1,06/07/21,16:30,18.6,68,0.0,183
1,06/07/21,17:00,17.7,72,0.0,88
1,06/07/21,17:30,16.3,76,0.0,24
1,06/07/21,18:00,15.0,81,0.0,3
1,06/07/21,18:30,14.6,84,0.0,0
1,06/07/21,19:00,14.3,85,0.0,0
1,06/07/21,19:30,13.7,87,0.0,0
1,06/07/21,20:00,13.7,88,0.0,0
1,06/07/21,20:30,13.3,90,0.0,0
1,06/07/21,21:00,12.9,91,0.0,0
1,06/07/21,21:30,12.9,91,0.0,0
1,06/07/21,22:00,12.8,92,0.0,0
1,06/07/21,22:30,12.2,93,0.0,0
1,06/07/21,23:00,12.3,92,0.0,0
1,06/07/21,23:30,12.4,92,0.0,0
1,07/07/21,00:00,12.3,92,0.0,0
1,07/07/21,0:30,12.2,92,0.0,0
1,07/07/21,1:00,12.1,92,0.0,0
1,07/07/21,1:30,11.8,93,0.0,0
1,07/07/21,2:00,11.6,93,0.0,0
1,07/07/21,2:30,11.6,94,0.0,0
1,07/07/21,3:00,11.4,94,0.0,0
1,07/07/21,3:30,10.7,94,0.0,0
1,07/07/21,4:00,9.8,96,0.0,0
1,07/07/21,4:30,9.4,97,0.0,0
1,07/07/21,5:00,9.8,97,0.0,0
1,07/07/21,5:30,9.4,97,0.0,0
1,07/07/21,6:00,9.3,97,0.0,0
1,07/07/21,6:30,9.6,97,0.0,0
1,07/07/21,7:00,9.6,97,0.0,0
1,07/07/21,7:30,9.4,97,0.0,0
1,07/07/21,8:00,9.7,98,0.0,9
1,07/07/21,8:30,9.6,98,0.0,38
1,07/07/21,9:00,10.1,98,0.0,103
1,07/07/21,9:30,10.9,97,0.0,244
1,07/07/21,10:00,11.5,96,0.0,348
1,07/07/21,10:30,12.2,94,0.0,428
1,07/07/21,11:00,13.4,90,0.0,490
1,07/07/21,11:30,14.6,84,0.0,537
1,07/07/21,12:00,15.3,81,0.0,565
1,07/07/21,12:30,16.0,80,0.0,579
1,07/07/21,13:00,16.7,77,0.0,578
1,07/07/21,13:30,17.8,72,0.0,559
1,07/07/21,14:00,18.1,72,0.0,528
1,07/07/21,14:30,18.7,70,0.0,481
1,07/07/21,15:00,18.9,69,0.0,420
1,07/07/21,15:30,19.1,66,0.0,349
1,07/07/21,16:00,19.5,68,0.0,266
1,07/07/21,16:30,19.3,66,0.0,177
1,07/07/21,17:00,18.3,71,0.0,85
1,07/07/21,17:30,17.1,75,0.0,25
1,07/07/21,18:00,15.4,79,0.0,3
1,07/07/21,18:30,15.2,79,0.0,0
1,07/07/21,19:00,15.6,78,0.0,0
1,07/07/21,19:30,15.3,79,0.0,0
1,07/07/21,20:00,15.4,79,0.0,0
1,07/07/21,20:30,15.0,80,0.0,0
1,07/07/21,21:00,14.3,82,0.0,0
1,07/07/21,21:30,14.6,83,0.0,0
1,07/07/21,22:00,14.6,83,0.0,0
1,07/07/21,22:30,14.4,83,0.0,0
1,07/07/21,23:00,14.4,82,0.0,0
1,07/07/21,23:30,14.3,84,0.0,0
1,08/07/21,00:00,13.9,85,0.0,0
1,08/07/21,0:30,13.8,86,0.0,0
1,08/07/21,1:00,13.6,88,0.0,0
1,08/07/21,1:30,13.7,86,0.0,0
1,08/07/21,2:00,13.0,88,0.0,0
1,08/07/21,2:30,12.9,89,0.0,0
1,08/07/21,3:00,12.7,90,0.0,0
1,08/07/21,3:30,11.7,90,0.0,0
1,08/07/21,4:00,11.9,91,0.0,0
1,08/07/21,4:30,11.6,92,0.0,0
1,08/07/21,5:00,13.2,88,0.0,0
1,08/07/21,5:30,13.2,86,0.0,0
1,08/07/21,6:00,12.8,86,0.0,0
1,08/07/21,6:30,13.3,85,0.0,0
1,08/07/21,7:00,14.6,78,0.0,0
1,08/07/21,7:30,15.1,72,0.0,0
1,08/07/21,8:00,14.7,72,0.0,14
1,08/07/21,8:30,15.6,70,0.0,68
1,08/07/21,9:00,17.3,57,0.0,160
1,08/07/21,9:30,18.1,60,0.0,255
1,08/07/21,10:00,18.9,61,0.0,337
1,08/07/21,10:30,17.7,82,0.0,411
1,08/07/21,11:00,18.8,78,0.0,471
1,08/07/21,11:30,19.8,70,0.0,518
1,08/07/21,12:00,20.6,63,0.0,550
1,08/07/21,12:30,21.1,59,0.0,566
1,08/07/21,13:00,21.7,52,0.0,568
1,08/07/21,13:30,22.2,44,0.0,554
1,08/07/21,14:00,22.2,45,0.0,525
1,08/07/21,14:30,22.3,42,0.0,481
1,08/07/21,15:00,22.5,40,0.0,424
1,08/07/21,15:30,22.5,42,0.0,355
1,08/07/21,16:00,22.5,44,0.0,277
1,08/07/21,16:30,21.9,46,0.0,185
1,08/07/21,17:00,20.6,62,0.0,89
1,08/07/21,17:30,18.8,67,0.0,25
1,08/07/21,18:00,17.2,69,0.0,4
1,08/07/21,18:30,16.7,70,0.0,0
1,08/07/21,19:00,16.2,70,0.0,0
1,08/07/21,19:30,15.9,70,0.0,0
1,08/07/21,20:00,16.1,73,0.0,0
1,08/07/21,20:30,15.4,75,0.0,0
1,08/07/21,21:00,15.3,80,0.0,0
1,08/07/21,21:30,15.1,85,0.0,0
1,08/07/21,22:00,15.3,83,0.0,0
1,08/07/21,22:30,14.5,86,0.0,0
1,08/07/21,23:00,14.3,85,0.0,0
1,08/07/21,23:30,13.8,86,0.0,0
1,09/07/21,00:00,13.2,88,0.0,0
1,09/07/21,0:30,13.1,89,0.0,0
1,09/07/21,1:00,12.4,90,0.0,0
1,09/07/21,1:30,11.9,92,0.0,0
1,09/07/21,2:00,12.2,93,0.0,0
1,09/07/21,2:30,12.1,94,0.0,0
1,09/07/21,3:00,12.3,93,0.0,0
1,09/07/21,3:30,12.0,94,0.0,0
1,09/07/21,4:00,10.7,95,0.0,0
1,09/07/21,4:30,10.8,96,0.0,0
1,09/07/21,5:00,10.9,97,0.0,0
1,09/07/21,5:30,10.7,97,0.0,0
1,09/07/21,6:00,10.9,97,0.0,0
1,09/07/21,6:30,11.4,97,0.0,0
1,09/07/21,7:00,11.3,96,0.0,0
1,09/07/21,7:30,11.8,94,0.0,0
1,09/07/21,8:00,12.2,92,0.0,16
1,09/07/21,8:30,12.5,90,0.0,82
1,09/07/21,9:00,13.1,88,0.0,179
1,09/07/21,9:30,13.7,86,0.0,281
1,09/07/21,10:00,14.3,85,0.0,366
1,09/07/21,10:30,14.8,84,0.0,439
1,09/07/21,11:00,14.7,85,0.0,501
1,09/07/21,11:30,15.8,82,0.0,548
1,09/07/21,12:00,16.4,79,0.0,577
1,09/07/21,12:30,16.9,75,0.0,594
1,09/07/21,13:00,18.0,73,0.0,593
1,09/07/21,13:30,18.6,68,0.0,579
1,09/07/21,14:00,19.0,67,0.0,550
1,09/07/21,14:30,19.3,65,0.0,503
1,09/07/21,15:00,19.5,65,0.0,442
1,09/07/21,15:30,19.7,65,0.0,371
1,09/07/21,16:00,19.6,65,0.0,290
1,09/07/21,16:30,19.3,68,0.0,195
1,09/07/21,17:00,18.8,70,0.0,94
1,09/07/21,17:30,17.9,73,0.0,24
1,09/07/21,18:00,16.8,77,0.0,4
1,09/07/21,18:30,16.0,78,0.0,0
1,09/07/21,19:00,15.4,81,0.0,0
1,09/07/21,19:30,15.3,82,0.0,0
1,09/07/21,20:00,14.9,84,0.0,0
1,09/07/21,20:30,14.5,86,0.0,0
1,09/07/21,21:00,13.8,88,0.0,0
1,09/07/21,21:30,13.3,89,0.0,0
1,09/07/21,22:00,12.7,91,0.0,0
1,09/07/21,22:30,12.5,91,0.0,0
1,09/07/21,23:00,12.3,93,0.0,0
1,09/07/21,23:30,12.7,93,0.0,0
1,10/07/21,00:00,12.7,92,0.0,0
1,10/07/21,0:30,12.6,91,0.0,0
1,10/07/21,1:00,12.0,93,0.0,0
1,10/07/21,1:30,12.3,93,0.0,0
1,10/07/21,2:00,12.3,92,0.0,0
1,10/07/21,2:30,12.3,93,0.0,0
1,10/07/21,3:00,12.5,92,0.0,0
1,10/07/21,3:30,12.6,92,0.0,0
1,10/07/21,4:00,12.3,93,0.0,0
1,10/07/21,4:30,12.1,93,0.0,0
1,10/07/21,5:00,12.3,93,0.0,0
1,10/07/21,5:30,13.0,89,0.0,0
1,10/07/21,6:00,12.9,89,0.0,0
1,10/07/21,6:30,12.8,88,0.0,0
1,10/07/21,7:00,12.5,89,0.0,0
1,10/07/21,7:30,12.9,87,0.0,0
1,10/07/21,8:00,13.0,86,0.0,15
1,10/07/21,8:30,13.3,86,0.0,79
1,10/07/21,9:00,13.9,85,0.0,179
1,10/07/21,9:30,14.1,85,0.0,264
1,10/07/21,10:00,13.8,87,0.0,345
1,10/07/21,10:30,14.3,87,0.0,417
1,10/07/21,11:00,15.4,84,0.0,473
1,10/07/21,11:30,17.3,78,0.0,516
1,10/07/21,12:00,19.0,74,0.0,546
1,10/07/21,12:30,20.1,71,0.0,557
1,10/07/21,13:00,21.4,65,0.0,483
1,10/07/21,13:30,22.9,60,0.0,534
1,10/07/21,14:00,22.7,59,0.0,445
1,10/07/21,14:30,22.1,63,0.0,231
1,10/07/21,15:00,21.0,65,0.0,307
1,10/07/21,15:30,20.4,68,0.0,205
1,10/07/21,16:00,19.8,71,0.0,164
1,10/07/21,16:30,20.1,71,0.0,161
1,10/07/21,17:00,19.2,76,0.0,86
1,10/07/21,17:30,18.1,77,0.0,27
1,10/07/21,18:00,17.3,80,0.0,3
1,10/07/21,18:30,16.6,83,0.0,0
1,10/07/21,19:00,16.5,83,0.0,0
1,10/07/21,19:30,16.0,87,0.0,0
1,10/07/21,20:00,15.7,88,0.0,0
1,10/07/21,20:30,15.1,88,0.0,0
1,10/07/21,21:00,15.5,87,0.0,0
1,10/07/21,21:30,15.1,89,0.0,0
1,10/07/21,22:00,14.4,90,0.0,0
1,10/07/21,22:30,14.3,88,0.0,0
1,10/07/21,23:00,13.4,91,0.0,0
1,10/07/21,23:30,12.7,91,0.0,0
1,11/07/21,00:00,12.4,92,0.0,0
1,11/07/21,0:30,12.4,93,0.0,0
1,11/07/21,1:00,12.6,92,0.0,0
1,11/07/21,1:30,11.9,86,0.0,0
1,11/07/21,2:00,11.7,82,0.0,0
1,11/07/21,2:30,11.1,83,0.0,0
1,11/07/21,3:00,10.3,81,0.0,0
1,11/07/21,3:30,9.8,83,0.0,0
1,11/07/21,4:00,9.9,82,0.0,0
1,11/07/21,4:30,9.6,84,0.0,0
1,11/07/21,5:00,9.4,83,0.0,0
1,11/07/21,5:30,9.7,80,0.0,0
1,11/07/21,6:00,9.9,79,0.0,0
1,11/07/21,6:30,10.1,80,0.0,0
1,11/07/21,7:00,10.1,79,0.0,0
1,11/07/21,7:30,10.2,78,0.0,0
1,11/07/21,8:00,10.2,79,0.0,13
1,11/07/21,8:30,10.8,75,0.0,69
1,11/07/21,9:00,11.5,77,0.0,159
1,11/07/21,9:30,12.3,75,0.0,252
1,11/07/21,10:00,13.3,75,0.0,335
1,11/07/21,10:30,14.6,75,0.0,405
1,11/07/21,11:00,15.6,73,0.0,465
1,11/07/21,11:30,16.6,74,0.0,511
1,11/07/21,12:00,17.2,74,0.0,542
1,11/07/21,12:30,17.7,74,0.0,560
1,11/07/21,13:00,18.6,72,0.0,562
1,11/07/21,13:30,18.5,74,0.0,547
1,11/07/21,14:00,18.9,73,0.0,517
1,11/07/21,14:30,19.2,72,0.0,472
1,11/07/21,15:00,19.3,73,0.0,414
1,11/07/21,15:30,19.3,72,0.0,346
1,11/07/21,16:00,19.4,72,0.0,268
1,11/07/21,16:30,19.2,72,0.0,178
1,11/07/21,17:00,18.7,75,0.0,88
1,11/07/21,17:30,17.4,78,0.0,27
1,11/07/21,18:00,15.9,82,0.0,3
1,11/07/21,18:30,14.5,86,0.0,0
1,11/07/21,19:00,13.8,87,0.0,0
1,11/07/21,19:30,13.5,88,0.0,0
1,11/07/21,20:00,13.2,89,0.0,0
1,11/07/21,20:30,13.3,89,0.0,0
1,11/07/21,21:00,13.1,90,0.0,0
1,11/07/21,21:30,13.1,91,0.0,0
1,11/07/21,22:00,12.9,91,0.0,0
1,11/07/21,22:30,12.8,92,0.0,0
1,11/07/21,23:00,12.7,93,0.0,0
1,11/07/21,23:30,12.4,93,0.0,0
1,12/07/21,00:00,12.3,94,0.0,0
1,12/07/21,0:30,12.2,94,0.0,0
1,12/07/21,1:00,11.9,96,0.0,0
1,12/07/21,1:30,11.8,96,0.0,0
1,12/07/21,2:00,11.9,97,0.0,0
1,12/07/21,2:30,11.8,97,0.0,0
1,12/07/21,3:00,11.8,97,0.0,0
1,12/07/21,3:30,12.2,97,0.0,0
1,12/07/21,4:00,12.3,97,0.0,0
1,12/07/21,4:30,12.6,96,0.0,0
1,12/07/21,5:00,12.3,96,0.0,0
1,12/07/21,5:30,12.6,96,0.0,0
1,12/07/21,6:00,13.1,93,0.0,0
1,12/07/21,6:30,13.3,91,0.0,0
1,12/07/21,7:00,12.7,92,0.0,0
1,12/07/21,7:30,12.3,94,0.0,0
1,12/07/21,8:00,12.6,94,0.0,21
1,12/07/21,8:30,12.8,93,0.0,81
1,12/07/21,9:00,13.8,91,0.0,158
1,12/07/21,9:30,14.7,90,0.0,252
1,12/07/21,10:00,15.8,85,0.0,344
1,12/07/21,10:30,17.3,80,0.0,422
1,12/07/21,11:00,18.2,78,0.0,477
1,12/07/21,11:30,19.1,74,0.0,511
1,12/07/21,12:00,19.7,72,0.0,549
1,12/07/21,12:30,20.7,70,0.0,569
1,12/07/21,13:00,21.6,66,0.0,570
1,12/07/21,13:30,22.3,60,0.0,558
1,12/07/21,14:00,22.6,55,0.0,472
1,12/07/21,14:30,23.4,50,0.0,449
1,12/07/21,15:00,22.7,54,0.0,413
1,12/07/21,15:30,22.9,52,0.0,361
1,12/07/21,16:00,22.1,56,0.0,267
1,12/07/21,16:30,21.2,61,0.0,201
1,12/07/21,17:00,20.1,65,0.0,70
1,12/07/21,17:30,19.3,67,0.0,27
1,12/07/21,18:00,18.1,71,0.0,5
1,12/07/21,18:30,17.4,71,0.0,0
1,12/07/21,19:00,17.7,68,0.0,0
1,12/07/21,19:30,17.6,69,0.0,0
1,12/07/21,20:00,16.9,69,0.0,0
1,12/07/21,20:30,16.9,68,0.0,0
1,12/07/21,21:00,16.7,66,0.0,0
1,12/07/21,21:30,16.5,67,0.0,0
1,12/07/21,22:00,16.8,63,0.0,0
1,12/07/21,22:30,16.8,64,0.0,0
1,12/07/21,23:00,16.8,69,0.0,0
1,12/07/21,23:30,16.2,72,0.0,0
1,13/07/21,00:00,15.9,73,0.0,0
1,13/07/21,0:30,15.3,76,0.0,0
1,13/07/21,1:00,15.2,77,0.0,0
1,13/07/21,1:30,15.4,77,0.0,0
1,13/07/21,2:00,15.4,79,0.0,0
1,13/07/21,2:30,15.3,79,0.0,0
1,13/07/21,3:00,15.4,78,0.0,0
1,13/07/21,3:30,15.6,78,0.0,0
1,13/07/21,4:00,15.0,81,0.0,0
1,13/07/21,4:30,14.7,82,0.0,0
1,13/07/21,5:00,13.9,85,0.0,0
1,13/07/21,5:30,13.4,86,0.0,0
1,13/07/21,6:00,12.4,89,0.0,0
1,13/07/21,6:30,13.8,86,0.0,0
1,13/07/21,7:00,13.8,86,0.0,0
1,13/07/21,7:30,13.6,87,0.0,0
1,13/07/21,8:00,13.8,86,0.0,9
1,13/07/21,8:30,14.1,85,0.0,43
1,13/07/21,9:00,15.0,82,0.0,85
1,13/07/21,9:30,15.0,83,0.0,146
1,13/07/21,10:00,16.8,78,0.0,271
1,13/07/21,10:30,16.8,79,0.0,392
1,13/07/21,11:00,16.7,81,0.0,342
1,13/07/21,11:30,17.9,77,0.0,378
1,13/07/21,12:00,17.8,78,0.0,318
1,13/07/21,12:30,19.6,74,0.0,428
1,13/07/21,13:00,20.2,72,0.0,541
1,13/07/21,13:30,19.6,76,0.0,352
1,13/07/21,14:00,18.1,81,0.0,172
1,13/07/21,14:30,18.8,78,0.0,216
1,13/07/21,15:00,19.3,77,0.0,200
1,13/07/21,15:30,19.9,75,0.0,196
1,13/07/21,16:00,20.2,76,0.0,135
1,13/07/21,16:30,20.1,78,0.0,108
1,13/07/21,17:00,19.6,78,0.0,56
1,13/07/21,17:30,19.6,75,0.0,21
1,13/07/21,18:00,19.5,74,0.0,2
1,13/07/21,18:30,18.8,77,0.0,0
1,13/07/21,19:00,18.2,80,0.0,0
1,13/07/21,19:30,18.3,80,0.0,0
1,13/07/21,20:00,17.8,82,0.0,0
1,13/07/21,20:30,17.6,81,0.0,0
1,13/07/21,21:00,17.4,81,0.0,0
1,13/07/21,21:30,17.5,77,0.0,0
1,13/07/21,22:00,17.2,79,0.0,0
1,13/07/21,22:30,16.6,82,0.0,0
1,13/07/21,23:00,16.2,84,0.0,0
1,13/07/21,23:30,15.7,86,0.0,0
1,14/07/21,00:00,16.1,81,0.0,0
1,14/07/21,0:30,15.6,84,0.0,0
1,14/07/21,1:00,15.1,87,0.0,0
1,14/07/21,1:30,15.6,84,0.0,0
1,14/07/21,2:00,15.6,83,0.0,0
1,14/07/21,2:30,15.0,85,0.0,0
1,14/07/21,3:00,15.0,84,0.0,0
1,14/07/21,3:30,15.0,83,0.0,0
1,14/07/21,4:00,15.2,82,0.0,0
1,14/07/21,4:30,15.1,82,0.0,0
1,14/07/21,5:00,15.1,82,0.0,0
1,14/07/21,5:30,14.8,83,0.0,0
1,14/07/21,6:00,14.9,83,0.0,0
1,14/07/21,6:30,15.2,82,0.0,0
1,14/07/21,7:00,14.7,83,0.6,0
1,14/07/21,7:30,13.4,93,1.2,0
1,14/07/21,8:00,13.6,94,0.2,3
1,14/07/21,8:30,13.6,93,0.6,16
1,14/07/21,9:00,13.9,93,0.0,50
1,14/07/21,9:30,14.3,92,0.0,220
1,14/07/21,10:00,14.6,90,0.0,127
1,14/07/21,10:30,14.1,91,0.0,99
1,14/07/21,11:00,14.3,91,0.0,165
1,14/07/21,11:30,14.1,94,0.0,224
1,14/07/21,12:00,14.2,94,0.0,278
1,14/07/21,12:30,14.7,93,0.0,276
1,14/07/21,13:00,14.8,91,0.0,282
1,14/07/21,13:30,14.9,92,0.0,310
1,14/07/21,14:00,14.9,91,0.0,126
1,14/07/21,14:30,14.8,91,0.0,51
1,14/07/21,15:00,14.7,91,0.0,22
1,14/07/21,15:30,14.7,92,0.0,32
1,14/07/21,16:00,14.8,91,0.0,36
1,14/07/21,16:30,14.6,93,0.4,24
1,14/07/21,17:00,14.3,94,2.0,6
1,14/07/21,17:30,14.2,95,1.4,9
1,14/07/21,18:00,14.3,94,0.2,0
1,14/07/21,18:30,14.2,95,1.0,0
1,14/07/21,19:00,14.2,95,1.0,0
1,14/07/21,19:30,14.2,95,1.0,0
1,14/07/21,20:00,14.2,95,0.2,0
1,14/07/21,20:30,14.1,96,3.0,0
1,14/07/21,21:00,14.0,96,1.6,0
1,14/07/21,21:30,14.1,96,1.2,0
1,14/07/21,22:00,14.0,96,2.4,0
1,14/07/21,22:30,14.0,96,0.2,0
1,14/07/21,23:00,13.8,97,0.6,0
1,14/07/21,23:30,13.9,96,0.2,0
1,15/07/21,00:00,13.9,97,0.0,0
1,15/07/21,0:30,14.1,97,0.0,0
1,15/07/21,1:00,14.1,97,0.0,0
1,15/07/21,1:30,14.1,97,0.0,0
1,15/07/21,2:00,14.1,97,0.0,0
1,15/07/21,2:30,14.0,97,0.0,0
1,15/07/21,3:00,14.0,98,0.0,0
1,15/07/21,3:30,13.9,98,0.0,0
1,15/07/21,4:00,13.8,98,0.2,0
1,15/07/21,4:30,13.7,98,0.4,0
1,15/07/21,5:00,13.7,98,0.2,0
1,15/07/21,5:30,13.6,98,0.6,0
1,15/07/21,6:00,13.6,98,0.0,0
1,15/07/21,6:30,13.6,98,0.0,0
1,15/07/21,7:00,13.7,98,0.0,0
1,15/07/21,7:30,13.5,98,0.0,0
1,15/07/21,8:00,13.4,98,0.0,0
1,15/07/21,8:30,13.4,98,0.0,6
1,15/07/21,9:00,13.3,98,0.0,13
1,15/07/21,9:30,13.2,98,0.2,67
1,15/07/21,10:00,12.9,97,0.0,126
1,15/07/21,10:30,12.6,95,0.0,125
1,15/07/21,11:00,12.2,94,0.0,224
1,15/07/21,11:30,12.2,94,0.0,354
1,15/07/21,12:00,12.1,93,0.0,302
1,15/07/21,12:30,12.2,92,0.0,234
1,15/07/21,13:00,12.2,92,0.0,271
1,15/07/21,13:30,12.3,92,0.0,159
1,15/07/21,14:00,13.1,90,0.0,252
1,15/07/21,14:30,13.6,86,0.0,197
1,15/07/21,15:00,13.0,90,0.0,169
1,15/07/21,15:30,13.8,87,0.0,318
1,15/07/21,16:00,13.6,85,0.0,192
1,15/07/21,16:30,13.7,83,0.0,86
1,15/07/21,17:00,13.2,84,0.0,30
1,15/07/21,17:30,12.8,86,0.0,24
1,15/07/21,18:00,11.8,88,0.0,5
1,15/07/21,18:30,11.6,90,0.0,0
1,15/07/21,19:00,11.6,91,0.0,0
1,15/07/21,19:30,11.6,92,0.0,0
1,15/07/21,20:00,11.6,92,0.0,0
1,15/07/21,20:30,11.4,93,0.0,0
1,15/07/21,21:00,11.3,94,0.0,0
1,15/07/21,21:30,11.2,94,0.0,0
1,15/07/21,22:00,10.7,93,0.0,0
1,15/07/21,22:30,10.2,93,0.0,0
1,15/07/21,23:00,10.0,93,0.0,0
1,15/07/21,23:30,9.7,93,0.0,0
1,16/07/21,00:00,9.3,94,0.0,0
1,16/07/21,0:30,8.8,94,0.0,0
1,16/07/21,1:00,8.7,95,0.0,0
1,16/07/21,1:30,8.7,95,0.0,0
1,16/07/21,2:00,8.7,96,0.0,0
1,16/07/21,2:30,8.6,96,0.0,0
1,16/07/21,3:00,8.5,96,0.0,0
1,16/07/21,3:30,8.4,96,0.0,0
1,16/07/21,4:00,8.3,96,0.0,0
1,16/07/21,4:30,8.2,96,0.0,0
1,16/07/21,5:00,8.3,97,0.0,0
1,16/07/21,5:30,8.5,97,0.0,0
1,16/07/21,6:00,8.7,97,0.0,0
1,16/07/21,6:30,8.7,97,0.0,0
1,16/07/21,7:00,8.7,96,0.0,0
1,16/07/21,7:30,8.7,96,0.0,0
1,16/07/21,8:00,8.2,96,0.0,8
1,16/07/21,8:30,8.7,96,0.0,25
1,16/07/21,9:00,8.5,96,0.0,51
1,16/07/21,9:30,8.7,95,0.0,86
1,16/07/21,10:00,8.9,91,0.0,138
1,16/07/21,10:30,10.3,83,0.0,436
1,16/07/21,11:00,10.1,81,0.0,450
1,16/07/21,11:30,11.1,79,0.0,485
1,16/07/21,12:00,11.7,81,0.0,603
1,16/07/21,12:30,12.3,80,0.0,619
1,16/07/21,13:00,13.2,76,0.0,619
1,16/07/21,13:30,13.6,74,0.0,603
1,16/07/21,14:00,13.9,73,0.0,572
1,16/07/21,14:30,14.3,71,0.0,529
1,16/07/21,15:00,14.4,68,0.0,469
1,16/07/21,15:30,14.7,70,0.0,395
1,16/07/21,16:00,14.9,68,0.0,314
1,16/07/21,16:30,14.8,68,0.0,207
1,16/07/21,17:00,14.4,69,0.0,121
1,16/07/21,17:30,12.8,77,0.0,23
1,16/07/21,18:00,11.9,81,0.0,5
1,16/07/21,18:30,11.1,83,0.0,0
1,16/07/21,19:00,10.8,86,0.0,0
1,16/07/21,19:30,10.7,85,0.0,0
1,16/07/21,20:00,10.5,86,0.0,0
1,16/07/21,20:30,10.5,85,0.0,0
1,16/07/21,21:00,10.3,86,0.0,0
1,16/07/21,21:30,10.4,85,0.0,0
1,16/07/21,22:00,9.9,87,0.0,0
1,16/07/21,22:30,9.4,89,0.0,0
1,16/07/21,23:00,9.7,88,0.0,0
1,16/07/21,23:30,9.8,86,0.0,0
1,17/07/21,00:00,8.9,88,0.0,0
1,17/07/21,0:30,8.6,91,0.0,0
1,17/07/21,1:00,8.2,93,0.0,0
1,17/07/21,1:30,7.9,93,0.0,0
1,17/07/21,2:00,7.1,92,0.0,0
1,17/07/21,2:30,7.1,94,0.0,0
1,17/07/21,3:00,5.7,95,0.0,0
1,17/07/21,3:30,5.0,96,0.0,0
1,17/07/21,4:00,5.5,96,0.0,0
1,17/07/21,4:30,6.7,97,0.0,0
1,17/07/21,5:00,7.3,97,0.0,0
1,17/07/21,5:30,7.5,97,0.0,0
1,17/07/21,6:00,7.6,97,0.0,0
1,17/07/21,6:30,7.6,97,0.0,0
1,17/07/21,7:00,7.3,97,0.0,0
1,17/07/21,7:30,7.1,97,0.0,0
1,17/07/21,8:00,7.2,97,0.0,15
1,17/07/21,8:30,6.9,97,0.0,38
1,17/07/21,9:00,7.7,97,0.0,143
1,17/07/21,9:30,8.3,97,0.0,292
1,17/07/21,10:00,8.9,98,0.0,260
1,17/07/21,10:30,10.4,97,0.0,401
1,17/07/21,11:00,12.2,89,0.0,512
1,17/07/21,11:30,12.7,84,0.0,505
1,17/07/21,12:00,12.9,82,0.0,263
1,17/07/21,12:30,12.3,81,0.0,232
1,17/07/21,13:00,11.3,82,0.0,119
1,17/07/21,13:30,11.2,83,0.0,145
1,17/07/21,14:00,12.8,79,0.0,303
1,17/07/21,14:30,12.7,73,0.0,355
1,17/07/21,15:00,11.9,72,0.0,209
1,17/07/21,15:30,13.2,62,0.0,404
1,17/07/21,16:00,12.2,68,0.0,318
1,17/07/21,16:30,12.0,68,0.0,222
1,17/07/21,17:00,11.2,63,0.0,115
1,17/07/21,17:30,10.1,65,0.0,27
1,17/07/21,18:00,8.4,72,0.0,6
1,17/07/21,18:30,7.7,74,0.0,0
1,17/07/21,19:00,7.3,75,0.0,0
1,17/07/21,19:30,6.8,76,0.0,0
1,17/07/21,20:00,6.3,77,0.0,0
1,17/07/21,20:30,6.1,79,0.0,0
1,17/07/21,21:00,5.8,80,0.0,0
1,17/07/21,21:30,5.7,79,0.0,0
1,17/07/21,22:00,6.4,76,0.0,0
1,17/07/21,22:30,5.7,81,0.0,0
1,17/07/21,23:00,5.4,82,0.0,0
1,17/07/21,23:30,5.4,82,0.0,0
1,18/07/21,00:00,5.1,82,0.0,0
1,18/07/21,0:30,4.2,85,0.0,0
1,18/07/21,1:00,3.7,87,0.0,0
1,18/07/21,1:30,3.3,89,0.0,0
1,18/07/21,2:00,3.1,90,0.0,0
1,18/07/21,2:30,3.1,90,0.0,0
1,18/07/21,3:00,2.7,90,0.0,0
1,18/07/21,3:30,2.5,90,0.0,0
1,18/07/21,4:00,2.5,90,0.0,0
1,18/07/21,4:30,2.6,89,0.0,0
1,18/07/21,5:00,2.6,88,0.0,0
1,18/07/21,5:30,2.6,87,0.0,0
1,18/07/21,6:00,2.7,86,0.0,0
1,18/07/21,6:30,2.6,85,0.0,0
1,18/07/21,7:00,2.4,86,0.0,0
1,18/07/21,7:30,2.4,85,0.0,0
1,18/07/21,8:00,2.6,86,0.0,19
1,18/07/21,8:30,3.1,86,0.0,83
1,18/07/21,9:00,3.6,85,0.0,148
1,18/07/21,9:30,3.8,84,0.0,157
1,18/07/21,10:00,3.9,84,0.0,105
1,18/07/21,10:30,4.2,85,0.0,99
1,18/07/21,11:00,4.6,84,0.0,121
1,18/07/21,11:30,5.0,84,0.0,135
1,18/07/21,12:00,5.3,83,0.0,111
1,18/07/21,12:30,5.6,83,0.0,73
1,18/07/21,13:00,5.8,81,0.0,80
1,18/07/21,13:30,5.6,84,0.0,71
1,18/07/21,14:00,5.7,84,0.0,63
1,18/07/21,14:30,5.4,86,0.0,55
1,18/07/21,15:00,6.0,83,0.0,62
1,18/07/21,15:30,6.3,82,0.0,95
1,18/07/21,16:00,6.3,82,0.0,65
1,18/07/21,16:30,6.4,81,0.0,39
1,18/07/21,17:00,6.4,83,0.0,28
1,18/07/21,17:30,6.1,86,0.0,5
1,18/07/21,18:00,6.4,84,0.0,0
1,18/07/21,18:30,6.5,84,0.0,0
1,18/07/21,19:00,7.1,81,0.0,0
1,18/07/21,19:30,7.2,81,0.0,0
1,18/07/21,20:00,7.3,81,0.0,0
1,18/07/21,20:30,7.3,81,0.0,0
1,18/07/21,21:00,7.4,81,0.0,0
1,18/07/21,21:30,7.4,81,0.0,0
1,18/07/21,22:00,7.3,82,0.0,0
1,18/07/21,22:30,7.3,81,0.0,0
1,18/07/21,23:00,7.1,82,0.0,0
1,18/07/21,23:30,7.0,82,0.0,0
1,19/07/21,00:00,6.8,83,0.0,0
1,19/07/21,0:30,6.7,83,0.0,0
1,19/07/21,1:00,6.6,84,0.0,0
1,19/07/21,1:30,6.6,84,0.0,0
1,19/07/21,2:00,6.4,84,0.0,0
1,19/07/21,2:30,6.3,85,0.0,0
1,19/07/21,3:00,6.1,86,0.0,0
1,19/07/21,3:30,5.7,87,0.0,0
1,19/07/21,4:00,5.3,88,0.0,0
1,19/07/21,4:30,5.2,89,0.0,0
1,19/07/21,5:00,5.2,89,0.0,0
1,19/07/21,5:30,5.2,89,0.0,0
1,19/07/21,6:00,5.2,89,0.0,0
1,19/07/21,6:30,4.9,90,0.0,0
1,19/07/21,7:00,5.1,90,0.0,0
1,19/07/21,7:30,5.2,89,0.0,0
1,19/07/21,8:00,5.1,90,0.0,12
1,19/07/21,8:30,5.3,90,0.0,39
1,19/07/21,9:00,5.7,88,0.0,77
1,19/07/21,9:30,6.1,87,0.0,132
1,19/07/21,10:00,6.3,87,0.0,143
1,19/07/21,10:30,6.6,86,0.0,166
1,19/07/21,11:00,6.9,85,0.0,194
1,19/07/21,11:30,8.0,83,0.0,278
1,19/07/21,12:00,8.1,81,0.0,297
1,19/07/21,12:30,8.8,79,0.0,413
1,19/07/21,13:00,9.4,77,0.0,695
1,19/07/21,13:30,9.8,75,0.0,651
1,19/07/21,14:00,10.4,74,0.0,648
1,19/07/21,14:30,9.5,76,0.0,435
1,19/07/21,15:00,10.2,75,0.0,311
1,19/07/21,15:30,10.3,75,0.0,391
1,19/07/21,16:00,10.7,72,0.0,335
1,19/07/21,16:30,9.5,75,0.0,201
1,19/07/21,17:00,9.1,77,0.0,141
1,19/07/21,17:30,8.4,79,0.0,34
1,19/07/21,18:00,6.8,82,0.0,6
1,19/07/21,18:30,6.3,85,0.0,0
1,19/07/21,19:00,6.2,84,0.0,0
1,19/07/21,19:30,5.2,87,0.0,0
1,19/07/21,20:00,5.2,87,0.0,0
1,19/07/21,20:30,5.2,88,0.0,0
1,19/07/21,21:00,5.2,88,0.0,0
1,19/07/21,21:30,5.1,89,0.0,0
1,19/07/21,22:00,4.8,89,0.0,0
1,19/07/21,22:30,3.4,91,0.0,0
1,19/07/21,23:00,3.6,93,0.0,0
1,19/07/21,23:30,3.4,93,0.0,0
1,20/07/21,00:00,3.3,93,0.0,0
1,20/07/21,0:30,3.1,93,0.0,0
1,20/07/21,1:00,3.2,93,0.0,0
1,20/07/21,1:30,3.1,93,0.0,0
1,20/07/21,2:00,3.0,92,0.0,0
1,20/07/21,2:30,2.7,93,0.0,0
1,20/07/21,3:00,2.6,93,0.0,0
1,20/07/21,3:30,2.1,93,0.0,0
1,20/07/21,4:00,2.2,94,0.0,0
1,20/07/21,4:30,2.7,94,0.0,0
1,20/07/21,5:00,2.7,93,0.0,0
1,20/07/21,5:30,2.6,94,0.0,0
1,20/07/21,6:00,2.4,94,0.0,0
1,20/07/21,6:30,2.2,94,0.0,0
1,20/07/21,7:00,2.2,94,0.0,0
1,20/07/21,7:30,2.3,94,0.0,0
1,20/07/21,8:00,2.9,94,0.0,21
1,20/07/21,8:30,2.9,93,0.0,97
1,20/07/21,9:00,3.4,92,0.0,199
1,20/07/21,9:30,4.4,91,0.0,297
1,20/07/21,10:00,5.7,90,0.0,395
1,20/07/21,10:30,7.3,85,0.0,492
1,20/07/21,11:00,8.1,82,0.0,353
1,20/07/21,11:30,9.2,78,0.0,610
1,20/07/21,12:00,10.7,71,0.0,679
1,20/07/21,12:30,11.7,64,0.0,643
1,20/07/21,13:00,12.1,58,0.0,636
1,20/07/21,13:30,12.7,57,0.0,623
1,20/07/21,14:00,13.2,57,0.0,593
1,20/07/21,14:30,14.1,55,0.0,545
1,20/07/21,15:00,14.8,51,0.0,482
1,20/07/21,15:30,14.9,51,0.0,410
1,20/07/21,16:00,15.0,51,0.0,326
1,20/07/21,16:30,14.9,55,0.0,231
1,20/07/21,17:00,14.2,57,0.0,123
1,20/07/21,17:30,12.5,63,0.0,36
1,20/07/21,18:00,10.1,68,0.0,5
1,20/07/21,18:30,9.0,71,0.0,0
1,20/07/21,19:00,8.9,69,0.0,0
1,20/07/21,19:30,7.7,73,0.0,0
1,20/07/21,20:00,7.0,76,0.0,0
1,20/07/21,20:30,6.7,76,0.0,0
1,20/07/21,21:00,6.6,77,0.0,0
1,20/07/21,21:30,6.4,79,0.0,0
1,20/07/21,22:00,6.6,77,0.0,0
1,20/07/21,22:30,6.3,77,0.0,0
1,20/07/21,23:00,6.1,77,0.0,0
1,20/07/21,23:30,5.9,79,0.0,0
1,21/07/21,00:00,5.7,80,0.0,0
1,21/07/21,0:30,5.6,81,0.0,0
1,21/07/21,1:00,5.5,80,0.0,0
1,21/07/21,1:30,5.6,80,0.0,0
1,21/07/21,2:00,5.5,79,0.0,0
1,21/07/21,2:30,5.1,80,0.0,0
1,21/07/21,3:00,5.0,80,0.0,0
1,21/07/21,3:30,5.1,81,0.0,0
1,21/07/21,4:00,5.9,77,0.0,0
1,21/07/21,4:30,6.0,75,0.0,0
1,21/07/21,5:00,5.8,77,0.0,0
1,21/07/21,5:30,5.4,77,0.0,0
1,21/07/21,6:00,5.5,76,0.0,0
1,21/07/21,6:30,5.7,75,0.0,0
1,21/07/21,7:00,4.7,79,0.0,0
1,21/07/21,7:30,4.8,78,0.0,0
1,21/07/21,8:00,6.2,77,0.0,22
1,21/07/21,8:30,7.7,70,0.0,102
1,21/07/21,9:00,8.5,66,0.0,216
1,21/07/21,9:30,8.1,68,0.0,316
1,21/07/21,10:00,8.7,68,0.0,400
1,21/07/21,10:30,9.6,72,0.0,478
1,21/07/21,11:00,10.7,70,0.0,538
1,21/07/21,11:30,11.9,64,0.0,585
1,21/07/21,12:00,12.8,58,0.0,618
1,21/07/21,12:30,13.6,53,0.0,634
1,21/07/21,13:00,13.7,49,0.0,636
1,21/07/21,13:30,14.4,49,0.0,621
1,21/07/21,14:00,14.7,48,0.0,591
1,21/07/21,14:30,15.2,47,0.0,544
1,21/07/21,15:00,15.7,49,0.0,484
1,21/07/21,15:30,16.1,43,0.0,411
1,21/07/21,16:00,16.2,44,0.0,327
1,21/07/21,16:30,15.8,41,0.0,233
1,21/07/21,17:00,15.4,39,0.0,124
1,21/07/21,17:30,15.7,42,0.0,36
1,21/07/21,18:00,13.6,48,0.0,7
1,21/07/21,18:30,12.7,49,0.0,0
1,21/07/21,19:00,12.1,53,0.0,0
1,21/07/21,19:30,11.6,58,0.0,0
1,21/07/21,20:00,11.8,56,0.0,0
1,21/07/21,20:30,11.3,55,0.0,0
1,21/07/21,21:00,10.6,57,0.0,0
1,21/07/21,21:30,10.7,58,0.0,0
1,21/07/21,22:00,9.8,62,0.0,0
1,21/07/21,22:30,9.9,65,0.0,0
1,21/07/21,23:00,10.1,65,0.0,0
1,21/07/21,23:30,10.4,65,0.0,0
1,22/07/21,00:00,9.8,68,0.0,0
1,22/07/21,0:30,9.2,70,0.0,0
1,22/07/21,1:00,9.2,71,0.0,0
1,22/07/21,1:30,8.5,74,0.0,0
1,22/07/21,2:00,8.3,76,0.0,0
1,22/07/21,2:30,8.1,77,0.0,0
1,22/07/21,3:00,7.8,78,0.0,0
1,22/07/21,3:30,7.6,79,0.0,0
1,22/07/21,4:00,8.2,77,0.0,0
1,22/07/21,4:30,8.4,74,0.0,0
1,22/07/21,5:00,8.3,74,0.0,0
1,22/07/21,5:30,8.4,73,0.0,0
1,22/07/21,6:00,7.8,74,0.0,0
1,22/07/21,6:30,7.9,76,0.0,0
1,22/07/21,7:00,7.7,77,0.0,0
1,22/07/21,7:30,7.6,79,0.0,1
1,22/07/21,8:00,8.7,76,0.0,22
1,22/07/21,8:30,9.6,74,0.0,104
1,22/07/21,9:00,10.8,71,0.0,215
1,22/07/21,9:30,12.2,67,0.0,315
1,22/07/21,10:00,13.8,63,0.0,401
1,22/07/21,10:30,13.1,66,0.0,472
1,22/07/21,11:00,14.6,53,0.0,534
1,22/07/21,11:30,15.8,47,0.0,584
1,22/07/21,12:00,16.8,45,0.0,591
1,22/07/21,12:30,17.6,43,0.0,608
1,22/07/21,13:00,18.2,40,0.0,619
1,22/07/21,13:30,18.4,38,0.0,596
1,22/07/21,14:00,19.0,39,0.0,565
1,22/07/21,14:30,19.4,39,0.0,506
1,22/07/21,15:00,19.8,41,0.0,428
1,22/07/21,15:30,19.7,41,0.0,336
1,22/07/21,16:00,19.3,42,0.0,252
1,22/07/21,16:30,18.9,44,0.0,188
1,22/07/21,17:00,17.8,51,0.0,87
1,22/07/21,17:30,16.8,56,0.0,43
1,22/07/21,18:00,16.3,59,0.0,9
1,22/07/21,18:30,15.9,60,0.0,0
1,22/07/21,19:00,15.6,62,0.0,0
1,22/07/21,19:30,15.6,61,0.0,0
1,22/07/21,20:00,15.2,60,0.0,0
1,22/07/21,20:30,14.8,63,0.0,0
1,22/07/21,21:00,14.8,63,0.0,0
1,22/07/21,21:30,14.1,66,0.0,0
1,22/07/21,22:00,13.5,69,0.0,0
1,22/07/21,22:30,13.6,70,0.0,0
1,22/07/21,23:00,13.2,72,0.0,0
1,22/07/21,23:30,13.2,73,0.0,0
1,23/07/21,00:00,13.4,72,0.0,0
1,23/07/21,0:30,13.6,71,0.0,0
1,23/07/21,1:00,14.2,68,0.0,0
1,23/07/21,1:30,13.9,70,0.0,0
1,23/07/21,2:00,13.7,71,0.0,0
1,23/07/21,2:30,14.2,67,0.0,0
1,23/07/21,3:00,14.3,67,0.0,0
1,23/07/21,3:30,14.1,68,0.0,0
1,23/07/21,4:00,13.7,70,0.0,0
1,23/07/21,4:30,13.7,70,0.0,0
1,23/07/21,5:00,13.2,72,0.0,0
1,23/07/21,5:30,13.1,71,0.0,0
1,23/07/21,6:00,13.1,71,0.0,0
1,23/07/21,6:30,13.1,69,0.0,0
1,23/07/21,7:00,13.1,68,0.0,0
1,23/07/21,7:30,14.0,64,0.0,0
1,23/07/21,8:00,13.8,66,0.0,22
1,23/07/21,8:30,14.3,65,0.0,99
1,23/07/21,9:00,15.2,65,0.0,207
1,23/07/21,9:30,16.1,67,0.0,302
1,23/07/21,10:00,17.2,65,0.0,386
1,23/07/21,10:30,17.7,66,0.0,459
1,23/07/21,11:00,19.2,61,0.0,521
1,23/07/21,11:30,19.8,59,0.0,567
1,23/07/21,12:00,20.6,59,0.0,600
1,23/07/21,12:30,22.1,59,0.0,617
1,23/07/21,13:00,23.4,54,0.0,617
1,23/07/21,13:30,23.8,53,0.0,600
1,23/07/21,14:00,25.2,47,0.0,568
1,23/07/21,14:30,25.7,46,0.0,522
1,23/07/21,15:00,25.6,47,0.0,465
1,23/07/21,15:30,25.8,47,0.0,393
1,23/07/21,16:00,25.6,48,0.0,309
1,23/07/21,16:30,25.1,50,0.0,219
1,23/07/21,17:00,24.1,53,0.0,119
1,23/07/21,17:30,23.1,56,0.0,39
1,23/07/21,18:00,21.9,59,0.0,8
1,23/07/21,18:30,20.7,62,0.0,0
1,23/07/21,19:00,20.2,65,0.0,0
1,23/07/21,19:30,19.7,65,0.0,0
1,23/07/21,20:00,19.6,65,0.0,0
1,23/07/21,20:30,19.2,64,0.0,0
1,23/07/21,21:00,19.2,60,0.0,0
1,23/07/21,21:30,18.7,59,0.0,0
1,23/07/21,22:00,18.8,55,0.0,0
1,23/07/21,22:30,18.9,56,0.0,0
1,23/07/21,23:00,18.5,58,0.0,0
1,23/07/21,23:30,18.1,58,0.0,0
1,24/07/21,00:00,18.0,59,0.0,0
1,24/07/21,0:30,17.2,63,0.0,0
1,24/07/21,1:00,17.4,64,0.0,0
1,24/07/21,1:30,17.2,65,0.0,0
1,24/07/21,2:00,17.8,62,0.0,0
1,24/07/21,2:30,18.2,60,0.0,0
1,24/07/21,3:00,18.3,59,0.0,0
1,24/07/21,3:30,18.6,59,0.0,0
1,24/07/21,4:00,18.3,58,0.0,0
1,24/07/21,4:30,18.0,61,0.0,0
1,24/07/21,5:00,17.6,62,0.0,0
1,24/07/21,5:30,17.9,62,0.0,0
1,24/07/21,6:00,17.2,65,0.0,0
1,24/07/21,6:30,17.8,63,0.0,0
1,24/07/21,7:00,18.1,62,0.0,0
1,24/07/21,7:30,17.7,63,0.0,0
1,24/07/21,8:00,18.3,59,0.0,22
1,24/07/21,8:30,17.8,63,0.0,96
1,24/07/21,9:00,17.1,68,0.0,199
1,24/07/21,9:30,17.6,67,0.0,291
1,24/07/21,10:00,18.7,66,0.0,376
1,24/07/21,10:30,19.4,63,0.0,449
1,24/07/21,11:00,19.9,62,0.0,512
1,24/07/21,11:30,20.6,61,0.0,555
1,24/07/21,12:00,21.8,56,0.0,581
1,24/07/21,12:30,22.9,57,0.0,596
1,24/07/21,13:00,23.9,55,0.0,597
1,24/07/21,13:30,24.1,54,0.0,570
1,24/07/21,14:00,24.3,52,0.0,520
1,24/07/21,14:30,24.7,53,0.0,498
1,24/07/21,15:00,24.9,53,0.0,422
1,24/07/21,15:30,24.3,54,0.0,353
1,24/07/21,16:00,24.3,55,0.0,284
1,24/07/21,16:30,24.0,56,0.0,202
1,24/07/21,17:00,23.3,59,0.0,108
1,24/07/21,17:30,22.1,64,0.0,39
1,24/07/21,18:00,21.1,66,0.0,7
1,24/07/21,18:30,20.5,68,0.0,0
1,24/07/21,19:00,20.3,66,0.0,0
1,24/07/21,19:30,19.9,67,0.0,0
1,24/07/21,20:00,19.5,68,0.0,0
1,24/07/21,20:30,19.4,66,0.0,0
1,24/07/21,21:00,18.9,67,0.0,0
1,24/07/21,21:30,18.9,66,0.0,0
1,24/07/21,22:00,18.1,69,0.0,0
1,24/07/21,22:30,18.2,69,0.0,0
1,24/07/21,23:00,17.8,71,0.0,0
1,24/07/21,23:30,17.5,72,0.0,0
1,25/07/21,00:00,17.4,73,0.0,0
1,25/07/21,0:30,17.3,74,0.0,0
1,25/07/21,1:00,16.9,75,0.0,0
1,25/07/21,1:30,17.1,75,0.0,0
1,25/07/21,2:00,16.8,75,0.0,0
1,25/07/21,2:30,17.4,72,0.0,0
1,25/07/21,3:00,17.6,71,0.0,0
1,25/07/21,3:30,17.6,71,0.0,0
1,25/07/21,4:00,17.3,72,0.0,0
1,25/07/21,4:30,16.2,76,0.0,0
1,25/07/21,5:00,16.1,77,0.0,0
1,25/07/21,5:30,15.8,78,0.0,0
1,25/07/21,6:00,15.4,80,0.0,0
1,25/07/21,6:30,15.6,79,0.0,0
1,25/07/21,7:00,16.7,74,0.0,0
1,25/07/21,7:30,16.0,76,0.0,0
1,25/07/21,8:00,16.8,73,0.0,20
1,25/07/21,8:30,16.6,73,0.0,70
1,25/07/21,9:00,17.1,73,0.0,129
1,25/07/21,9:30,18.1,70,0.0,203
1,25/07/21,10:00,19.7,64,0.0,322
1,25/07/21,10:30,21.1,60,0.0,335
1,25/07/21,11:00,20.8,64,0.0,227
1,25/07/21,11:30,21.7,61,0.0,287
1,25/07/21,12:00,21.5,64,0.0,179
1,25/07/21,12:30,22.8,58,0.0,492
1,25/07/21,13:00,23.2,59,0.0,584
1,25/07/21,13:30,24.2,53,0.0,545
1,25/07/21,14:00,24.6,53,0.0,490
1,25/07/21,14:30,24.9,53,0.0,495
1,25/07/21,15:00,25.8,50,0.0,433
1,25/07/21,15:30,25.7,52,0.0,199
1,25/07/21,16:00,26.1,52,0.0,310
1,25/07/21,16:30,25.6,54,0.0,207
1,25/07/21,17:00,25.1,55,0.0,115
1,25/07/21,17:30,24.0,58,0.0,44
1,25/07/21,18:00,23.1,61,0.0,10
1,25/07/21,18:30,22.6,62,0.0,0
1,25/07/21,19:00,21.8,64,0.0,0
1,25/07/21,19:30,21.3,66,0.0,0
1,25/07/21,20:00,20.7,70,0.0,0
1,25/07/21,20:30,20.3,73,0.0,0
1,25/07/21,21:00,19.8,74,0.0,0
1,25/07/21,21:30,20.3,72,0.0,0
1,25/07/21,22:00,20.3,72,0.0,0
1,25/07/21,22:30,19.8,73,0.0,0
1,25/07/21,23:00,19.3,75,0.0,0
1,25/07/21,23:30,19.2,76,0.0,0
1,26/07/21,00:00,18.9,76,0.0,0
1,26/07/21,0:30,18.2,79,0.0,0
1,26/07/21,1:00,17.6,81,0.0,0
1,26/07/21,1:30,16.8,83,0.0,0
1,26/07/21,2:00,16.4,86,0.0,0
1,26/07/21,2:30,16.2,86,0.0,0
1,26/07/21,3:00,15.8,89,0.0,0
1,26/07/21,3:30,15.1,90,0.0,0
1,26/07/21,4:00,15.6,93,0.0,0
1,26/07/21,4:30,15.2,94,0.0,0
1,26/07/21,5:00,15.2,95,0.0,0
1,26/07/21,5:30,14.9,95,0.0,0
1,26/07/21,6:00,14.8,96,0.0,0
1,26/07/21,6:30,14.8,96,0.0,0
1,26/07/21,7:00,14.9,97,0.0,0
1,26/07/21,7:30,14.9,97,0.0,0
1,26/07/21,8:00,15.1,97,0.0,0
1,26/07/21,8:30,14.8,97,0.0,0
1,26/07/21,9:00,14.8,97,1.6,0
1,26/07/21,9:30,14.7,96,3.0,2
1,26/07/21,10:00,14.7,96,3.0,1
1,26/07/21,10:30,14.8,96,3.4,8
1,26/07/21,11:00,14.8,95,1.2,14
1,26/07/21,11:30,14.8,95,0.4,37
1,26/07/21,12:00,14.5,95,4.0,8
1,26/07/21,12:30,14.1,95,8.2,4
1,26/07/21,13:00,13.7,95,2.0,19
1,26/07/21,13:30,13.8,94,0.4,59
1,26/07/21,14:00,13.3,94,0.0,72
1,26/07/21,14:30,12.9,95,2.8,14
1,26/07/21,15:00,12.9,95,2.2,18
1,26/07/21,15:30,13.2,95,4.2,21
1,26/07/21,16:00,13.8,94,0.6,99
1,26/07/21,16:30,13.2,94,0.0,59
1,26/07/21,17:00,13.3,94,0.0,16
1,26/07/21,17:30,11.9,96,0.0,1
1,26/07/21,18:00,11.2,95,0.2,0
1,26/07/21,18:30,10.1,95,0.4,0
1,26/07/21,19:00,9.4,94,0.0,0
1,26/07/21,19:30,9.1,94,0.0,0
1,26/07/21,20:00,9.0,95,0.2,0
1,26/07/21,20:30,8.8,94,0.2,0
1,26/07/21,21:00,8.8,95,0.0,0
1,26/07/21,21:30,8.4,92,0.0,0
1,26/07/21,22:00,8.1,91,0.0,0
1,26/07/21,22:30,8.1,91,0.0,0
1,26/07/21,23:00,8.2,92,0.0,0
1,26/07/21,23:30,8.3,92,0.0,0
1,27/07/21,00:00,8.2,91,0.0,0
1,27/07/21,0:30,7.6,90,0.0,0
1,27/07/21,1:00,7.2,90,0.0,0
1,27/07/21,1:30,6.6,92,0.0,0
1,27/07/21,2:00,6.7,93,0.0,0
1,27/07/21,2:30,6.4,94,0.0,0
1,27/07/21,3:00,6.1,95,0.0,0
1,27/07/21,3:30,5.6,95,0.0,0
1,27/07/21,4:00,5.4,96,0.0,0
1,27/07/21,4:30,5.4,96,0.0,0
1,27/07/21,5:00,5.4,96,0.0,0
1,27/07/21,5:30,5.2,96,0.0,0
1,27/07/21,6:00,5.1,97,0.0,0
1,27/07/21,6:30,4.8,97,0.0,0
1,27/07/21,7:00,4.8,97,0.0,0
1,27/07/21,7:30,4.8,97,0.0,0
1,27/07/21,8:00,4.9,97,0.0,8
1,27/07/21,8:30,4.8,97,0.0,18
1,27/07/21,9:00,5.2,96,0.0,32
1,27/07/21,9:30,5.0,91,0.0,118
1,27/07/21,10:00,4.9,85,0.0,261
1,27/07/21,10:30,5.5,77,0.0,531
1,27/07/21,11:00,5.5,73,0.0,558
1,27/07/21,11:30,6.6,64,0.0,613
1,27/07/21,12:00,7.0,67,0.0,652
1,27/07/21,12:30,7.3,60,0.0,666
1,27/07/21,13:00,7.7,54,0.0,669
1,27/07/21,13:30,7.8,52,0.0,655
1,27/07/21,14:00,7.8,52,0.0,622
1,27/07/21,14:30,7.8,58,0.0,569
1,27/07/21,15:00,7.8,56,0.0,475
1,27/07/21,15:30,8.4,54,0.0,477
1,27/07/21,16:00,7.8,54,0.0,376
1,27/07/21,16:30,7.8,56,0.0,175
1,27/07/21,17:00,7.9,55,0.0,170
1,27/07/21,17:30,6.9,59,0.0,52
1,27/07/21,18:00,6.1,62,0.0,9
1,27/07/21,18:30,5.3,63,0.0,0
1,27/07/21,19:00,4.7,66,0.0,0
1,27/07/21,19:30,4.4,68,0.0,0
1,27/07/21,20:00,3.8,72,0.0,0
1,27/07/21,20:30,3.9,71,0.0,0
1,27/07/21,21:00,3.6,74,0.0,0
1,27/07/21,21:30,2.2,78,0.0,0
1,27/07/21,22:00,1.7,83,0.0,0
1,27/07/21,22:30,1.7,83,0.0,0
1,27/07/21,23:00,1.4,84,0.0,0
1,27/07/21,23:30,1.4,84,0.0,0
1,28/07/21,00:00,1.2,85,0.0,0
1,28/07/21,0:30,1.4,85,0.0,0
1,28/07/21,1:00,1.7,85,0.0,0
1,28/07/21,1:30,1.4,86,0.0,0
1,28/07/21,2:00,0.9,88,0.0,0
1,28/07/21,2:30,0.8,89,0.0,0
1,28/07/21,3:00,0.9,89,0.0,0
1,28/07/21,3:30,0.9,89,0.0,0
1,28/07/21,4:00,0.6,89,0.0,0
1,28/07/21,4:30,0.6,90,0.0,0
1,28/07/21,5:00,1.4,89,0.0,0
1,28/07/21,5:30,2.1,87,0.0,0
1,28/07/21,6:00,2.5,84,0.0,0
1,28/07/21,6:30,2.6,85,0.0,0
1,28/07/21,7:00,2.6,86,0.0,0
1,28/07/21,7:30,2.6,86,0.0,0
1,28/07/21,8:00,2.7,87,0.0,7
1,28/07/21,8:30,3.0,87,0.0,58
1,28/07/21,9:00,3.2,88,0.0,60
1,28/07/21,9:30,3.4,88,0.0,54
1,28/07/21,10:00,3.3,92,0.0,70
1,28/07/21,10:30,3.7,93,0.0,75
1,28/07/21,11:00,4.2,91,0.0,85
1,28/07/21,11:30,4.4,93,0.0,107
1,28/07/21,12:00,5.0,92,0.2,160
1,28/07/21,12:30,4.7,91,0.0,181
1,28/07/21,13:00,5.8,86,0.0,258
1,28/07/21,13:30,5.1,88,0.2,153
1,28/07/21,14:00,7.6,75,0.0,389
1,28/07/21,14:30,7.3,69,0.0,419
1,28/07/21,15:00,6.5,80,0.2,347
1,28/07/21,15:30,7.1,77,0.0,218
1,28/07/21,16:00,7.8,70,0.0,339
1,28/07/21,16:30,4.1,84,0.4,205
1,28/07/21,17:00,4.2,82,0.6,56
1,28/07/21,17:30,4.2,81,0.0,45
1,28/07/21,18:00,4.3,81,0.0,11
1,28/07/21,18:30,2.9,88,0.4,0
1,28/07/21,19:00,3.3,85,0.0,0
1,28/07/21,19:30,3.2,87,0.0,0
1,28/07/21,20:00,2.9,85,0.0,0
1,28/07/21,20:30,2.4,87,0.0,0
1,28/07/21,21:00,2.8,87,0.0,0
1,28/07/21,21:30,2.8,85,0.0,0
1,28/07/21,22:00,2.2,85,0.0,0
1,28/07/21,22:30,1.8,86,0.0,0
1,28/07/21,23:00,1.3,89,0.0,0
1,28/07/21,23:30,1.3,89,0.0,0
1,29/07/21,00:00,1.1,89,0.0,0
1,29/07/21,0:30,0.8,91,0.0,0
1,29/07/21,1:00,0.8,91,0.0,0
1,29/07/21,1:30,1.0,91,0.0,0
1,29/07/21,2:00,0.9,91,0.0,0
1,29/07/21,2:30,0.7,92,0.0,0
1,29/07/21,3:00,0.3,92,0.0,0
1,29/07/21,3:30,0.2,93,0.0,0
1,29/07/21,4:00,0.2,93,0.0,0
1,29/07/21,4:30,-0.1,93,0.0,0
1,29/07/21,5:00,-0.1,93,0.0,0
1,29/07/21,5:30,-0.4,94,0.0,0
1,29/07/21,6:00,-0.6,94,0.0,0
1,29/07/21,6:30,-0.8,94,0.0,0
1,29/07/21,7:00,-1.4,94,0.0,0
1,29/07/21,7:30,-1.4,94,0.0,1
1,29/07/21,8:00,-1.3,95,0.0,20
1,29/07/21,8:30,-0.9,95,0.0,105
1,29/07/21,9:00,-0.3,95,0.0,211
1,29/07/21,9:30,1.1,96,0.0,274
1,29/07/21,10:00,2.9,94,0.0,413
1,29/07/21,10:30,4.2,84,0.0,499
1,29/07/21,11:00,5.6,81,0.0,585
1,29/07/21,11:30,5.9,76,0.0,707
1,29/07/21,12:00,5.8,77,0.0,479
1,29/07/21,12:30,6.1,72,0.0,638
1,29/07/21,13:00,6.9,71,0.0,657
1,29/07/21,13:30,7.6,68,0.0,645
1,29/07/21,14:00,7.8,67,0.0,608
1,29/07/21,14:30,8.4,67,0.0,562
1,29/07/21,15:00,8.4,63,0.0,502
1,29/07/21,15:30,8.8,64,0.0,429
1,29/07/21,16:00,8.9,66,0.0,344
1,29/07/21,16:30,8.7,61,0.0,250
1,29/07/21,17:00,8.6,62,0.0,143
1,29/07/21,17:30,7.8,69,0.0,47
1,29/07/21,18:00,6.3,71,0.0,9
1,29/07/21,18:30,5.7,73,0.0,0
1,29/07/21,19:00,5.2,75,0.0,0
1,29/07/21,19:30,5.4,75,0.0,0
1,29/07/21,20:00,4.9,77,0.0,0
1,29/07/21,20:30,4.8,78,0.0,0
1,29/07/21,21:00,4.0,81,0.0,0
1,29/07/21,21:30,4.3,81,0.0,0
1,29/07/21,22:00,3.8,83,0.0,0
1,29/07/21,22:30,4.1,83,0.0,0
1,29/07/21,23:00,3.8,83,0.0,0
1,29/07/21,23:30,3.8,82,0.0,0
1,30/07/21,00:00,3.6,86,0.0,0
1,30/07/21,0:30,4.1,84,0.0,0
1,30/07/21,1:00,3.8,83,0.0,0
1,30/07/21,1:30,3.8,81,0.0,0
1,30/07/21,2:00,4.5,78,0.0,0
1,30/07/21,2:30,4.5,80,0.0,0
1,30/07/21,3:00,3.8,80,0.0,0
1,30/07/21,3:30,3.7,80,0.0,0
1,30/07/21,4:00,3.8,81,0.0,0
1,30/07/21,4:30,4.2,80,0.0,0
1,30/07/21,5:00,3.9,79,0.0,0
1,30/07/21,5:30,3.6,80,0.0,0
1,30/07/21,6:00,3.1,83,0.0,0
1,30/07/21,6:30,3.0,82,0.0,0
1,30/07/21,7:00,2.5,87,0.0,0
1,30/07/21,7:30,2.7,86,0.0,2
1,30/07/21,8:00,3.4,84,0.0,32
1,30/07/21,8:30,4.3,82,0.0,126
1,30/07/21,9:00,5.4,80,0.0,241
1,30/07/21,9:30,6.6,76,0.0,341
1,30/07/21,10:00,7.9,73,0.0,428
1,30/07/21,10:30,8.0,72,0.0,504
1,30/07/21,11:00,8.9,70,0.0,567
1,30/07/21,11:30,9.6,65,0.0,616
1,30/07/21,12:00,10.3,65,0.0,650
1,30/07/21,12:30,11.1,60,0.0,667
1,30/07/21,13:00,11.7,58,0.0,667
1,30/07/21,13:30,12.3,59,0.0,652
1,30/07/21,14:00,12.6,56,0.0,620
1,30/07/21,14:30,12.8,55,0.0,573
1,30/07/21,15:00,13.0,57,0.0,512
1,30/07/21,15:30,13.5,55,0.0,438
1,30/07/21,16:00,13.4,55,0.0,353
1,30/07/21,16:30,13.3,57,0.0,258
1,30/07/21,17:00,12.8,59,0.0,146
1,30/07/21,17:30,12.2,61,0.0,49
1,30/07/21,18:00,10.6,67,0.0,10
1,30/07/21,18:30,9.8,70,0.0,0
1,30/07/21,19:00,9.3,72,0.0,0
1,30/07/21,19:30,9.3,70,0.0,0
1,30/07/21,20:00,8.8,69,0.0,0
1,30/07/21,20:30,8.9,70,0.0,0
1,30/07/21,21:00,7.6,74,0.0,0
1,30/07/21,21:30,7.4,76,0.0,0
1,30/07/21,22:00,7.3,76,0.0,0
1,30/07/21,22:30,7.2,77,0.0,0
1,30/07/21,23:00,6.6,78,0.0,0
1,30/07/21,23:30,6.6,79,0.0,0
1,31/07/21,00:00,6.0,80,0.0,0
1,31/07/21,0:30,5.5,82,0.0,0
1,31/07/21,1:00,5.2,84,0.0,0
1,31/07/21,1:30,4.9,86,0.0,0
1,31/07/21,2:00,4.8,87,0.0,0
1,31/07/21,2:30,4.3,88,0.0,0
1,31/07/21,3:00,4.2,89,0.0,0
1,31/07/21,3:30,4.4,88,0.0,0
1,31/07/21,4:00,4.4,88,0.0,0
1,31/07/21,4:30,4.3,88,0.0,0
1,31/07/21,5:00,4.4,89,0.0,0
1,31/07/21,5:30,4.2,89,0.0,0
1,31/07/21,6:00,4.3,88,0.0,0
1,31/07/21,6:30,4.6,86,0.0,0
1,31/07/21,7:00,4.6,87,0.0,0
1,31/07/21,7:30,4.9,86,0.0,2
1,31/07/21,8:00,5.6,84,0.0,33
1,31/07/21,8:30,6.4,83,0.0,128
1,31/07/21,9:00,7.3,82,0.0,246
1,31/07/21,9:30,8.3,78,0.0,347
1,31/07/21,10:00,9.1,76,0.0,434
1,31/07/21,10:30,10.2,73,0.0,510
1,31/07/21,11:00,10.9,66,0.0,570
1,31/07/21,11:30,11.4,66,0.0,619
1,31/07/21,12:00,12.2,65,0.0,651
1,31/07/21,12:30,13.1,62,0.0,669
1,31/07/21,13:00,13.4,60,0.0,670
1,31/07/21,13:30,13.9,58,0.0,653
1,31/07/21,14:00,14.7,57,0.0,622
1,31/07/21,14:30,15.3,53,0.0,576
1,31/07/21,15:00,15.6,49,0.0,516
1,31/07/21,15:30,16.1,45,0.0,440
1,31/07/21,16:00,16.3,48,0.0,355
1,31/07/21,16:30,16.1,45,0.0,259
1,31/07/21,17:00,15.8,51,0.0,148
1,31/07/21,17:30,15.2,53,0.0,51
1,31/07/21,18:00,13.7,56,0.0,10
1,31/07/21,18:30,12.7,62,0.0,0
1,31/07/21,19:00,12.2,63,0.0,0
1,31/07/21,19:30,11.7,64,0.0,0
1,31/07/21,20:00,11.6,66,0.0,0
1,31/07/21,20:30,10.2,78,0.0,0
1,31/07/21,21:00,9.8,85,0.0,0
1,31/07/21,21:30,10.3,83,0.0,0
1,31/07/21,22:00,9.9,83,0.0,0
1,31/07/21,22:30,9.8,83,0.0,0
1,31/07/21,23:00,9.4,85,0.0,0
1,31/07/21,23:30,9.0,85,0.0,0
1,01/08/21,00:00,9.4,82,0.0,0
1,01/08/21,0:30,9.5,79,0.0,0
1,01/08/21,1:00,9.3,79,0.0,0
1,01/08/21,1:30,9.2,78,0.0,0
1,01/08/21,2:00,8.8,78,0.0,0
1,01/08/21,2:30,9.4,77,0.0,0
1,01/08/21,3:00,9.9,76,0.0,0
1,01/08/21,3:30,9.6,77,0.0,0
1,01/08/21,4:00,9.5,78,0.0,0
1,01/08/21,4:30,9.0,79,0.0,0
1,01/08/21,5:00,7.9,81,0.0,0
1,01/08/21,5:30,8.3,82,0.0,0
1,01/08/21,6:00,7.6,81,0.0,0
1,01/08/21,6:30,7.4,87,0.0,0
1,01/08/21,7:00,6.9,86,0.0,0
1,01/08/21,7:30,8.7,82,0.0,1
1,01/08/21,8:00,8.4,84,0.0,32
1,01/08/21,8:30,8.9,79,0.0,127
1,01/08/21,9:00,9.1,84,0.0,326
1,01/08/21,9:30,9.1,87,0.0,182
1,01/08/21,10:00,10.8,86,0.0,433
1,01/08/21,10:30,12.1,76,0.0,516
1,01/08/21,11:00,13.0,72,0.0,614
1,01/08/21,11:30,13.4,73,0.0,623
1,01/08/21,12:00,14.2,70,0.0,666
1,01/08/21,12:30,14.8,72,0.0,688
1,01/08/21,13:00,15.1,66,0.0,679
1,01/08/21,13:30,15.2,66,0.0,467
1,01/08/21,14:00,15.8,68,0.0,618
1,01/08/21,14:30,16.3,64,0.0,570
1,01/08/21,15:00,16.4,66,0.0,506
1,01/08/21,15:30,15.5,69,0.0,432
1,01/08/21,16:00,14.9,73,0.0,347
1,01/08/21,16:30,14.6,74,0.0,253
1,01/08/21,17:00,13.8,76,0.0,148
1,01/08/21,17:30,12.6,75,0.0,52
1,01/08/21,18:00,11.3,79,0.0,13
1,01/08/21,18:30,10.2,85,0.0,0
1,01/08/21,19:00,9.7,87,0.0,0
1,01/08/21,19:30,9.4,87,0.0,0
1,01/08/21,20:00,8.4,89,0.0,0
1,01/08/21,20:30,7.2,91,0.0,0
1,01/08/21,21:00,6.6,92,0.0,0
1,01/08/21,21:30,6.2,92,0.0,0
1,01/08/21,22:00,5.1,93,0.0,0
1,01/08/21,22:30,4.8,94,0.0,0
1,01/08/21,23:00,5.2,95,0.0,0
1,01/08/21,23:30,4.2,95,0.0,0
1,02/08/21,00:00,3.8,95,0.0,0
1,02/08/21,0:30,3.9,96,0.0,0
1,02/08/21,1:00,4.3,96,0.0,0
1,02/08/21,1:30,4.4,96,0.0,0
1,02/08/21,2:00,4.6,96,0.0,0
1,02/08/21,2:30,3.8,96,0.0,0
1,02/08/21,3:00,4.6,96,0.0,0
1,02/08/21,3:30,5.3,97,0.0,0
1,02/08/21,4:00,6.6,97,0.0,0
1,02/08/21,4:30,6.9,97,0.0,0
1,02/08/21,5:00,7.0,97,0.0,0
1,02/08/21,5:30,7.2,97,0.0,0
1,02/08/21,6:00,7.6,97,0.0,0
1,02/08/21,6:30,8.0,97,0.0,0
1,02/08/21,7:00,8.1,96,0.0,0
1,02/08/21,7:30,8.2,94,0.0,1
1,02/08/21,8:00,8.1,95,0.0,11
1,02/08/21,8:30,7.8,96,0.0,35
1,02/08/21,9:00,7.8,96,0.0,59
1,02/08/21,9:30,7.7,96,0.0,71
1,02/08/21,10:00,8.1,97,0.0,75
1,02/08/21,10:30,8.6,97,0.0,180
1,02/08/21,11:00,9.3,97,0.0,268
1,02/08/21,11:30,10.3,94,0.0,239
1,02/08/21,12:00,11.6,83,0.0,320
1,02/08/21,12:30,12.1,80,0.0,343
1,02/08/21,13:00,12.3,76,0.0,330
1,02/08/21,13:30,12.8,75,0.0,364
1,02/08/21,14:00,13.6,74,0.0,442
1,02/08/21,14:30,13.1,78,0.0,356
1,02/08/21,15:00,13.6,76,0.0,308
1,02/08/21,15:30,13.1,78,0.0,235
1,02/08/21,16:00,13.1,75,0.0,207
1,02/08/21,16:30,12.4,74,0.0,115
1,02/08/21,17:00,12.1,81,0.0,80
1,02/08/21,17:30,11.4,86,0.0,36
1,02/08/21,18:00,10.7,81,0.0,12
1,02/08/21,18:30,10.2,83,0.0,0
1,02/08/21,19:00,8.7,85,0.0,0
1,02/08/21,19:30,8.2,87,0.0,0
1,02/08/21,20:00,7.9,88,0.0,0
1,02/08/21,20:30,7.9,90,0.0,0
1,02/08/21,21:00,7.7,92,0.0,0
1,02/08/21,21:30,7.3,93,0.0,0
1,02/08/21,22:00,7.2,93,0.0,0
1,02/08/21,22:30,7.1,94,0.0,0
1,02/08/21,23:00,7.1,93,0.0,0
1,02/08/21,23:30,7.6,92,0.0,0
1,03/08/21,00:00,7.7,90,0.0,0
1,03/08/21,0:30,7.5,91,0.0,0
1,03/08/21,1:00,7.5,92,0.0,0
1,03/08/21,1:30,6.9,92,0.0,0
1,03/08/21,2:00,7.2,93,0.0,0
1,03/08/21,2:30,7.3,91,0.0,0
1,03/08/21,3:00,7.3,92,0.0,0
1,03/08/21,3:30,7.0,92,0.0,0
1,03/08/21,4:00,7.1,92,0.0,0
1,03/08/21,4:30,7.1,93,0.0,0
1,03/08/21,5:00,6.6,93,0.0,0
1,03/08/21,5:30,5.9,93,0.0,0
1,03/08/21,6:00,5.3,94,0.0,0
1,03/08/21,6:30,4.6,94,0.0,0
1,03/08/21,7:00,5.3,96,0.0,0
1,03/08/21,7:30,5.3,96,0.0,1
1,03/08/21,8:00,5.2,96,0.0,16
1,03/08/21,8:30,5.8,96,0.0,101
1,03/08/21,9:00,6.4,97,0.0,173
1,03/08/21,9:30,7.3,97,0.0,248
1,03/08/21,10:00,7.7,97,0.0,324
1,03/08/21,10:30,8.3,96,0.0,445
1,03/08/21,11:00,9.1,95,0.0,338
1,03/08/21,11:30,10.3,90,0.0,481
1,03/08/21,12:00,11.6,85,0.0,708
1,03/08/21,12:30,12.6,86,0.0,685
1,03/08/21,13:00,13.2,83,0.0,683
1,03/08/21,13:30,13.4,81,0.0,664
1,03/08/21,14:00,13.9,82,0.0,631
1,03/08/21,14:30,14.7,79,0.0,586
1,03/08/21,15:00,15.1,73,0.0,525
1,03/08/21,15:30,15.8,72,0.0,450
1,03/08/21,16:00,16.1,70,0.0,364
1,03/08/21,16:30,16.2,69,0.0,269
1,03/08/21,17:00,16.2,67,0.0,158
1,03/08/21,17:30,16.2,67,0.0,57
1,03/08/21,18:00,14.4,66,0.0,11
1,03/08/21,18:30,11.8,79,0.0,0
1,03/08/21,19:00,11.1,84,0.0,0
1,03/08/21,19:30,10.3,88,0.0,0
1,03/08/21,20:00,9.9,89,0.0,0
1,03/08/21,20:30,9.1,91,0.0,0
1,03/08/21,21:00,8.7,93,0.0,0
1,03/08/21,21:30,9.2,94,0.0,0
1,03/08/21,22:00,9.1,94,0.0,0
1,03/08/21,22:30,8.9,94,0.0,0
1,03/08/21,23:00,9.0,95,0.0,0
1,03/08/21,23:30,8.8,95,0.0,0
1,04/08/21,00:00,8.7,96,0.0,0
1,04/08/21,0:30,8.7,96,0.0,0
1,04/08/21,1:00,8.6,96,0.0,0
1,04/08/21,1:30,8.3,96,0.0,0
1,04/08/21,2:00,8.3,96,0.0,0
1,04/08/21,2:30,8.1,97,0.0,0
1,04/08/21,3:00,8.2,97,0.0,0
1,04/08/21,3:30,8.1,97,0.0,0
1,04/08/21,4:00,8.2,97,0.0,0
1,04/08/21,4:30,8.3,97,0.0,0
1,04/08/21,5:00,8.4,97,0.0,0
1,04/08/21,5:30,8.5,97,0.0,0
1,04/08/21,6:00,8.5,97,0.0,0
1,04/08/21,6:30,8.6,98,0.0,0
1,04/08/21,7:00,8.6,98,0.0,0
1,04/08/21,7:30,8.6,98,0.0,0
1,04/08/21,8:00,8.7,98,0.0,14
1,04/08/21,8:30,8.9,98,0.0,54
1,04/08/21,9:00,9.3,98,0.0,111
1,04/08/21,9:30,10.3,98,0.0,189
1,04/08/21,10:00,10.7,96,0.0,221
1,04/08/21,10:30,11.4,94,0.0,296
1,04/08/21,11:00,12.1,91,0.0,356
1,04/08/21,11:30,12.8,89,0.0,419
1,04/08/21,12:00,13.3,86,0.0,369
1,04/08/21,12:30,13.4,87,0.0,379
1,04/08/21,13:00,14.1,84,0.0,497
1,04/08/21,13:30,14.7,83,0.0,612
1,04/08/21,14:00,15.1,83,0.0,397
1,04/08/21,14:30,15.3,83,0.0,235
1,04/08/21,15:00,15.3,82,0.0,227
1,04/08/21,15:30,15.6,82,0.0,277
1,04/08/21,16:00,15.3,83,0.0,198
1,04/08/21,16:30,15.1,84,0.0,133
1,04/08/21,17:00,14.4,85,0.0,72
1,04/08/21,17:30,13.8,87,0.0,27
1,04/08/21,18:00,13.6,88,0.0,5
1,04/08/21,18:30,13.3,90,0.0,0
1,04/08/21,19:00,13.5,89,0.0,0
1,04/08/21,19:30,13.2,89,0.0,0
1,04/08/21,20:00,12.9,89,0.0,0
1,04/08/21,20:30,12.7,91,0.0,0
1,04/08/21,21:00,12.6,93,0.0,0
1,04/08/21,21:30,12.6,92,0.0,0
1,04/08/21,22:00,12.6,93,0.0,0
1,04/08/21,22:30,12.5,93,0.0,0
1,04/08/21,23:00,12.5,94,0.0,0
1,04/08/21,23:30,12.4,95,0.0,0
1,05/08/21,00:00,12.5,95,0.0,0
1,05/08/21,0:30,12.7,95,0.0,0
1,05/08/21,1:00,12.8,95,0.0,0
1,05/08/21,1:30,12.8,94,0.0,0
1,05/08/21,2:00,13.1,94,0.0,0
1,05/08/21,2:30,13.2,93,0.0,0
1,05/08/21,3:00,13.3,93,0.0,0
1,05/08/21,3:30,13.4,93,0.0,0
1,05/08/21,4:00,13.5,92,0.0,0
1,05/08/21,4:30,13.4,93,0.0,0
1,05/08/21,5:00,13.3,92,0.0,0
1,05/08/21,5:30,13.2,92,0.0,0
1,05/08/21,6:00,13.0,93,0.0,0
1,05/08/21,6:30,12.8,93,0.0,0
1,05/08/21,7:00,12.7,94,0.0,0
1,05/08/21,7:30,12.6,94,0.0,0
1,05/08/21,8:00,12.8,93,0.0,18
1,05/08/21,8:30,12.9,93,0.0,42
1,05/08/21,9:00,13.0,93,0.0,52
1,05/08/21,9:30,13.7,92,0.0,129
1,05/08/21,10:00,14.3,90,0.0,235
1,05/08/21,10:30,15.4,86,0.0,446
1,05/08/21,11:00,16.4,82,0.0,588
1,05/08/21,11:30,17.2,77,0.0,656
1,05/08/21,12:00,18.1,76,0.0,671
1,05/08/21,12:30,18.4,74,0.0,673
1,05/08/21,13:00,18.9,72,0.0,629
1,05/08/21,13:30,19.4,72,0.0,559
1,05/08/21,14:00,19.4,71,0.0,615
1,05/08/21,14:30,19.1,72,0.0,305
1,05/08/21,15:00,19.4,70,0.0,500
1,05/08/21,15:30,18.2,77,0.0,261
1,05/08/21,16:00,17.9,77,0.0,365
1,05/08/21,16:30,17.6,78,0.0,266
1,05/08/21,17:00,17.2,80,0.0,126
1,05/08/21,17:30,16.9,81,0.0,108
1,05/08/21,18:00,16.1,84,0.0,14
1,05/08/21,18:30,16.1,85,0.0,0
1,05/08/21,19:00,15.4,86,0.0,0
1,05/08/21,19:30,15.4,87,0.0,0
1,05/08/21,20:00,15.4,86,0.0,0
1,05/08/21,20:30,15.4,87,0.0,0
1,05/08/21,21:00,15.2,88,0.0,0
1,05/08/21,21:30,15.2,88,0.0,0
1,05/08/21,22:00,15.1,89,0.0,0
1,05/08/21,22:30,14.9,89,0.0,0
1,05/08/21,23:00,14.8,89,0.0,0
1,05/08/21,23:30,14.6,91,0.0,0
1,06/08/21,00:00,14.5,91,0.0,0
1,06/08/21,0:30,14.4,91,0.0,0
1,06/08/21,1:00,14.3,92,0.0,0
1,06/08/21,1:30,14.1,92,0.0,0
1,06/08/21,2:00,13.7,93,0.0,0
1,06/08/21,2:30,13.6,94,0.0,0
1,06/08/21,3:00,13.6,94,0.0,0
1,06/08/21,3:30,13.6,95,0.0,0
1,06/08/21,4:00,13.4,95,0.0,0
1,06/08/21,4:30,13.3,95,0.0,0
1,06/08/21,5:00,12.9,95,0.0,0
1,06/08/21,5:30,12.8,96,0.0,0
1,06/08/21,6:00,12.9,96,0.0,0
1,06/08/21,6:30,13.0,96,0.0,0
1,06/08/21,7:00,12.8,96,0.0,0
1,06/08/21,7:30,12.3,96,0.0,1
1,06/08/21,8:00,12.9,95,0.0,23
1,06/08/21,8:30,13.0,94,0.0,68
1,06/08/21,9:00,13.6,94,0.0,116
1,06/08/21,9:30,14.2,91,0.0,207
1,06/08/21,10:00,14.8,90,0.0,311
1,06/08/21,10:30,16.7,83,0.0,492
1,06/08/21,11:00,16.9,81,0.0,562
1,06/08/21,11:30,17.6,78,0.0,632
1,06/08/21,12:00,18.4,77,0.0,522
1,06/08/21,12:30,18.9,74,0.0,659
1,06/08/21,13:00,19.8,71,0.0,653
1,06/08/21,13:30,20.1,72,0.0,657
1,06/08/21,14:00,20.9,71,0.0,653
1,06/08/21,14:30,21.1,70,0.0,569
1,06/08/21,15:00,21.2,71,0.0,491
1,06/08/21,15:30,21.1,72,0.0,305
1,06/08/21,16:00,20.7,73,0.0,164
1,06/08/21,16:30,20.5,74,0.0,150
1,06/08/21,17:00,20.6,74,0.0,148
1,06/08/21,17:30,20.2,75,0.0,102
1,06/08/21,18:00,19.3,78,0.0,34
1,06/08/21,18:30,18.2,81,0.0,2
1,06/08/21,19:00,18.3,79,0.0,0
1,06/08/21,19:30,17.0,85,0.0,0
1,06/08/21,20:00,16.5,86,0.0,0
1,06/08/21,20:30,16.3,86,0.0,0
1,06/08/21,21:00,16.1,87,0.0,0
1,06/08/21,21:30,15.6,88,0.0,0
1,06/08/21,22:00,15.6,89,0.0,0
1,06/08/21,22:30,15.5,88,0.0,0
1,06/08/21,23:00,15.0,89,0.0,0
1,06/08/21,23:30,14.8,90,0.0,0
1,07/08/21,00:00,14.8,89,0.0,0
1,07/08/21,0:30,15.1,88,0.0,0
1,07/08/21,1:00,14.8,88,0.0,0
1,07/08/21,1:30,14.7,88,0.0,0
1,07/08/21,2:00,14.5,89,0.0,0
1,07/08/21,2:30,14.6,88,0.0,0
1,07/08/21,3:00,14.3,90,0.0,0
1,07/08/21,3:30,13.8,91,0.0,0
1,07/08/21,4:00,13.8,93,0.0,0
1,07/08/21,4:30,14.6,89,0.0,0
1,07/08/21,5:00,14.7,88,0.0,0
1,07/08/21,5:30,14.9,87,0.0,0
1,07/08/21,6:00,13.8,89,0.0,0
1,07/08/21,6:30,13.9,89,0.0,0
1,07/08/21,7:00,14.1,89,0.0,0
1,07/08/21,7:30,13.7,90,0.0,4
1,07/08/21,8:00,13.1,92,0.0,39
1,07/08/21,8:30,14.3,90,0.0,121
1,07/08/21,9:00,15.0,88,0.0,224
1,07/08/21,9:30,15.4,87,0.0,319
1,07/08/21,10:00,16.1,85,0.0,404
1,07/08/21,10:30,16.9,84,0.0,480
1,07/08/21,11:00,18.6,80,0.0,545
1,07/08/21,11:30,20.1,76,0.0,592
1,07/08/21,12:00,21.3,73,0.0,628
1,07/08/21,12:30,22.5,67,0.0,646
1,07/08/21,13:00,23.8,64,0.0,646
1,07/08/21,13:30,24.3,60,0.0,630
1,07/08/21,14:00,24.6,60,0.0,599
1,07/08/21,14:30,24.8,60,0.0,552
1,07/08/21,15:00,25.1,60,0.0,491
1,07/08/21,15:30,25.3,59,0.0,420
1,07/08/21,16:00,25.1,58,0.0,337
1,07/08/21,16:30,24.5,62,0.0,247
1,07/08/21,17:00,23.7,64,0.0,147
1,07/08/21,17:30,22.6,68,0.0,60
1,07/08/21,18:00,21.3,72,0.0,15
1,07/08/21,18:30,20.7,73,0.0,0
1,07/08/21,19:00,20.4,75,0.0,0
1,07/08/21,19:30,19.7,78,0.0,0
1,07/08/21,20:00,19.6,77,0.0,0
1,07/08/21,20:30,19.5,76,0.0,0
1,07/08/21,21:00,18.6,80,0.0,0
1,07/08/21,21:30,18.6,79,0.0,0
1,07/08/21,22:00,18.6,80,0.0,0
1,07/08/21,22:30,18.4,80,0.0,0
1,07/08/21,23:00,18.3,80,0.0,0
1,07/08/21,23:30,17.8,82,0.0,0
1,08/08/21,00:00,17.4,83,0.0,0
1,08/08/21,0:30,17.3,83,0.0,0
1,08/08/21,1:00,17.2,84,0.0,0
1,08/08/21,1:30,17.3,84,0.0,0
1,08/08/21,2:00,16.9,84,0.0,0
1,08/08/21,2:30,17.2,84,0.0,0
1,08/08/21,3:00,17.3,83,0.0,0
1,08/08/21,3:30,17.1,84,0.0,0
1,08/08/21,4:00,17.7,81,0.0,0
1,08/08/21,4:30,17.3,82,0.0,0
1,08/08/21,5:00,16.6,85,0.0,0
1,08/08/21,5:30,16.5,85,0.0,0
1,08/08/21,6:00,15.4,88,0.0,0
1,08/08/21,6:30,15.1,90,0.0,0
1,08/08/21,7:00,16.4,86,0.0,0
1,08/08/21,7:30,15.8,86,0.0,4
1,08/08/21,8:00,16.8,85,0.0,40
1,08/08/21,8:30,17.8,82,0.0,124
1,08/08/21,9:00,18.4,81,0.0,226
1,08/08/21,9:30,19.1,80,0.0,319
1,08/08/21,10:00,19.6,78,0.0,406
1,08/08/21,10:30,20.2,77,0.0,485
1,08/08/21,11:00,21.3,74,0.0,549
1,08/08/21,11:30,22.1,71,0.0,595
1,08/08/21,12:00,22.6,72,0.0,628
1,08/08/21,12:30,23.2,69,0.0,645
1,08/08/21,13:00,23.8,68,0.0,645
1,08/08/21,13:30,24.8,63,0.0,630
1,08/08/21,14:00,25.6,60,0.0,599
1,08/08/21,14:30,25.7,59,0.0,555
1,08/08/21,15:00,26.2,60,0.0,495
1,08/08/21,15:30,26.4,58,0.0,419
1,08/08/21,16:00,26.1,58,0.0,336
1,08/08/21,16:30,25.3,63,0.0,249
1,08/08/21,17:00,24.7,65,0.0,150
1,08/08/21,17:30,23.8,68,0.0,63
1,08/08/21,18:00,22.4,71,0.0,16
1,08/08/21,18:30,21.9,72,0.0,0
1,08/08/21,19:00,21.3,74,0.0,0
1,08/08/21,19:30,20.9,76,0.0,0
1,08/08/21,20:00,20.5,78,0.0,0
1,08/08/21,20:30,20.1,79,0.0,0
1,08/08/21,21:00,20.1,79,0.0,0
1,08/08/21,21:30,19.7,79,0.0,0
1,08/08/21,22:00,19.3,81,0.0,0
1,08/08/21,22:30,19.2,81,0.0,0
1,08/08/21,23:00,19.0,82,0.0,0
1,08/08/21,23:30,18.6,84,0.0,0
1,09/08/21,00:00,18.8,82,0.0,0
1,09/08/21,0:30,18.2,84,0.0,0
1,09/08/21,1:00,18.0,84,0.0,0
1,09/08/21,1:30,17.9,86,0.0,0
1,09/08/21,2:00,17.8,86,0.0,0
1,09/08/21,2:30,18.3,85,0.0,0
1,09/08/21,3:00,18.5,83,0.0,0
1,09/08/21,3:30,18.7,83,0.0,0
1,09/08/21,4:00,17.7,86,0.0,0
1,09/08/21,4:30,15.9,90,0.0,0
1,09/08/21,5:00,14.1,94,0.0,0
1,09/08/21,5:30,13.7,96,0.0,0
1,09/08/21,6:00,13.1,96,0.0,0
1,09/08/21,6:30,12.6,96,0.0,0
1,09/08/21,7:00,12.6,96,0.0,0
1,09/08/21,7:30,12.5,96,0.2,0
1,09/08/21,8:00,12.6,96,0.0,11
1,09/08/21,8:30,12.6,96,0.0,11
1,09/08/21,9:00,12.8,96,0.6,14
1,09/08/21,9:30,12.6,96,1.4,20
1,09/08/21,10:00,12.4,96,0.0,27
1,09/08/21,10:30,13.3,96,0.0,57
1,09/08/21,11:00,13.9,95,0.4,42
1,09/08/21,11:30,14.2,96,2.4,27
1,09/08/21,12:00,14.3,96,2.2,31
1,09/08/21,12:30,14.6,96,4.0,17
1,09/08/21,13:00,15.2,96,3.0,17
1,09/08/21,13:30,15.4,96,3.4,25
1,09/08/21,14:00,14.7,96,1.4,38
1,09/08/21,14:30,13.8,97,1.4,39
1,09/08/21,15:00,14.2,97,0.4,63
1,09/08/21,15:30,14.3,97,0.8,47
1,09/08/21,16:00,14.3,97,0.8,40
1,09/08/21,16:30,14.5,97,1.0,24
1,09/08/21,17:00,14.7,98,0.0,11
1,09/08/21,17:30,14.6,97,0.8,13
1,09/08/21,18:00,14.4,98,0.4,0
1,09/08/21,18:30,13.8,97,1.0,0
1,09/08/21,19:00,13.5,97,0.6,0
1,09/08/21,19:30,13.4,98,0.4,0
1,09/08/21,20:00,12.8,98,0.2,0
1,09/08/21,20:30,12.7,98,0.0,0
1,09/08/21,21:00,12.5,97,0.0,0
1,09/08/21,21:30,12.4,97,0.0,0
1,09/08/21,22:00,12.4,97,0.0,0
1,09/08/21,22:30,12.3,97,0.2,0
1,09/08/21,23:00,12.3,98,0.0,0
1,09/08/21,23:30,12.2,97,0.0,0
1,10/08/21,00:00,11.9,98,0.0,0
1,10/08/21,0:30,11.9,98,0.0,0
1,10/08/21,1:00,11.8,98,0.0,0
1,10/08/21,1:30,11.6,98,0.0,0
1,10/08/21,2:00,11.6,98,0.0,0
1,10/08/21,2:30,11.4,98,0.0,0
1,10/08/21,3:00,11.3,98,0.0,0
1,10/08/21,3:30,11.1,98,0.0,0
1,10/08/21,4:00,10.9,98,0.2,0
1,10/08/21,4:30,10.8,97,0.0,0
1,10/08/21,5:00,10.8,97,0.0,0
1,10/08/21,5:30,10.4,97,0.0,0
1,10/08/21,6:00,10.2,97,0.0,0
1,10/08/21,6:30,9.9,97,0.0,0
1,10/08/21,7:00,10.0,97,0.0,0
1,10/08/21,7:30,10.1,97,0.0,0
1,10/08/21,8:00,10.1,97,0.2,5
1,10/08/21,8:30,10.1,97,0.2,23
1,10/08/21,9:00,10.2,97,0.2,49
1,10/08/21,9:30,10.4,98,0.0,95
1,10/08/21,10:00,10.6,98,0.2,160
1,10/08/21,10:30,10.7,98,0.2,262
1,10/08/21,11:00,11.7,98,0.2,356
1,10/08/21,11:30,12.0,96,0.0,475
1,10/08/21,12:00,11.9,93,0.0,518
1,10/08/21,12:30,12.7,90,0.0,716
1,10/08/21,13:00,13.2,86,0.0,463
1,10/08/21,13:30,12.2,87,0.0,332
1,10/08/21,14:00,12.4,84,0.0,265
1,10/08/21,14:30,13.3,83,0.0,285
1,10/08/21,15:00,12.1,86,0.0,247
1,10/08/21,15:30,12.4,83,0.0,225
1,10/08/21,16:00,13.4,82,0.0,451
1,10/08/21,16:30,12.1,82,0.0,242
1,10/08/21,17:00,11.5,88,0.0,110
1,10/08/21,17:30,11.1,85,0.0,121
1,10/08/21,18:00,10.4,88,0.0,16
1,10/08/21,18:30,9.7,90,0.0,0
1,10/08/21,19:00,9.3,92,0.0,0
1,10/08/21,19:30,9.4,92,0.0,0
1,10/08/21,20:00,9.2,94,0.0,0
1,10/08/21,20:30,9.2,92,0.0,0
1,10/08/21,21:00,9.3,92,0.0,0
1,10/08/21,21:30,8.8,93,0.0,0
1,10/08/21,22:00,8.6,92,0.0,0
1,10/08/21,22:30,8.4,92,0.0,0
1,10/08/21,23:00,8.2,92,0.0,0
1,10/08/21,23:30,8.3,90,0.0,0
1,11/08/21,00:00,8.2,92,0.0,0
1,11/08/21,0:30,8.1,92,0.0,0
1,11/08/21,1:00,7.9,90,0.0,0
1,11/08/21,1:30,7.8,91,0.0,0
1,11/08/21,2:00,7.7,92,0.0,0
1,11/08/21,2:30,7.6,92,0.0,0
1,11/08/21,3:00,7.5,92,0.0,0
1,11/08/21,3:30,7.0,94,0.0,0
1,11/08/21,4:00,6.0,95,0.0,0
1,11/08/21,4:30,5.2,94,0.0,0
1,11/08/21,5:00,5.5,95,0.0,0
1,11/08/21,5:30,5.6,94,0.0,0
1,11/08/21,6:00,5.4,91,0.0,0
1,11/08/21,6:30,4.8,90,0.0,0
1,11/08/21,7:00,3.8,92,0.0,0
1,11/08/21,7:30,3.4,92,0.0,6
1,11/08/21,8:00,3.9,89,0.0,66
1,11/08/21,8:30,4.9,87,0.0,172
1,11/08/21,9:00,5.4,85,0.0,290
1,11/08/21,9:30,6.2,84,0.0,391
1,11/08/21,10:00,6.9,79,0.0,486
1,11/08/21,10:30,7.2,75,0.0,559
1,11/08/21,11:00,7.9,72,0.0,651
1,11/08/21,11:30,8.3,70,0.0,680
1,11/08/21,12:00,9.1,69,0.0,714
1,11/08/21,12:30,9.2,65,0.0,728
1,11/08/21,13:00,9.8,67,0.0,728
1,11/08/21,13:30,10.4,62,0.0,710
1,11/08/21,14:00,10.5,61,0.0,674
1,11/08/21,14:30,11.3,60,0.0,628
1,11/08/21,15:00,11.2,61,0.0,564
1,11/08/21,15:30,11.2,64,0.0,485
1,11/08/21,16:00,11.2,63,0.0,395
1,11/08/21,16:30,10.7,59,0.0,298
1,11/08/21,17:00,10.3,60,0.0,186
1,11/08/21,17:30,9.7,63,0.0,76
1,11/08/21,18:00,8.7,66,0.0,15
1,11/08/21,18:30,7.2,72,0.0,1
1,11/08/21,19:00,6.3,77,0.0,0
1,11/08/21,19:30,6.0,79,0.0,0
1,11/08/21,20:00,5.5,81,0.0,0
1,11/08/21,20:30,4.9,83,0.0,0
1,11/08/21,21:00,4.9,83,0.0,0
1,11/08/21,21:30,5.1,82,0.0,0
1,11/08/21,22:00,3.8,85,0.0,0
1,11/08/21,22:30,3.1,87,0.0,0
1,11/08/21,23:00,3.3,86,0.0,0
1,11/08/21,23:30,4.1,84,0.0,0
1,12/08/21,00:00,3.1,87,0.0,0
1,12/08/21,0:30,4.0,85,0.0,0
1,12/08/21,1:00,4.5,85,0.0,0
1,12/08/21,1:30,4.2,86,0.0,0
1,12/08/21,2:00,4.3,86,0.0,0
1,12/08/21,2:30,4.1,85,0.0,0
1,12/08/21,3:00,3.7,86,0.0,0
1,12/08/21,3:30,3.2,87,0.0,0
1,12/08/21,4:00,3.8,85,0.0,0
1,12/08/21,4:30,3.3,87,0.0,0
1,12/08/21,5:00,3.2,87,0.0,0
1,12/08/21,5:30,3.4,88,0.0,0
1,12/08/21,6:00,3.7,87,0.0,0
1,12/08/21,6:30,4.3,86,0.0,0
1,12/08/21,7:00,4.2,85,0.0,0
1,12/08/21,7:30,3.8,87,0.0,8
1,12/08/21,8:00,2.9,88,0.0,69
1,12/08/21,8:30,4.1,88,0.0,174
1,12/08/21,9:00,5.2,86,0.0,293
1,12/08/21,9:30,8.7,75,0.0,393
1,12/08/21,10:00,9.4,70,0.0,485
1,12/08/21,10:30,9.7,68,0.0,560
1,12/08/21,11:00,10.2,66,0.0,624
1,12/08/21,11:30,10.4,68,0.0,667
1,12/08/21,12:00,11.2,66,0.0,681
1,12/08/21,12:30,11.4,64,0.0,728
1,12/08/21,13:00,11.3,65,0.0,656
1,12/08/21,13:30,11.7,64,0.0,707
1,12/08/21,14:00,11.7,64,0.0,669
1,12/08/21,14:30,12.0,61,0.0,622
1,12/08/21,15:00,12.1,58,0.0,559
1,12/08/21,15:30,12.1,61,0.0,485
1,12/08/21,16:00,11.9,62,0.0,395
1,12/08/21,16:30,11.8,63,0.0,278
1,12/08/21,17:00,11.3,62,0.0,185
1,12/08/21,17:30,10.7,67,0.0,78
1,12/08/21,18:00,9.6,71,0.0,17
1,12/08/21,18:30,8.7,75,0.0,0
1,12/08/21,19:00,7.9,78,0.0,0
1,12/08/21,19:30,7.6,80,0.0,0
1,12/08/21,20:00,7.4,82,0.0,0
1,12/08/21,20:30,7.4,83,0.0,0
1,12/08/21,21:00,6.9,86,0.0,0
1,12/08/21,21:30,6.7,87,0.0,0
1,12/08/21,22:00,6.4,88,0.0,0
1,12/08/21,22:30,6.8,88,0.0,0
1,12/08/21,23:00,6.7,89,0.0,0
1,12/08/21,23:30,6.8,91,0.0,0
1,13/08/21,00:00,6.8,91,0.0,0
1,13/08/21,0:30,6.8,91,0.0,0
1,13/08/21,1:00,6.8,90,0.0,0
1,13/08/21,1:30,6.6,91,0.0,0
1,13/08/21,2:00,6.5,92,0.0,0
1,13/08/21,2:30,6.4,93,0.0,0
1,13/08/21,3:00,6.4,94,0.0,0
1,13/08/21,3:30,6.8,94,0.0,0
1,13/08/21,4:00,6.9,94,0.0,0
1,13/08/21,4:30,6.9,94,0.0,0
1,13/08/21,5:00,6.9,93,0.0,0
1,13/08/21,5:30,7.1,93,0.0,0
1,13/08/21,6:00,6.9,94,0.0,0
1,13/08/21,6:30,7.0,94,0.0,0
1,13/08/21,7:00,7.1,93,0.0,0
1,13/08/21,7:30,7.2,93,0.0,9
1,13/08/21,8:00,7.7,92,0.0,81
1,13/08/21,8:30,8.0,91,0.0,143
1,13/08/21,9:00,8.8,89,0.0,266
1,13/08/21,9:30,9.2,87,0.0,355
1,13/08/21,10:00,9.6,87,0.0,204
1,13/08/21,10:30,10.3,86,0.0,311
1,13/08/21,11:00,10.7,85,0.0,393
1,13/08/21,11:30,11.2,82,0.0,374
1,13/08/21,12:00,12.1,82,0.0,406
1,13/08/21,12:30,13.8,77,0.0,663
1,13/08/21,13:00,14.1,76,0.0,620
1,13/08/21,13:30,14.5,75,0.0,673
1,13/08/21,14:00,14.3,76,0.0,291
1,13/08/21,14:30,14.5,76,0.0,266
1,13/08/21,15:00,14.3,74,0.0,264
1,13/08/21,15:30,14.1,76,0.0,110
1,13/08/21,16:00,14.3,75,0.0,195
1,13/08/21,16:30,14.2,76,0.0,116
1,13/08/21,17:00,13.8,79,0.0,53
1,13/08/21,17:30,13.6,80,0.0,24
1,13/08/21,18:00,13.3,82,0.0,9
1,13/08/21,18:30,13.3,82,0.0,0
1,13/08/21,19:00,13.2,83,0.0,0
1,13/08/21,19:30,12.9,84,0.0,0
1,13/08/21,20:00,12.2,86,0.0,0
1,13/08/21,20:30,11.7,88,0.0,0
1,13/08/21,21:00,11.3,89,0.0,0
1,13/08/21,21:30,11.1,90,0.0,0
1,13/08/21,22:00,11.0,89,0.0,0
1,13/08/21,22:30,10.9,89,0.0,0
1,13/08/21,23:00,10.7,90,0.0,0
1,13/08/21,23:30,10.6,91,0.0,0
1,14/08/21,00:00,10.9,91,0.0,0
1,14/08/21,0:30,11.3,91,0.0,0
1,14/08/21,1:00,11.7,91,0.0,0
1,14/08/21,1:30,11.8,91,0.0,0
1,14/08/21,2:00,12.0,92,0.0,0
1,14/08/21,2:30,12.3,91,0.0,0
1,14/08/21,3:00,12.3,91,0.0,0
1,14/08/21,3:30,12.3,91,0.0,0
1,14/08/21,4:00,12.3,91,0.0,0
1,14/08/21,4:30,12.3,91,0.0,0
1,14/08/21,5:00,12.2,92,0.0,0
1,14/08/21,5:30,12.2,92,0.0,0
1,14/08/21,6:00,12.1,93,0.0,0
1,14/08/21,6:30,12.1,93,0.0,0
1,14/08/21,7:00,11.9,94,0.0,0
1,14/08/21,7:30,12.0,94,0.0,3
1,14/08/21,8:00,12.1,94,0.0,16
1,14/08/21,8:30,12.3,94,0.0,35
1,14/08/21,9:00,12.6,94,0.0,86
1,14/08/21,9:30,13.3,91,0.0,197
1,14/08/21,10:00,14.2,88,0.0,286
1,14/08/21,10:30,15.0,85,0.0,585
1,14/08/21,11:00,15.7,83,0.0,618
1,14/08/21,11:30,16.7,81,0.0,663
1,14/08/21,12:00,17.3,79,0.0,694
1,14/08/21,12:30,17.7,78,0.0,737
1,14/08/21,13:00,18.2,75,0.0,750
1,14/08/21,13:30,18.4,71,0.0,721
1,14/08/21,14:00,18.9,71,0.0,665
1,14/08/21,14:30,19.0,67,0.0,477
1,14/08/21,15:00,18.7,66,0.0,209
1,14/08/21,15:30,20.3,66,0.0,519
1,14/08/21,16:00,19.9,62,0.0,426
1,14/08/21,16:30,19.1,64,0.0,278
1,14/08/21,17:00,18.2,69,0.0,96
1,14/08/21,17:30,17.8,71,0.0,38
1,14/08/21,18:00,17.2,73,0.0,36
1,14/08/21,18:30,16.7,76,0.0,3
1,14/08/21,19:00,15.3,78,0.0,0
1,14/08/21,19:30,15.1,87,0.0,0
1,14/08/21,20:00,14.9,89,0.0,0
1,14/08/21,20:30,14.6,91,0.0,0
1,14/08/21,21:00,14.1,92,0.0,0
1,14/08/21,21:30,13.9,94,0.0,0
1,14/08/21,22:00,13.7,94,0.0,0
1,14/08/21,22:30,13.6,94,0.0,0
1,14/08/21,23:00,13.3,95,0.0,0
1,14/08/21,23:30,13.2,95,0.0,0
1,15/08/21,00:00,13.2,95,0.0,0
1,15/08/21,0:30,12.8,95,0.0,0
1,15/08/21,1:00,12.7,96,0.0,0
1,15/08/21,1:30,12.6,96,0.0,0
1,15/08/21,2:00,12.6,96,0.0,0
1,15/08/21,2:30,12.6,96,0.0,0
1,15/08/21,3:00,12.5,97,0.0,0
1,15/08/21,3:30,12.9,97,0.0,0
1,15/08/21,4:00,13.4,96,0.0,0
1,15/08/21,4:30,13.6,95,0.0,0
1,15/08/21,5:00,13.3,95,0.0,0
1,15/08/21,5:30,13.6,95,0.0,0
1,15/08/21,6:00,13.2,94,0.0,0
1,15/08/21,6:30,12.0,95,0.0,0
1,15/08/21,7:00,12.1,96,0.0,0
1,15/08/21,7:30,12.2,97,0.0,2
1,15/08/21,8:00,12.3,97,0.0,18
1,15/08/21,8:30,12.3,97,0.0,52
1,15/08/21,9:00,12.6,97,0.0,96
1,15/08/21,9:30,13.0,98,0.0,125
1,15/08/21,10:00,13.4,97,0.0,179
1,15/08/21,10:30,13.1,97,0.0,129
1,15/08/21,11:00,13.4,98,0.0,188
1,15/08/21,11:30,14.6,98,0.0,328
1,15/08/21,12:00,16.2,93,0.0,531
1,15/08/21,12:30,17.6,84,0.0,797
1,15/08/21,13:00,16.7,85,0.0,530
1,15/08/21,13:30,16.2,87,0.0,400
1,15/08/21,14:00,17.2,83,0.0,373
1,15/08/21,14:30,17.2,83,0.0,563
1,15/08/21,15:00,17.0,82,0.0,263
1,15/08/21,15:30,16.8,82,0.0,341
1,15/08/21,16:00,16.1,86,0.0,136
1,15/08/21,16:30,15.4,88,0.0,111
1,15/08/21,17:00,15.4,86,0.0,137
1,15/08/21,17:30,14.6,88,0.0,53
1,15/08/21,18:00,13.9,89,0.0,16
1,15/08/21,18:30,13.1,92,0.0,1
1,15/08/21,19:00,13.0,92,0.0,0
1,15/08/21,19:30,12.7,93,0.0,0
1,15/08/21,20:00,12.8,93,0.0,0
1,15/08/21,20:30,12.9,93,0.0,0
1,15/08/21,21:00,12.8,93,0.0,0
1,15/08/21,21:30,12.8,93,0.0,0
1,15/08/21,22:00,12.4,93,0.0,0
1,15/08/21,22:30,12.1,93,0.0,0
1,15/08/21,23:00,12.3,94,0.0,0
1,15/08/21,23:30,12.3,93,0.0,0
1,16/08/21,00:00,12.3,93,0.0,0
1,16/08/21,0:30,12.1,93,0.0,0
1,16/08/21,1:00,12.2,94,0.0,0
1,16/08/21,1:30,12.1,93,0.0,0
1,16/08/21,2:00,11.9,94,0.0,0
1,16/08/21,2:30,11.8,93,0.0,0
1,16/08/21,3:00,11.4,94,0.0,0
1,16/08/21,3:30,11.2,94,0.0,0
1,16/08/21,4:00,11.2,94,0.0,0
1,16/08/21,4:30,11.0,94,0.0,0
1,16/08/21,5:00,10.7,95,0.0,0
1,16/08/21,5:30,10.4,95,0.0,0
1,16/08/21,6:00,10.2,96,0.0,0
1,16/08/21,6:30,10.1,97,0.0,0
1,16/08/21,7:00,9.9,97,0.0,0
1,16/08/21,7:30,9.9,97,0.0,5
1,16/08/21,8:00,10.1,97,0.0,19
1,16/08/21,8:30,10.4,97,0.0,134
1,16/08/21,9:00,10.8,97,0.0,175
1,16/08/21,9:30,11.3,96,0.0,285
1,16/08/21,10:00,11.3,96,0.0,208
1,16/08/21,10:30,11.8,95,0.0,256
1,16/08/21,11:00,12.2,93,0.0,366
1,16/08/21,11:30,13.1,92,0.0,462
1,16/08/21,12:00,14.3,87,0.0,728
1,16/08/21,12:30,15.5,85,0.0,732
1,16/08/21,13:00,16.4,82,0.0,729
1,16/08/21,13:30,16.8,82,0.0,692
1,16/08/21,14:00,17.9,78,0.0,681
1,16/08/21,14:30,18.2,76,0.0,627
1,16/08/21,15:00,18.1,76,0.0,517
1,16/08/21,15:30,18.2,78,0.0,458
1,16/08/21,16:00,18.0,77,0.0,304
1,16/08/21,16:30,17.7,79,0.0,221
1,16/08/21,17:00,17.2,80,0.0,152
1,16/08/21,17:30,16.5,83,0.0,100
1,16/08/21,18:00,15.7,85,0.0,36
1,16/08/21,18:30,14.7,88,0.0,6
1,16/08/21,19:00,14.0,91,0.0,0
1,16/08/21,19:30,13.7,92,0.0,0
1,16/08/21,20:00,13.4,92,0.0,0
1,16/08/21,20:30,12.6,94,0.0,0
1,16/08/21,21:00,12.1,95,0.0,0
1,16/08/21,21:30,12.2,95,0.0,0
1,16/08/21,22:00,11.9,94,0.0,0
1,16/08/21,22:30,11.8,95,0.0,0
1,16/08/21,23:00,11.3,95,0.0,0
1,16/08/21,23:30,11.8,96,0.0,0
1,17/08/21,00:00,11.8,97,0.0,0
1,17/08/21,0:30,11.9,97,0.0,0
1,17/08/21,1:00,11.9,97,0.0,0
1,17/08/21,1:30,11.9,97,0.0,0
1,17/08/21,2:00,11.9,98,0.0,0
1,17/08/21,2:30,11.9,98,0.0,0
1,17/08/21,3:00,11.9,98,0.0,0
1,17/08/21,3:30,11.9,98,0.0,0
1,17/08/21,4:00,11.9,98,0.0,0
1,17/08/21,4:30,11.8,98,0.0,0
1,17/08/21,5:00,11.7,98,0.0,0
1,17/08/21,5:30,11.7,98,0.0,0
1,17/08/21,6:00,11.8,98,0.0,0
1,17/08/21,6:30,11.7,98,0.0,0
1,17/08/21,7:00,11.7,98,0.0,0
1,17/08/21,7:30,11.5,98,0.0,10
1,17/08/21,8:00,11.8,98,0.0,44
1,17/08/21,8:30,12.2,98,0.0,114
1,17/08/21,9:00,13.4,98,0.0,271
1,17/08/21,9:30,13.9,98,0.0,418
1,17/08/21,10:00,14.3,98,0.0,370
1,17/08/21,10:30,15.6,98,0.0,474
1,17/08/21,11:00,16.2,95,0.0,687
1,17/08/21,11:30,18.1,87,0.0,672
1,17/08/21,12:00,18.3,86,0.0,688
1,17/08/21,12:30,20.2,82,0.0,695
1,17/08/21,13:00,20.7,80,0.0,691
1,17/08/21,13:30,21.7,76,0.0,669
1,17/08/21,14:00,22.4,78,0.0,635
1,17/08/21,14:30,22.9,76,0.0,569
1,17/08/21,15:00,23.7,67,0.0,512
1,17/08/21,15:30,23.9,65,0.0,434
1,17/08/21,16:00,23.8,65,0.0,346
1,17/08/21,16:30,23.7,68,0.0,255
1,17/08/21,17:00,23.3,68,0.0,151
1,17/08/21,17:30,22.6,71,0.0,61
1,17/08/21,18:00,21.7,75,0.0,39
1,17/08/21,18:30,20.7,80,0.0,3
1,17/08/21,19:00,19.8,83,0.0,0
1,17/08/21,19:30,19.4,85,0.0,0
1,17/08/21,20:00,19.2,86,0.0,0
1,17/08/21,20:30,19.4,85,0.0,0
1,17/08/21,21:00,19.1,85,0.0,0
1,17/08/21,21:30,17.4,89,0.0,0
1,17/08/21,22:00,17.0,91,0.0,0
1,17/08/21,22:30,16.6,92,0.0,0
1,17/08/21,23:00,17.1,90,0.0,0
1,17/08/21,23:30,17.1,90,0.0,0
1,18/08/21,00:00,17.0,89,0.0,0
1,18/08/21,0:30,16.8,89,0.0,0
1,18/08/21,1:00,16.9,90,0.0,0
1,18/08/21,1:30,17.4,90,0.0,0
1,18/08/21,2:00,16.8,90,1.6,0
1,18/08/21,2:30,16.2,95,7.4,0
1,18/08/21,3:00,15.9,94,0.4,0
1,18/08/21,3:30,17.3,86,0.0,0
1,18/08/21,4:00,17.9,84,0.0,0
1,18/08/21,4:30,16.9,90,0.0,0
1,18/08/21,5:00,17.2,89,0.0,0
1,18/08/21,5:30,16.3,92,0.0,0
1,18/08/21,6:00,16.2,92,0.0,0
1,18/08/21,6:30,16.2,92,0.0,0
1,18/08/21,7:00,16.1,92,0.0,0
1,18/08/21,7:30,16.6,92,0.0,0
1,18/08/21,8:00,16.3,93,0.0,14
1,18/08/21,8:30,16.2,94,0.0,79
1,18/08/21,9:00,16.6,95,0.0,113
1,18/08/21,9:30,17.6,92,0.0,318
1,18/08/21,10:00,18.7,91,0.0,411
1,18/08/21,10:30,18.4,91,0.0,237
1,18/08/21,11:00,19.3,89,0.0,380
1,18/08/21,11:30,20.2,87,0.0,603
1,18/08/21,12:00,20.8,85,0.0,614
1,18/08/21,12:30,21.3,85,0.0,653
1,18/08/21,13:00,21.9,83,0.0,669
1,18/08/21,13:30,22.8,82,0.0,665
1,18/08/21,14:00,22.8,79,0.0,606
1,18/08/21,14:30,22.9,77,0.0,555
1,18/08/21,15:00,23.1,78,0.0,513
1,18/08/21,15:30,23.2,80,0.0,427
1,18/08/21,16:00,22.9,80,0.0,337
1,18/08/21,16:30,22.3,82,0.0,210
1,18/08/21,17:00,22.3,81,0.0,145
1,18/08/21,17:30,21.8,83,0.0,66
1,18/08/21,18:00,21.3,85,0.0,23
1,18/08/21,18:30,20.8,86,0.0,2
1,18/08/21,19:00,20.6,85,0.0,0
1,18/08/21,19:30,20.3,85,0.0,0
1,18/08/21,20:00,19.8,86,0.0,0
1,18/08/21,20:30,19.4,87,0.0,0
1,18/08/21,21:00,19.0,87,0.0,0
1,18/08/21,21:30,18.7,88,0.0,0
1,18/08/21,22:00,18.4,88,0.0,0
1,18/08/21,22:30,18.3,88,0.0,0
1,18/08/21,23:00,18.3,88,0.0,0
1,18/08/21,23:30,18.2,88,0.0,0
1,19/08/21,00:00,17.8,89,0.0,0
1,19/08/21,0:30,17.7,90,0.0,0
1,19/08/21,1:00,17.7,89,0.0,0
1,19/08/21,1:30,18.1,88,0.0,0
1,19/08/21,2:00,18.4,88,0.0,0
1,19/08/21,2:30,18.8,86,0.0,0
1,19/08/21,3:00,18.3,87,0.0,0
1,19/08/21,3:30,18.2,88,0.0,0
1,19/08/21,4:00,18.5,87,0.0,0
1,19/08/21,4:30,18.4,88,0.0,0
1,19/08/21,5:00,19.1,84,0.0,0
1,19/08/21,5:30,19.4,83,0.0,0
1,19/08/21,6:00,19.2,84,0.0,0
1,19/08/21,6:30,18.6,86,0.0,0
1,19/08/21,7:00,19.0,84,0.0,0
1,19/08/21,7:30,18.9,84,0.0,12
1,19/08/21,8:00,19.1,84,0.0,53
1,19/08/21,8:30,19.6,82,0.0,134
1,19/08/21,9:00,20.4,79,0.0,203
1,19/08/21,9:30,20.7,77,0.0,269
1,19/08/21,10:00,21.8,75,0.0,366
1,19/08/21,10:30,22.7,72,0.0,473
1,19/08/21,11:00,24.7,63,0.0,474
1,19/08/21,11:30,25.5,60,0.0,646
1,19/08/21,12:00,26.7,56,0.0,631
1,19/08/21,12:30,27.5,53,0.0,657
1,19/08/21,13:00,28.7,51,0.0,660
1,19/08/21,13:30,30.2,43,0.0,637
1,19/08/21,14:00,31.2,39,0.0,602
1,19/08/21,14:30,31.2,40,0.0,582
1,19/08/21,15:00,31.1,41,0.0,480
1,19/08/21,15:30,30.8,39,0.0,380
1,19/08/21,16:00,30.9,36,0.0,340
1,19/08/21,16:30,30.3,38,0.0,225
1,19/08/21,17:00,29.4,40,0.0,145
1,19/08/21,17:30,28.2,44,0.0,66
1,19/08/21,18:00,27.3,46,0.0,15
1,19/08/21,18:30,26.7,48,0.0,0
1,19/08/21,19:00,26.2,50,0.0,0
1,19/08/21,19:30,24.0,64,0.0,0
1,19/08/21,20:00,22.4,70,0.0,0
1,19/08/21,20:30,21.4,74,0.0,0
1,19/08/21,21:00,20.6,78,0.0,0
1,19/08/21,21:30,19.7,81,0.0,0
1,19/08/21,22:00,19.3,84,0.0,0
1,19/08/21,22:30,19.5,82,0.0,0
1,19/08/21,23:00,18.9,85,0.0,0
1,19/08/21,23:30,18.5,87,0.0,0
1,20/08/21,00:00,17.8,92,0.0,0
1,20/08/21,0:30,17.3,93,0.0,0
1,20/08/21,1:00,17.0,93,0.0,0
1,20/08/21,1:30,16.6,93,0.0,0
1,20/08/21,2:00,16.2,93,0.0,0
1,20/08/21,2:30,16.7,93,0.0,0
1,20/08/21,3:00,16.1,93,0.0,0
1,20/08/21,3:30,15.5,94,0.0,0
1,20/08/21,4:00,14.4,96,2.2,0
1,20/08/21,4:30,14.3,92,0.0,0
1,20/08/21,5:00,15.4,84,0.6,0
1,20/08/21,5:30,14.9,86,0.2,0
1,20/08/21,6:00,15.1,86,0.0,0
1,20/08/21,6:30,14.9,87,0.0,0
1,20/08/21,7:00,15.2,85,0.0,0
1,20/08/21,7:30,15.3,84,0.0,0
1,20/08/21,8:00,14.5,90,0.0,0
1,20/08/21,8:30,14.1,94,0.0,9
1,20/08/21,9:00,14.5,92,0.0,9
1,20/08/21,9:30,14.7,92,0.0,11
1,20/08/21,10:00,14.7,92,0.0,24
1,20/08/21,10:30,15.3,89,0.0,39
1,20/08/21,11:00,14.8,91,0.2,40
1,20/08/21,11:30,13.8,95,0.0,74
1,20/08/21,12:00,14.1,94,0.0,103
1,20/08/21,12:30,14.8,94,0.0,141
1,20/08/21,13:00,14.9,93,0.0,122
1,20/08/21,13:30,15.2,91,0.0,62
1,20/08/21,14:00,15.3,94,0.0,57
1,20/08/21,14:30,15.1,95,0.0,62
1,20/08/21,15:00,15.1,95,0.0,105
1,20/08/21,15:30,15.4,95,0.0,103
1,20/08/21,16:00,15.1,95,0.0,45
1,20/08/21,16:30,13.2,96,0.0,19
1,20/08/21,17:00,12.8,97,0.0,18
1,20/08/21,17:30,12.7,97,0.2,19
1,20/08/21,18:00,12.7,97,0.0,5
1,20/08/21,18:30,12.7,96,0.0,0
1,20/08/21,19:00,12.6,96,0.2,0
1,20/08/21,19:30,12.6,95,0.0,0
1,20/08/21,20:00,12.6,95,0.0,0
1,20/08/21,20:30,12.7,94,0.0,0
1,20/08/21,21:00,12.7,94,0.0,0
1,20/08/21,21:30,12.7,93,0.0,0
1,20/08/21,22:00,12.6,93,0.0,0
1,20/08/21,22:30,12.2,94,0.0,0
1,20/08/21,23:00,12.2,94,0.2,0
1,20/08/21,23:30,12.0,94,0.0,0
1,21/08/21,00:00,11.9,94,0.0,0
1,21/08/21,0:30,12.1,94,0.0,0
1,21/08/21,1:00,11.9,93,0.0,0
1,21/08/21,1:30,11.5,93,0.0,0
1,21/08/21,2:00,11.2,94,0.0,0
1,21/08/21,2:30,10.8,94,0.0,0
1,21/08/21,3:00,10.9,94,0.0,0
1,21/08/21,3:30,10.8,94,0.0,0
1,21/08/21,4:00,10.7,93,0.0,0
1,21/08/21,4:30,10.6,93,0.0,0
1,21/08/21,5:00,10.5,93,0.0,0
1,21/08/21,5:30,10.3,93,0.0,0
1,21/08/21,6:00,10.3,93,0.0,0
1,21/08/21,6:30,10.1,93,0.0,0
1,21/08/21,7:00,10.1,93,0.0,0
1,21/08/21,7:30,10.3,93,0.0,18
1,21/08/21,8:00,10.4,93,0.0,41
1,21/08/21,8:30,10.8,91,0.0,112
1,21/08/21,9:00,11.4,87,0.0,92
1,21/08/21,9:30,12.0,85,0.0,205
1,21/08/21,10:00,11.6,89,0.0,83
1,21/08/21,10:30,11.4,88,0.0,62
1,21/08/21,11:00,11.7,92,0.0,94
1,21/08/21,11:30,11.8,89,0.0,170
1,21/08/21,12:00,12.2,87,0.0,240
1,21/08/21,12:30,11.9,82,0.0,174
1,21/08/21,13:00,11.8,82,0.0,105
1,21/08/21,13:30,11.1,86,0.0,26
1,21/08/21,14:00,10.9,90,0.0,14
1,21/08/21,14:30,11.3,91,0.0,38
1,21/08/21,15:00,12.2,92,0.0,196
1,21/08/21,15:30,13.1,92,0.0,203
1,21/08/21,16:00,13.7,92,0.0,244
1,21/08/21,16:30,13.9,92,0.0,186
1,21/08/21,17:00,13.9,92,0.0,128
1,21/08/21,17:30,13.4,94,0.0,48
1,21/08/21,18:00,13.1,95,0.0,21
1,21/08/21,18:30,13.4,95,0.0,0
1,21/08/21,19:00,13.7,94,0.0,0
1,21/08/21,19:30,13.7,94,0.0,0
1,21/08/21,20:00,13.8,94,0.0,0
1,21/08/21,20:30,14.0,94,0.0,0
1,21/08/21,21:00,14.2,94,0.0,0
1,21/08/21,21:30,14.2,94,0.0,0
1,21/08/21,22:00,14.3,94,0.0,0
1,21/08/21,22:30,14.3,94,0.0,0
1,21/08/21,23:00,14.4,94,0.0,0
1,21/08/21,23:30,14.4,93,0.0,0
1,22/08/21,00:00,14.0,94,0.0,0
1,22/08/21,0:30,13.8,95,0.0,0
1,22/08/21,1:00,13.6,97,0.0,0
1,22/08/21,1:30,13.5,97,0.0,0
1,22/08/21,2:00,13.4,97,0.0,0
1,22/08/21,2:30,13.7,96,0.0,0
1,22/08/21,3:00,14.7,93,0.0,0
1,22/08/21,3:30,14.1,94,0.0,0
1,22/08/21,4:00,14.1,94,0.0,0
1,22/08/21,4:30,14.2,93,0.0,0
1,22/08/21,5:00,15.3,89,0.0,0
1,22/08/21,5:30,15.2,89,0.0,0
1,22/08/21,6:00,15.3,89,0.0,0
1,22/08/21,6:30,15.4,87,0.0,0
1,22/08/21,7:00,15.4,87,0.0,0
1,22/08/21,7:30,15.8,86,0.0,9
1,22/08/21,8:00,17.2,81,0.0,56
1,22/08/21,8:30,17.1,81,0.0,45
1,22/08/21,9:00,17.7,80,0.0,136
1,22/08/21,9:30,17.9,80,0.0,180
1,22/08/21,10:00,18.6,77,0.0,204
1,22/08/21,10:30,18.9,77,0.0,187
1,22/08/21,11:00,18.8,79,0.0,151
1,22/08/21,11:30,19.3,79,0.0,116
1,22/08/21,12:00,20.3,73,0.0,224
1,22/08/21,12:30,20.5,76,0.0,215
1,22/08/21,13:00,20.8,78,0.0,311
1,22/08/21,13:30,20.7,79,0.0,195
1,22/08/21,14:00,20.5,81,0.0,147
1,22/08/21,14:30,21.3,80,0.0,226
1,22/08/21,15:00,21.1,78,0.0,346
1,22/08/21,15:30,20.5,81,0.0,180
1,22/08/21,16:00,19.7,83,0.0,71
1,22/08/21,16:30,18.3,90,0.0,14
1,22/08/21,17:00,17.8,93,0.0,16
1,22/08/21,17:30,17.4,95,0.0,11
1,22/08/21,18:00,17.2,95,0.0,11
1,22/08/21,18:30,16.9,96,0.0,0
1,22/08/21,19:00,16.7,96,0.0,0
1,22/08/21,19:30,16.6,96,0.0,0
1,22/08/21,20:00,16.4,96,0.0,0
1,22/08/21,20:30,16.2,97,0.0,0
1,22/08/21,21:00,16.1,97,0.2,0
1,22/08/21,21:30,15.9,97,0.4,0
1,22/08/21,22:00,15.6,96,0.4,0
1,22/08/21,22:30,15.2,96,0.4,0
1,22/08/21,23:00,14.9,95,0.2,0
1,22/08/21,23:30,14.6,93,0.4,0
1,23/08/21,00:00,14.6,90,0.2,0
1,23/08/21,0:30,14.2,86,0.2,0
1,23/08/21,1:00,13.8,86,0.2,0
1,23/08/21,1:30,13.7,85,0.2,0
1,23/08/21,2:00,13.4,84,0.0,0
1,23/08/21,2:30,13.3,81,0.2,0
1,23/08/21,3:00,12.7,84,0.2,0
1,23/08/21,3:30,12.4,85,0.0,0
1,23/08/21,4:00,12.2,86,0.2,0
1,23/08/21,4:30,11.9,86,0.0,0
1,23/08/21,5:00,11.9,84,0.0,0
1,23/08/21,5:30,11.7,84,0.2,0
1,23/08/21,6:00,11.4,84,0.0,0
1,23/08/21,6:30,11.3,85,0.2,0
1,23/08/21,7:00,11.1,85,0.0,0
1,23/08/21,7:30,10.7,87,0.0,1
1,23/08/21,8:00,10.8,87,0.0,12
1,23/08/21,8:30,10.6,89,0.2,5
1,23/08/21,9:00,10.7,88,0.0,11
1,23/08/21,9:30,10.5,85,0.0,15
1,23/08/21,10:00,10.1,86,0.0,18
1,23/08/21,10:30,9.8,88,0.0,18
1,23/08/21,11:00,9.2,89,0.0,4
1,23/08/21,11:30,9.0,86,0.2,3
1,23/08/21,12:00,8.4,91,0.0,2
1,23/08/21,12:30,8.9,89,0.0,3
1,23/08/21,13:00,9.1,91,2.6,2
1,23/08/21,13:30,9.0,92,4.6,0
1,23/08/21,14:00,9.1,94,5.4,7
1,23/08/21,14:30,9.4,94,5.4,21
1,23/08/21,15:00,9.7,93,4.8,11
1,23/08/21,15:30,10.0,92,4.8,15
1,23/08/21,16:00,9.9,93,4.4,24
1,23/08/21,16:30,10.1,93,3.8,3
1,23/08/21,17:00,10.1,93,3.6,5
1,23/08/21,17:30,10.1,93,3.4,4
1,23/08/21,18:00,10.1,93,2.8,3
1,23/08/21,18:30,10.3,93,2.2,0
1,23/08/21,19:00,10.1,93,1.2,0
1,23/08/21,19:30,10.2,93,1.2,0
1,23/08/21,20:00,10.2,94,0.4,0
1,23/08/21,20:30,10.1,94,0.0,0
1,23/08/21,21:00,10.2,94,0.0,0
1,23/08/21,21:30,10.1,95,0.0,0
1,23/08/21,22:00,10.0,95,0.0,0
1,23/08/21,22:30,9.9,96,0.0,0
1,23/08/21,23:00,9.9,96,0.0,0
1,23/08/21,23:30,10.0,96,0.0,0
1,24/08/21,00:00,10.1,96,0.0,0
1,24/08/21,0:30,10.2,94,0.0,0
1,24/08/21,1:00,10.2,92,0.0,0
1,24/08/21,1:30,10.1,92,0.0,0
1,24/08/21,2:00,10.2,92,0.0,0
1,24/08/21,2:30,10.2,91,0.0,0
1,24/08/21,3:00,10.2,91,0.0,0
1,24/08/21,3:30,10.2,90,0.0,0
1,24/08/21,4:00,9.9,86,0.0,0
1,24/08/21,4:30,9.8,79,0.0,0
1,24/08/21,5:00,9.6,84,0.0,0
1,24/08/21,5:30,8.8,89,0.6,0
1,24/08/21,6:00,9.0,92,1.0,0
1,24/08/21,6:30,9.3,94,1.2,0
1,24/08/21,7:00,9.6,93,1.2,0
1,24/08/21,7:30,9.9,94,2.6,0
1,24/08/21,8:00,10.2,94,2.0,0
1,24/08/21,8:30,10.1,95,2.0,0
1,24/08/21,9:00,10.3,95,2.8,8
1,24/08/21,9:30,10.7,95,2.8,30
1,24/08/21,10:00,11.2,95,1.8,176
1,24/08/21,10:30,11.8,94,2.0,231
1,24/08/21,11:00,11.6,94,2.0,210
1,24/08/21,11:30,11.5,95,1.8,174
1,24/08/21,12:00,11.7,96,1.6,160
1,24/08/21,12:30,12.1,95,1.4,185
1,24/08/21,13:00,12.3,95,0.8,131
1,24/08/21,13:30,12.8,95,0.8,207
1,24/08/21,14:00,12.5,94,0.4,187
1,24/08/21,14:30,12.6,94,0.2,167
1,24/08/21,15:00,12.4,94,0.2,182
1,24/08/21,15:30,12.1,94,0.2,139
1,24/08/21,16:00,12.1,95,0.0,88
1,24/08/21,16:30,12.1,94,0.0,83
1,24/08/21,17:00,12.2,94,0.0,66
1,24/08/21,17:30,12.2,94,0.0,20
1,24/08/21,18:00,12.1,95,0.0,9
1,24/08/21,18:30,12.1,95,0.0,0
1,24/08/21,19:00,12.3,94,0.0,0
1,24/08/21,19:30,12.3,94,0.0,0
1,24/08/21,20:00,12.3,94,0.0,0
1,24/08/21,20:30,12.3,94,0.0,0
1,24/08/21,21:00,12.4,94,0.0,0
1,24/08/21,21:30,12.3,94,0.0,0
1,24/08/21,22:00,12.3,94,0.0,0
1,24/08/21,22:30,12.3,94,0.0,0
1,24/08/21,23:00,12.4,94,0.0,0
1,24/08/21,23:30,12.5,94,0.0,0
1,25/08/21,00:00,12.6,94,0.0,0
1,25/08/21,0:30,12.5,94,0.0,0
1,25/08/21,1:00,12.5,95,0.0,0
1,25/08/21,1:30,12.6,95,0.0,0
1,25/08/21,2:00,12.4,95,0.0,0
1,25/08/21,2:30,12.5,95,0.0,0
1,25/08/21,3:00,12.4,95,0.0,0
1,25/08/21,3:30,12.5,95,0.2,0
1,25/08/21,4:00,12.5,95,0.0,0
1,25/08/21,4:30,12.4,96,0.0,0
1,25/08/21,5:00,12.5,96,0.0,0
1,25/08/21,5:30,12.6,95,0.0,0
1,25/08/21,6:00,12.7,95,0.0,0
1,25/08/21,6:30,12.8,95,0.0,0
1,25/08/21,7:00,12.7,95,0.0,0
1,25/08/21,7:30,12.7,95,0.0,1
1,25/08/21,8:00,12.9,95,0.0,17
1,25/08/21,8:30,13.2,95,0.0,59
1,25/08/21,9:00,13.3,95,0.0,45
1,25/08/21,9:30,13.4,95,0.0,63
1,25/08/21,10:00,13.4,95,0.0,87
1,25/08/21,10:30,13.4,95,0.0,69
1,25/08/21,11:00,13.6,95,0.0,79
1,25/08/21,11:30,13.6,95,0.0,37
1,25/08/21,12:00,13.6,96,0.0,117
1,25/08/21,12:30,13.6,95,0.2,44
1,25/08/21,13:00,13.6,95,0.0,69
1,25/08/21,13:30,13.5,95,0.4,34
1,25/08/21,14:00,13.2,95,0.8,75
1,25/08/21,14:30,13.1,95,0.8,73
1,25/08/21,15:00,12.9,95,0.8,111
1,25/08/21,15:30,12.8,95,0.8,53
1,25/08/21,16:00,12.8,94,0.6,58
1,25/08/21,16:30,12.6,95,0.8,64
1,25/08/21,17:00,12.4,95,0.6,30
1,25/08/21,17:30,12.2,95,0.6,17
1,25/08/21,18:00,12.0,96,0.6,8
1,25/08/21,18:30,11.9,95,0.6,9
1,25/08/21,19:00,11.9,95,0.4,0
1,25/08/21,19:30,12.0,94,0.6,0
1,25/08/21,20:00,11.9,95,0.4,0
1,25/08/21,20:30,11.9,94,0.4,0
1,25/08/21,21:00,11.8,93,0.4,0
1,25/08/21,21:30,11.4,92,0.4,0
1,25/08/21,22:00,11.4,93,0.2,0
1,25/08/21,22:30,11.6,93,0.4,0
1,25/08/21,23:00,11.6,94,0.2,0
1,25/08/21,23:30,11.6,93,0.2,0
1,26/08/21,00:00,11.5,93,0.2,0
1,26/08/21,0:30,11.4,93,0.2,0
1,26/08/21,1:00,11.4,92,0.2,0
1,26/08/21,1:30,11.2,92,0.2,0
1,26/08/21,2:00,10.4,91,0.2,0
1,26/08/21,2:30,10.2,93,0.0,0
1,26/08/21,3:00,10.0,95,0.2,0
1,26/08/21,3:30,10.0,95,0.2,0
1,26/08/21,4:00,10.4,93,0.0,0
1,26/08/21,4:30,9.7,95,0.0,0
1,26/08/21,5:00,9.7,95,0.2,0
1,26/08/21,5:30,9.6,96,0.0,0
1,26/08/21,6:00,9.7,96,0.0,0
1,26/08/21,6:30,9.4,97,0.2,0
1,26/08/21,7:00,9.0,97,0.2,0
1,26/08/21,7:30,8.6,97,0.2,11
1,26/08/21,8:00,8.9,96,0.2,48
1,26/08/21,8:30,9.3,94,0.0,135
1,26/08/21,9:00,9.7,92,0.2,340
1,26/08/21,9:30,10.7,89,0.2,462
1,26/08/21,10:00,11.6,83,0.0,546
1,26/08/21,10:30,11.9,72,0.2,625
1,26/08/21,11:00,12.9,61,0.0,692
1,26/08/21,11:30,13.7,62,0.0,739
1,26/08/21,12:00,14.1,53,0.2,772
1,26/08/21,12:30,14.6,52,0.0,788
1,26/08/21,13:00,14.9,49,0.0,788
1,26/08/21,13:30,15.2,45,0.2,767
1,26/08/21,14:00,15.3,48,0.0,730
1,26/08/21,14:30,15.8,44,0.0,681
1,26/08/21,15:00,15.6,47,0.2,613
1,26/08/21,15:30,15.7,47,0.0,534
1,26/08/21,16:00,15.7,42,0.0,443
1,26/08/21,16:30,15.7,44,0.0,343
1,26/08/21,17:00,15.6,46,0.0,233
1,26/08/21,17:30,15.2,48,0.0,112
1,26/08/21,18:00,14.4,53,0.2,27
1,26/08/21,18:30,12.8,61,0.0,3
1,26/08/21,19:00,11.5,69,0.0,0
1,26/08/21,19:30,11.1,70,0.0,0
1,26/08/21,20:00,10.8,71,0.0,0
1,26/08/21,20:30,11.4,69,0.0,0
1,26/08/21,21:00,10.6,71,0.0,0
1,26/08/21,21:30,10.9,69,0.0,0
1,26/08/21,22:00,9.6,74,0.0,0
1,26/08/21,22:30,9.1,76,0.0,0
1,26/08/21,23:00,10.3,73,0.0,0
1,26/08/21,23:30,10.3,75,0.2,0
1,27/08/21,00:00,10.3,73,0.0,0
1,27/08/21,0:30,9.7,75,0.0,0
1,27/08/21,1:00,9.8,73,0.0,0
1,27/08/21,1:30,9.1,78,0.0,0
1,27/08/21,2:00,9.2,75,0.0,0
1,27/08/21,2:30,9.1,77,0.0,0
1,27/08/21,3:00,8.9,79,0.0,0
1,27/08/21,3:30,8.6,81,0.0,0
1,27/08/21,4:00,8.4,83,0.0,0
1,27/08/21,4:30,7.8,83,0.0,0
1,27/08/21,5:00,7.7,83,0.0,0
1,27/08/21,5:30,7.1,87,0.0,0
1,27/08/21,6:00,7.4,89,0.0,0
1,27/08/21,6:30,7.1,89,0.0,0
1,27/08/21,7:00,7.3,89,0.0,1
1,27/08/21,7:30,8.1,87,0.0,25
1,27/08/21,8:00,9.3,82,0.0,119
1,27/08/21,8:30,10.0,81,0.0,241
1,27/08/21,9:00,10.8,80,0.0,351
1,27/08/21,9:30,12.1,80,0.0,451
1,27/08/21,10:00,13.3,77,0.0,543
1,27/08/21,10:30,14.2,75,0.0,620
1,27/08/21,11:00,14.9,72,0.0,683
1,27/08/21,11:30,15.6,65,0.0,731
1,27/08/21,12:00,16.3,56,0.0,766
1,27/08/21,12:30,16.8,54,0.0,778
1,27/08/21,13:00,17.3,49,0.0,778
1,27/08/21,13:30,17.5,46,0.0,761
1,27/08/21,14:00,17.9,45,0.0,725
1,27/08/21,14:30,17.9,46,0.0,674
1,27/08/21,15:00,18.3,46,0.0,609
1,27/08/21,15:30,18.6,47,0.0,529
1,27/08/21,16:00,18.7,43,0.0,441
1,27/08/21,16:30,18.7,40,0.0,342
1,27/08/21,17:00,18.7,43,0.0,236
1,27/08/21,17:30,19.1,40,0.0,116
1,27/08/21,18:00,18.9,39,0.0,28
1,27/08/21,18:30,16.8,42,0.0,4
1,27/08/21,19:00,16.4,48,0.0,0
1,27/08/21,19:30,15.9,56,0.0,0
1,27/08/21,20:00,15.1,54,0.0,0
1,27/08/21,20:30,13.8,57,0.0,0
1,27/08/21,21:00,13.9,60,0.0,0
1,27/08/21,21:30,13.3,56,0.0,0
1,27/08/21,22:00,13.3,60,0.0,0
1,27/08/21,22:30,13.6,60,0.0,0
1,27/08/21,23:00,12.7,62,0.0,0
1,27/08/21,23:30,12.8,63,0.0,0
1,28/08/21,00:00,11.9,66,0.0,0
1,28/08/21,0:30,11.4,70,0.0,0
1,28/08/21,1:00,11.8,70,0.0,0
1,28/08/21,1:30,11.3,70,0.0,0
1,28/08/21,2:00,10.8,71,0.0,0
1,28/08/21,2:30,11.1,66,0.0,0
1,28/08/21,3:00,10.9,63,0.0,0
1,28/08/21,3:30,10.5,65,0.0,0
1,28/08/21,4:00,10.8,59,0.0,0
1,28/08/21,4:30,10.6,53,0.0,0
1,28/08/21,5:00,10.3,50,0.0,0
1,28/08/21,5:30,11.2,42,0.0,0
1,28/08/21,6:00,11.2,43,0.0,0
1,28/08/21,6:30,10.8,42,0.0,0
1,28/08/21,7:00,9.9,48,0.0,1
1,28/08/21,7:30,10.0,50,0.0,29
1,28/08/21,8:00,9.6,59,0.0,131
1,28/08/21,8:30,11.2,57,0.0,260
1,28/08/21,9:00,11.8,67,0.0,367
1,28/08/21,9:30,12.6,69,0.0,470
1,28/08/21,10:00,13.6,74,0.0,567
1,28/08/21,10:30,13.2,77,0.0,630
1,28/08/21,11:00,15.9,66,0.0,723
1,28/08/21,11:30,16.3,61,0.0,721
1,28/08/21,12:00,17.1,59,0.0,779
1,28/08/21,12:30,17.6,57,0.0,792
1,28/08/21,13:00,18.1,58,0.0,791
1,28/08/21,13:30,18.7,52,0.0,772
1,28/08/21,14:00,19.1,53,0.0,734
1,28/08/21,14:30,19.3,53,0.0,681
1,28/08/21,15:00,19.4,53,0.0,593
1,28/08/21,15:30,19.7,50,0.0,508
1,28/08/21,16:00,19.3,53,0.0,382
1,28/08/21,16:30,18.6,53,0.0,254
1,28/08/21,17:00,17.9,58,0.0,152
1,28/08/21,17:30,17.3,61,0.0,87
1,28/08/21,18:00,16.2,68,0.0,27
1,28/08/21,18:30,15.2,77,0.0,1
1,28/08/21,19:00,14.5,80,0.0,0
1,28/08/21,19:30,13.9,82,0.0,0
1,28/08/21,20:00,13.5,84,0.0,0
1,28/08/21,20:30,13.5,84,0.0,0
1,28/08/21,21:00,13.4,84,0.0,0
1,28/08/21,21:30,12.9,85,0.0,0
1,28/08/21,22:00,12.7,86,0.0,0
1,28/08/21,22:30,12.3,87,0.0,0
1,28/08/21,23:00,11.9,89,0.0,0
1,28/08/21,23:30,11.6,90,0.0,0
1,29/08/21,00:00,11.9,89,0.0,0
1,29/08/21,0:30,11.9,89,0.0,0
1,29/08/21,1:00,11.7,90,0.0,0
1,29/08/21,1:30,11.7,90,0.0,0
1,29/08/21,2:00,11.5,91,0.0,0
1,29/08/21,2:30,11.6,92,0.0,0
1,29/08/21,3:00,11.6,92,0.0,0
1,29/08/21,3:30,11.7,93,0.0,0
1,29/08/21,4:00,11.8,93,0.0,0
1,29/08/21,4:30,11.5,94,0.0,0
1,29/08/21,5:00,11.3,95,0.0,0
1,29/08/21,5:30,11.2,95,0.0,0
1,29/08/21,6:00,11.3,95,0.0,0
1,29/08/21,6:30,11.1,96,0.0,0
1,29/08/21,7:00,11.2,96,0.0,1
1,29/08/21,7:30,11.3,97,0.0,21
1,29/08/21,8:00,11.6,96,0.0,42
1,29/08/21,8:30,12.3,95,0.0,214
1,29/08/21,9:00,14.0,91,0.0,346
1,29/08/21,9:30,15.6,84,0.0,445
1,29/08/21,10:00,15.5,84,0.0,423
1,29/08/21,10:30,16.6,82,0.0,376
1,29/08/21,11:00,17.9,79,0.0,685
1,29/08/21,11:30,18.9,76,0.0,728
1,29/08/21,12:00,20.1,71,0.0,754
1,29/08/21,12:30,20.8,70,0.0,772
1,29/08/21,13:00,21.4,71,0.0,799
1,29/08/21,13:30,22.0,68,0.0,840
1,29/08/21,14:00,22.2,67,0.0,808
1,29/08/21,14:30,21.9,68,0.0,740
1,29/08/21,15:00,22.4,64,0.0,408
1,29/08/21,15:30,22.3,65,0.0,382
1,29/08/21,16:00,21.4,68,0.0,112
1,29/08/21,16:30,21.9,68,0.0,154
1,29/08/21,17:00,22.6,63,0.0,285
1,29/08/21,17:30,21.9,66,0.0,128
1,29/08/21,18:00,20.9,70,0.0,29
1,29/08/21,18:30,19.8,76,0.0,4
1,29/08/21,19:00,18.7,81,0.0,0
1,29/08/21,19:30,17.8,84,0.0,0
1,29/08/21,20:00,17.3,87,0.0,0
1,29/08/21,20:30,16.8,89,0.0,0
1,29/08/21,21:00,16.2,91,0.0,0
1,29/08/21,21:30,16.1,92,0.0,0
1,29/08/21,22:00,15.8,92,0.0,0
1,29/08/21,22:30,15.7,92,0.0,0
1,29/08/21,23:00,15.2,94,0.0,0
1,29/08/21,23:30,15.2,94,0.0,0
1,30/08/21,00:00,15.1,93,0.0,0
1,30/08/21,0:30,14.8,93,0.0,0
1,30/08/21,1:00,15.2,91,0.0,0
1,30/08/21,1:30,15.0,92,0.0,0
1,30/08/21,2:00,14.8,92,0.0,0
1,30/08/21,2:30,14.6,93,0.0,0
1,30/08/21,3:00,14.6,93,0.0,0
1,30/08/21,3:30,14.3,93,0.0,0
1,30/08/21,4:00,14.2,93,0.0,0
1,30/08/21,4:30,14.0,93,0.0,0
1,30/08/21,5:00,14.1,92,0.0,0
1,30/08/21,5:30,13.6,93,0.0,0
1,30/08/21,6:00,13.2,94,0.0,0
1,30/08/21,6:30,12.7,95,0.0,0
1,30/08/21,7:00,11.7,96,0.0,2
1,30/08/21,7:30,11.2,97,0.0,18
1,30/08/21,8:00,11.4,97,0.0,89
1,30/08/21,8:30,11.9,97,0.0,143
1,30/08/21,9:00,12.4,97,0.0,214
1,30/08/21,9:30,13.4,97,0.0,396
1,30/08/21,10:00,14.2,96,0.0,466
1,30/08/21,10:30,15.3,95,0.0,579
1,30/08/21,11:00,16.3,92,0.0,688
1,30/08/21,11:30,17.7,87,0.0,729
1,30/08/21,12:00,18.6,84,0.0,761
1,30/08/21,12:30,19.1,82,0.0,773
1,30/08/21,13:00,20.6,79,0.0,773
1,30/08/21,13:30,21.3,75,0.0,756
1,30/08/21,14:00,22.1,74,0.0,723
1,30/08/21,14:30,22.5,70,0.0,673
1,30/08/21,15:00,23.1,66,0.0,608
1,30/08/21,15:30,23.2,59,0.0,531
1,30/08/21,16:00,23.2,60,0.0,440
1,30/08/21,16:30,23.3,60,0.0,342
1,30/08/21,17:00,23.0,60,0.0,236
1,30/08/21,17:30,22.6,64,0.0,119
1,30/08/21,18:00,21.6,68,0.0,31
1,30/08/21,18:30,20.3,76,0.0,4
1,30/08/21,19:00,19.4,80,0.0,0
1,30/08/21,19:30,19.1,81,0.0,0
1,30/08/21,20:00,18.7,82,0.0,0
1,30/08/21,20:30,17.6,85,0.0,0
1,30/08/21,21:00,17.2,88,0.0,0
1,30/08/21,21:30,17.2,89,0.0,0
1,30/08/21,22:00,16.8,89,0.0,0
1,30/08/21,22:30,16.6,89,0.0,0
1,30/08/21,23:00,16.3,90,0.0,0
1,30/08/21,23:30,16.1,91,0.0,0
1,31/08/21,00:00,15.7,91,0.0,0
1,31/08/21,0:30,15.5,92,0.0,0
1,31/08/21,1:00,15.1,93,0.0,0
1,31/08/21,1:30,14.7,94,0.0,0
1,31/08/21,2:00,14.4,95,0.0,0
1,31/08/21,2:30,14.2,96,0.0,0
1,31/08/21,3:00,14.2,95,0.0,0
1,31/08/21,3:30,13.9,95,0.0,0
1,31/08/21,4:00,13.6,95,0.0,0
1,31/08/21,4:30,13.7,96,0.0,0
1,31/08/21,5:00,13.8,97,0.0,0
1,31/08/21,5:30,14.0,96,0.0,0
1,31/08/21,6:00,14.2,95,0.0,0
1,31/08/21,6:30,14.3,95,0.0,0
1,31/08/21,7:00,14.3,93,0.0,2
1,31/08/21,7:30,14.5,93,0.0,33
1,31/08/21,8:00,15.3,92,0.0,130
1,31/08/21,8:30,16.2,90,0.0,251
1,31/08/21,9:00,16.8,87,0.0,359
1,31/08/21,9:30,17.5,84,0.0,456
1,31/08/21,10:00,17.8,85,0.0,546
1,31/08/21,10:30,18.6,83,0.0,622
1,31/08/21,11:00,20.2,79,0.0,686
1,31/08/21,11:30,20.8,76,0.0,735
1,31/08/21,12:00,21.8,74,0.0,768
1,31/08/21,12:30,22.7,72,0.0,776
1,31/08/21,13:00,23.6,65,0.0,775
1,31/08/21,13:30,24.4,65,0.0,753
1,31/08/21,14:00,24.6,63,0.0,728
1,31/08/21,14:30,24.9,58,0.0,677
1,31/08/21,15:00,25.2,57,0.0,611
1,31/08/21,15:30,25.2,59,0.0,534
1,31/08/21,16:00,25.3,56,0.0,441
1,31/08/21,16:30,25.3,57,0.0,343
1,31/08/21,17:00,24.8,57,0.0,234
1,31/08/21,17:30,24.3,59,0.0,120
1,31/08/21,18:00,23.2,63,0.0,32
1,31/08/21,18:30,21.9,67,0.0,5
1,31/08/21,19:00,21.0,71,0.0,0
1,31/08/21,19:30,20.8,71,0.0,0
1,31/08/21,20:00,19.9,75,0.0,0
1,31/08/21,20:30,19.6,77,0.0,0
1,31/08/21,21:00,19.3,78,0.0,0
1,31/08/21,21:30,19.2,79,0.0,0
1,31/08/21,22:00,19.2,78,0.0,0
1,31/08/21,22:30,18.7,80,0.0,0
1,31/08/21,23:00,18.0,81,0.0,0
1,31/08/21,23:30,17.9,82,0.0,0
1,01/09/21,00:00,17.6,84,0.0,0
1,01/09/21,0:30,17.2,86,0.0,0
1,01/09/21,1:00,17.0,87,0.0,0
1,01/09/21,1:30,16.7,88,0.0,0
1,01/09/21,2:00,16.6,88,0.0,0
1,01/09/21,2:30,16.4,88,0.0,0
1,01/09/21,3:00,16.3,89,0.0,0
1,01/09/21,3:30,16.7,86,0.0,0
1,01/09/21,4:00,17.0,83,0.0,0
1,01/09/21,4:30,16.6,85,0.0,0
1,01/09/21,5:00,15.9,87,0.0,0
1,01/09/21,5:30,15.9,87,0.0,0
1,01/09/21,6:00,15.3,89,0.0,0
1,01/09/21,6:30,14.2,93,0.0,0
1,01/09/21,7:00,14.8,91,0.0,2
1,01/09/21,7:30,15.0,90,0.0,46
1,01/09/21,8:00,15.8,88,0.0,108
1,01/09/21,8:30,16.6,86,0.0,171
1,01/09/21,9:00,16.9,85,0.0,250
1,01/09/21,9:30,17.6,84,0.0,336
1,01/09/21,10:00,18.3,80,0.0,434
1,01/09/21,10:30,18.4,81,0.0,485
1,01/09/21,11:00,19.9,77,0.0,605
1,01/09/21,11:30,20.8,75,0.0,659
1,01/09/21,12:00,21.4,74,0.0,606
1,01/09/21,12:30,22.2,73,0.0,590
1,01/09/21,13:00,22.7,73,0.0,460
1,01/09/21,13:30,23.8,68,0.0,616
1,01/09/21,14:00,24.2,66,0.0,559
1,01/09/21,14:30,24.6,65,0.0,471
1,01/09/21,15:00,24.4,63,0.0,459
1,01/09/21,15:30,24.4,64,0.0,395
1,01/09/21,16:00,23.9,65,0.0,319
1,01/09/21,16:30,24.0,66,0.0,231
1,01/09/21,17:00,23.4,68,0.0,159
1,01/09/21,17:30,22.6,71,0.2,70
1,01/09/21,18:00,21.8,73,0.0,35
1,01/09/21,18:30,21.3,75,0.0,3
1,01/09/21,19:00,21.3,74,0.0,0
1,01/09/21,19:30,20.8,75,0.0,0
1,01/09/21,20:00,20.9,75,0.0,0
1,01/09/21,20:30,20.6,76,0.0,0
1,01/09/21,21:00,20.7,76,0.0,0
1,01/09/21,21:30,20.7,76,0.0,0
1,01/09/21,22:00,20.2,77,0.0,0
1,01/09/21,22:30,19.6,79,0.0,0
1,01/09/21,23:00,19.3,80,0.0,0
1,01/09/21,23:30,19.3,81,0.0,0
1,02/09/21,00:00,19.3,80,0.0,0
1,02/09/21,0:30,19.3,79,0.0,0
1,02/09/21,1:00,20.1,76,0.0,0
1,02/09/21,1:30,19.7,77,0.0,0
1,02/09/21,2:00,19.7,76,0.0,0
1,02/09/21,2:30,20.3,73,0.0,0
1,02/09/21,3:00,20.0,72,0.0,0
1,02/09/21,3:30,19.5,73,0.0,0
1,02/09/21,4:00,17.3,81,0.0,0
1,02/09/21,4:30,15.9,88,0.0,0
1,02/09/21,5:00,14.6,94,0.0,0
1,02/09/21,5:30,14.6,96,0.0,0
1,02/09/21,6:00,14.5,97,0.0,0
1,02/09/21,6:30,14.6,97,0.0,0
1,02/09/21,7:00,14.4,97,0.0,1
1,02/09/21,7:30,14.3,97,0.0,31
1,02/09/21,8:00,14.3,97,0.0,65
1,02/09/21,8:30,14.5,97,0.0,84
1,02/09/21,9:00,15.6,96,0.0,240
1,02/09/21,9:30,17.3,92,0.0,378
1,02/09/21,10:00,18.2,88,0.0,529
1,02/09/21,10:30,20.1,81,0.0,674
1,02/09/21,11:00,21.6,78,0.0,647
1,02/09/21,11:30,21.6,76,0.0,445
1,02/09/21,12:00,22.1,73,0.0,422
1,02/09/21,12:30,22.5,71,0.0,583
1,02/09/21,13:00,23.3,72,0.0,731
1,02/09/21,13:30,23.9,67,0.0,552
1,02/09/21,14:00,24.1,67,0.0,427
1,02/09/21,14:30,24.2,64,0.0,425
1,02/09/21,15:00,24.1,66,0.0,264
1,02/09/21,15:30,23.6,65,0.0,188
1,02/09/21,16:00,23.2,69,0.0,160
1,02/09/21,16:30,22.8,72,0.0,94
1,02/09/21,17:00,21.8,82,0.0,42
1,02/09/21,17:30,17.9,94,1.8,11
1,02/09/21,18:00,17.6,95,0.0,11
1,02/09/21,18:30,17.6,95,0.4,1
1,02/09/21,19:00,17.6,95,0.2,0
1,02/09/21,19:30,17.6,95,0.0,0
1,02/09/21,20:00,17.3,95,0.0,0
1,02/09/21,20:30,17.3,95,0.0,0
1,02/09/21,21:00,17.4,94,0.0,0
1,02/09/21,21:30,17.4,94,0.0,0
1,02/09/21,22:00,17.4,94,0.0,0
1,02/09/21,22:30,15.9,96,0.0,0
1,02/09/21,23:00,15.4,97,0.0,0
1,02/09/21,23:30,15.3,97,0.0,0
1,03/09/21,00:00,15.4,95,0.0,0
1,03/09/21,0:30,15.2,95,0.0,0
1,03/09/21,1:00,15.1,96,0.0,0
1,03/09/21,1:30,15.0,96,0.0,0
1,03/09/21,2:00,14.9,97,0.0,0
1,03/09/21,2:30,14.8,97,0.0,0
1,03/09/21,3:00,14.8,97,0.0,0
1,03/09/21,3:30,14.9,97,0.0,0
1,03/09/21,4:00,14.7,96,0.0,0
1,03/09/21,4:30,14.7,97,0.0,0
1,03/09/21,5:00,14.7,97,0.0,0
1,03/09/21,5:30,14.7,97,0.0,0
1,03/09/21,6:00,14.4,97,0.0,0
1,03/09/21,6:30,14.2,97,0.0,0
1,03/09/21,7:00,14.1,98,0.0,0
1,03/09/21,7:30,14.1,98,0.0,10
1,03/09/21,8:00,14.1,98,0.0,26
1,03/09/21,8:30,14.3,98,0.0,78
1,03/09/21,9:00,14.5,98,0.0,112
1,03/09/21,9:30,15.1,97,0.0,208
1,03/09/21,10:00,15.2,95,0.0,263
1,03/09/21,10:30,15.3,94,0.0,348
1,03/09/21,11:00,15.5,91,0.0,294
1,03/09/21,11:30,16.2,88,0.0,335
1,03/09/21,12:00,16.4,85,0.0,442
1,03/09/21,12:30,16.3,85,0.0,298
1,03/09/21,13:00,16.4,87,0.0,400
1,03/09/21,13:30,16.1,84,0.0,351
1,03/09/21,14:00,16.1,82,0.0,421
1,03/09/21,14:30,16.4,83,0.0,201
1,03/09/21,15:00,15.6,85,0.0,214
1,03/09/21,15:30,16.1,83,0.0,198
1,03/09/21,16:00,15.8,84,0.0,124
1,03/09/21,16:30,15.8,84,0.0,94
1,03/09/21,17:00,15.3,86,0.0,69
1,03/09/21,17:30,15.4,86,0.0,59
1,03/09/21,18:00,14.3,90,0.0,9
1,03/09/21,18:30,14.3,91,0.0,1
1,03/09/21,19:00,14.0,90,0.0,0
1,03/09/21,19:30,13.8,93,0.0,0
1,03/09/21,20:00,13.9,91,0.0,0
1,03/09/21,20:30,13.9,91,0.0,0
1,03/09/21,21:00,13.7,91,0.0,0
1,03/09/21,21:30,13.3,92,0.0,0
1,03/09/21,22:00,13.3,91,0.0,0
1,03/09/21,22:30,13.2,91,0.0,0
1,03/09/21,23:00,13.0,92,0.0,0
1,03/09/21,23:30,12.9,92,0.0,0
1,04/09/21,00:00,12.8,91,0.0,0
1,04/09/21,0:30,12.7,91,0.0,0
1,04/09/21,1:00,12.4,88,0.0,0
1,04/09/21,1:30,12.2,88,0.0,0
1,04/09/21,2:00,11.7,90,0.0,0
1,04/09/21,2:30,11.4,89,0.0,0
1,04/09/21,3:00,11.1,92,0.0,0
1,04/09/21,3:30,10.8,92,0.0,0
1,04/09/21,4:00,11.4,93,0.0,0
1,04/09/21,4:30,11.6,92,0.0,0
1,04/09/21,5:00,10.9,93,0.0,0
1,04/09/21,5:30,10.8,93,0.0,0
1,04/09/21,6:00,11.0,93,0.0,0
1,04/09/21,6:30,11.1,91,0.0,0
1,04/09/21,7:00,11.1,93,0.0,1
1,04/09/21,7:30,11.2,91,0.0,24
1,04/09/21,8:00,11.4,91,0.0,65
1,04/09/21,8:30,11.6,91,0.0,106
1,04/09/21,9:00,11.6,91,0.0,102
1,04/09/21,9:30,11.7,91,0.0,124
1,04/09/21,10:00,11.8,89,0.0,150
1,04/09/21,10:30,12.7,87,0.0,232
1,04/09/21,11:00,13.2,85,0.0,364
1,04/09/21,11:30,13.9,84,0.0,371
1,04/09/21,12:00,14.2,81,0.0,462
1,04/09/21,12:30,14.9,80,0.0,497
1,04/09/21,13:00,15.0,79,0.0,502
1,04/09/21,13:30,16.2,78,0.0,727
1,04/09/21,14:00,16.9,73,0.0,826
1,04/09/21,14:30,17.2,73,0.0,702
1,04/09/21,15:00,17.0,72,0.0,595
1,04/09/21,15:30,17.1,71,0.0,370
1,04/09/21,16:00,17.1,71,0.0,348
1,04/09/21,16:30,16.9,73,0.0,240
1,04/09/21,17:00,16.3,74,0.0,92
1,04/09/21,17:30,15.9,78,0.0,21
1,04/09/21,18:00,13.8,85,1.8,0
1,04/09/21,18:30,14.2,89,1.2,0
1,04/09/21,19:00,13.6,92,2.8,0
1,04/09/21,19:30,13.5,91,0.6,0
1,04/09/21,20:00,13.3,91,0.0,0
1,04/09/21,20:30,13.2,92,0.0,0
1,04/09/21,21:00,13.0,92,0.0,0
1,04/09/21,21:30,12.9,93,0.0,0
1,04/09/21,22:00,12.8,94,0.0,0
1,04/09/21,22:30,13.1,94,0.0,0
1,04/09/21,23:00,13.2,93,0.0,0
1,04/09/21,23:30,13.1,94,0.0,0
1,05/09/21,00:00,13.1,93,0.0,0
1,05/09/21,0:30,13.2,93,0.0,0
1,05/09/21,1:00,13.2,94,0.0,0
1,05/09/21,1:30,13.1,94,0.0,0
1,05/09/21,2:00,13.1,94,0.0,0
1,05/09/21,2:30,12.9,95,0.0,0
1,05/09/21,3:00,12.9,95,0.0,0
1,05/09/21,3:30,12.8,96,0.0,0
1,05/09/21,4:00,12.9,96,0.0,0
1,05/09/21,4:30,12.9,96,0.0,0
1,05/09/21,5:00,12.9,97,0.0,0
1,05/09/21,5:30,12.8,97,0.0,0
1,05/09/21,6:00,12.8,97,0.0,0
1,05/09/21,6:30,12.9,97,0.0,0
1,05/09/21,7:00,12.9,97,0.0,0
1,05/09/21,7:30,12.9,97,0.0,13
1,05/09/21,8:00,13.0,97,0.0,35
1,05/09/21,8:30,13.3,97,0.0,98
1,05/09/21,9:00,13.4,97,0.0,90
1,05/09/21,9:30,13.9,95,0.0,134
1,05/09/21,10:00,14.7,94,0.0,226
1,05/09/21,10:30,14.9,89,0.0,245
1,05/09/21,11:00,15.3,88,0.0,272
1,05/09/21,11:30,15.4,87,0.0,300
1,05/09/21,12:00,15.7,86,0.0,294
1,05/09/21,12:30,16.7,83,0.0,461
1,05/09/21,13:00,16.3,84,0.0,363
1,05/09/21,13:30,16.5,83,0.0,271
1,05/09/21,14:00,16.4,84,0.0,237
1,05/09/21,14:30,16.8,83,0.0,250
1,05/09/21,15:00,17.1,81,0.0,376
1,05/09/21,15:30,18.6,78,0.0,563
1,05/09/21,16:00,18.3,79,0.0,434
1,05/09/21,16:30,18.4,76,0.0,385
1,05/09/21,17:00,18.6,74,0.0,340
1,05/09/21,17:30,17.2,78,0.0,197
1,05/09/21,18:00,16.2,82,0.0,34
1,05/09/21,18:30,15.6,86,0.0,6
1,05/09/21,19:00,14.7,89,0.0,0
1,05/09/21,19:30,14.3,90,0.0,0
1,05/09/21,20:00,13.9,90,0.0,0
1,05/09/21,20:30,13.5,92,0.0,0
1,05/09/21,21:00,13.6,93,0.0,0
1,05/09/21,21:30,13.7,92,0.0,0
1,05/09/21,22:00,13.3,92,0.0,0
1,05/09/21,22:30,13.2,91,0.0,0
1,05/09/21,23:00,12.9,93,0.0,0
1,05/09/21,23:30,13.1,91,0.0,0
1,06/09/21,00:00,13.2,91,0.0,0
1,06/09/21,0:30,13.1,92,0.0,0
1,06/09/21,1:00,13.0,93,0.0,0
1,06/09/21,1:30,12.9,93,0.0,0
1,06/09/21,2:00,13.0,92,0.0,0
1,06/09/21,2:30,12.7,93,0.0,0
1,06/09/21,3:00,12.6,93,0.0,0
1,06/09/21,3:30,12.6,94,0.0,0
1,06/09/21,4:00,12.8,94,0.0,0
1,06/09/21,4:30,12.9,95,0.0,0
1,06/09/21,5:00,12.9,95,0.0,0
1,06/09/21,5:30,12.8,95,0.0,0
1,06/09/21,6:00,12.8,95,0.0,0
1,06/09/21,6:30,12.8,96,0.0,0
1,06/09/21,7:00,12.8,96,0.0,4
1,06/09/21,7:30,13.0,96,0.0,46
1,06/09/21,8:00,13.3,94,0.0,79
1,06/09/21,8:30,14.1,92,0.0,188
1,06/09/21,9:00,14.5,92,0.0,234
1,06/09/21,9:30,15.1,90,0.0,313
1,06/09/21,10:00,15.4,90,0.0,364
1,06/09/21,10:30,16.0,89,0.0,495
1,06/09/21,11:00,16.1,88,0.0,403
1,06/09/21,11:30,17.3,86,0.0,697
1,06/09/21,12:00,17.9,84,0.0,596
1,06/09/21,12:30,18.1,82,0.0,445
1,06/09/21,13:00,18.2,82,0.0,401
1,06/09/21,13:30,18.6,79,0.0,389
1,06/09/21,14:00,18.7,77,0.0,268
1,06/09/21,14:30,19.1,76,0.0,273
1,06/09/21,15:00,19.2,73,0.0,361
1,06/09/21,15:30,19.0,74,0.0,317
1,06/09/21,16:00,19.2,73,0.0,491
1,06/09/21,16:30,18.5,77,0.0,212
1,06/09/21,17:00,18.2,80,0.0,149
1,06/09/21,17:30,17.5,82,0.0,82
1,06/09/21,18:00,17.0,83,0.0,42
1,06/09/21,18:30,16.4,85,0.0,8
1,06/09/21,19:00,16.0,86,0.0,0
1,06/09/21,19:30,15.6,88,0.0,0
1,06/09/21,20:00,15.4,88,0.0,0
1,06/09/21,20:30,15.9,84,0.0,0
1,06/09/21,21:00,15.6,84,0.0,0
1,06/09/21,21:30,15.2,84,0.0,0
1,06/09/21,22:00,15.1,85,0.0,0
1,06/09/21,22:30,15.1,86,0.0,0
1,06/09/21,23:00,15.3,86,0.0,0
1,06/09/21,23:30,15.4,86,0.0,0
1,07/09/21,00:00,15.5,86,0.0,0
1,07/09/21,0:30,15.5,86,0.0,0
1,07/09/21,1:00,15.4,87,0.0,0
1,07/09/21,1:30,15.3,88,0.0,0
1,07/09/21,2:00,15.2,89,0.0,0
1,07/09/21,2:30,15.1,89,0.0,0
1,07/09/21,3:00,15.0,90,0.0,0
1,07/09/21,3:30,14.6,92,0.6,0
1,07/09/21,4:00,14.5,93,0.0,0
1,07/09/21,4:30,14.7,93,0.0,0
1,07/09/21,5:00,15.0,92,0.0,0
1,07/09/21,5:30,15.0,92,0.0,0
1,07/09/21,6:00,14.8,93,1.2,0
1,07/09/21,6:30,14.6,94,0.8,0
1,07/09/21,7:00,14.6,94,1.2,0
1,07/09/21,7:30,14.5,95,1.8,0
1,07/09/21,8:00,14.5,95,2.2,0
1,07/09/21,8:30,14.6,96,2.8,2
1,07/09/21,9:00,14.7,96,3.0,6
1,07/09/21,9:30,14.7,96,2.8,8
1,07/09/21,10:00,14.9,96,3.2,11
1,07/09/21,10:30,15.1,96,4.4,12
1,07/09/21,11:00,15.2,96,4.6,13
1,07/09/21,11:30,15.3,96,4.4,34
1,07/09/21,12:00,15.4,96,2.0,59
1,07/09/21,12:30,15.4,96,1.4,88
1,07/09/21,13:00,15.7,96,0.4,193
1,07/09/21,13:30,15.8,95,0.0,90
1,07/09/21,14:00,15.7,95,1.0,55
1,07/09/21,14:30,15.6,95,1.0,61
1,07/09/21,15:00,15.5,95,1.8,22
1,07/09/21,15:30,15.4,96,2.4,23
1,07/09/21,16:00,15.7,95,1.4,30
1,07/09/21,16:30,15.8,95,0.8,36
1,07/09/21,17:00,16.0,94,0.0,52
1,07/09/21,17:30,16.2,93,0.0,23
1,07/09/21,18:00,16.3,92,0.0,7
1,07/09/21,18:30,16.2,92,0.0,0
1,07/09/21,19:00,16.0,92,0.0,0
1,07/09/21,19:30,15.8,93,0.0,0
1,07/09/21,20:00,15.7,94,0.0,0
1,07/09/21,20:30,15.7,94,0.0,0
1,07/09/21,21:00,15.8,94,0.0,0
1,07/09/21,21:30,15.8,94,0.0,0
1,07/09/21,22:00,15.6,95,2.8,0
1,07/09/21,22:30,15.6,94,0.4,0
1,07/09/21,23:00,15.6,95,0.4,0
1,07/09/21,23:30,15.6,95,0.8,0
1,08/09/21,00:00,15.4,95,5.6,0
1,08/09/21,0:30,15.5,95,5.2,0
1,08/09/21,1:00,15.5,96,7.8,0
1,08/09/21,1:30,15.6,95,4.0,0
1,08/09/21,2:00,15.6,95,3.8,0
1,08/09/21,2:30,15.6,95,5.4,0
1,08/09/21,3:00,15.5,95,4.0,0
1,08/09/21,3:30,15.4,95,3.0,0
1,08/09/21,4:00,15.4,95,1.6,0
1,08/09/21,4:30,15.4,95,2.4,0
1,08/09/21,5:00,15.4,95,1.2,0
1,08/09/21,5:30,15.4,95,0.8,0
1,08/09/21,6:00,15.4,95,1.2,0
1,08/09/21,6:30,15.4,95,1.2,0
1,08/09/21,7:00,15.4,96,0.6,0
1,08/09/21,7:30,15.6,95,0.2,2
1,08/09/21,8:00,15.5,95,0.2,9
1,08/09/21,8:30,15.8,94,0.0,24
1,08/09/21,9:00,16.2,93,0.0,38
1,08/09/21,9:30,16.4,92,0.0,130
1,08/09/21,10:00,16.9,92,0.0,186
1,08/09/21,10:30,17.2,92,0.0,211
1,08/09/21,11:00,17.8,90,0.0,358
1,08/09/21,11:30,17.2,91,0.0,127
1,08/09/21,12:00,17.3,92,0.0,178
1,08/09/21,12:30,17.1,93,0.0,161
1,08/09/21,13:00,17.4,92,0.0,175
1,08/09/21,13:30,17.0,94,0.0,92
1,08/09/21,14:00,16.9,94,0.0,80
1,08/09/21,14:30,16.8,95,1.4,84
1,08/09/21,15:00,16.9,96,1.6,147
1,08/09/21,15:30,17.3,96,0.4,154
1,08/09/21,16:00,17.4,95,0.0,108
1,08/09/21,16:30,17.5,95,0.4,75
1,08/09/21,17:00,17.6,96,0.2,38
1,08/09/21,17:30,17.9,96,0.0,59
1,08/09/21,18:00,17.8,95,0.0,24
1,08/09/21,18:30,17.8,95,0.0,3
1,08/09/21,19:00,17.7,94,0.0,0
1,08/09/21,19:30,17.6,95,0.0,0
1,08/09/21,20:00,17.4,96,0.0,0
1,08/09/21,20:30,17.3,96,0.0,0
1,08/09/21,21:00,15.4,95,0.0,0
1,08/09/21,21:30,15.2,95,0.0,0
1,08/09/21,22:00,14.9,95,0.0,0
1,08/09/21,22:30,14.7,94,0.0,0
1,08/09/21,23:00,14.4,93,0.0,0
1,08/09/21,23:30,13.2,91,0.0,0
1,09/09/21,00:00,12.8,90,0.0,0
1,09/09/21,0:30,11.8,88,0.0,0
1,09/09/21,1:00,11.4,89,0.0,0
1,09/09/21,1:30,11.1,91,0.0,0
1,09/09/21,2:00,11.1,92,0.0,0
1,09/09/21,2:30,11.4,92,0.0,0
1,09/09/21,3:00,11.6,92,0.0,0
1,09/09/21,3:30,11.2,93,0.0,0
1,09/09/21,4:00,11.3,92,0.0,0
1,09/09/21,4:30,11.1,92,0.0,0
1,09/09/21,5:00,11.1,91,0.0,0
1,09/09/21,5:30,11.3,88,0.0,0
1,09/09/21,6:00,11.3,90,0.0,0
1,09/09/21,6:30,11.4,88,0.0,0
1,09/09/21,7:00,11.1,85,0.0,4
1,09/09/21,7:30,11.0,89,0.0,21
1,09/09/21,8:00,11.3,88,0.0,45
1,09/09/21,8:30,11.1,87,0.0,69
1,09/09/21,9:00,10.9,89,0.0,135
1,09/09/21,9:30,11.2,86,0.0,189
1,09/09/21,10:00,11.8,85,0.0,328
1,09/09/21,10:30,11.8,85,0.0,264
1,09/09/21,11:00,12.6,81,0.0,437
1,09/09/21,11:30,12.2,86,0.0,338
1,09/09/21,12:00,13.4,80,0.0,453
1,09/09/21,12:30,13.3,80,0.0,328
1,09/09/21,13:00,12.7,84,0.0,258
1,09/09/21,13:30,13.2,87,0.0,411
1,09/09/21,14:00,12.4,89,0.0,315
1,09/09/21,14:30,12.6,87,0.0,235
1,09/09/21,15:00,12.6,86,0.0,162
1,09/09/21,15:30,12.3,87,0.0,109
1,09/09/21,16:00,12.3,88,0.0,90
1,09/09/21,16:30,12.8,86,0.0,124
1,09/09/21,17:00,12.7,86,0.0,77
1,09/09/21,17:30,12.8,86,0.0,66
1,09/09/21,18:00,12.5,86,0.0,47
1,09/09/21,18:30,12.4,87,0.0,3
1,09/09/21,19:00,12.1,88,0.0,0
1,09/09/21,19:30,11.8,90,0.0,0
1,09/09/21,20:00,11.8,90,0.0,0
1,09/09/21,20:30,11.5,91,0.0,0
1,09/09/21,21:00,11.7,90,0.0,0
1,09/09/21,21:30,11.7,90,0.0,0
1,09/09/21,22:00,11.7,90,0.0,0
1,09/09/21,22:30,11.6,91,0.0,0
1,09/09/21,23:00,11.6,90,0.0,0
1,09/09/21,23:30,11.4,91,0.0,0
1,10/09/21,00:00,11.3,92,0.0,0
1,10/09/21,0:30,11.2,93,0.0,0
1,10/09/21,1:00,11.1,93,0.0,0
1,10/09/21,1:30,11.1,94,0.0,0
1,10/09/21,2:00,11.0,94,0.0,0
1,10/09/21,2:30,10.6,96,0.0,0
1,10/09/21,3:00,10.6,96,0.0,0
1,10/09/21,3:30,10.6,97,0.0,0
1,10/09/21,4:00,10.6,96,0.0,0
1,10/09/21,4:30,10.6,97,0.2,0
1,10/09/21,5:00,10.6,97,0.4,0
1,10/09/21,5:30,10.6,97,0.2,0
1,10/09/21,6:00,10.6,97,0.2,0
1,10/09/21,6:30,10.5,98,0.2,0
1,10/09/21,7:00,10.5,98,0.2,2
1,10/09/21,7:30,10.6,98,0.4,22
1,10/09/21,8:00,10.8,98,0.0,92
1,10/09/21,8:30,11.1,97,0.0,150
1,10/09/21,9:00,11.2,97,0.0,195
1,10/09/21,9:30,11.8,95,0.0,273
1,10/09/21,10:00,11.6,94,0.0,164
1,10/09/21,10:30,12.3,90,0.0,288
1,10/09/21,11:00,12.3,91,0.0,331
1,10/09/21,11:30,13.2,87,0.0,498
1,10/09/21,12:00,13.1,89,0.0,287
1,10/09/21,12:30,13.2,86,0.0,289
1,10/09/21,13:00,12.8,88,0.0,215
1,10/09/21,13:30,12.5,91,0.0,239
1,10/09/21,14:00,12.7,88,0.0,208
1,10/09/21,14:30,13.4,85,0.0,261
1,10/09/21,15:00,13.6,86,0.0,255
1,10/09/21,15:30,13.4,87,0.0,188
1,10/09/21,16:00,13.7,86,0.0,212
1,10/09/21,16:30,13.4,87,0.0,129
1,10/09/21,17:00,13.4,88,0.0,90
1,10/09/21,17:30,13.3,89,0.0,54
1,10/09/21,18:00,13.1,90,0.0,28
1,10/09/21,18:30,12.9,91,0.0,3
1,10/09/21,19:00,12.7,92,0.0,0
1,10/09/21,19:30,12.7,93,0.0,0
1,10/09/21,20:00,12.8,92,0.0,0
1,10/09/21,20:30,12.4,92,0.0,0
1,10/09/21,21:00,12.3,93,0.0,0
1,10/09/21,21:30,12.2,92,0.0,0
1,10/09/21,22:00,12.1,93,0.0,0
1,10/09/21,22:30,12.0,93,0.0,0
1,10/09/21,23:00,11.8,95,0.0,0
1,10/09/21,23:30,11.7,96,0.0,0
1,11/09/21,00:00,11.7,97,0.0,0
1,11/09/21,0:30,11.7,97,0.0,0
1,11/09/21,1:00,11.7,97,0.0,0
1,11/09/21,1:30,11.8,97,0.0,0
1,11/09/21,2:00,11.7,98,0.0,0
1,11/09/21,2:30,11.7,98,0.0,0
1,11/09/21,3:00,11.6,98,0.0,0
1,11/09/21,3:30,11.2,98,0.0,0
1,11/09/21,4:00,11.2,98,0.0,0
1,11/09/21,4:30,11.3,98,0.0,0
1,11/09/21,5:00,11.3,98,0.0,0
1,11/09/21,5:30,11.3,98,0.0,0
1,11/09/21,6:00,11.2,98,0.0,0
1,11/09/21,6:30,11.1,97,0.0,0
1,11/09/21,7:00,10.7,97,0.0,4
1,11/09/21,7:30,11.2,93,0.0,26
1,11/09/21,8:00,11.4,93,0.0,47
1,11/09/21,8:30,11.4,93,0.0,56
1,11/09/21,9:00,11.6,90,0.0,109
1,11/09/21,9:30,11.8,90,0.0,153
1,11/09/21,10:00,12.2,89,0.0,193
1,11/09/21,10:30,12.4,87,0.0,271
1,11/09/21,11:00,13.3,84,0.0,429
1,11/09/21,11:30,14.0,84,0.0,450
1,11/09/21,12:00,14.1,83,0.0,432
1,11/09/21,12:30,14.8,83,0.0,486
1,11/09/21,13:00,15.1,80,0.0,548
1,11/09/21,13:30,15.6,80,0.0,423
1,11/09/21,14:00,16.1,77,0.0,543
1,11/09/21,14:30,16.3,76,0.0,549
1,11/09/21,15:00,17.1,77,0.0,534
1,11/09/21,15:30,17.1,76,0.0,535
1,11/09/21,16:00,17.1,76,0.0,339
1,11/09/21,16:30,17.3,75,0.0,426
1,11/09/21,17:00,17.4,74,0.0,278
1,11/09/21,17:30,17.3,75,0.0,154
1,11/09/21,18:00,16.9,75,0.0,47
1,11/09/21,18:30,15.6,79,0.0,7
1,11/09/21,19:00,14.4,83,0.0,0
1,11/09/21,19:30,14.0,84,0.0,0
1,11/09/21,20:00,13.4,87,0.0,0
1,11/09/21,20:30,13.1,87,0.0,0
1,11/09/21,21:00,12.8,88,0.0,0
1,11/09/21,21:30,12.7,89,0.0,0
1,11/09/21,22:00,12.1,91,0.0,0
1,11/09/21,22:30,11.7,92,0.0,0
1,11/09/21,23:00,11.6,92,0.0,0
1,11/09/21,23:30,11.1,93,0.0,0
1,12/09/21,00:00,11.2,94,0.0,0
1,12/09/21,0:30,11.0,93,0.0,0
1,12/09/21,1:00,10.9,94,0.0,0
1,12/09/21,1:30,10.9,94,0.0,0
1,12/09/21,2:00,10.8,95,0.0,0
1,12/09/21,2:30,10.9,96,0.0,0
1,12/09/21,3:00,11.1,96,0.0,0
1,12/09/21,3:30,11.2,96,0.0,0
1,12/09/21,4:00,11.2,96,0.0,0
1,12/09/21,4:30,11.0,96,0.0,0
1,12/09/21,5:00,10.9,96,0.0,0
1,12/09/21,5:30,10.8,96,0.0,0
1,12/09/21,6:00,10.8,96,0.0,0
1,12/09/21,6:30,11.0,97,0.0,0
1,12/09/21,7:00,11.2,96,0.0,9
1,12/09/21,7:30,11.3,96,0.0,51
1,12/09/21,8:00,11.8,95,0.0,146
1,12/09/21,8:30,12.6,95,0.0,253
1,12/09/21,9:00,13.9,92,0.0,381
1,12/09/21,9:30,15.3,88,0.0,476
1,12/09/21,10:00,15.7,87,0.0,570
1,12/09/21,10:30,17.1,83,0.0,660
1,12/09/21,11:00,17.9,80,0.0,617
1,12/09/21,11:30,19.3,77,0.0,484
1,12/09/21,12:00,20.4,73,0.0,586
1,12/09/21,12:30,21.4,70,0.0,732
1,12/09/21,13:00,22.2,70,0.0,756
1,12/09/21,13:30,22.1,70,0.0,767
1,12/09/21,14:00,22.8,69,0.0,731
1,12/09/21,14:30,23.1,71,0.0,677
1,12/09/21,15:00,23.4,70,0.0,610
1,12/09/21,15:30,23.7,70,0.0,515
1,12/09/21,16:00,24.1,70,0.0,418
1,12/09/21,16:30,23.9,71,0.0,236
1,12/09/21,17:00,23.9,73,0.0,175
1,12/09/21,17:30,23.7,73,0.0,111
1,12/09/21,18:00,23.4,75,0.0,61
1,12/09/21,18:30,22.3,80,0.0,12
1,12/09/21,19:00,22.1,80,0.0,0
1,12/09/21,19:30,22.1,80,0.0,0
1,12/09/21,20:00,21.9,80,0.0,0
1,12/09/21,20:30,20.7,85,0.0,0
1,12/09/21,21:00,21.1,83,0.0,0
1,12/09/21,21:30,20.6,86,0.0,0
1,12/09/21,22:00,20.6,86,0.0,0
1,12/09/21,22:30,20.9,85,0.0,0
1,12/09/21,23:00,20.8,84,0.0,0
1,12/09/21,23:30,20.9,84,0.0,0
1,13/09/21,00:00,20.3,87,0.0,0
1,13/09/21,0:30,20.1,88,0.0,0
1,13/09/21,1:00,19.6,90,0.0,0
1,13/09/21,1:30,20.2,88,0.0,0
1,13/09/21,2:00,20.4,87,0.0,0
1,13/09/21,2:30,20.9,85,0.0,0
1,13/09/21,3:00,19.5,93,2.2,0
1,13/09/21,3:30,18.8,94,0.0,0
1,13/09/21,4:00,18.7,95,0.4,0
1,13/09/21,4:30,18.1,96,0.0,0
1,13/09/21,5:00,17.4,97,0.0,0
1,13/09/21,5:30,17.1,96,0.6,0
1,13/09/21,6:00,17.5,94,0.0,0
1,13/09/21,6:30,17.4,94,0.4,0
1,13/09/21,7:00,17.4,94,0.6,0
1,13/09/21,7:30,17.2,95,1.6,0
1,13/09/21,8:00,17.2,95,3.0,0
1,13/09/21,8:30,17.2,96,4.2,0
1,13/09/21,9:00,17.2,95,5.4,2
1,13/09/21,9:30,17.0,96,6.8,0
1,13/09/21,10:00,16.9,96,5.0,0
1,13/09/21,10:30,16.8,96,3.0,0
1,13/09/21,11:00,16.8,95,2.0,4
1,13/09/21,11:30,16.6,95,2.0,8
1,13/09/21,12:00,16.6,96,3.2,21
1,13/09/21,12:30,16.3,96,3.2,17
1,13/09/21,13:00,16.3,97,7.6,16
1,13/09/21,13:30,16.1,96,6.2,23
1,13/09/21,14:00,16.1,96,7.2,39
1,13/09/21,14:30,15.9,96,11.2,14
1,13/09/21,15:00,15.9,96,2.0,38
1,13/09/21,15:30,16.1,95,1.2,29
1,13/09/21,16:00,16.3,93,0.0,59
1,13/09/21,16:30,16.2,93,0.0,36
1,13/09/21,17:00,16.2,94,0.0,10
1,13/09/21,17:30,16.3,94,0.0,5
1,13/09/21,18:00,15.9,95,7.6,2
1,13/09/21,18:30,16.1,95,0.2,0
1,13/09/21,19:00,16.0,95,4.6,0
1,13/09/21,19:30,15.8,96,7.6,0
1,13/09/21,20:00,15.9,95,0.2,0
1,13/09/21,20:30,15.9,95,0.0,0
1,13/09/21,21:00,15.9,94,0.2,0
1,13/09/21,21:30,16.1,93,0.0,0
1,13/09/21,22:00,16.3,92,0.0,0
1,13/09/21,22:30,16.0,94,0.0,0
1,13/09/21,23:00,16.0,95,0.0,0
1,13/09/21,23:30,15.7,95,0.0,0
1,14/09/21,00:00,15.3,96,0.0,0
1,14/09/21,0:30,15.4,96,0.0,0
1,14/09/21,1:00,15.3,96,0.0,0
1,14/09/21,1:30,15.3,96,0.0,0
1,14/09/21,2:00,15.0,95,0.0,0
1,14/09/21,2:30,15.2,95,0.0,0
1,14/09/21,3:00,14.6,95,0.0,0
1,14/09/21,3:30,14.3,96,0.0,0
1,14/09/21,4:00,14.2,97,0.0,0
1,14/09/21,4:30,14.1,98,0.0,0
1,14/09/21,5:00,14.3,98,0.0,0
1,14/09/21,5:30,14.5,98,0.0,0
1,14/09/21,6:00,14.7,98,0.0,0
1,14/09/21,6:30,14.7,98,0.0,0
1,14/09/21,7:00,14.9,97,0.0,1
1,14/09/21,7:30,15.1,95,0.0,20
1,14/09/21,8:00,15.2,94,0.0,63
1,14/09/21,8:30,15.6,94,0.0,144
1,14/09/21,9:00,16.2,93,0.0,196
1,14/09/21,9:30,16.3,93,0.0,131
1,14/09/21,10:00,17.4,90,0.0,393
1,14/09/21,10:30,18.5,85,0.0,522
1,14/09/21,11:00,19.6,82,0.0,655
1,14/09/21,11:30,19.6,84,0.0,518
1,14/09/21,12:00,19.4,82,0.0,399
1,14/09/21,12:30,19.2,82,0.0,302
1,14/09/21,13:00,17.4,90,0.0,160
1,14/09/21,13:30,17.2,91,0.0,199
1,14/09/21,14:00,15.9,92,0.0,182
1,14/09/21,14:30,15.2,94,0.0,108
1,14/09/21,15:00,14.5,93,0.0,105
1,14/09/21,15:30,13.6,95,0.0,69
1,14/09/21,16:00,13.4,94,0.0,110
1,14/09/21,16:30,13.3,92,0.0,136
1,14/09/21,17:00,13.2,91,0.0,94
1,14/09/21,17:30,13.3,88,0.0,109
1,14/09/21,18:00,13.1,87,0.0,72
1,14/09/21,18:30,12.3,89,0.0,12
1,14/09/21,19:00,11.3,89,0.0,0
1,14/09/21,19:30,11.0,89,0.0,0
1,14/09/21,20:00,10.9,88,0.0,0
1,14/09/21,20:30,10.4,88,0.0,0
1,14/09/21,21:00,10.2,86,0.0,0
1,14/09/21,21:30,9.8,85,0.0,0
1,14/09/21,22:00,9.6,84,0.0,0
1,14/09/21,22:30,9.1,85,0.0,0
1,14/09/21,23:00,8.8,85,0.0,0
1,14/09/21,23:30,8.6,86,0.0,0
1,15/09/21,00:00,8.1,86,0.0,0
1,15/09/21,0:30,8.3,87,0.0,0
1,15/09/21,1:00,8.6,88,0.0,0
1,15/09/21,1:30,8.3,89,0.0,0
1,15/09/21,2:00,8.5,89,0.0,0
1,15/09/21,2:30,8.5,89,0.0,0
1,15/09/21,3:00,8.5,88,0.0,0
1,15/09/21,3:30,8.4,87,0.0,0
1,15/09/21,4:00,8.4,87,0.0,0
1,15/09/21,4:30,8.1,88,0.0,0
1,15/09/21,5:00,7.9,86,0.0,0
1,15/09/21,5:30,7.1,90,0.0,0
1,15/09/21,6:00,6.8,91,0.0,0
1,15/09/21,6:30,6.8,91,0.0,0
1,15/09/21,7:00,7.1,93,0.0,16
1,15/09/21,7:30,7.8,90,0.0,107
1,15/09/21,8:00,8.4,90,0.0,231
1,15/09/21,8:30,8.8,89,0.0,351
1,15/09/21,9:00,9.8,89,0.0,466
1,15/09/21,9:30,11.6,73,0.0,574
1,15/09/21,10:00,12.2,74,0.0,665
1,15/09/21,10:30,12.8,55,0.0,745
1,15/09/21,11:00,13.7,58,0.0,807
1,15/09/21,11:30,13.9,59,0.0,852
1,15/09/21,12:00,14.3,61,0.0,881
1,15/09/21,12:30,14.6,60,0.0,893
1,15/09/21,13:00,15.1,58,0.0,887
1,15/09/21,13:30,15.1,55,0.0,863
1,15/09/21,14:00,15.7,59,0.0,823
1,15/09/21,14:30,16.3,53,0.0,771
1,15/09/21,15:00,16.2,49,0.0,698
1,15/09/21,15:30,16.6,53,0.0,613
1,15/09/21,16:00,16.8,53,0.0,515
1,15/09/21,16:30,16.6,52,0.0,410
1,15/09/21,17:00,16.5,48,0.0,297
1,15/09/21,17:30,16.4,52,0.0,169
1,15/09/21,18:00,15.3,60,0.0,56
1,15/09/21,18:30,13.2,63,0.0,9
1,15/09/21,19:00,12.3,62,0.0,0
1,15/09/21,19:30,12.1,61,0.0,0
1,15/09/21,20:00,11.4,67,0.0,0
1,15/09/21,20:30,11.5,67,0.0,0
1,15/09/21,21:00,10.7,70,0.0,0
1,15/09/21,21:30,11.7,64,0.0,0
1,15/09/21,22:00,10.2,74,0.0,0
1,15/09/21,22:30,10.8,70,0.0,0
1,15/09/21,23:00,9.9,73,0.0,0
1,15/09/21,23:30,9.6,76,0.0,0
1,16/09/21,00:00,9.4,76,0.0,0
1,16/09/21,0:30,10.3,76,0.0,0
1,16/09/21,1:00,9.4,79,0.0,0
1,16/09/21,1:30,10.0,76,0.0,0
1,16/09/21,2:00,9.6,78,0.0,0
1,16/09/21,2:30,9.6,79,0.0,0
1,16/09/21,3:00,9.6,80,0.0,0
1,16/09/21,3:30,9.3,80,0.0,0
1,16/09/21,4:00,9.3,81,0.0,0
1,16/09/21,4:30,9.3,82,0.0,0
1,16/09/21,5:00,9.7,79,0.0,0
1,16/09/21,5:30,9.7,78,0.0,0
1,16/09/21,6:00,8.8,79,0.0,0
1,16/09/21,6:30,9.1,82,0.0,0
1,16/09/21,7:00,8.8,81,0.0,18
1,16/09/21,7:30,10.3,80,0.0,109
1,16/09/21,8:00,11.3,74,0.0,239
1,16/09/21,8:30,13.1,75,0.0,361
1,16/09/21,9:00,13.8,63,0.0,472
1,16/09/21,9:30,14.7,69,0.0,573
1,16/09/21,10:00,15.2,61,0.0,665
1,16/09/21,10:30,15.7,54,0.0,745
1,16/09/21,11:00,16.3,54,0.0,808
1,16/09/21,11:30,17.1,52,0.0,856
1,16/09/21,12:00,17.8,47,0.0,893
1,16/09/21,12:30,18.7,46,0.0,898
1,16/09/21,13:00,18.8,42,0.0,892
1,16/09/21,13:30,19.3,41,0.0,867
1,16/09/21,14:00,19.6,35,0.0,826
1,16/09/21,14:30,19.6,34,0.0,771
1,16/09/21,15:00,19.7,40,0.0,698
1,16/09/21,15:30,19.9,39,0.0,612
1,16/09/21,16:00,19.8,39,0.0,516
1,16/09/21,16:30,19.5,42,0.0,410
1,16/09/21,17:00,19.2,42,0.0,300
1,16/09/21,17:30,18.7,44,0.0,172
1,16/09/21,18:00,17.8,49,0.0,57
1,16/09/21,18:30,16.3,53,0.0,9
1,16/09/21,19:00,15.1,57,0.0,0
1,16/09/21,19:30,14.3,61,0.0,0
1,16/09/21,20:00,13.6,62,0.0,0
1,16/09/21,20:30,12.5,66,0.0,0
1,16/09/21,21:00,12.3,65,0.0,0
1,16/09/21,21:30,11.7,70,0.0,0
1,16/09/21,22:00,11.6,71,0.0,0
1,16/09/21,22:30,10.5,77,0.0,0
1,16/09/21,23:00,10.0,81,0.0,0
1,16/09/21,23:30,10.2,81,0.0,0
1,17/09/21,00:00,10.1,84,0.0,0
1,17/09/21,0:30,10.4,83,0.0,0
1,17/09/21,1:00,9.2,87,0.0,0
1,17/09/21,1:30,8.6,89,0.0,0
1,17/09/21,2:00,8.7,90,0.0,0
1,17/09/21,2:30,8.6,91,0.0,0
1,17/09/21,3:00,8.9,89,0.0,0
1,17/09/21,3:30,9.2,87,0.0,0
1,17/09/21,4:00,9.5,87,0.0,0
1,17/09/21,4:30,9.4,89,0.0,0
1,17/09/21,5:00,9.2,90,0.0,0
1,17/09/21,5:30,8.8,91,0.0,0
1,17/09/21,6:00,8.4,92,0.0,0
1,17/09/21,6:30,8.6,93,0.0,0
1,17/09/21,7:00,9.6,92,0.0,20
1,17/09/21,7:30,10.3,90,0.0,119
1,17/09/21,8:00,11.2,89,0.0,248
1,17/09/21,8:30,12.3,87,0.0,365
1,17/09/21,9:00,12.9,86,0.0,463
1,17/09/21,9:30,13.7,85,0.0,564
1,17/09/21,10:00,14.9,83,0.0,648
1,17/09/21,10:30,16.2,77,0.0,723
1,17/09/21,11:00,17.1,76,0.0,784
1,17/09/21,11:30,17.7,74,0.0,839
1,17/09/21,12:00,18.3,73,0.0,888
1,17/09/21,12:30,18.6,70,0.0,718
1,17/09/21,13:00,19.3,71,0.0,887
1,17/09/21,13:30,19.7,69,0.0,874
1,17/09/21,14:00,19.3,72,0.0,866
1,17/09/21,14:30,18.7,73,0.0,749
1,17/09/21,15:00,17.8,78,0.0,251
1,17/09/21,15:30,17.6,80,0.0,289
1,17/09/21,16:00,17.8,80,0.0,232
1,17/09/21,16:30,17.8,79,0.0,224
1,17/09/21,17:00,17.8,79,0.0,160
1,17/09/21,17:30,17.4,80,0.0,88
1,17/09/21,18:00,17.1,83,0.0,38
1,17/09/21,18:30,16.8,83,0.0,12
1,17/09/21,19:00,16.4,85,0.0,0
1,17/09/21,19:30,16.3,86,0.0,0
1,17/09/21,20:00,16.1,87,0.0,0
1,17/09/21,20:30,15.9,88,0.0,0
1,17/09/21,21:00,15.5,90,0.0,0
1,17/09/21,21:30,15.2,91,0.0,0
1,17/09/21,22:00,14.9,93,0.0,0
1,17/09/21,22:30,14.9,93,0.0,0
1,17/09/21,23:00,14.8,93,0.0,0
1,17/09/21,23:30,14.5,94,0.0,0
1,18/09/21,00:00,14.2,94,0.0,0
1,18/09/21,0:30,13.9,95,0.0,0
1,18/09/21,1:00,13.7,96,0.0,0
1,18/09/21,1:30,13.8,96,0.0,0
1,18/09/21,2:00,13.6,96,0.0,0
1,18/09/21,2:30,13.4,96,0.0,0
1,18/09/21,3:00,13.5,96,0.0,0
1,18/09/21,3:30,13.2,97,0.0,0
1,18/09/21,4:00,12.9,97,0.0,0
1,18/09/21,4:30,12.8,97,0.0,0
1,18/09/21,5:00,13.2,97,0.0,0
1,18/09/21,5:30,13.4,97,0.0,0
1,18/09/21,6:00,13.5,96,0.0,0
1,18/09/21,6:30,13.7,96,0.0,0
1,18/09/21,7:00,13.7,96,0.0,13
1,18/09/21,7:30,14.1,96,0.0,30
1,18/09/21,8:00,14.4,96,0.0,63
1,18/09/21,8:30,14.5,95,0.0,124
1,18/09/21,9:00,14.6,94,0.0,226
1,18/09/21,9:30,15.2,93,0.0,296
1,18/09/21,10:00,15.8,92,0.0,377
1,18/09/21,10:30,16.9,88,0.0,650
1,18/09/21,11:00,17.9,85,0.0,823
1,18/09/21,11:30,18.5,83,0.0,854
1,18/09/21,12:00,19.2,82,0.0,887
1,18/09/21,12:30,20.2,79,0.0,885
1,18/09/21,13:00,20.8,78,0.0,891
1,18/09/21,13:30,21.3,75,0.0,812
1,18/09/21,14:00,22.0,70,0.0,804
1,18/09/21,14:30,22.5,68,0.0,787
1,18/09/21,15:00,21.8,69,0.0,505
1,18/09/21,15:30,22.8,63,0.0,561
1,18/09/21,16:00,22.1,66,0.0,258
1,18/09/21,16:30,22.5,65,0.0,424
1,18/09/21,17:00,22.4,66,0.0,265
1,18/09/21,17:30,21.3,71,0.0,110
1,18/09/21,18:00,20.3,77,0.0,50
1,18/09/21,18:30,19.0,81,0.0,11
1,18/09/21,19:00,17.9,84,0.0,0
1,18/09/21,19:30,17.1,87,0.0,0
1,18/09/21,20:00,16.6,88,0.0,0
1,18/09/21,20:30,16.3,90,0.0,0
1,18/09/21,21:00,16.1,92,0.0,0
1,18/09/21,21:30,16.0,91,0.0,0
1,18/09/21,22:00,15.7,92,0.0,0
1,18/09/21,22:30,15.6,93,0.0,0
1,18/09/21,23:00,15.2,93,0.0,0
1,18/09/21,23:30,15.2,93,0.0,0
1,19/09/21,00:00,15.3,93,0.0,0
1,19/09/21,0:30,15.3,92,0.0,0
1,19/09/21,1:00,15.1,93,0.0,0
1,19/09/21,1:30,14.8,93,0.0,0
1,19/09/21,2:00,14.9,92,0.0,0
1,19/09/21,2:30,15.0,92,0.0,0
1,19/09/21,3:00,15.1,92,0.0,0
1,19/09/21,3:30,15.2,93,0.0,0
1,19/09/21,4:00,15.1,94,0.0,0
1,19/09/21,4:30,15.2,94,0.0,0
1,19/09/21,5:00,15.2,94,0.0,0
1,19/09/21,5:30,15.3,94,0.0,0
1,19/09/21,6:00,15.3,95,0.0,0
1,19/09/21,6:30,15.3,95,0.0,0
1,19/09/21,7:00,15.4,95,0.0,22
1,19/09/21,7:30,15.8,95,0.0,63
1,19/09/21,8:00,16.4,94,0.0,130
1,19/09/21,8:30,16.7,92,0.0,163
1,19/09/21,9:00,17.2,91,0.0,237
1,19/09/21,9:30,17.6,91,0.0,299
1,19/09/21,10:00,17.8,90,0.0,341
1,19/09/21,10:30,18.3,87,0.0,419
1,19/09/21,11:00,18.9,85,0.0,454
1,19/09/21,11:30,19.8,84,0.0,474
1,19/09/21,12:00,20.2,82,0.0,776
1,19/09/21,12:30,20.6,82,0.0,659
1,19/09/21,13:00,20.7,80,0.0,641
1,19/09/21,13:30,21.1,78,0.0,789
1,19/09/21,14:00,21.1,80,0.0,559
1,19/09/21,14:30,19.6,85,1.6,69
1,19/09/21,15:00,18.9,88,0.0,32
1,19/09/21,15:30,18.3,90,0.0,10
1,19/09/21,16:00,18.1,92,2.2,45
1,19/09/21,16:30,17.4,94,8.0,23
1,19/09/21,17:00,17.8,94,0.4,101
1,19/09/21,17:30,17.9,93,0.0,68
1,19/09/21,18:00,17.9,93,0.0,40
1,19/09/21,18:30,17.7,93,0.0,8
1,19/09/21,19:00,17.6,94,0.0,0
1,19/09/21,19:30,17.5,95,0.0,0
1,19/09/21,20:00,17.6,95,0.0,0
1,19/09/21,20:30,17.6,96,0.0,0
1,19/09/21,21:00,17.8,95,0.0,0
1,19/09/21,21:30,17.8,94,0.0,0
1,19/09/21,22:00,17.9,95,0.2,0
1,19/09/21,22:30,18.2,94,0.0,0
1,19/09/21,23:00,18.2,94,0.0,0
1,19/09/21,23:30,18.2,95,0.0,0
1,20/09/21,00:00,18.8,92,0.0,0
1,20/09/21,0:30,18.8,92,0.0,0
1,20/09/21,1:00,18.2,94,0.0,0
1,20/09/21,1:30,18.3,95,0.8,0
1,20/09/21,2:00,18.2,95,0.2,0
1,20/09/21,2:30,18.2,94,0.0,0
1,20/09/21,3:00,18.3,93,0.0,0
1,20/09/21,3:30,18.1,94,0.0,0
1,20/09/21,4:00,18.1,94,0.0,0
1,20/09/21,4:30,18.1,94,0.0,0
1,20/09/21,5:00,18.3,93,0.0,0
1,20/09/21,5:30,18.4,93,0.0,0
1,20/09/21,6:00,19.2,93,0.0,0
1,20/09/21,6:30,19.1,92,0.2,0
1,20/09/21,7:00,19.3,91,4.4,0
1,20/09/21,7:30,18.7,94,0.0,5
1,20/09/21,8:00,18.7,94,0.0,10
1,20/09/21,8:30,18.3,96,6.6,2
1,20/09/21,9:00,18.6,95,0.6,25
1,20/09/21,9:30,18.3,96,2.8,9
1,20/09/21,10:00,18.3,97,1.8,24
1,20/09/21,10:30,18.2,97,1.6,18
1,20/09/21,11:00,18.8,97,1.2,46
1,20/09/21,11:30,18.6,97,2.8,11
1,20/09/21,12:00,18.7,97,7.6,48
1,20/09/21,12:30,19.2,97,0.4,183
1,20/09/21,13:00,19.7,97,0.0,332
1,20/09/21,13:30,19.4,96,0.0,107
1,20/09/21,14:00,19.4,97,0.8,9
1,20/09/21,14:30,19.2,97,2.0,24
1,20/09/21,15:00,19.6,97,0.8,51
1,20/09/21,15:30,19.6,98,0.2,28
1,20/09/21,16:00,19.4,98,0.0,40
1,20/09/21,16:30,19.1,98,0.8,13
1,20/09/21,17:00,18.7,98,0.0,46
1,20/09/21,17:30,18.0,98,0.4,11
1,20/09/21,18:00,17.8,98,0.2,17
1,20/09/21,18:30,17.8,98,0.0,3
1,20/09/21,19:00,17.3,98,0.2,0
1,20/09/21,19:30,17.2,97,0.0,0
1,20/09/21,20:00,17.3,97,0.0,0
1,20/09/21,20:30,17.3,98,0.0,0
1,20/09/21,21:00,17.1,97,0.0,0
1,20/09/21,21:30,16.8,97,0.0,0
1,20/09/21,22:00,16.8,95,0.0,0
1,20/09/21,22:30,16.4,95,0.0,0
1,20/09/21,23:00,15.9,95,0.0,0
1,20/09/21,23:30,15.1,96,0.0,0
1,21/09/21,00:00,14.4,97,0.0,0
1,21/09/21,0:30,13.8,95,0.0,0
1,21/09/21,1:00,13.5,94,0.0,0
1,21/09/21,1:30,12.8,94,0.0,0
1,21/09/21,2:00,11.9,94,0.0,0
1,21/09/21,2:30,11.7,94,0.0,0
1,21/09/21,3:00,11.4,95,0.0,0
1,21/09/21,3:30,11.1,95,0.0,0
1,21/09/21,4:00,11.2,94,0.0,0
1,21/09/21,4:30,11.2,92,0.0,0
1,21/09/21,5:00,11.1,92,0.0,0
1,21/09/21,5:30,10.9,91,0.0,0
1,21/09/21,6:00,10.9,91,0.0,0
1,21/09/21,6:30,10.4,93,0.0,0
1,21/09/21,7:00,10.1,94,0.0,6
1,21/09/21,7:30,9.6,95,0.0,38
1,21/09/21,8:00,9.7,95,0.0,73
1,21/09/21,8:30,9.9,93,0.0,109
1,21/09/21,9:00,10.8,91,0.0,202
1,21/09/21,9:30,11.4,82,0.0,314
1,21/09/21,10:00,11.6,79,0.0,354
1,21/09/21,10:30,11.8,79,0.0,451
1,21/09/21,11:00,13.2,75,0.0,588
1,21/09/21,11:30,14.3,69,0.0,795
1,21/09/21,12:00,14.2,68,0.0,800
1,21/09/21,12:30,14.3,67,0.0,665
1,21/09/21,13:00,14.4,66,0.0,542
1,21/09/21,13:30,14.4,66,0.0,765
1,21/09/21,14:00,14.9,67,0.0,844
1,21/09/21,14:30,15.2,65,0.0,800
1,21/09/21,15:00,14.7,66,0.0,643
1,21/09/21,15:30,14.4,67,0.0,520
1,21/09/21,16:00,14.9,67,0.0,408
1,21/09/21,16:30,14.3,65,0.0,270
1,21/09/21,17:00,13.9,67,0.0,296
1,21/09/21,17:30,13.3,70,0.0,131
1,21/09/21,18:00,12.8,72,0.0,49
1,21/09/21,18:30,12.4,76,0.0,15
1,21/09/21,19:00,11.8,79,0.0,0
1,21/09/21,19:30,10.8,82,0.0,0
1,21/09/21,20:00,10.8,83,0.0,0
1,21/09/21,20:30,10.2,85,0.0,0
1,21/09/21,21:00,9.7,88,0.0,0
1,21/09/21,21:30,9.5,89,0.0,0
1,21/09/21,22:00,9.6,90,0.0,0
1,21/09/21,22:30,9.9,91,0.0,0
1,21/09/21,23:00,10.1,92,0.0,0
1,21/09/21,23:30,9.9,91,0.0,0
1,22/09/21,00:00,9.8,91,0.0,0
1,22/09/21,0:30,9.6,92,0.0,0
1,22/09/21,1:00,10.1,92,0.0,0
1,22/09/21,1:30,10.3,91,0.0,0
1,22/09/21,2:00,10.6,90,0.0,0
1,22/09/21,2:30,10.6,91,0.0,0
1,22/09/21,3:00,10.8,92,0.0,0
1,22/09/21,3:30,10.9,92,0.0,0
1,22/09/21,4:00,11.2,92,0.0,0
1,22/09/21,4:30,11.2,93,0.0,0
1,22/09/21,5:00,11.4,93,0.0,0
1,22/09/21,5:30,11.4,93,0.0,0
1,22/09/21,6:00,11.7,92,0.0,0
1,22/09/21,6:30,11.8,92,0.0,1
1,22/09/21,7:00,12.1,92,0.0,25
1,22/09/21,7:30,12.4,91,0.0,63
1,22/09/21,8:00,12.8,91,0.0,119
1,22/09/21,8:30,13.3,91,0.0,150
1,22/09/21,9:00,13.8,87,0.0,251
1,22/09/21,9:30,14.2,85,0.0,281
1,22/09/21,10:00,15.2,82,0.0,415
1,22/09/21,10:30,15.9,77,0.0,740
1,22/09/21,11:00,15.4,82,0.0,380
1,22/09/21,11:30,17.0,75,0.0,576
1,22/09/21,12:00,17.1,69,0.0,530
1,22/09/21,12:30,17.1,74,0.0,470
1,22/09/21,13:00,17.3,72,0.0,448
1,22/09/21,13:30,17.7,66,0.0,554
1,22/09/21,14:00,17.7,70,0.0,460
1,22/09/21,14:30,17.8,67,0.0,424
1,22/09/21,15:00,17.4,70,0.0,311
1,22/09/21,15:30,17.4,69,0.0,235
1,22/09/21,16:00,17.6,68,0.0,218
1,22/09/21,16:30,17.3,71,0.0,195
1,22/09/21,17:00,17.2,70,0.0,223
1,22/09/21,17:30,16.3,74,0.0,114
1,22/09/21,18:00,15.5,78,0.0,66
1,22/09/21,18:30,14.6,81,0.0,10
1,22/09/21,19:00,13.9,83,0.0,0
1,22/09/21,19:30,13.3,85,0.0,0
1,22/09/21,20:00,13.1,85,0.0,0
1,22/09/21,20:30,12.7,86,0.0,0
1,22/09/21,21:00,12.4,87,0.0,0
1,22/09/21,21:30,12.2,87,0.0,0
1,22/09/21,22:00,12.1,88,0.0,0
1,22/09/21,22:30,11.8,88,0.0,0
1,22/09/21,23:00,11.7,88,0.0,0
1,22/09/21,23:30,11.7,88,0.0,0
1,23/09/21,00:00,11.6,88,0.0,0
1,23/09/21,0:30,11.4,89,0.0,0
1,23/09/21,1:00,11.4,88,0.0,0
1,23/09/21,1:30,11.3,88,0.0,0
1,23/09/21,2:00,11.4,88,0.0,0
1,23/09/21,2:30,11.5,87,0.0,0
1,23/09/21,3:00,11.5,87,0.0,0
1,23/09/21,3:30,11.7,87,0.0,0
1,23/09/21,4:00,11.7,89,0.0,0
1,23/09/21,4:30,11.9,88,0.0,0
1,23/09/21,5:00,11.9,89,0.0,0
1,23/09/21,5:30,12.2,88,0.0,0
1,23/09/21,6:00,12.4,88,0.0,0
1,23/09/21,6:30,12.7,87,0.0,0
1,23/09/21,7:00,12.9,86,0.0,6
1,23/09/21,7:30,13.3,86,0.0,45
1,23/09/21,8:00,13.5,86,0.0,84
1,23/09/21,8:30,13.9,85,0.0,145
1,23/09/21,9:00,13.9,84,0.0,110
1,23/09/21,9:30,14.1,84,0.0,133
1,23/09/21,10:00,14.2,84,0.0,127
1,23/09/21,10:30,14.6,82,0.0,195
1,23/09/21,11:00,15.9,75,0.0,728
1,23/09/21,11:30,16.4,72,0.0,559
1,23/09/21,12:00,17.2,72,0.0,521
1,23/09/21,12:30,17.1,73,0.0,440
1,23/09/21,13:00,17.6,72,0.0,491
1,23/09/21,13:30,17.2,74,0.0,420
1,23/09/21,14:00,17.2,74,0.0,464
1,23/09/21,14:30,17.1,75,0.0,325
1,23/09/21,15:00,17.4,74,0.0,428
1,23/09/21,15:30,17.8,73,0.0,368
1,23/09/21,16:00,17.6,72,0.0,262
1,23/09/21,16:30,17.9,74,0.0,239
1,23/09/21,17:00,18.0,72,0.0,269
1,23/09/21,17:30,17.4,75,0.0,130
1,23/09/21,18:00,16.5,81,0.0,29
1,23/09/21,18:30,16.2,83,0.0,7
1,23/09/21,19:00,15.7,83,0.0,0
1,23/09/21,19:30,15.3,84,0.0,0
1,23/09/21,20:00,15.1,85,0.0,0
1,23/09/21,20:30,14.8,86,0.0,0
1,23/09/21,21:00,14.7,87,0.0,0
1,23/09/21,21:30,14.4,89,0.0,0
1,23/09/21,22:00,14.3,90,0.0,0
1,23/09/21,22:30,14.1,91,0.0,0
1,23/09/21,23:00,13.7,91,0.0,0
1,23/09/21,23:30,13.4,92,0.0,0
1,24/09/21,00:00,12.8,93,0.0,0
1,24/09/21,0:30,12.6,94,0.0,0
1,24/09/21,1:00,12.6,94,0.0,0
1,24/09/21,1:30,12.5,93,0.0,0
1,24/09/21,2:00,12.4,94,0.0,0
1,24/09/21,2:30,12.6,94,0.0,0
1,24/09/21,3:00,12.5,94,0.0,0
1,24/09/21,3:30,12.4,92,0.0,0
1,24/09/21,4:00,12.6,92,0.0,0
1,24/09/21,4:30,11.9,91,0.0,0
1,24/09/21,5:00,11.3,93,0.0,0
1,24/09/21,5:30,11.6,94,0.0,0
1,24/09/21,6:00,11.7,95,0.0,0
1,24/09/21,6:30,12.0,94,0.0,1
1,24/09/21,7:00,12.4,93,0.0,18
1,24/09/21,7:30,13.0,91,0.0,108
1,24/09/21,8:00,13.2,91,0.0,159
1,24/09/21,8:30,13.7,88,0.0,210
1,24/09/21,9:00,14.0,88,0.0,220
1,24/09/21,9:30,14.2,86,0.0,226
1,24/09/21,10:00,15.1,84,0.0,336
1,24/09/21,10:30,13.7,90,0.0,285
1,24/09/21,11:00,14.0,90,0.0,334
1,24/09/21,11:30,15.8,81,0.0,491
1,24/09/21,12:00,15.3,82,0.0,509
1,24/09/21,12:30,16.2,78,0.0,529
1,24/09/21,13:00,16.1,77,0.0,360
1,24/09/21,13:30,15.8,77,0.0,405
1,24/09/21,14:00,16.7,74,0.0,497
1,24/09/21,14:30,16.5,69,0.0,454
1,24/09/21,15:00,16.1,75,0.0,249
1,24/09/21,15:30,15.6,78,0.0,177
1,24/09/21,16:00,15.4,77,0.0,152
1,24/09/21,16:30,15.5,78,0.0,141
1,24/09/21,17:00,15.6,78,0.0,119
1,24/09/21,17:30,15.3,80,0.0,70
1,24/09/21,18:00,15.1,81,0.0,47
1,24/09/21,18:30,14.7,82,0.0,15
1,24/09/21,19:00,13.4,86,0.0,0
1,24/09/21,19:30,12.7,87,0.0,0
1,24/09/21,20:00,12.2,90,0.0,0
1,24/09/21,20:30,12.7,88,0.0,0
1,24/09/21,21:00,12.6,88,0.0,0
1,24/09/21,21:30,12.9,88,0.0,0
1,24/09/21,22:00,13.1,90,0.0,0
1,24/09/21,22:30,12.6,93,0.0,0
1,24/09/21,23:00,12.8,94,0.0,0
1,24/09/21,23:30,12.9,94,0.0,0
1,25/09/21,00:00,12.8,93,0.0,0
1,25/09/21,0:30,12.7,93,0.0,0
1,25/09/21,1:00,12.6,94,0.0,0
1,25/09/21,1:30,13.1,93,0.0,0
1,25/09/21,2:00,12.9,93,0.0,0
1,25/09/21,2:30,12.4,95,0.0,0
1,25/09/21,3:00,12.2,96,0.0,0
1,25/09/21,3:30,12.2,96,0.0,0
1,25/09/21,4:00,12.2,97,0.0,0
1,25/09/21,4:30,12.3,97,0.0,0
1,25/09/21,5:00,12.4,97,0.0,0
1,25/09/21,5:30,12.4,97,0.0,0
1,25/09/21,6:00,12.6,97,0.0,0
1,25/09/21,6:30,12.6,97,0.0,0
1,25/09/21,7:00,12.9,98,0.0,20
1,25/09/21,7:30,13.2,97,0.0,62
1,25/09/21,8:00,14.1,96,0.0,158
1,25/09/21,8:30,14.3,91,0.2,226
1,25/09/21,9:00,14.9,89,0.0,288
1,25/09/21,9:30,15.5,90,0.0,253
1,25/09/21,10:00,15.5,85,0.0,316
1,25/09/21,10:30,16.8,80,0.0,401
1,25/09/21,11:00,16.8,78,0.0,398
1,25/09/21,11:30,17.3,78,0.0,503
1,25/09/21,12:00,17.6,79,0.0,487
1,25/09/21,12:30,17.9,75,0.0,511
1,25/09/21,13:00,19.1,71,0.0,497
1,25/09/21,13:30,18.6,74,0.0,450
1,25/09/21,14:00,19.0,70,0.0,470
1,25/09/21,14:30,19.4,68,0.0,462
1,25/09/21,15:00,19.4,67,0.0,440
1,25/09/21,15:30,19.5,67,0.0,417
1,25/09/21,16:00,19.6,68,0.0,255
1,25/09/21,16:30,19.5,69,0.0,186
1,25/09/21,17:00,19.3,69,0.0,143
1,25/09/21,17:30,18.9,71,0.0,89
1,25/09/21,18:00,18.9,71,0.0,61
1,25/09/21,18:30,17.8,78,0.0,16
1,25/09/21,19:00,16.6,85,0.0,0
1,25/09/21,19:30,16.3,87,0.0,0
1,25/09/21,20:00,16.0,89,0.0,0
1,25/09/21,20:30,15.6,90,0.0,0
1,25/09/21,21:00,14.9,91,0.0,0
1,25/09/21,21:30,14.5,93,0.0,0
1,25/09/21,22:00,14.1,94,0.0,0
1,25/09/21,22:30,13.7,95,0.0,0
1,25/09/21,23:00,13.6,95,0.0,0
1,25/09/21,23:30,13.2,95,0.0,0
1,26/09/21,00:00,13.1,95,0.0,0
1,26/09/21,0:30,13.3,94,0.0,0
1,26/09/21,1:00,12.8,94,0.0,0
1,26/09/21,1:30,12.5,94,0.0,0
1,26/09/21,2:00,11.7,95,0.0,0
1,26/09/21,2:30,12.0,96,0.0,0
1,26/09/21,3:00,12.2,97,0.0,0
1,26/09/21,3:30,12.3,97,0.0,0
1,26/09/21,4:00,12.3,97,0.0,0
1,26/09/21,4:30,12.3,97,0.0,0
1,26/09/21,5:00,12.3,98,0.0,0
1,26/09/21,5:30,12.8,98,0.0,0
1,26/09/21,6:00,12.8,98,0.0,0
1,26/09/21,6:30,12.8,98,0.0,2
1,26/09/21,7:00,13.0,98,0.0,16
1,26/09/21,7:30,13.4,97,0.0,95
1,26/09/21,8:00,14.3,96,0.0,292
1,26/09/21,8:30,15.6,92,0.0,410
1,26/09/21,9:00,16.8,86,0.0,521
1,26/09/21,9:30,18.2,74,0.0,670
1,26/09/21,10:00,18.6,69,0.0,783
1,26/09/21,10:30,19.1,69,0.0,797
1,26/09/21,11:00,19.4,68,0.0,860
1,26/09/21,11:30,19.9,64,0.0,898
1,26/09/21,12:00,20.5,63,0.0,922
1,26/09/21,12:30,20.9,62,0.0,930
1,26/09/21,13:00,21.4,62,0.0,924
1,26/09/21,13:30,21.8,59,0.0,896
1,26/09/21,14:00,22.2,61,0.0,855
1,26/09/21,14:30,22.3,57,0.0,796
1,26/09/21,15:00,22.7,58,0.0,723
1,26/09/21,15:30,23.0,55,0.0,635
1,26/09/21,16:00,23.2,58,0.0,536
1,26/09/21,16:30,23.3,55,0.0,427
1,26/09/21,17:00,23.1,56,0.0,316
1,26/09/21,17:30,22.9,60,0.0,196
1,26/09/21,18:00,22.1,60,0.0,75
1,26/09/21,18:30,20.9,68,0.0,14
1,26/09/21,19:00,19.3,73,0.0,0
1,26/09/21,19:30,18.4,75,0.0,0
1,26/09/21,20:00,17.9,75,0.0,0
1,26/09/21,20:30,16.7,82,0.0,0
1,26/09/21,21:00,16.6,86,0.0,0
1,26/09/21,21:30,16.1,89,0.0,0
1,26/09/21,22:00,15.6,91,0.0,0
1,26/09/21,22:30,15.1,93,0.0,0
1,26/09/21,23:00,14.7,94,0.0,0
1,26/09/21,23:30,14.9,95,0.0,0
1,27/09/21,00:00,14.8,95,0.0,0
1,27/09/21,0:30,14.7,96,0.0,0
1,27/09/21,1:00,14.8,96,0.0,0
1,27/09/21,1:30,15.1,96,0.0,0
1,27/09/21,2:00,15.2,96,0.0,0
1,27/09/21,2:30,15.3,95,0.0,0
1,27/09/21,3:00,15.5,94,0.0,0
1,27/09/21,3:30,15.6,93,0.0,0
1,27/09/21,4:00,15.6,93,0.0,0
1,27/09/21,4:30,15.3,93,0.0,0
1,27/09/21,5:00,15.0,94,0.0,0
1,27/09/21,5:30,14.6,94,0.0,0
1,27/09/21,6:00,14.1,95,0.0,0
1,27/09/21,6:30,14.2,96,0.0,4
1,27/09/21,7:00,14.6,93,0.0,50
1,27/09/21,7:30,15.2,92,0.0,158
1,27/09/21,8:00,16.2,90,0.0,289
1,27/09/21,8:30,15.8,90,0.0,400
1,27/09/21,9:00,15.4,93,0.0,190
1,27/09/21,9:30,16.7,91,0.0,544
1,27/09/21,10:00,17.4,88,0.0,747
1,27/09/21,10:30,18.3,88,0.0,783
1,27/09/21,11:00,19.3,84,0.0,843
1,27/09/21,11:30,20.6,82,0.0,888
1,27/09/21,12:00,21.6,79,0.0,917
1,27/09/21,12:30,22.8,77,0.0,926
1,27/09/21,13:00,23.3,75,0.0,933
1,27/09/21,13:30,23.8,70,0.0,894
1,27/09/21,14:00,24.4,69,0.0,850
1,27/09/21,14:30,25.0,70,0.0,792
1,27/09/21,15:00,25.4,64,0.0,719
1,27/09/21,15:30,25.4,69,0.0,632
1,27/09/21,16:00,24.9,68,0.0,533
1,27/09/21,16:30,24.9,65,0.0,424
1,27/09/21,17:00,24.7,65,0.0,313
1,27/09/21,17:30,24.1,67,0.0,194
1,27/09/21,18:00,23.1,70,0.0,78
1,27/09/21,18:30,21.7,74,0.0,16
1,27/09/21,19:00,20.8,77,0.0,0
1,27/09/21,19:30,19.6,84,0.0,0
1,27/09/21,20:00,18.7,87,0.0,0
1,27/09/21,20:30,18.1,90,0.0,0
1,27/09/21,21:00,17.9,92,0.0,0
1,27/09/21,21:30,17.7,92,0.0,0
1,27/09/21,22:00,17.4,93,0.0,0
1,27/09/21,22:30,16.8,94,0.0,0
1,27/09/21,23:00,16.2,95,0.0,0
1,27/09/21,23:30,15.8,96,0.0,0
1,28/09/21,00:00,15.6,96,0.0,0
1,28/09/21,0:30,15.7,95,0.0,0
1,28/09/21,1:00,15.6,95,0.0,0
1,28/09/21,1:30,15.6,95,0.0,0
1,28/09/21,2:00,15.5,93,0.0,0
1,28/09/21,2:30,15.4,93,0.0,0
1,28/09/21,3:00,15.1,93,0.0,0
1,28/09/21,3:30,14.9,94,0.0,0
1,28/09/21,4:00,15.1,94,0.0,0
1,28/09/21,4:30,14.8,94,0.0,0
1,28/09/21,5:00,14.5,94,0.0,0
1,28/09/21,5:30,14.3,94,0.0,0
1,28/09/21,6:00,14.1,94,0.0,0
1,28/09/21,6:30,14.1,94,0.0,4
1,28/09/21,7:00,14.1,94,0.0,23
1,28/09/21,7:30,14.1,94,0.0,40
1,28/09/21,8:00,14.3,93,0.0,117
1,28/09/21,8:30,14.8,91,0.0,163
1,28/09/21,9:00,15.1,90,0.0,137
1,28/09/21,9:30,15.1,91,0.0,67
1,28/09/21,10:00,14.9,94,0.2,85
1,28/09/21,10:30,15.9,89,0.0,215
1,28/09/21,11:00,16.1,88,0.0,163
1,28/09/21,11:30,16.6,87,0.0,173
1,28/09/21,12:00,16.9,85,0.0,245
1,28/09/21,12:30,16.8,85,0.0,205
1,28/09/21,13:00,17.1,85,0.0,168
1,28/09/21,13:30,17.9,82,0.0,310
1,28/09/21,14:00,17.7,81,0.0,350
1,28/09/21,14:30,17.6,81,0.0,230
1,28/09/21,15:00,17.4,83,0.0,100
1,28/09/21,15:30,16.9,84,0.0,89
1,28/09/21,16:00,16.8,85,0.0,60
1,28/09/21,16:30,16.6,86,0.0,29
1,28/09/21,17:00,16.3,87,0.0,14
1,28/09/21,17:30,16.2,90,0.0,21
1,28/09/21,18:00,16.0,91,0.0,13
1,28/09/21,18:30,15.7,92,0.2,18
1,28/09/21,19:00,15.6,93,0.0,2
1,28/09/21,19:30,15.4,93,0.0,0
1,28/09/21,20:00,15.1,93,0.0,0
1,28/09/21,20:30,15.0,92,0.0,0
1,28/09/21,21:00,14.9,93,0.0,0
1,28/09/21,21:30,14.8,92,0.0,0
1,28/09/21,22:00,14.8,93,0.0,0
1,28/09/21,22:30,14.7,93,0.0,0
1,28/09/21,23:00,14.6,93,0.0,0
1,28/09/21,23:30,14.3,93,0.0,0
1,29/09/21,00:00,14.2,94,0.0,0
1,29/09/21,0:30,14.0,93,0.0,0
1,29/09/21,1:00,14.3,94,0.0,0
1,29/09/21,1:30,14.3,93,0.0,0
1,29/09/21,2:00,14.4,93,0.0,0
1,29/09/21,2:30,14.4,93,0.0,0
1,29/09/21,3:00,14.4,92,0.0,0
1,29/09/21,3:30,14.3,93,0.0,0
1,29/09/21,4:00,14.5,94,0.0,0
1,29/09/21,4:30,14.3,95,0.0,0
1,29/09/21,5:00,14.1,95,0.0,0
1,29/09/21,5:30,14.0,95,0.0,0
1,29/09/21,6:00,13.9,95,0.0,0
1,29/09/21,6:30,13.8,96,0.0,3
1,29/09/21,7:00,14.1,95,0.0,25
1,29/09/21,7:30,14.3,95,0.0,80
1,29/09/21,8:00,14.4,95,0.0,132
1,29/09/21,8:30,14.8,94,0.0,189
1,29/09/21,9:00,15.4,92,0.0,272
1,29/09/21,9:30,15.7,92,0.0,291
1,29/09/21,10:00,16.4,89,0.0,385
1,29/09/21,10:30,17.2,86,0.0,391
1,29/09/21,11:00,17.3,84,0.0,436
1,29/09/21,11:30,18.1,82,0.0,600
1,29/09/21,12:00,18.7,79,0.0,538
1,29/09/21,12:30,19.8,77,0.0,667
1,29/09/21,13:00,19.8,74,0.0,802
1,29/09/21,13:30,20.3,68,0.0,775
1,29/09/21,14:00,20.9,65,0.0,874
1,29/09/21,14:30,21.0,68,0.0,784
1,29/09/21,15:00,21.0,61,0.0,607
1,29/09/21,15:30,21.3,64,0.0,580
1,29/09/21,16:00,20.9,67,0.0,399
1,29/09/21,16:30,20.7,67,0.0,433
1,29/09/21,17:00,20.2,69,0.0,282
1,29/09/21,17:30,19.6,71,0.0,209
1,29/09/21,18:00,18.6,76,0.0,81
1,29/09/21,18:30,17.4,80,0.0,18
1,29/09/21,19:00,16.6,83,0.0,1
1,29/09/21,19:30,15.9,86,0.0,0
1,29/09/21,20:00,15.4,88,0.0,0
1,29/09/21,20:30,15.2,89,0.0,0
1,29/09/21,21:00,14.8,91,0.0,0
1,29/09/21,21:30,14.9,91,0.0,0
1,29/09/21,22:00,14.6,91,0.0,0
1,29/09/21,22:30,14.6,90,0.0,0
1,29/09/21,23:00,14.5,90,0.0,0
1,29/09/21,23:30,14.1,91,0.0,0
1,30/09/21,00:00,13.9,91,0.0,0
1,30/09/21,0:30,13.5,91,0.0,0
1,30/09/21,1:00,13.2,91,0.0,0
1,30/09/21,1:30,13.6,90,0.0,0
1,30/09/21,2:00,13.4,89,0.0,0
1,30/09/21,2:30,13.4,88,0.0,0
1,30/09/21,3:00,13.3,89,0.0,0
1,30/09/21,3:30,13.4,89,0.0,0
1,30/09/21,4:00,13.4,88,0.0,0
1,30/09/21,4:30,13.2,88,0.0,0
1,30/09/21,5:00,13.3,87,0.0,0
1,30/09/21,5:30,13.1,88,0.0,0
1,30/09/21,6:00,13.2,87,0.0,0
1,30/09/21,6:30,13.3,87,0.0,8
1,30/09/21,7:00,13.6,86,0.0,46
1,30/09/21,7:30,13.9,85,0.0,106
1,30/09/21,8:00,14.4,85,0.0,244
1,30/09/21,8:30,15.1,84,0.0,336
1,30/09/21,9:00,15.3,83,0.0,318
1,30/09/21,9:30,16.0,83,0.0,276
1,30/09/21,10:00,16.4,81,0.0,387
1,30/09/21,10:30,17.1,79,0.0,411
1,30/09/21,11:00,17.5,77,0.0,400
1,30/09/21,11:30,18.3,77,0.0,495
1,30/09/21,12:00,19.0,74,0.0,745
1,30/09/21,12:30,19.4,74,0.0,564
1,30/09/21,13:00,19.1,74,0.0,265
1,30/09/21,13:30,18.4,76,0.0,94
1,30/09/21,14:00,17.5,81,0.0,15
1,30/09/21,14:30,16.1,88,6.8,47
1,30/09/21,15:00,16.3,87,0.2,42
1,30/09/21,15:30,15.7,91,1.8,26
1,30/09/21,16:00,15.9,89,0.0,13
1,30/09/21,16:30,15.2,94,11.8,0
1,30/09/21,17:00,15.3,94,2.4,8
1,30/09/21,17:30,15.2,94,0.8,10
1,30/09/21,18:00,15.3,95,7.0,0
1,30/09/21,18:30,15.3,95,9.8,0
1,30/09/21,19:00,15.5,94,0.4,0
1,30/09/21,19:30,15.3,95,1.8,0
1,30/09/21,20:00,15.4,95,0.8,0
1,30/09/21,20:30,15.5,95,0.2,0
1,30/09/21,21:00,15.5,96,2.8,0
1,30/09/21,21:30,15.5,96,2.8,0
1,30/09/21,22:00,15.5,96,3.0,0
1,30/09/21,22:30,15.6,97,0.6,0
1,30/09/21,23:00,15.7,97,0.0,0
1,30/09/21,23:30,15.9,96,0.0,0
1,01/10/21,00:00,15.9,95,0.0,0
1,01/10/21,0:30,15.7,95,0.0,0
1,01/10/21,1:00,15.4,96,0.0,0
1,01/10/21,1:30,15.4,96,0.0,0
1,01/10/21,2:00,15.4,96,0.0,0
1,01/10/21,2:30,15.5,96,0.0,0
1,01/10/21,3:00,15.6,96,0.0,0
1,01/10/21,3:30,15.6,96,0.0,0
1,01/10/21,4:00,15.7,97,0.0,0
1,01/10/21,4:30,15.7,96,0.0,0
1,01/10/21,5:00,15.8,96,0.0,0
1,01/10/21,5:30,15.6,97,0.0,0
1,01/10/21,6:00,15.4,97,0.0,0
1,01/10/21,6:30,15.4,97,0.0,5
1,01/10/21,7:00,15.5,97,0.0,26
1,01/10/21,7:30,15.4,98,0.0,30
1,01/10/21,8:00,14.4,98,0.0,30
1,01/10/21,8:30,14.5,98,0.0,89
1,01/10/21,9:00,14.6,98,0.0,150
1,01/10/21,9:30,14.9,98,0.0,263
1,01/10/21,10:00,15.1,98,0.0,231
1,01/10/21,10:30,15.8,96,0.0,332
1,01/10/21,11:00,16.1,95,0.0,281
1,01/10/21,11:30,17.6,89,0.0,347
1,01/10/21,12:00,17.5,87,0.0,366
1,01/10/21,12:30,17.0,89,0.0,282
1,01/10/21,13:00,17.1,89,0.0,240
1,01/10/21,13:30,17.4,86,0.0,373
1,01/10/21,14:00,17.5,86,0.0,294
1,01/10/21,14:30,17.6,84,0.0,306
1,01/10/21,15:00,17.6,83,0.0,313
1,01/10/21,15:30,18.3,81,0.0,307
1,01/10/21,16:00,19.5,79,0.0,421
1,01/10/21,16:30,19.0,77,0.0,452
1,01/10/21,17:00,19.9,73,0.0,368
1,01/10/21,17:30,19.4,74,0.0,275
1,01/10/21,18:00,18.7,77,0.0,113
1,01/10/21,18:30,17.8,79,0.0,17
1,01/10/21,19:00,16.9,81,0.0,1
1,01/10/21,19:30,16.7,81,0.0,0
1,01/10/21,20:00,16.2,84,0.0,0
1,01/10/21,20:30,15.6,89,0.0,0
1,01/10/21,21:00,15.4,90,0.0,0
1,01/10/21,21:30,13.9,74,0.0,0
1,01/10/21,22:00,13.2,70,0.0,0
1,01/10/21,22:30,12.6,75,0.0,0
1,01/10/21,23:00,12.1,76,0.0,0
1,01/10/21,23:30,11.9,74,0.0,0
1,02/10/21,00:00,11.6,76,0.0,0
1,02/10/21,0:30,11.3,76,0.0,0
1,02/10/21,1:00,11.1,76,0.0,0
1,02/10/21,1:30,10.7,78,0.0,0
1,02/10/21,2:00,10.6,77,0.0,0
1,02/10/21,2:30,10.4,76,0.0,0
1,02/10/21,3:00,10.2,78,0.0,0
1,02/10/21,3:30,9.9,81,0.0,0
1,02/10/21,4:00,9.8,83,0.0,0
1,02/10/21,4:30,9.6,84,0.0,0
1,02/10/21,5:00,9.2,86,0.0,0
1,02/10/21,5:30,9.2,87,0.0,0
1,02/10/21,6:00,9.2,90,0.0,0
1,02/10/21,6:30,9.5,92,0.0,9
1,02/10/21,7:00,10.5,93,0.0,63
1,02/10/21,7:30,11.2,91,0.0,114
1,02/10/21,8:00,11.7,89,0.0,200
1,02/10/21,8:30,12.6,85,0.0,285
1,02/10/21,9:00,13.3,83,0.0,486
1,02/10/21,9:30,13.9,78,0.0,679
1,02/10/21,10:00,14.6,79,0.0,773
1,02/10/21,10:30,15.8,73,0.0,824
1,02/10/21,11:00,16.5,70,0.0,882
1,02/10/21,11:30,16.9,73,0.0,924
1,02/10/21,12:00,17.3,70,0.0,949
1,02/10/21,12:30,18.2,69,0.0,959
1,02/10/21,13:00,19.2,66,0.0,949
1,02/10/21,13:30,19.7,57,0.0,925
1,02/10/21,14:00,20.2,50,0.0,881
1,02/10/21,14:30,20.6,55,0.0,820
1,02/10/21,15:00,20.8,50,0.0,743
1,02/10/21,15:30,21.2,56,0.0,650
1,02/10/21,16:00,21.1,50,0.0,557
1,02/10/21,16:30,21.4,51,0.0,449
1,02/10/21,17:00,21.2,54,0.0,335
1,02/10/21,17:30,20.8,58,0.0,211
1,02/10/21,18:00,20.2,54,0.0,90
1,02/10/21,18:30,19.1,63,0.0,17
1,02/10/21,19:00,17.5,71,0.0,0
1,02/10/21,19:30,16.4,77,0.0,0
1,02/10/21,20:00,15.7,82,0.0,0
1,02/10/21,20:30,15.2,84,0.0,0
1,02/10/21,21:00,14.6,85,0.0,0
1,02/10/21,21:30,14.3,85,0.0,0
1,02/10/21,22:00,14.1,86,0.0,0
1,02/10/21,22:30,13.6,88,0.0,0
1,02/10/21,23:00,13.1,89,0.0,0
1,02/10/21,23:30,13.2,89,0.0,0
1,03/10/21,00:00,12.8,90,0.0,0
1,03/10/21,0:30,12.3,92,0.0,0
1,03/10/21,1:00,12.2,92,0.0,0
1,03/10/21,1:30,12.6,93,0.0,0
1,03/10/21,2:00,13.0,92,0.0,0
1,03/10/21,2:30,13.2,91,0.0,0
1,03/10/21,3:00,13.1,92,0.0,0
1,03/10/21,3:30,13.3,93,0.0,0
1,03/10/21,4:00,13.3,93,0.0,0
1,03/10/21,4:30,13.3,94,0.0,0
1,03/10/21,5:00,13.2,94,0.0,0
1,03/10/21,5:30,13.3,93,0.0,0
1,03/10/21,6:00,13.6,92,0.0,0
1,03/10/21,6:30,13.8,91,0.0,0
1,03/10/21,7:00,13.7,91,0.0,14
1,03/10/21,7:30,14.0,91,0.0,70
1,03/10/21,8:00,15.7,86,0.0,295
1,03/10/21,8:30,15.6,86,0.0,325
1,03/10/21,9:00,16.3,87,0.0,543
1,03/10/21,9:30,16.5,87,0.0,440
1,03/10/21,10:00,17.4,79,0.0,561
1,03/10/21,10:30,16.2,83,0.0,379
1,03/10/21,11:00,16.1,85,0.0,408
1,03/10/21,11:30,16.8,83,0.0,398
1,03/10/21,12:00,17.7,78,0.0,476
1,03/10/21,12:30,17.7,79,0.0,619
1,03/10/21,13:00,17.3,78,0.0,476
1,03/10/21,13:30,17.2,77,0.0,392
1,03/10/21,14:00,17.4,79,0.0,332
1,03/10/21,14:30,17.6,79,0.0,364
1,03/10/21,15:00,17.7,76,0.0,369
1,03/10/21,15:30,17.7,75,0.0,334
1,03/10/21,16:00,17.8,73,0.0,366
1,03/10/21,16:30,17.5,73,0.0,272
1,03/10/21,17:00,17.6,74,0.0,294
1,03/10/21,17:30,16.8,74,0.0,184
1,03/10/21,18:00,16.2,75,0.0,89
1,03/10/21,18:30,15.2,79,0.0,26
1,03/10/21,19:00,14.3,82,0.0,0
1,03/10/21,19:30,14.4,80,0.0,0
1,03/10/21,20:00,13.6,81,0.0,0
1,03/10/21,20:30,13.4,81,0.0,0
1,03/10/21,21:00,13.4,79,0.0,0
1,03/10/21,21:30,12.2,81,0.0,0
1,03/10/21,22:00,11.9,82,0.0,0
1,03/10/21,22:30,11.3,87,0.0,0
1,03/10/21,23:00,11.0,90,0.0,0
1,03/10/21,23:30,10.9,90,0.0,0
1,04/10/21,00:00,10.7,91,0.0,0
1,04/10/21,0:30,10.4,89,0.0,0
1,04/10/21,1:00,10.3,89,0.0,0
1,04/10/21,1:30,10.1,88,0.0,0
1,04/10/21,2:00,9.9,87,0.0,0
1,04/10/21,2:30,9.6,89,0.0,0
1,04/10/21,3:00,9.7,89,0.0,0
1,04/10/21,3:30,9.6,86,0.0,0
1,04/10/21,4:00,9.1,87,0.0,0
1,04/10/21,4:30,7.9,85,0.0,0
1,04/10/21,5:00,7.4,80,0.0,0
1,04/10/21,5:30,7.4,79,0.0,0
1,04/10/21,6:00,7.6,74,0.0,0
1,04/10/21,6:30,7.1,76,0.0,7
1,04/10/21,7:00,7.2,77,0.0,42
1,04/10/21,7:30,8.6,75,0.0,187
1,04/10/21,8:00,9.4,76,0.0,337
1,04/10/21,8:30,10.4,69,0.0,459
1,04/10/21,9:00,11.2,70,0.0,571
1,04/10/21,9:30,11.8,67,0.0,670
1,04/10/21,10:00,12.3,65,0.0,759
1,04/10/21,10:30,12.9,68,0.0,832
1,04/10/21,11:00,13.7,64,0.0,890
1,04/10/21,11:30,13.9,58,0.0,932
1,04/10/21,12:00,14.3,57,0.0,958
1,04/10/21,12:30,14.8,62,0.0,965
1,04/10/21,13:00,15.3,58,0.0,955
1,04/10/21,13:30,15.4,54,0.0,928
1,04/10/21,14:00,15.6,58,0.0,896
1,04/10/21,14:30,15.6,54,0.0,824
1,04/10/21,15:00,16.4,54,0.0,779
1,04/10/21,15:30,16.1,53,0.0,678
1,04/10/21,16:00,16.3,53,0.0,584
1,04/10/21,16:30,16.2,50,0.0,463
1,04/10/21,17:00,16.2,53,0.0,348
1,04/10/21,17:30,15.8,58,0.0,213
1,04/10/21,18:00,15.3,55,0.0,99
1,04/10/21,18:30,14.6,60,0.0,29
1,04/10/21,19:00,13.3,64,0.0,3
1,04/10/21,19:30,12.0,68,0.0,0
1,04/10/21,20:00,11.3,70,0.0,0
1,04/10/21,20:30,10.7,70,0.0,0
1,04/10/21,21:00,10.4,71,0.0,0
1,04/10/21,21:30,10.2,73,0.0,0
1,04/10/21,22:00,9.8,75,0.0,0
1,04/10/21,22:30,9.7,76,0.0,0
1,04/10/21,23:00,9.4,75,0.0,0
1,04/10/21,23:30,9.3,73,0.0,0
1,05/10/21,00:00,9.1,71,0.0,0
1,05/10/21,0:30,9.4,70,0.0,0
1,05/10/21,1:00,9.2,74,0.0,0
1,05/10/21,1:30,8.7,76,0.0,0
1,05/10/21,2:00,8.3,79,0.0,0
1,05/10/21,2:30,8.2,82,0.0,0
1,05/10/21,3:00,8.0,82,0.0,0
1,05/10/21,3:30,8.0,82,0.0,0
1,05/10/21,4:00,8.3,81,0.0,0
1,05/10/21,4:30,8.3,80,0.0,0
1,05/10/21,5:00,8.7,78,0.0,0
1,05/10/21,5:30,8.6,80,0.0,0
1,05/10/21,6:00,8.5,81,0.0,0
1,05/10/21,6:30,8.7,80,0.0,10
1,05/10/21,7:00,9.3,79,0.0,85
1,05/10/21,7:30,10.2,78,0.0,214
1,05/10/21,8:00,10.7,77,0.0,340
1,05/10/21,8:30,11.7,75,0.0,457
1,05/10/21,9:00,12.5,72,0.0,569
1,05/10/21,9:30,13.3,69,0.0,673
1,05/10/21,10:00,14.3,67,0.0,763
1,05/10/21,10:30,14.7,62,0.0,837
1,05/10/21,11:00,15.8,61,0.0,896
1,05/10/21,11:30,16.2,59,0.0,939
1,05/10/21,12:00,16.5,56,0.0,966
1,05/10/21,12:30,17.3,54,0.0,973
1,05/10/21,13:00,17.6,48,0.0,960
1,05/10/21,13:30,18.1,51,0.0,935
1,05/10/21,14:00,18.4,51,0.0,891
1,05/10/21,14:30,18.9,50,0.0,833
1,05/10/21,15:00,18.9,49,0.0,757
1,05/10/21,15:30,18.9,47,0.0,669
1,05/10/21,16:00,19.2,44,0.0,569
1,05/10/21,16:30,19.3,47,0.0,464
1,05/10/21,17:00,19.3,49,0.0,345
1,05/10/21,17:30,19.1,51,0.0,223
1,05/10/21,18:00,18.6,50,0.0,97
1,05/10/21,18:30,17.2,57,0.0,21
1,05/10/21,19:00,16.0,64,0.0,2
1,05/10/21,19:30,14.8,63,0.0,0
1,05/10/21,20:00,13.8,67,0.0,0
1,05/10/21,20:30,13.2,71,0.0,0
1,05/10/21,21:00,12.8,72,0.0,0
1,05/10/21,21:30,12.1,74,0.0,0
1,05/10/21,22:00,11.7,75,0.0,0
1,05/10/21,22:30,11.7,74,0.0,0
1,05/10/21,23:00,11.3,78,0.0,0
1,05/10/21,23:30,11.5,77,0.0,0
1,06/10/21,00:00,11.5,79,0.0,0
1,06/10/21,0:30,11.7,79,0.0,0
1,06/10/21,1:00,11.7,79,0.0,0
1,06/10/21,1:30,11.5,81,0.0,0
1,06/10/21,2:00,11.6,81,0.0,0
1,06/10/21,2:30,10.8,82,0.0,0
1,06/10/21,3:00,10.8,82,0.0,0
1,06/10/21,3:30,11.0,82,0.0,0
1,06/10/21,4:00,10.9,82,0.0,0
1,06/10/21,4:30,10.5,84,0.0,0
1,06/10/21,5:00,10.7,84,0.0,0
1,06/10/21,5:30,11.1,83,0.0,0
1,06/10/21,6:00,11.6,79,0.0,0
1,06/10/21,6:30,11.7,79,0.0,12
1,06/10/21,7:00,12.1,79,0.0,72
1,06/10/21,7:30,13.2,77,0.0,203
1,06/10/21,8:00,14.4,71,0.0,333
1,06/10/21,8:30,15.6,67,0.0,454
1,06/10/21,9:00,16.9,66,0.0,567
1,06/10/21,9:30,17.8,65,0.0,613
1,06/10/21,10:00,18.4,57,0.0,769
1,06/10/21,10:30,19.8,57,0.0,819
1,06/10/21,11:00,20.7,53,0.0,877
1,06/10/21,11:30,21.0,52,0.0,925
1,06/10/21,12:00,21.2,56,0.0,955
1,06/10/21,12:30,20.9,56,0.0,920
1,06/10/21,13:00,20.8,51,0.0,711
1,06/10/21,13:30,20.2,55,0.0,335
1,06/10/21,14:00,20.6,53,0.0,387
1,06/10/21,14:30,19.8,57,0.0,275
1,06/10/21,15:00,20.1,56,0.0,302
1,06/10/21,15:30,20.8,61,0.0,380
1,06/10/21,16:00,21.3,59,0.0,421
1,06/10/21,16:30,20.7,51,0.0,415
1,06/10/21,17:00,20.7,54,0.0,311
1,06/10/21,17:30,19.9,60,0.0,147
1,06/10/21,18:00,19.3,56,0.0,92
1,06/10/21,18:30,15.5,80,0.0,22
1,06/10/21,19:00,14.3,83,0.0,2
1,06/10/21,19:30,13.7,84,0.0,0
1,06/10/21,20:00,13.2,84,0.0,0
1,06/10/21,20:30,12.7,84,0.0,0
1,06/10/21,21:00,12.2,81,0.0,0
1,06/10/21,21:30,10.9,79,0.0,0
1,06/10/21,22:00,10.3,79,0.0,0
1,06/10/21,22:30,9.8,81,0.0,0
1,06/10/21,23:00,9.2,82,0.0,0
1,06/10/21,23:30,8.7,84,0.0,0
1,07/10/21,00:00,8.4,84,0.0,0
1,07/10/21,0:30,7.7,86,0.0,0
1,07/10/21,1:00,7.2,86,0.0,0
1,07/10/21,1:30,6.7,87,0.0,0
1,07/10/21,2:00,6.2,89,0.0,0
1,07/10/21,2:30,5.8,90,0.0,0
1,07/10/21,3:00,6.1,90,0.0,0
1,07/10/21,3:30,6.4,89,0.0,0
1,07/10/21,4:00,6.2,89,0.0,0
1,07/10/21,4:30,5.6,90,0.0,0
1,07/10/21,5:00,5.7,90,0.0,0
1,07/10/21,5:30,5.2,90,0.0,0
1,07/10/21,6:00,4.8,91,0.0,0
1,07/10/21,6:30,4.8,91,0.0,17
1,07/10/21,7:00,5.6,92,0.0,96
1,07/10/21,7:30,7.9,87,0.0,230
1,07/10/21,8:00,8.8,82,0.0,349
1,07/10/21,8:30,9.8,79,0.0,466
1,07/10/21,9:00,10.6,76,0.0,522
1,07/10/21,9:30,11.4,74,0.0,668
1,07/10/21,10:00,12.1,70,0.0,818
1,07/10/21,10:30,12.5,71,0.0,653
1,07/10/21,11:00,13.3,66,0.0,564
1,07/10/21,11:30,13.8,63,0.0,843
1,07/10/21,12:00,14.4,65,0.0,1090
1,07/10/21,12:30,14.5,61,0.0,925
1,07/10/21,13:00,15.0,65,0.0,513
1,07/10/21,13:30,15.2,62,0.0,843
1,07/10/21,14:00,15.3,59,0.0,738
1,07/10/21,14:30,16.1,62,0.0,903
1,07/10/21,15:00,16.7,56,0.0,791
1,07/10/21,15:30,16.2,53,0.0,690
1,07/10/21,16:00,16.3,56,0.0,570
1,07/10/21,16:30,16.3,53,0.0,449
1,07/10/21,17:00,16.3,54,0.0,355
1,07/10/21,17:30,15.8,55,0.0,218
1,07/10/21,18:00,15.2,58,0.0,99
1,07/10/21,18:30,14.0,62,0.0,25
1,07/10/21,19:00,13.1,66,0.0,2
1,07/10/21,19:30,12.2,72,0.0,0
1,07/10/21,20:00,11.6,77,0.0,0
1,07/10/21,20:30,11.1,79,0.0,0
1,07/10/21,21:00,10.6,81,0.0,0
1,07/10/21,21:30,10.2,84,0.0,0
1,07/10/21,22:00,9.9,86,0.0,0
1,07/10/21,22:30,9.6,87,0.0,0
1,07/10/21,23:00,9.3,88,0.0,0
1,07/10/21,23:30,9.2,89,0.0,0
1,08/10/21,00:00,9.2,90,0.0,0
1,08/10/21,0:30,8.8,91,0.0,0
1,08/10/21,1:00,8.8,91,0.0,0
1,08/10/21,1:30,8.6,92,0.0,0
1,08/10/21,2:00,8.4,92,0.0,0
1,08/10/21,2:30,8.6,93,0.0,0
1,08/10/21,3:00,8.5,93,0.0,0
1,08/10/21,3:30,8.6,93,0.0,0
1,08/10/21,4:00,8.5,93,0.0,0
1,08/10/21,4:30,8.3,92,0.0,0
1,08/10/21,5:00,8.2,93,0.0,0
1,08/10/21,5:30,8.2,93,0.0,0
1,08/10/21,6:00,8.1,93,0.0,0
1,08/10/21,6:30,8.1,93,0.0,18
1,08/10/21,7:00,9.3,91,0.0,97
1,08/10/21,7:30,10.5,87,0.0,222
1,08/10/21,8:00,11.4,85,0.0,333
1,08/10/21,8:30,12.2,82,0.0,457
1,08/10/21,9:00,12.9,76,0.0,568
1,08/10/21,9:30,13.7,76,0.0,664
1,08/10/21,10:00,14.2,72,0.0,759
1,08/10/21,10:30,14.6,73,0.0,644
1,08/10/21,11:00,14.7,74,0.0,697
1,08/10/21,11:30,15.6,71,0.0,846
1,08/10/21,12:00,16.2,68,0.0,733
1,08/10/21,12:30,16.6,67,0.0,709
1,08/10/21,13:00,17.2,64,0.0,783
1,08/10/21,13:30,17.6,63,0.0,666
1,08/10/21,14:00,17.0,65,0.0,541
1,08/10/21,14:30,17.0,63,0.0,283
1,08/10/21,15:00,16.9,64,0.0,297
1,08/10/21,15:30,17.2,64,0.0,378
1,08/10/21,16:00,16.9,63,0.0,387
1,08/10/21,16:30,16.7,66,0.0,214
1,08/10/21,17:00,16.3,69,0.0,182
1,08/10/21,17:30,16.0,71,0.0,147
1,08/10/21,18:00,15.3,74,0.0,76
1,08/10/21,18:30,14.6,76,0.0,22
1,08/10/21,19:00,14.1,79,0.0,0
1,08/10/21,19:30,13.8,80,0.0,0
1,08/10/21,20:00,13.7,81,0.0,0
1,08/10/21,20:30,13.6,83,0.0,0
1,08/10/21,21:00,13.4,83,0.0,0
1,08/10/21,21:30,13.2,84,0.0,0
1,08/10/21,22:00,13.2,84,0.0,0
1,08/10/21,22:30,13.2,85,0.0,0
1,08/10/21,23:00,12.9,86,0.0,0
1,08/10/21,23:30,12.8,86,0.0,0
1,09/10/21,00:00,12.7,87,0.0,0
1,09/10/21,0:30,12.6,87,0.0,0
1,09/10/21,1:00,12.9,86,0.0,0
1,09/10/21,1:30,12.7,87,0.0,0
1,09/10/21,2:00,12.6,88,0.0,0
1,09/10/21,2:30,12.5,89,0.0,0
1,09/10/21,3:00,12.9,89,0.0,0
1,09/10/21,3:30,13.2,88,0.0,0
1,09/10/21,4:00,13.3,89,0.0,0
1,09/10/21,4:30,13.1,90,0.0,0
1,09/10/21,5:00,12.9,91,0.0,0
1,09/10/21,5:30,13.1,90,0.0,0
1,09/10/21,6:00,13.1,90,0.0,0
1,09/10/21,6:30,13.2,91,0.0,12
1,09/10/21,7:00,13.3,93,0.0,45
1,09/10/21,7:30,13.4,94,0.0,88
1,09/10/21,8:00,14.0,93,0.0,159
1,09/10/21,8:30,14.3,92,0.0,190
1,09/10/21,9:00,14.7,92,0.0,258
1,09/10/21,9:30,15.2,91,0.0,340
1,09/10/21,10:00,15.6,90,0.0,379
1,09/10/21,10:30,16.4,88,0.0,468
1,09/10/21,11:00,16.9,84,0.0,423
1,09/10/21,11:30,18.2,82,0.0,772
1,09/10/21,12:00,18.5,81,0.0,763
1,09/10/21,12:30,18.4,80,0.0,673
1,09/10/21,13:00,18.8,76,0.0,567
1,09/10/21,13:30,18.4,79,0.0,469
1,09/10/21,14:00,18.6,77,0.0,479
1,09/10/21,14:30,19.3,78,0.0,696
1,09/10/21,15:00,18.8,80,0.0,809
1,09/10/21,15:30,17.8,82,0.0,442
1,09/10/21,16:00,17.4,83,0.0,509
1,09/10/21,16:30,16.7,85,0.0,248
1,09/10/21,17:00,15.9,88,0.0,169
1,09/10/21,17:30,16.0,87,0.0,100
1,09/10/21,18:00,15.2,90,0.0,47
1,09/10/21,18:30,14.7,92,0.0,18
1,09/10/21,19:00,14.6,93,0.0,0
1,09/10/21,19:30,14.6,94,0.0,0
1,09/10/21,20:00,14.4,94,0.0,0
1,09/10/21,20:30,14.5,93,0.0,0
1,09/10/21,21:00,14.6,92,0.0,0
1,09/10/21,21:30,14.7,92,0.0,0
1,09/10/21,22:00,14.6,92,0.0,0
1,09/10/21,22:30,14.6,92,0.0,0
1,09/10/21,23:00,14.5,93,0.0,0
1,09/10/21,23:30,14.6,93,0.0,0
1,10/10/21,00:00,14.5,94,0.0,0
1,10/10/21,0:30,14.5,94,0.0,0
1,10/10/21,1:00,14.5,94,0.0,0
1,10/10/21,1:30,14.4,94,0.0,0
1,10/10/21,2:00,14.4,95,0.0,0
1,10/10/21,2:30,14.4,94,0.0,0
1,10/10/21,3:00,14.3,95,0.0,0
1,10/10/21,3:30,14.4,95,0.0,0
1,10/10/21,4:00,14.4,96,0.0,0
1,10/10/21,4:30,14.6,95,0.0,0
1,10/10/21,5:00,14.7,95,0.0,0
1,10/10/21,5:30,14.6,96,0.0,0
1,10/10/21,6:00,14.7,96,0.0,0
1,10/10/21,6:30,14.9,95,0.0,9
1,10/10/21,7:00,15.2,94,0.0,44
1,10/10/21,7:30,15.6,93,0.0,131
1,10/10/21,8:00,15.8,92,0.0,165
1,10/10/21,8:30,16.6,90,0.0,233
1,10/10/21,9:00,17.3,87,0.0,243
1,10/10/21,9:30,17.9,85,0.0,478
1,10/10/21,10:00,18.3,85,0.0,496
1,10/10/21,10:30,19.1,83,0.0,732
1,10/10/21,11:00,19.2,82,0.0,728
1,10/10/21,11:30,19.4,81,0.0,550
1,10/10/21,12:00,19.8,80,0.0,445
1,10/10/21,12:30,20.4,80,0.0,517
1,10/10/21,13:00,20.0,80,0.0,436
1,10/10/21,13:30,19.9,80,0.0,325
1,10/10/21,14:00,19.9,81,0.0,273
1,10/10/21,14:30,19.6,81,0.0,209
1,10/10/21,15:00,18.4,87,0.0,202
1,10/10/21,15:30,18.7,84,0.0,275
1,10/10/21,16:00,18.8,84,0.0,244
1,10/10/21,16:30,18.9,82,0.0,198
1,10/10/21,17:00,18.7,84,0.0,146
1,10/10/21,17:30,18.5,84,0.0,107
1,10/10/21,18:00,18.2,84,0.0,34
1,10/10/21,18:30,17.9,85,0.0,8
1,10/10/21,19:00,17.4,87,0.0,0
1,10/10/21,19:30,17.3,87,0.0,0
1,10/10/21,20:00,17.1,87,0.0,0
1,10/10/21,20:30,16.9,86,0.0,0
1,10/10/21,21:00,16.8,86,0.0,0
1,10/10/21,21:30,16.7,86,0.0,0
1,10/10/21,22:00,16.6,86,0.0,0
1,10/10/21,22:30,16.2,86,0.0,0
1,10/10/21,23:00,16.2,86,0.0,0
1,10/10/21,23:30,16.1,87,0.0,0
1,11/10/21,00:00,16.2,87,0.0,0
1,11/10/21,0:30,16.2,87,0.0,0
1,11/10/21,1:00,16.2,87,0.0,0
1,11/10/21,1:30,16.2,87,0.0,0
1,11/10/21,2:00,16.2,88,0.0,0
1,11/10/21,2:30,16.0,89,0.0,0
1,11/10/21,3:00,15.2,94,6.2,0
1,11/10/21,3:30,15.1,95,4.8,0
1,11/10/21,4:00,15.1,95,2.8,0
1,11/10/21,4:30,15.1,96,3.6,0
1,11/10/21,5:00,15.1,96,1.4,0
1,11/10/21,5:30,15.5,94,0.4,0
1,11/10/21,6:00,15.5,94,0.0,0
1,11/10/21,6:30,15.4,94,0.0,10
1,11/10/21,7:00,15.3,95,0.0,13
1,11/10/21,7:30,15.6,94,0.0,74
1,11/10/21,8:00,15.8,93,0.0,137
1,11/10/21,8:30,16.3,92,0.0,210
1,11/10/21,9:00,16.3,92,0.0,156
1,11/10/21,9:30,16.6,91,0.0,145
1,11/10/21,10:00,16.9,90,0.0,260
1,11/10/21,10:30,16.9,91,0.0,199
1,11/10/21,11:00,16.7,91,0.0,119
1,11/10/21,11:30,16.7,92,0.0,77
1,11/10/21,12:00,16.4,94,1.2,80
1,11/10/21,12:30,16.2,95,3.4,60
1,11/10/21,13:00,16.6,95,0.8,228
1,11/10/21,13:30,16.8,89,0.2,266
1,11/10/21,14:00,16.9,92,0.4,187
1,11/10/21,14:30,16.9,93,0.2,210
1,11/10/21,15:00,16.9,93,0.2,223
1,11/10/21,15:30,17.1,89,0.0,197
1,11/10/21,16:00,17.8,93,0.0,352
1,11/10/21,16:30,18.1,90,0.0,407
1,11/10/21,17:00,18.1,88,0.0,324
1,11/10/21,17:30,17.8,90,0.0,119
1,11/10/21,18:00,18.0,90,0.0,114
1,11/10/21,18:30,17.3,91,0.0,37
1,11/10/21,19:00,16.7,94,0.0,2
1,11/10/21,19:30,16.3,94,0.0,0
1,11/10/21,20:00,16.2,95,0.0,0
1,11/10/21,20:30,16.0,95,0.0,0
1,11/10/21,21:00,15.8,96,0.0,0
1,11/10/21,21:30,15.7,97,0.0,0
1,11/10/21,22:00,15.8,97,0.0,0
1,11/10/21,22:30,15.8,97,0.0,0
1,11/10/21,23:00,15.8,97,0.0,0
1,11/10/21,23:30,15.8,98,0.0,0
1,12/10/21,00:00,15.9,98,0.0,0
1,12/10/21,0:30,15.9,98,0.0,0
1,12/10/21,1:00,15.9,98,0.0,0
1,12/10/21,1:30,15.9,98,0.0,0
1,12/10/21,2:00,15.8,98,0.0,0
1,12/10/21,2:30,15.9,98,0.0,0
1,12/10/21,3:00,15.9,98,0.0,0
1,12/10/21,3:30,16.0,98,0.0,0
1,12/10/21,4:00,15.9,98,0.0,0
1,12/10/21,4:30,15.8,98,0.0,0
1,12/10/21,5:00,15.8,98,0.0,0
1,12/10/21,5:30,15.8,98,0.0,0
1,12/10/21,6:00,15.6,98,0.0,0
1,12/10/21,6:30,15.5,98,0.0,13
1,12/10/21,7:00,15.8,98,0.0,82
1,12/10/21,7:30,16.1,98,0.0,89
1,12/10/21,8:00,16.2,99,0.0,113
1,12/10/21,8:30,16.6,99,0.0,187
1,12/10/21,9:00,17.2,99,0.0,305
1,12/10/21,9:30,17.4,96,0.0,302
1,12/10/21,10:00,18.4,91,0.0,345
1,12/10/21,10:30,19.4,83,0.0,398
1,12/10/21,11:00,20.8,77,0.0,906
1,12/10/21,11:30,21.2,79,0.0,938
1,12/10/21,12:00,21.7,79,0.0,915
1,12/10/21,12:30,22.2,74,0.0,1091
1,12/10/21,13:00,22.2,75,0.0,728
1,12/10/21,13:30,22.3,74,0.0,422
1,12/10/21,14:00,22.3,73,0.0,434
1,12/10/21,14:30,23.0,71,0.0,670
1,12/10/21,15:00,23.4,69,0.0,699
1,12/10/21,15:30,22.8,71,0.0,439
1,12/10/21,16:00,23.4,66,0.0,591
1,12/10/21,16:30,22.4,70,0.0,231
1,12/10/21,17:00,22.2,70,0.0,108
1,12/10/21,17:30,22.8,67,0.0,164
1,12/10/21,18:00,22.6,70,0.0,110
1,12/10/21,18:30,21.2,81,0.0,22
1,12/10/21,19:00,20.1,85,0.0,2
1,12/10/21,19:30,19.2,88,0.0,0
1,12/10/21,20:00,19.3,88,0.0,0
1,12/10/21,20:30,19.3,88,0.0,0
1,12/10/21,21:00,19.1,88,0.0,0
1,12/10/21,21:30,18.4,90,0.0,0
1,12/10/21,22:00,18.4,90,0.0,0
1,12/10/21,22:30,18.2,91,0.0,0
1,12/10/21,23:00,18.1,91,0.0,0
1,12/10/21,23:30,18.1,90,0.0,0
1,13/10/21,00:00,17.9,90,0.0,0
1,13/10/21,0:30,17.7,91,0.0,0
1,13/10/21,1:00,17.3,91,0.0,0
1,13/10/21,1:30,16.8,92,0.0,0
1,13/10/21,2:00,16.7,94,0.0,0
1,13/10/21,2:30,16.7,94,0.0,0
1,13/10/21,3:00,16.6,94,0.0,0
1,13/10/21,3:30,16.7,94,0.0,0
1,13/10/21,4:00,16.8,94,0.0,0
1,13/10/21,4:30,16.5,93,0.0,0
1,13/10/21,5:00,16.9,93,0.0,0
1,13/10/21,5:30,16.4,93,0.0,0
1,13/10/21,6:00,17.2,93,0.0,0
1,13/10/21,6:30,17.2,91,0.0,27
1,13/10/21,7:00,17.6,91,0.0,84
1,13/10/21,7:30,18.3,90,0.0,201
1,13/10/21,8:00,18.6,90,0.0,237
1,13/10/21,8:30,19.4,88,0.0,346
1,13/10/21,9:00,20.9,80,0.0,514
1,13/10/21,9:30,21.9,74,0.0,682
1,13/10/21,10:00,22.7,76,0.0,733
1,13/10/21,10:30,22.9,74,0.0,740
1,13/10/21,11:00,23.3,75,0.0,747
1,13/10/21,11:30,23.7,73,0.0,684
1,13/10/21,12:00,24.2,71,0.0,830
1,13/10/21,12:30,24.5,67,0.0,746
1,13/10/21,13:00,24.6,69,0.0,769
1,13/10/21,13:30,24.7,71,0.0,734
1,13/10/21,14:00,24.8,67,0.0,674
1,13/10/21,14:30,24.7,69,0.0,459
1,13/10/21,15:00,24.8,71,0.0,410
1,13/10/21,15:30,24.7,72,0.0,288
1,13/10/21,16:00,24.7,71,0.0,235
1,13/10/21,16:30,24.7,73,0.0,185
1,13/10/21,17:00,24.5,74,0.0,146
1,13/10/21,17:30,24.1,78,0.0,107
1,13/10/21,18:00,23.7,77,0.0,65
1,13/10/21,18:30,23.3,77,0.0,17
1,13/10/21,19:00,22.9,80,0.0,0
1,13/10/21,19:30,22.6,82,0.0,0
1,13/10/21,20:00,22.6,82,0.0,0
1,13/10/21,20:30,22.0,85,0.0,0
1,13/10/21,21:00,19.6,91,4.8,0
1,13/10/21,21:30,18.1,96,18.2,0
1,13/10/21,22:00,17.8,96,6.6,0
1,13/10/21,22:30,17.8,97,3.0,0
1,13/10/21,23:00,18.4,95,1.2,0
1,13/10/21,23:30,18.8,94,0.0,0
1,14/10/21,00:00,18.6,94,0.0,0
1,14/10/21,0:30,18.4,96,0.0,0
1,14/10/21,1:00,18.1,96,0.0,0
1,14/10/21,1:30,17.5,96,0.0,0
1,14/10/21,2:00,17.7,97,0.0,0
1,14/10/21,2:30,17.8,97,1.8,0
1,14/10/21,3:00,17.7,97,0.2,0
1,14/10/21,3:30,17.5,97,0.0,0
1,14/10/21,4:00,17.4,98,0.0,0
1,14/10/21,4:30,17.4,98,0.0,0
1,14/10/21,5:00,17.4,98,0.0,0
1,14/10/21,5:30,17.4,98,0.0,0
1,14/10/21,6:00,17.3,98,0.4,0
1,14/10/21,6:30,17.4,98,0.0,12
1,14/10/21,7:00,17.4,98,0.0,42
1,14/10/21,7:30,17.6,98,0.0,101
1,14/10/21,8:00,17.9,98,0.0,205
1,14/10/21,8:30,18.7,98,0.0,349
1,14/10/21,9:00,19.6,96,0.0,611
1,14/10/21,9:30,20.8,87,0.0,620
1,14/10/21,10:00,21.7,84,0.0,611
1,14/10/21,10:30,22.2,79,0.0,857
1,14/10/21,11:00,22.8,76,0.0,913
1,14/10/21,11:30,23.3,75,0.0,997
1,14/10/21,12:00,23.0,74,0.0,422
1,14/10/21,12:30,23.4,73,0.0,569
1,14/10/21,13:00,23.8,71,0.0,853
1,14/10/21,13:30,24.8,70,0.0,759
1,14/10/21,14:00,24.8,69,0.0,855
1,14/10/21,14:30,25.2,72,0.0,610
1,14/10/21,15:00,25.6,70,0.0,756
1,14/10/21,15:30,25.0,71,0.0,569
1,14/10/21,16:00,25.7,65,0.0,626
1,14/10/21,16:30,25.7,65,0.0,469
1,14/10/21,17:00,25.1,67,0.0,362
1,14/10/21,17:30,24.9,70,0.0,165
1,14/10/21,18:00,24.2,71,0.0,142
1,14/10/21,18:30,23.3,73,0.0,29
1,14/10/21,19:00,21.6,78,0.0,3
1,14/10/21,19:30,21.2,78,0.0,0
1,14/10/21,20:00,21.2,78,0.0,0
1,14/10/21,20:30,21.1,79,0.0,0
1,14/10/21,21:00,21.1,79,0.0,0
1,14/10/21,21:30,19.9,85,0.0,0
1,14/10/21,22:00,19.8,85,0.0,0
1,14/10/21,22:30,19.8,85,0.0,0
1,14/10/21,23:00,20.3,81,0.0,0
1,14/10/21,23:30,19.2,87,0.0,0
1,15/10/21,00:00,18.4,93,0.0,0
1,15/10/21,0:30,18.4,96,0.0,0
1,15/10/21,1:00,18.3,97,0.0,0
1,15/10/21,1:30,18.2,97,0.0,0
1,15/10/21,2:00,18.0,97,0.0,0
1,15/10/21,2:30,17.5,97,0.0,0
1,15/10/21,3:00,17.3,97,0.0,0
1,15/10/21,3:30,16.8,98,0.0,0
1,15/10/21,4:00,16.7,98,0.0,0
1,15/10/21,4:30,16.3,97,0.0,0
1,15/10/21,5:00,16.5,95,0.0,0
1,15/10/21,5:30,16.4,93,0.0,0
1,15/10/21,6:00,16.1,92,0.0,0
1,15/10/21,6:30,15.8,90,0.0,12
1,15/10/21,7:00,15.6,90,0.0,21
1,15/10/21,7:30,15.2,91,0.0,48
1,15/10/21,8:00,15.0,90,0.0,76
1,15/10/21,8:30,14.8,90,0.0,104
1,15/10/21,9:00,14.8,91,0.0,58
1,15/10/21,9:30,14.3,93,1.4,34
1,15/10/21,10:00,14.3,94,2.0,91
1,15/10/21,10:30,14.1,94,0.4,79
1,15/10/21,11:00,13.8,94,0.4,76
1,15/10/21,11:30,13.4,94,1.0,52
1,15/10/21,12:00,13.5,95,1.6,123
1,15/10/21,12:30,13.3,94,1.2,156
1,15/10/21,13:00,12.9,94,0.8,90
1,15/10/21,13:30,13.2,94,0.4,121
1,15/10/21,14:00,12.9,92,0.0,200
1,15/10/21,14:30,12.9,93,0.0,229
1,15/10/21,15:00,13.1,92,0.0,153
1,15/10/21,15:30,13.1,92,0.0,179
1,15/10/21,16:00,12.8,91,0.0,141
1,15/10/21,16:30,12.3,91,0.4,58
1,15/10/21,17:00,12.2,93,0.8,26
1,15/10/21,17:30,11.9,94,1.0,58
1,15/10/21,18:00,11.8,93,0.0,44
1,15/10/21,18:30,10.5,91,0.0,11
1,15/10/21,19:00,10.4,92,0.2,0
1,15/10/21,19:30,10.3,94,1.2,0
1,15/10/21,20:00,10.0,93,0.4,0
1,15/10/21,20:30,9.9,93,0.0,0
1,15/10/21,21:00,9.9,93,0.0,0
1,15/10/21,21:30,10.2,93,0.0,0
1,15/10/21,22:00,10.4,93,0.0,0
1,15/10/21,22:30,10.6,93,0.0,0
1,15/10/21,23:00,10.7,93,0.0,0
1,15/10/21,23:30,10.7,93,0.0,0
1,16/10/21,00:00,10.6,94,0.0,0
1,16/10/21,0:30,10.6,93,0.0,0
1,16/10/21,1:00,10.6,93,0.0,0
1,16/10/21,1:30,10.3,95,0.0,0
1,16/10/21,2:00,10.3,95,0.0,0
1,16/10/21,2:30,10.3,95,0.0,0
1,16/10/21,3:00,10.3,94,0.0,0
1,16/10/21,3:30,10.2,93,0.0,0
1,16/10/21,4:00,9.9,93,0.0,0
1,16/10/21,4:30,9.9,93,0.0,0
1,16/10/21,5:00,9.8,92,0.0,0
1,16/10/21,5:30,9.7,92,0.0,0
1,16/10/21,6:00,9.7,91,0.0,0
1,16/10/21,6:30,9.8,90,0.0,16
1,16/10/21,7:00,10.1,90,0.0,71
1,16/10/21,7:30,10.6,88,0.0,149
1,16/10/21,8:00,11.6,85,0.0,281
1,16/10/21,8:30,12.1,80,0.0,495
1,16/10/21,9:00,13.0,81,0.0,562
1,16/10/21,9:30,13.1,79,0.0,474
1,16/10/21,10:00,13.9,79,0.0,540
1,16/10/21,10:30,14.3,78,0.0,681
1,16/10/21,11:00,14.8,77,0.0,951
1,16/10/21,11:30,15.5,75,0.0,805
1,16/10/21,12:00,15.1,74,0.0,421
1,16/10/21,12:30,15.8,66,0.0,838
1,16/10/21,13:00,16.7,65,0.0,1033
1,16/10/21,13:30,17.3,63,0.0,1009
1,16/10/21,14:00,16.8,64,0.0,818
1,16/10/21,14:30,17.3,59,0.0,954
1,16/10/21,15:00,17.7,62,0.0,755
1,16/10/21,15:30,16.8,61,0.0,637
1,16/10/21,16:00,17.0,61,0.0,325
1,16/10/21,16:30,16.6,63,0.0,285
1,16/10/21,17:00,16.0,63,0.0,152
1,16/10/21,17:30,15.9,62,0.0,215
1,16/10/21,18:00,14.8,69,0.0,58
1,16/10/21,18:30,14.1,69,0.0,30
1,16/10/21,19:00,12.8,76,0.0,5
1,16/10/21,19:30,12.4,76,0.0,0
1,16/10/21,20:00,11.8,77,0.0,0
1,16/10/21,20:30,11.4,76,0.0,0
1,16/10/21,21:00,10.9,78,0.0,0
1,16/10/21,21:30,10.5,80,0.0,0
1,16/10/21,22:00,10.3,80,0.0,0
1,16/10/21,22:30,10.2,80,0.0,0
1,16/10/21,23:00,9.7,82,0.0,0
1,16/10/21,23:30,9.7,82,0.0,0
1,17/10/21,00:00,9.4,83,0.0,0
1,17/10/21,0:30,9.5,82,0.0,0
1,17/10/21,1:00,9.4,81,0.0,0
1,17/10/21,1:30,9.3,81,0.0,0
1,17/10/21,2:00,9.1,80,0.0,0
1,17/10/21,2:30,8.8,81,0.0,0
1,17/10/21,3:00,8.8,80,0.0,0
1,17/10/21,3:30,8.6,78,0.0,0
1,17/10/21,4:00,8.8,78,0.0,0
1,17/10/21,4:30,8.4,81,0.0,0
1,17/10/21,5:00,8.2,83,0.0,0
1,17/10/21,5:30,8.1,84,0.0,0
1,17/10/21,6:00,8.1,83,0.0,2
1,17/10/21,6:30,8.9,83,0.0,35
1,17/10/21,7:00,10.1,81,0.0,138
1,17/10/21,7:30,11.2,77,0.0,274
1,17/10/21,8:00,12.1,74,0.0,401
1,17/10/21,8:30,12.8,71,0.0,520
1,17/10/21,9:00,13.3,71,0.0,630
1,17/10/21,9:30,13.8,66,0.0,729
1,17/10/21,10:00,14.4,64,0.0,817
1,17/10/21,10:30,14.6,61,0.0,892
1,17/10/21,11:00,15.5,61,0.0,950
1,17/10/21,11:30,15.8,60,0.0,993
1,17/10/21,12:00,16.1,60,0.0,1019
1,17/10/21,12:30,16.7,56,0.0,1024
1,17/10/21,13:00,17.3,58,0.0,1014
1,17/10/21,13:30,17.8,53,0.0,986
1,17/10/21,14:00,18.2,55,0.0,941
1,17/10/21,14:30,18.7,53,0.0,877
1,17/10/21,15:00,19.2,51,0.0,798
1,17/10/21,15:30,19.3,50,0.0,707
1,17/10/21,16:00,19.4,57,0.0,603
1,17/10/21,16:30,19.4,52,0.0,490
1,17/10/21,17:00,19.3,52,0.0,375
1,17/10/21,17:30,19.1,54,0.0,253
1,17/10/21,18:00,18.2,57,0.0,125
1,17/10/21,18:30,16.9,60,0.0,32
1,17/10/21,19:00,15.5,67,0.0,5
1,17/10/21,19:30,14.6,71,0.0,0
1,17/10/21,20:00,13.7,74,0.0,0
1,17/10/21,20:30,13.1,77,0.0,0
1,17/10/21,21:00,12.8,79,0.0,0
1,17/10/21,21:30,12.4,82,0.0,0
1,17/10/21,22:00,12.1,85,0.0,0
1,17/10/21,22:30,11.9,86,0.0,0
1,17/10/21,23:00,11.7,88,0.0,0
1,17/10/21,23:30,11.6,89,0.0,0
1,18/10/21,00:00,11.6,90,0.0,0
1,18/10/21,0:30,11.0,91,0.0,0
1,18/10/21,1:00,11.1,91,0.0,0
1,18/10/21,1:30,11.1,91,0.0,0
1,18/10/21,2:00,11.0,92,0.0,0
1,18/10/21,2:30,11.1,92,0.0,0
1,18/10/21,3:00,11.3,92,0.0,0
1,18/10/21,3:30,11.1,92,0.0,0
1,18/10/21,4:00,10.9,92,0.0,0
1,18/10/21,4:30,10.8,93,0.0,0
1,18/10/21,5:00,9.6,92,0.0,0
1,18/10/21,5:30,9.1,94,0.0,0
1,18/10/21,6:00,9.6,95,0.0,3
1,18/10/21,6:30,11.2,94,0.0,35
1,18/10/21,7:00,12.6,91,0.0,136
1,18/10/21,7:30,14.3,88,0.0,270
1,18/10/21,8:00,15.1,83,0.0,391
1,18/10/21,8:30,15.8,75,0.0,510
1,18/10/21,9:00,16.8,74,0.0,621
1,18/10/21,9:30,17.6,66,0.0,717
1,18/10/21,10:00,17.6,67,0.0,803
1,18/10/21,10:30,18.1,64,0.0,896
1,18/10/21,11:00,18.7,62,0.0,932
1,18/10/21,11:30,19.0,64,0.0,970
1,18/10/21,12:00,19.2,61,0.0,993
1,18/10/21,12:30,19.8,60,0.0,998
1,18/10/21,13:00,20.4,57,0.0,989
1,18/10/21,13:30,20.6,46,0.0,962
1,18/10/21,14:00,21.4,48,0.0,917
1,18/10/21,14:30,21.4,42,0.0,857
1,18/10/21,15:00,21.4,41,0.0,782
1,18/10/21,15:30,21.5,42,0.0,695
1,18/10/21,16:00,21.9,51,0.0,575
1,18/10/21,16:30,21.6,47,0.0,496
1,18/10/21,17:00,21.1,49,0.0,359
1,18/10/21,17:30,20.8,53,0.0,254
1,18/10/21,18:00,19.9,58,0.0,125
1,18/10/21,18:30,18.4,64,0.0,34
1,18/10/21,19:00,17.1,69,0.0,5
1,18/10/21,19:30,16.2,72,0.0,0
1,18/10/21,20:00,15.7,72,0.0,0
1,18/10/21,20:30,15.1,77,0.0,0
1,18/10/21,21:00,14.8,82,0.0,0
1,18/10/21,21:30,14.2,86,0.0,0
1,18/10/21,22:00,13.7,89,0.0,0
1,18/10/21,22:30,13.3,90,0.0,0
1,18/10/21,23:00,13.5,90,0.0,0
1,18/10/21,23:30,13.1,91,0.0,0
1,19/10/21,00:00,12.6,91,0.0,0
1,19/10/21,0:30,12.4,92,0.0,0
1,19/10/21,1:00,12.2,91,0.0,0
1,19/10/21,1:30,12.0,92,0.0,0
1,19/10/21,2:00,12.1,93,0.0,0
1,19/10/21,2:30,11.9,93,0.0,0
1,19/10/21,3:00,11.8,93,0.0,0
1,19/10/21,3:30,11.6,94,0.0,0
1,19/10/21,4:00,11.5,94,0.0,0
1,19/10/21,4:30,11.7,95,0.0,0
1,19/10/21,5:00,11.8,95,0.0,0
1,19/10/21,5:30,11.8,95,0.0,0
1,19/10/21,6:00,11.7,95,0.0,2
1,19/10/21,6:30,12.1,95,0.0,55
1,19/10/21,7:00,12.7,94,0.0,108
1,19/10/21,7:30,13.8,92,0.0,355
1,19/10/21,8:00,14.2,90,0.0,279
1,19/10/21,8:30,15.4,86,0.0,503
1,19/10/21,9:00,16.5,79,0.0,612
1,19/10/21,9:30,17.2,73,0.0,710
1,19/10/21,10:00,18.1,70,0.0,797
1,19/10/21,10:30,18.8,67,0.0,870
1,19/10/21,11:00,19.8,64,0.0,935
1,19/10/21,11:30,19.7,65,0.0,691
1,19/10/21,12:00,20.4,56,0.0,925
1,19/10/21,12:30,20.4,55,0.0,344
1,19/10/21,13:00,21.2,55,0.0,545
1,19/10/21,13:30,21.2,53,0.0,962
1,19/10/21,14:00,21.8,51,0.0,912
1,19/10/21,14:30,20.8,57,0.0,256
1,19/10/21,15:00,21.2,53,0.0,519
1,19/10/21,15:30,21.9,52,0.0,579
1,19/10/21,16:00,22.0,50,0.0,661
1,19/10/21,16:30,20.7,58,0.0,237
1,19/10/21,17:00,21.0,59,0.0,473
1,19/10/21,17:30,20.8,58,0.0,268
1,19/10/21,18:00,20.3,60,0.0,131
1,19/10/21,18:30,18.2,67,0.0,36
1,19/10/21,19:00,17.1,70,0.0,5
1,19/10/21,19:30,16.3,73,0.0,0
1,19/10/21,20:00,15.6,77,0.0,0
1,19/10/21,20:30,15.0,80,0.0,0
1,19/10/21,21:00,14.6,83,0.0,0
1,19/10/21,21:30,14.1,84,0.0,0
1,19/10/21,22:00,13.8,86,0.0,0
1,19/10/21,22:30,13.6,86,0.0,0
1,19/10/21,23:00,13.2,86,0.0,0
1,19/10/21,23:30,12.8,87,0.0,0
1,20/10/21,00:00,12.7,88,0.0,0
1,20/10/21,0:30,12.4,89,0.0,0
1,20/10/21,1:00,12.2,89,0.0,0
1,20/10/21,1:30,12.2,89,0.0,0
1,20/10/21,2:00,11.8,89,0.0,0
1,20/10/21,2:30,11.5,89,0.0,0
1,20/10/21,3:00,11.4,89,0.0,0
1,20/10/21,3:30,11.3,90,0.0,0
1,20/10/21,4:00,11.5,90,0.0,0
1,20/10/21,4:30,11.2,91,0.0,0
1,20/10/21,5:00,11.1,92,0.0,0
1,20/10/21,5:30,10.9,93,0.0,0
1,20/10/21,6:00,11.0,93,0.0,5
1,20/10/21,6:30,11.5,92,0.0,49
1,20/10/21,7:00,12.6,91,0.0,96
1,20/10/21,7:30,12.8,90,0.0,106
1,20/10/21,8:00,14.1,85,0.0,305
1,20/10/21,8:30,15.3,80,0.0,506
1,20/10/21,9:00,16.2,76,0.0,614
1,20/10/21,9:30,17.4,70,0.0,714
1,20/10/21,10:00,18.1,64,0.0,803
1,20/10/21,10:30,18.8,61,0.0,875
1,20/10/21,11:00,18.9,61,0.0,957
1,20/10/21,11:30,19.4,57,0.0,1077
1,20/10/21,12:00,19.5,57,0.0,678
1,20/10/21,12:30,19.2,58,0.0,419
1,20/10/21,13:00,19.4,56,0.0,616
1,20/10/21,13:30,20.0,57,0.0,781
1,20/10/21,14:00,20.3,53,0.0,579
1,20/10/21,14:30,19.7,56,0.0,307
1,20/10/21,15:00,20.6,52,0.0,470
1,20/10/21,15:30,20.8,52,0.0,653
1,20/10/21,16:00,21.0,49,0.0,682
1,20/10/21,16:30,20.2,53,0.0,469
1,20/10/21,17:00,20.6,53,0.0,386
1,20/10/21,17:30,18.7,63,0.0,159
1,20/10/21,18:00,18.3,65,0.0,102
1,20/10/21,18:30,17.1,68,0.0,38
1,20/10/21,19:00,15.9,71,0.0,6
1,20/10/21,19:30,15.1,73,0.0,0
1,20/10/21,20:00,14.4,75,0.0,0
1,20/10/21,20:30,13.9,77,0.0,0
1,20/10/21,21:00,13.6,79,0.0,0
1,20/10/21,21:30,13.2,81,0.0,0
1,20/10/21,22:00,13.0,83,0.0,0
1,20/10/21,22:30,12.9,85,0.0,0
1,20/10/21,23:00,12.8,86,0.0,0
1,20/10/21,23:30,12.8,86,0.0,0
1,21/10/21,00:00,12.4,88,0.0,0
1,21/10/21,0:30,12.2,89,0.0,0
1,21/10/21,1:00,12.1,89,0.0,0
1,21/10/21,1:30,12.1,90,0.0,0
1,21/10/21,2:00,12.0,90,0.0,0
1,21/10/21,2:30,11.6,91,0.0,0
1,21/10/21,3:00,11.6,92,0.0,0
1,21/10/21,3:30,11.6,92,0.0,0
1,21/10/21,4:00,11.6,91,0.0,0
1,21/10/21,4:30,11.6,91,0.0,0
1,21/10/21,5:00,11.6,92,0.0,0
1,21/10/21,5:30,11.7,92,0.0,0
1,21/10/21,6:00,11.8,92,0.0,3
1,21/10/21,6:30,12.2,92,0.0,45
1,21/10/21,7:00,13.1,90,0.0,155
1,21/10/21,7:30,14.3,87,0.0,285
1,21/10/21,8:00,15.0,85,0.0,403
1,21/10/21,8:30,16.0,83,0.0,517
1,21/10/21,9:00,16.7,75,0.0,629
1,21/10/21,9:30,17.6,67,0.0,757
1,21/10/21,10:00,17.6,64,0.0,715
1,21/10/21,10:30,18.2,60,0.0,853
1,21/10/21,11:00,19.0,56,0.0,952
1,21/10/21,11:30,19.2,56,0.0,994
1,21/10/21,12:00,19.5,61,0.0,1004
1,21/10/21,12:30,19.6,59,0.0,971
1,21/10/21,13:00,20.4,59,0.0,999
1,21/10/21,13:30,20.7,56,0.0,980
1,21/10/21,14:00,20.8,54,0.0,920
1,21/10/21,14:30,20.7,54,0.0,791
1,21/10/21,15:00,21.4,51,0.0,798
1,21/10/21,15:30,20.8,53,0.0,564
1,21/10/21,16:00,20.5,53,0.0,466
1,21/10/21,16:30,21.4,52,0.0,521
1,21/10/21,17:00,21.3,52,0.0,222
1,21/10/21,17:30,21.0,52,0.0,274
1,21/10/21,18:00,20.4,54,0.0,136
1,21/10/21,18:30,18.8,67,0.0,34
1,21/10/21,19:00,17.6,72,0.0,6
1,21/10/21,19:30,16.7,78,0.0,0
1,21/10/21,20:00,16.1,82,0.0,0
1,21/10/21,20:30,15.6,85,0.0,0
1,21/10/21,21:00,15.1,88,0.0,0
1,21/10/21,21:30,14.7,90,0.0,0
1,21/10/21,22:00,14.4,91,0.0,0
1,21/10/21,22:30,14.2,91,0.0,0
1,21/10/21,23:00,13.7,92,0.0,0
1,21/10/21,23:30,13.4,92,0.0,0
1,22/10/21,00:00,13.3,93,0.0,0
1,22/10/21,0:30,13.1,94,0.0,0
1,22/10/21,1:00,12.9,95,0.0,0
1,22/10/21,1:30,12.9,95,0.0,0
1,22/10/21,2:00,12.6,94,0.0,0
1,22/10/21,2:30,12.5,94,0.0,0
1,22/10/21,3:00,12.3,94,0.0,0
1,22/10/21,3:30,11.9,95,0.0,0
1,22/10/21,4:00,11.6,96,0.0,0
1,22/10/21,4:30,11.2,96,0.0,0
1,22/10/21,5:00,10.8,96,0.0,0
1,22/10/21,5:30,10.9,96,0.0,0
1,22/10/21,6:00,11.9,92,0.0,3
1,22/10/21,6:30,11.5,92,0.0,49
1,22/10/21,7:00,13.3,88,0.0,164
1,22/10/21,7:30,15.4,78,0.0,303
1,22/10/21,8:00,16.3,76,0.0,426
1,22/10/21,8:30,17.9,57,0.0,543
1,22/10/21,9:00,19.1,50,0.0,653
1,22/10/21,9:30,19.9,45,0.0,751
1,22/10/21,10:00,20.3,45,0.0,839
1,22/10/21,10:30,20.8,45,0.0,909
1,22/10/21,11:00,21.4,43,0.0,964
1,22/10/21,11:30,21.3,41,0.0,1006
1,22/10/21,12:00,21.8,41,0.0,1028
1,22/10/21,12:30,21.8,38,0.0,1031
1,22/10/21,13:00,22.2,38,0.0,1023
1,22/10/21,13:30,23.1,41,0.0,994
1,22/10/21,14:00,22.8,46,0.0,947
1,22/10/21,14:30,23.1,42,0.0,884
1,22/10/21,15:00,23.2,45,0.0,806
1,22/10/21,15:30,23.3,43,0.0,717
1,22/10/21,16:00,23.4,35,0.0,618
1,22/10/21,16:30,23.4,33,0.0,508
1,22/10/21,17:00,23.4,35,0.0,389
1,22/10/21,17:30,23.1,38,0.0,270
1,22/10/21,18:00,22.4,40,0.0,140
1,22/10/21,18:30,21.3,44,0.0,39
1,22/10/21,19:00,19.7,50,0.0,6
1,22/10/21,19:30,18.0,60,0.0,0
1,22/10/21,20:00,17.3,70,0.0,0
1,22/10/21,20:30,16.9,75,0.0,0
1,22/10/21,21:00,16.1,79,0.0,0
1,22/10/21,21:30,15.6,80,0.0,0
1,22/10/21,22:00,14.9,83,0.0,0
1,22/10/21,22:30,14.6,85,0.0,0
1,22/10/21,23:00,14.4,89,0.0,0
1,22/10/21,23:30,14.2,90,0.0,0
1,23/10/21,00:00,13.9,91,0.0,0
1,23/10/21,0:30,13.6,92,0.0,0
1,23/10/21,1:00,13.6,93,0.0,0
1,23/10/21,1:30,13.7,94,0.0,0
1,23/10/21,2:00,13.8,94,0.0,0
1,23/10/21,2:30,13.8,94,0.0,0
1,23/10/21,3:00,13.9,94,0.0,0
1,23/10/21,3:30,13.9,93,0.0,0
1,23/10/21,4:00,14.3,91,0.0,0
1,23/10/21,4:30,14.8,88,0.0,0
1,23/10/21,5:00,15.1,87,0.0,0
1,23/10/21,5:30,14.8,87,0.0,0
1,23/10/21,6:00,14.6,88,0.0,0
1,23/10/21,6:30,15.1,86,0.0,24
1,23/10/21,7:00,15.4,84,0.0,90
1,23/10/21,7:30,16.3,81,0.0,167
1,23/10/21,8:00,16.9,78,0.0,172
1,23/10/21,8:30,16.6,82,0.0,197
1,23/10/21,9:00,17.6,77,0.0,240
1,23/10/21,9:30,18.5,75,0.0,300
1,23/10/21,10:00,18.9,75,0.0,251
1,23/10/21,10:30,19.5,75,0.0,235
1,23/10/21,11:00,17.8,84,0.0,82
1,23/10/21,11:30,15.6,92,2.6,63
1,23/10/21,12:00,15.3,95,3.6,77
1,23/10/21,12:30,15.4,94,2.2,63
1,23/10/21,13:00,15.4,94,3.8,45
1,23/10/21,13:30,14.8,93,2.8,64
1,23/10/21,14:00,14.9,93,1.8,98
1,23/10/21,14:30,14.9,94,1.4,109
1,23/10/21,15:00,14.4,93,0.8,45
1,23/10/21,15:30,13.9,95,1.0,44
1,23/10/21,16:00,13.8,96,1.4,37
1,23/10/21,16:30,13.8,94,1.8,36
1,23/10/21,17:00,13.9,94,0.2,43
1,23/10/21,17:30,14.2,93,0.0,92
1,23/10/21,18:00,15.2,90,0.0,134
1,23/10/21,18:30,14.3,93,0.0,46
1,23/10/21,19:00,14.3,95,0.0,2
1,23/10/21,19:30,14.3,96,0.0,0
1,23/10/21,20:00,14.3,96,0.0,0
1,23/10/21,20:30,14.2,96,0.0,0
1,23/10/21,21:00,14.2,96,0.0,0
1,23/10/21,21:30,14.2,96,0.0,0
1,23/10/21,22:00,14.2,97,0.0,0
1,23/10/21,22:30,14.2,97,0.0,0
1,23/10/21,23:00,14.0,97,0.0,0
1,23/10/21,23:30,13.9,97,0.0,0
1,24/10/21,00:00,13.6,97,0.0,0
1,24/10/21,0:30,13.6,97,0.0,0
1,24/10/21,1:00,13.4,97,0.0,0
1,24/10/21,1:30,13.2,97,0.0,0
1,24/10/21,2:00,12.5,97,0.0,0
1,24/10/21,2:30,12.4,97,0.0,0
1,24/10/21,3:00,12.4,97,0.0,0
1,24/10/21,3:30,12.1,97,0.0,0
1,24/10/21,4:00,11.9,97,0.0,0
1,24/10/21,4:30,11.6,97,0.0,0
1,24/10/21,5:00,11.4,97,0.0,0
1,24/10/21,5:30,11.2,97,0.0,0
1,24/10/21,6:00,10.9,98,0.0,3
1,24/10/21,6:30,10.7,97,0.0,25
1,24/10/21,7:00,11.0,98,0.0,73
1,24/10/21,7:30,11.3,98,0.0,125
1,24/10/21,8:00,12.1,96,0.0,385
1,24/10/21,8:30,13.1,86,0.0,555
1,24/10/21,9:00,14.3,73,0.0,666
1,24/10/21,9:30,14.8,66,0.0,768
1,24/10/21,10:00,15.4,60,0.0,857
1,24/10/21,10:30,16.3,64,0.0,930
1,24/10/21,11:00,16.6,63,0.0,984
1,24/10/21,11:30,17.1,62,0.0,1023
1,24/10/21,12:00,17.4,57,0.0,1043
1,24/10/21,12:30,18.5,55,0.0,1044
1,24/10/21,13:00,18.8,49,0.0,1033
1,24/10/21,13:30,19.3,45,0.0,1005
1,24/10/21,14:00,19.7,45,0.0,959
1,24/10/21,14:30,19.9,46,0.0,896
1,24/10/21,15:00,20.6,48,0.0,818
1,24/10/21,15:30,20.5,45,0.0,726
1,24/10/21,16:00,20.6,40,0.0,625
1,24/10/21,16:30,20.9,41,0.0,512
1,24/10/21,17:00,20.5,42,0.0,395
1,24/10/21,17:30,20.2,40,0.0,276
1,24/10/21,18:00,19.7,45,0.0,147
1,24/10/21,18:30,18.5,53,0.0,43
1,24/10/21,19:00,17.2,51,0.0,7
1,24/10/21,19:30,16.6,55,0.0,0
1,24/10/21,20:00,16.5,51,0.0,0
1,24/10/21,20:30,15.5,57,0.0,0
1,24/10/21,21:00,15.2,56,0.0,0
1,24/10/21,21:30,15.3,54,0.0,0
1,24/10/21,22:00,15.4,51,0.0,0
1,24/10/21,22:30,14.6,55,0.0,0
1,24/10/21,23:00,14.2,57,0.0,0
1,24/10/21,23:30,13.9,59,0.0,0
1,25/10/21,00:00,13.6,61,0.0,0
1,25/10/21,0:30,13.8,59,0.0,0
1,25/10/21,1:00,14.0,57,0.0,0
1,25/10/21,1:30,13.9,56,0.0,0
1,25/10/21,2:00,14.2,53,0.0,0
1,25/10/21,2:30,13.9,56,0.0,0
1,25/10/21,3:00,12.3,64,0.0,0
1,25/10/21,3:30,12.5,64,0.0,0
1,25/10/21,4:00,13.6,60,0.0,0
1,25/10/21,4:30,11.6,68,0.0,0
1,25/10/21,5:00,12.3,66,0.0,0
1,25/10/21,5:30,12.1,68,0.0,0
1,25/10/21,6:00,12.1,68,0.0,5
1,25/10/21,6:30,13.5,64,0.0,57
1,25/10/21,7:00,14.3,63,0.0,175
1,25/10/21,7:30,15.2,64,0.0,305
1,25/10/21,8:00,14.8,70,0.0,425
1,25/10/21,8:30,17.6,62,0.0,541
1,25/10/21,9:00,18.2,64,0.0,654
1,25/10/21,9:30,19.8,57,0.0,754
1,25/10/21,10:00,20.9,61,0.0,839
1,25/10/21,10:30,21.6,53,0.0,909
1,25/10/21,11:00,22.6,51,0.0,965
1,25/10/21,11:30,22.9,49,0.0,1007
1,25/10/21,12:00,23.6,47,0.0,1032
1,25/10/21,12:30,24.1,44,0.0,1037
1,25/10/21,13:00,24.4,45,0.0,1021
1,25/10/21,13:30,24.6,41,0.0,989
1,25/10/21,14:00,24.8,44,0.0,944
1,25/10/21,14:30,25.2,46,0.0,880
1,25/10/21,15:00,25.5,42,0.0,805
1,25/10/21,15:30,25.8,45,0.0,717
1,25/10/21,16:00,25.6,44,0.0,616
1,25/10/21,16:30,25.7,47,0.0,507
1,25/10/21,17:00,25.4,47,0.0,392
1,25/10/21,17:30,24.9,47,0.0,272
1,25/10/21,18:00,24.3,51,0.0,145
1,25/10/21,18:30,22.9,53,0.0,43
1,25/10/21,19:00,21.4,57,0.0,7
1,25/10/21,19:30,20.7,58,0.0,0
1,25/10/21,20:00,20.4,59,0.0,0
1,25/10/21,20:30,20.1,60,0.0,0
1,25/10/21,21:00,20.0,60,0.0,0
1,25/10/21,21:30,19.8,60,0.0,0
1,25/10/21,22:00,19.7,62,0.0,0
1,25/10/21,22:30,19.8,60,0.0,0
1,25/10/21,23:00,19.6,61,0.0,0
1,25/10/21,23:30,19.2,62,0.0,0
1,26/10/21,00:00,18.9,62,0.0,0
1,26/10/21,0:30,18.7,64,0.0,0
1,26/10/21,1:00,18.6,64,0.0,0
1,26/10/21,1:30,18.5,64,0.0,0
1,26/10/21,2:00,18.0,66,0.0,0
1,26/10/21,2:30,18.1,66,0.0,0
1,26/10/21,3:00,18.1,66,0.0,0
1,26/10/21,3:30,18.3,66,0.0,0
1,26/10/21,4:00,18.8,65,0.0,0
1,26/10/21,4:30,18.8,65,0.0,0
1,26/10/21,5:00,18.6,67,0.0,0
1,26/10/21,5:30,18.6,67,0.0,0
1,26/10/21,6:00,17.8,69,0.0,6
1,26/10/21,6:30,18.3,67,0.0,57
1,26/10/21,7:00,19.4,65,0.0,170
1,26/10/21,7:30,20.3,63,0.0,295
1,26/10/21,8:00,20.8,61,0.0,410
1,26/10/21,8:30,21.7,64,0.0,521
1,26/10/21,9:00,23.1,58,0.0,626
1,26/10/21,9:30,24.0,56,0.0,728
1,26/10/21,10:00,24.9,54,0.0,814
1,26/10/21,10:30,25.8,54,0.0,884
1,26/10/21,11:00,26.4,53,0.0,936
1,26/10/21,11:30,27.1,50,0.0,976
1,26/10/21,12:00,27.5,47,0.0,1000
1,26/10/21,12:30,28.0,45,0.0,1004
1,26/10/21,13:00,28.5,44,0.0,993
1,26/10/21,13:30,29.1,46,0.0,967
1,26/10/21,14:00,29.2,40,0.0,923
1,26/10/21,14:30,29.6,41,0.0,861
1,26/10/21,15:00,29.7,42,0.0,787
1,26/10/21,15:30,29.8,42,0.0,700
1,26/10/21,16:00,29.9,40,0.0,601
1,26/10/21,16:30,29.8,41,0.0,497
1,26/10/21,17:00,29.6,42,0.0,383
1,26/10/21,17:30,29.2,45,0.0,265
1,26/10/21,18:00,28.4,53,0.0,140
1,26/10/21,18:30,28.1,49,0.0,44
1,26/10/21,19:00,26.9,51,0.0,8
1,26/10/21,19:30,25.8,54,0.0,0
1,26/10/21,20:00,25.0,65,0.0,0
1,26/10/21,20:30,24.8,58,0.0,0
1,26/10/21,21:00,24.2,60,0.0,0
1,26/10/21,21:30,23.9,58,0.0,0
1,26/10/21,22:00,23.9,55,0.0,0
1,26/10/21,22:30,22.9,60,0.0,0
1,26/10/21,23:00,22.7,58,0.0,0
1,26/10/21,23:30,22.8,56,0.0,0
1,27/10/21,00:00,22.8,55,0.0,0
1,27/10/21,0:30,22.4,57,0.0,0
1,27/10/21,1:00,22.7,55,0.0,0
1,27/10/21,1:30,23.4,49,0.0,0
1,27/10/21,2:00,22.0,57,0.0,0
1,27/10/21,2:30,21.5,60,0.0,0
1,27/10/21,3:00,21.6,62,0.0,0
1,27/10/21,3:30,22.3,54,0.0,0
1,27/10/21,4:00,22.7,47,0.0,0
1,27/10/21,4:30,22.7,49,0.0,0
1,27/10/21,5:00,22.2,51,0.0,0
1,27/10/21,5:30,21.7,50,0.0,0
1,27/10/21,6:00,22.1,51,0.0,7
1,27/10/21,6:30,23.3,45,0.0,62
1,27/10/21,7:00,23.4,55,0.0,179
1,27/10/21,7:30,23.2,57,0.0,309
1,27/10/21,8:00,24.6,55,0.0,430
1,27/10/21,8:30,26.6,52,0.0,544
1,27/10/21,9:00,26.8,46,0.0,649
1,27/10/21,9:30,27.6,38,0.0,751
1,27/10/21,10:00,27.9,46,0.0,841
1,27/10/21,10:30,28.4,44,0.0,911
1,27/10/21,11:00,28.9,41,0.0,968
1,27/10/21,11:30,29.6,43,0.0,1007
1,27/10/21,12:00,29.7,44,0.0,1027
1,27/10/21,12:30,30.6,43,0.0,1026
1,27/10/21,13:00,31.1,39,0.0,1010
1,27/10/21,13:30,31.3,31,0.0,985
1,27/10/21,14:00,31.4,34,0.0,935
1,27/10/21,14:30,31.7,31,0.0,876
1,27/10/21,15:00,31.8,36,0.0,800
1,27/10/21,15:30,31.8,29,0.0,712
1,27/10/21,16:00,31.5,34,0.0,608
1,27/10/21,16:30,31.3,35,0.0,498
1,27/10/21,17:00,30.9,38,0.0,386
1,27/10/21,17:30,30.2,39,0.0,269
1,27/10/21,18:00,29.4,39,0.0,145
1,27/10/21,18:30,28.0,44,0.0,46
1,27/10/21,19:00,26.6,46,0.0,9
1,27/10/21,19:30,26.1,44,0.0,0
1,27/10/21,20:00,25.1,51,0.0,0
1,27/10/21,20:30,24.1,58,0.0,0
1,27/10/21,21:00,24.0,62,0.0,0
1,27/10/21,21:30,23.8,62,0.0,0
1,27/10/21,22:00,23.5,61,0.0,0
1,27/10/21,22:30,22.7,64,0.0,0
1,27/10/21,23:00,21.8,67,0.0,0
1,27/10/21,23:30,21.2,68,0.0,0
1,28/10/21,00:00,20.7,68,0.0,0
1,28/10/21,0:30,21.2,67,0.0,0
1,28/10/21,1:00,21.3,65,0.0,0
1,28/10/21,1:30,20.7,65,0.0,0
1,28/10/21,2:00,21.1,63,0.0,0
1,28/10/21,2:30,21.2,63,0.0,0
1,28/10/21,3:00,20.7,64,0.0,0
1,28/10/21,3:30,20.9,65,0.0,0
1,28/10/21,4:00,20.5,67,0.0,0
1,28/10/21,4:30,20.5,65,0.0,0
1,28/10/21,5:00,19.7,68,0.0,0
1,28/10/21,5:30,19.6,68,0.0,0
1,28/10/21,6:00,20.2,63,0.0,7
1,28/10/21,6:30,21.1,62,0.0,64
1,28/10/21,7:00,22.7,57,0.0,182
1,28/10/21,7:30,23.7,57,0.0,311
1,28/10/21,8:00,24.8,52,0.0,432
1,28/10/21,8:30,25.7,50,0.0,548
1,28/10/21,9:00,26.1,45,0.0,656
1,28/10/21,9:30,26.6,42,0.0,757
1,28/10/21,10:00,27.2,44,0.0,844
1,28/10/21,10:30,27.9,39,0.0,920
1,28/10/21,11:00,28.3,39,0.0,978
1,28/10/21,11:30,28.5,39,0.0,1014
1,28/10/21,12:00,28.6,44,0.0,1032
1,28/10/21,12:30,28.8,40,0.0,1032
1,28/10/21,13:00,29.4,35,0.0,1027
1,28/10/21,13:30,29.2,32,0.0,1002
1,28/10/21,14:00,29.5,37,0.0,953
1,28/10/21,14:30,29.3,37,0.0,885
1,28/10/21,15:00,29.3,39,0.0,806
1,28/10/21,15:30,29.1,40,0.0,721
1,28/10/21,16:00,28.8,42,0.0,616
1,28/10/21,16:30,28.3,43,0.0,508
1,28/10/21,17:00,27.9,43,0.0,396
1,28/10/21,17:30,27.3,44,0.0,279
1,28/10/21,18:00,26.5,45,0.0,156
1,28/10/21,18:30,25.2,51,0.0,49
1,28/10/21,19:00,23.8,55,0.0,8
1,28/10/21,19:30,22.7,57,0.0,0
1,28/10/21,20:00,21.6,61,0.0,0
1,28/10/21,20:30,20.9,70,0.0,0
1,28/10/21,21:00,20.3,77,0.0,0
1,28/10/21,21:30,19.9,78,0.0,0
1,28/10/21,22:00,19.3,79,0.0,0
1,28/10/21,22:30,18.4,80,0.0,0
1,28/10/21,23:00,18.1,79,0.0,0
1,28/10/21,23:30,17.8,80,0.0,0
1,29/10/21,00:00,17.1,84,0.0,0
1,29/10/21,0:30,16.7,87,0.0,0
1,29/10/21,1:00,16.6,83,0.0,0
1,29/10/21,1:30,16.1,85,0.0,0
1,29/10/21,2:00,15.9,86,0.0,0
1,29/10/21,2:30,15.9,87,0.0,0
1,29/10/21,3:00,15.7,89,0.0,0
1,29/10/21,3:30,15.7,90,0.0,0
1,29/10/21,4:00,15.6,91,0.0,0
1,29/10/21,4:30,15.6,91,0.0,0
1,29/10/21,5:00,15.6,91,0.0,0
1,29/10/21,5:30,15.6,92,0.0,0
1,29/10/21,6:00,15.7,92,0.0,16
1,29/10/21,6:30,16.4,90,0.0,85
1,29/10/21,7:00,16.7,88,0.0,137
1,29/10/21,7:30,17.6,85,0.0,265
1,29/10/21,8:00,18.8,81,0.0,421
1,29/10/21,8:30,19.8,78,0.0,536
1,29/10/21,9:00,21.1,74,0.0,641
1,29/10/21,9:30,22.2,71,0.0,743
1,29/10/21,10:00,23.1,66,0.0,825
1,29/10/21,10:30,24.1,64,0.0,896
1,29/10/21,11:00,24.8,63,0.0,950
1,29/10/21,11:30,25.7,63,0.0,990
1,29/10/21,12:00,26.2,58,0.0,1014
1,29/10/21,12:30,26.2,56,0.0,1020
1,29/10/21,13:00,26.7,56,0.0,1009
1,29/10/21,13:30,26.8,58,0.0,981
1,29/10/21,14:00,27.1,58,0.0,935
1,29/10/21,14:30,27.3,55,0.0,874
1,29/10/21,15:00,27.1,55,0.0,798
1,29/10/21,15:30,26.8,58,0.0,709
1,29/10/21,16:00,26.8,58,0.0,609
1,29/10/21,16:30,26.2,54,0.0,504
1,29/10/21,17:00,25.7,59,0.0,392
1,29/10/21,17:30,24.7,60,0.0,278
1,29/10/21,18:00,23.8,65,0.0,159
1,29/10/21,18:30,22.7,68,0.0,55
1,29/10/21,19:00,21.2,73,0.0,10
1,29/10/21,19:30,20.3,77,0.0,0
1,29/10/21,20:00,19.6,80,0.0,0
1,29/10/21,20:30,19.0,82,0.0,0
1,29/10/21,21:00,18.3,85,0.0,0
1,29/10/21,21:30,18.1,85,0.0,0
1,29/10/21,22:00,18.0,86,0.0,0
1,29/10/21,22:30,18.4,86,0.0,0
1,29/10/21,23:00,18.7,87,0.0,0
1,29/10/21,23:30,19.1,87,0.0,0
1,30/10/21,00:00,19.0,88,0.0,0
1,30/10/21,0:30,19.0,88,0.0,0
1,30/10/21,1:00,19.1,89,0.0,0
1,30/10/21,1:30,19.2,88,0.0,0
1,30/10/21,2:00,19.2,88,0.0,0
1,30/10/21,2:30,19.2,89,0.0,0
1,30/10/21,3:00,19.2,88,0.0,0
1,30/10/21,3:30,19.2,88,0.0,0
1,30/10/21,4:00,19.1,89,0.0,0
1,30/10/21,4:30,18.9,89,0.0,0
1,30/10/21,5:00,18.7,89,0.0,0
1,30/10/21,5:30,18.5,89,0.0,0
1,30/10/21,6:00,18.4,89,0.0,8
1,30/10/21,6:30,18.6,89,0.0,60
1,30/10/21,7:00,19.2,87,0.0,176
1,30/10/21,7:30,19.9,85,0.0,305
1,30/10/21,8:00,20.8,83,0.0,417
1,30/10/21,8:30,21.7,78,0.0,524
1,30/10/21,9:00,22.2,76,0.0,590
1,30/10/21,9:30,22.6,76,0.0,675
1,30/10/21,10:00,23.7,71,0.0,810
1,30/10/21,10:30,24.1,71,0.0,886
1,30/10/21,11:00,24.6,71,0.0,965
1,30/10/21,11:30,24.7,70,0.0,926
1,30/10/21,12:00,25.3,70,0.0,1064
1,30/10/21,12:30,25.9,68,0.0,1055
1,30/10/21,13:00,26.1,68,0.0,1055
1,30/10/21,13:30,26.3,66,0.0,983
1,30/10/21,14:00,26.8,67,0.0,970
1,30/10/21,14:30,26.9,63,0.0,808
1,30/10/21,15:00,26.7,64,0.0,344
1,30/10/21,15:30,26.9,65,0.0,637
1,30/10/21,16:00,27.1,62,0.0,579
1,30/10/21,16:30,27.0,65,0.0,511
1,30/10/21,17:00,27.0,64,0.0,384
1,30/10/21,17:30,26.6,65,0.0,269
1,30/10/21,18:00,26.0,66,0.0,150
1,30/10/21,18:30,24.9,70,0.0,52
1,30/10/21,19:00,23.7,74,0.0,11
1,30/10/21,19:30,22.6,78,0.0,0
1,30/10/21,20:00,21.8,80,0.0,0
1,30/10/21,20:30,20.8,83,0.0,0
1,30/10/21,21:00,20.2,85,0.0,0
1,30/10/21,21:30,19.6,88,0.0,0
1,30/10/21,22:00,19.1,89,0.0,0
1,30/10/21,22:30,18.7,91,0.0,0
1,30/10/21,23:00,18.6,91,0.0,0
1,30/10/21,23:30,18.4,91,0.0,0
1,31/10/21,00:00,18.2,91,0.0,0
1,31/10/21,0:30,18.1,92,0.0,0
1,31/10/21,1:00,18.1,93,0.0,0
1,31/10/21,1:30,18.2,93,0.0,0
1,31/10/21,2:00,18.4,92,0.0,0
1,31/10/21,2:30,18.3,91,0.0,0
1,31/10/21,3:00,18.2,92,0.0,0
1,31/10/21,3:30,18.0,93,0.0,0
1,31/10/21,4:00,17.8,93,0.0,0
1,31/10/21,4:30,17.7,94,0.0,0
1,31/10/21,5:00,17.9,94,0.0,0
1,31/10/21,5:30,18.1,93,0.0,0
1,31/10/21,6:00,18.2,93,0.0,6
1,31/10/21,6:30,18.4,92,0.0,51
1,31/10/21,7:00,18.7,91,0.0,75
1,31/10/21,7:30,18.8,91,0.0,124
1,31/10/21,8:00,19.4,89,0.0,235
1,31/10/21,8:30,20.5,87,0.0,518
1,31/10/21,9:00,21.7,83,0.0,642
1,31/10/21,9:30,22.9,80,0.0,736
1,31/10/21,10:00,23.7,80,0.0,820
1,31/10/21,10:30,24.7,76,0.0,892
1,31/10/21,11:00,25.2,74,0.0,959
1,31/10/21,11:30,26.0,72,0.0,999
1,31/10/21,12:00,26.7,72,0.0,1048
1,31/10/21,12:30,27.1,64,0.0,929
1,31/10/21,13:00,28.1,65,0.0,1159
1,31/10/21,13:30,28.1,61,0.0,1015
1,31/10/21,14:00,28.0,63,0.0,932
1,31/10/21,14:30,29.1,60,0.0,1027
1,31/10/21,15:00,28.2,62,0.0,790
1,31/10/21,15:30,28.6,60,0.0,566
1,31/10/21,16:00,29.1,59,0.0,722
1,31/10/21,16:30,27.6,61,0.0,281
1,31/10/21,17:00,27.7,63,0.0,274
1,31/10/21,17:30,26.6,67,0.0,83
1,31/10/21,18:00,25.7,71,0.0,48
1,31/10/21,18:30,24.8,73,0.0,22
1,31/10/21,19:00,24.0,78,0.0,5
1,31/10/21,19:30,23.6,81,0.0,0
1,31/10/21,20:00,22.9,82,0.0,0
1,31/10/21,20:30,22.5,84,0.0,0
1,31/10/21,21:00,22.3,84,0.0,0
1,31/10/21,21:30,22.1,85,0.0,0
1,31/10/21,22:00,21.8,85,0.0,0
1,31/10/21,22:30,21.2,85,0.0,0
1,31/10/21,23:00,20.8,86,0.0,0
1,31/10/21,23:30,20.3,87,0.0,0
1,01/11/21,00:00,20.2,87,0.0,0
1,01/11/21,0:30,20.1,88,0.0,0
1,01/11/21,1:00,19.6,90,0.0,0
1,01/11/21,1:30,19.6,91,0.0,0
1,01/11/21,2:00,19.6,90,0.0,0
1,01/11/21,2:30,19.1,91,0.0,0
1,01/11/21,3:00,18.7,92,0.0,0
1,01/11/21,3:30,18.3,93,0.0,0
1,01/11/21,4:00,18.4,94,0.0,0
1,01/11/21,4:30,18.3,95,0.0,0
1,01/11/21,5:00,18.2,94,0.0,0
1,01/11/21,5:30,18.2,95,0.0,0
1,01/11/21,6:00,18.2,94,0.0,9
1,01/11/21,6:30,18.4,94,0.0,37
1,01/11/21,7:00,18.7,93,0.0,66
1,01/11/21,7:30,18.9,93,0.0,110
1,01/11/21,8:00,19.5,92,0.0,240
1,01/11/21,8:30,20.4,88,0.0,341
1,01/11/21,9:00,20.8,87,0.0,392
1,01/11/21,9:30,21.9,84,0.0,827
1,01/11/21,10:00,22.6,82,0.0,872
1,01/11/21,10:30,24.0,79,0.0,905
1,01/11/21,11:00,24.7,77,0.0,946
1,01/11/21,11:30,25.8,74,0.0,1021
1,01/11/21,12:00,26.6,71,0.0,952
1,01/11/21,12:30,27.3,68,0.0,1034
1,01/11/21,13:00,28.1,67,0.0,1028
1,01/11/21,13:30,28.3,58,0.0,1030
1,01/11/21,14:00,28.5,57,0.0,976
1,01/11/21,14:30,28.9,53,0.0,650
1,01/11/21,15:00,29.6,58,0.0,842
1,01/11/21,15:30,28.3,62,0.0,527
1,01/11/21,16:00,27.2,65,0.0,115
1,01/11/21,16:30,26.4,70,0.0,69
1,01/11/21,17:00,24.4,78,0.0,73
1,01/11/21,17:30,25.7,74,0.0,193
1,01/11/21,18:00,25.3,74,0.0,112
1,01/11/21,18:30,23.7,80,0.0,27
1,01/11/21,19:00,22.3,87,0.0,0
1,01/11/21,19:30,21.6,91,4.2,0
1,01/11/21,20:00,21.2,91,11.2,0
1,01/11/21,20:30,21.3,85,0.4,0
1,01/11/21,21:00,21.4,88,0.2,0
1,01/11/21,21:30,21.2,88,0.0,0
1,01/11/21,22:00,21.2,87,0.0,0
1,01/11/21,22:30,20.9,87,0.0,0
1,01/11/21,23:00,20.8,88,0.0,0
1,01/11/21,23:30,20.5,89,0.0,0
1,02/11/21,00:00,19.9,90,0.0,0
1,02/11/21,0:30,19.4,90,0.0,0
1,02/11/21,1:00,19.1,91,0.0,0
1,02/11/21,1:30,18.4,93,0.0,0
1,02/11/21,2:00,17.9,94,0.0,0
1,02/11/21,2:30,17.9,94,0.0,0
1,02/11/21,3:00,17.7,94,0.0,0
1,02/11/21,3:30,17.7,94,0.0,0
1,02/11/21,4:00,17.6,93,0.0,0
1,02/11/21,4:30,17.6,94,0.0,0
1,02/11/21,5:00,17.6,93,0.0,0
1,02/11/21,5:30,17.7,93,0.0,0
1,02/11/21,6:00,17.8,93,0.0,10
1,02/11/21,6:30,18.1,93,0.0,62
1,02/11/21,7:00,18.8,92,0.0,167
1,02/11/21,7:30,19.4,90,0.0,328
1,02/11/21,8:00,20.1,88,0.0,346
1,02/11/21,8:30,21.0,85,0.0,398
1,02/11/21,9:00,21.7,83,0.0,367
1,02/11/21,9:30,22.5,79,0.0,431
1,02/11/21,10:00,22.8,80,0.0,324
1,02/11/21,10:30,22.7,82,0.0,242
1,02/11/21,11:00,22.3,84,0.0,282
1,02/11/21,11:30,22.8,85,0.0,570
1,02/11/21,12:00,22.0,85,0.0,336
1,02/11/21,12:30,21.9,88,0.0,200
1,02/11/21,13:00,22.5,83,0.0,218
1,02/11/21,13:30,22.8,82,0.0,275
1,02/11/21,14:00,22.9,83,0.0,280
1,02/11/21,14:30,23.7,80,0.0,295
1,02/11/21,15:00,23.7,78,0.0,246
1,02/11/21,15:30,23.6,79,0.0,238
1,02/11/21,16:00,23.3,80,0.0,197
1,02/11/21,16:30,23.3,81,0.0,223
1,02/11/21,17:00,23.0,84,0.0,178
1,02/11/21,17:30,22.6,85,0.0,127
1,02/11/21,18:00,22.1,85,0.0,89
1,02/11/21,18:30,21.6,86,0.0,39
1,02/11/21,19:00,21.2,86,0.0,10
1,02/11/21,19:30,20.8,87,0.0,0
1,02/11/21,20:00,20.7,88,0.0,0
1,02/11/21,20:30,20.5,89,0.0,0
1,02/11/21,21:00,20.6,89,0.0,0
1,02/11/21,21:30,20.4,90,0.0,0
1,02/11/21,22:00,20.3,91,0.0,0
1,02/11/21,22:30,20.1,91,0.0,0
1,02/11/21,23:00,19.9,93,0.0,0
1,02/11/21,23:30,19.8,93,0.0,0
1,03/11/21,00:00,19.8,92,0.0,0
1,03/11/21,0:30,19.7,93,0.0,0
1,03/11/21,1:00,19.5,93,0.0,0
1,03/11/21,1:30,19.2,95,0.8,0
1,03/11/21,2:00,19.1,95,0.6,0
1,03/11/21,2:30,18.9,95,1.4,0
1,03/11/21,3:00,18.8,96,1.6,0
1,03/11/21,3:30,18.7,96,2.4,0
1,03/11/21,4:00,18.7,96,0.4,0
1,03/11/21,4:30,18.5,95,0.0,0
1,03/11/21,5:00,18.3,96,0.4,0
1,03/11/21,5:30,18.2,96,3.2,0
1,03/11/21,6:00,18.2,96,4.2,0
1,03/11/21,6:30,18.2,97,4.2,0
1,03/11/21,7:00,18.1,96,4.6,2
1,03/11/21,7:30,18.1,96,3.0,20
1,03/11/21,8:00,18.2,96,0.0,32
1,03/11/21,8:30,18.1,96,0.0,61
1,03/11/21,9:00,18.2,95,0.0,93
1,03/11/21,9:30,18.4,95,0.0,139
1,03/11/21,10:00,18.8,93,0.0,240
1,03/11/21,10:30,18.8,92,0.0,222
1,03/11/21,11:00,19.1,91,0.0,359
1,03/11/21,11:30,19.1,91,0.0,230
1,03/11/21,12:00,20.4,88,0.0,553
1,03/11/21,12:30,21.8,82,0.0,921
1,03/11/21,13:00,22.6,81,0.0,1106
1,03/11/21,13:30,23.0,76,0.0,997
1,03/11/21,14:00,23.1,78,0.0,735
1,03/11/21,14:30,22.7,76,0.0,377
1,03/11/21,15:00,23.9,76,0.0,600
1,03/11/21,15:30,23.0,77,0.0,367
1,03/11/21,16:00,22.6,79,0.0,123
1,03/11/21,16:30,22.3,81,0.0,98
1,03/11/21,17:00,18.8,88,0.0,20
1,03/11/21,17:30,16.9,95,20.2,0
1,03/11/21,18:00,16.5,96,13.0,0
1,03/11/21,18:30,16.4,96,4.0,8
1,03/11/21,19:00,16.3,96,0.4,5
1,03/11/21,19:30,16.6,95,0.0,0
1,03/11/21,20:00,16.6,96,0.2,0
1,03/11/21,20:30,16.6,96,0.2,0
1,03/11/21,21:00,16.7,97,0.0,0
1,03/11/21,21:30,16.6,97,0.2,0
1,03/11/21,22:00,16.7,97,0.0,0
1,03/11/21,22:30,16.8,97,0.0,0
1,03/11/21,23:00,16.9,97,0.0,0
1,03/11/21,23:30,16.9,98,0.0,0
1,04/11/21,00:00,16.8,98,0.0,0
1,04/11/21,0:30,16.4,98,0.0,0
1,04/11/21,1:00,16.1,98,0.0,0
1,04/11/21,1:30,16.4,98,0.0,0
1,04/11/21,2:00,16.7,98,0.0,0
1,04/11/21,2:30,16.7,98,0.0,0
1,04/11/21,3:00,16.3,98,0.0,0
1,04/11/21,3:30,16.3,98,0.0,0
1,04/11/21,4:00,16.3,98,0.0,0
1,04/11/21,4:30,16.2,98,0.0,0
1,04/11/21,5:00,16.2,98,0.0,0
1,04/11/21,5:30,16.3,98,0.0,0
1,04/11/21,6:00,16.4,98,0.0,5
1,04/11/21,6:30,16.6,98,0.0,28
1,04/11/21,7:00,16.7,98,0.0,84
1,04/11/21,7:30,16.8,99,0.0,147
1,04/11/21,8:00,16.7,98,0.0,151
1,04/11/21,8:30,17.3,99,0.2,233
1,04/11/21,9:00,17.8,99,0.0,335
1,04/11/21,9:30,18.7,98,0.0,582
1,04/11/21,10:00,19.6,97,0.0,686
1,04/11/21,10:30,20.9,90,0.0,516
1,04/11/21,11:00,21.6,86,0.0,537
1,04/11/21,11:30,22.2,85,0.0,943
1,04/11/21,12:00,23.0,80,0.0,1193
1,04/11/21,12:30,23.1,78,0.0,1014
1,04/11/21,13:00,23.8,76,0.0,871
1,04/11/21,13:30,24.6,77,0.0,1017
1,04/11/21,14:00,24.6,76,0.0,1032
1,04/11/21,14:30,24.4,75,0.0,871
1,04/11/21,15:00,25.2,66,0.0,831
1,04/11/21,15:30,25.5,69,0.0,738
1,04/11/21,16:00,25.7,67,0.0,638
1,04/11/21,16:30,26.0,69,0.0,530
1,04/11/21,17:00,26.1,67,0.0,415
1,04/11/21,17:30,25.8,68,0.0,300
1,04/11/21,18:00,25.7,70,0.0,181
1,04/11/21,18:30,24.9,73,0.0,72
1,04/11/21,19:00,23.7,77,0.0,14
1,04/11/21,19:30,22.7,78,0.0,0
1,04/11/21,20:00,21.9,81,0.0,0
1,04/11/21,20:30,21.9,80,0.0,0
1,04/11/21,21:00,21.1,85,0.0,0
1,04/11/21,21:30,20.5,88,0.0,0
1,04/11/21,22:00,19.9,91,0.0,0
1,04/11/21,22:30,20.1,92,0.0,0
1,04/11/21,23:00,20.0,93,0.0,0
1,04/11/21,23:30,20.2,94,0.0,0
1,05/11/21,00:00,19.7,95,0.0,0
1,05/11/21,0:30,19.6,96,0.0,0
1,05/11/21,1:00,19.8,96,0.0,0
1,05/11/21,1:30,19.6,95,0.0,0
1,05/11/21,2:00,19.4,95,0.0,0
1,05/11/21,2:30,19.3,95,0.0,0
1,05/11/21,3:00,19.2,95,0.0,0
1,05/11/21,3:30,19.4,94,0.0,0
1,05/11/21,4:00,19.2,94,0.0,0
1,05/11/21,4:30,19.1,94,0.0,0
1,05/11/21,5:00,18.9,94,0.0,0
1,05/11/21,5:30,18.4,93,0.0,0
1,05/11/21,6:00,19.0,95,0.0,20
1,05/11/21,6:30,19.8,92,0.0,104
1,05/11/21,7:00,21.1,88,0.0,220
1,05/11/21,7:30,21.6,89,0.0,344
1,05/11/21,8:00,23.2,82,0.0,464
1,05/11/21,8:30,24.0,78,0.0,622
1,05/11/21,9:00,23.9,77,0.0,480
1,05/11/21,9:30,23.9,79,0.0,516
1,05/11/21,10:00,23.7,73,0.0,309
1,05/11/21,10:30,24.4,71,0.0,622
1,05/11/21,11:00,25.5,71,0.0,960
1,05/11/21,11:30,25.7,70,0.0,957
1,05/11/21,12:00,26.1,68,0.0,801
1,05/11/21,12:30,25.9,73,0.0,1045
1,05/11/21,13:00,25.8,71,0.0,851
1,05/11/21,13:30,25.8,68,0.0,942
1,05/11/21,14:00,25.5,69,0.0,817
1,05/11/21,14:30,25.2,68,0.0,666
1,05/11/21,15:00,24.8,70,0.0,527
1,05/11/21,15:30,24.4,73,0.0,427
1,05/11/21,16:00,23.6,78,0.0,382
1,05/11/21,16:30,22.8,78,0.0,291
1,05/11/21,17:00,19.8,88,0.0,206
1,05/11/21,17:30,18.6,91,0.0,100
1,05/11/21,18:00,17.4,93,0.0,64
1,05/11/21,18:30,16.9,94,0.0,40
1,05/11/21,19:00,16.6,92,0.0,4
1,05/11/21,19:30,16.5,90,0.0,0
1,05/11/21,20:00,15.8,91,0.0,0
1,05/11/21,20:30,15.1,93,0.0,0
1,05/11/21,21:00,14.7,93,0.0,0
1,05/11/21,21:30,14.3,94,0.0,0
1,05/11/21,22:00,14.2,94,0.0,0
1,05/11/21,22:30,13.9,94,0.0,0
1,05/11/21,23:00,13.4,94,0.0,0
1,05/11/21,23:30,13.1,96,0.0,0
1,06/11/21,00:00,13.0,96,0.0,0
1,06/11/21,0:30,13.1,96,0.0,0
1,06/11/21,1:00,12.9,96,0.0,0
1,06/11/21,1:30,12.9,95,0.0,0
1,06/11/21,2:00,13.1,95,0.0,0
1,06/11/21,2:30,13.3,95,0.0,0
1,06/11/21,3:00,13.3,95,0.0,0
1,06/11/21,3:30,13.4,95,0.0,0
1,06/11/21,4:00,13.6,96,0.0,0
1,06/11/21,4:30,13.8,95,0.0,0
1,06/11/21,5:00,14.1,93,0.0,0
1,06/11/21,5:30,14.2,92,0.0,0
1,06/11/21,6:00,14.3,92,0.0,9
1,06/11/21,6:30,14.4,94,0.0,22
1,06/11/21,7:00,14.8,93,0.0,70
1,06/11/21,7:30,14.7,93,0.0,95
1,06/11/21,8:00,15.3,91,0.0,281
1,06/11/21,8:30,15.9,88,0.0,359
1,06/11/21,9:00,16.0,87,0.0,417
1,06/11/21,9:30,17.1,83,0.0,588
1,06/11/21,10:00,16.8,85,0.0,654
1,06/11/21,10:30,16.8,86,0.0,453
1,06/11/21,11:00,16.8,86,0.0,457
1,06/11/21,11:30,17.2,84,0.0,366
1,06/11/21,12:00,16.9,82,0.0,297
1,06/11/21,12:30,16.9,83,0.0,348
1,06/11/21,13:00,17.5,80,0.0,436
1,06/11/21,13:30,17.8,78,0.0,374
1,06/11/21,14:00,18.2,75,0.0,381
1,06/11/21,14:30,17.1,79,0.0,258
1,06/11/21,15:00,17.6,76,0.0,258
1,06/11/21,15:30,17.9,74,0.0,300
1,06/11/21,16:00,17.7,73,0.0,261
1,06/11/21,16:30,17.4,74,0.0,205
1,06/11/21,17:00,17.1,73,0.0,185
1,06/11/21,17:30,16.8,74,0.0,153
1,06/11/21,18:00,16.3,76,0.0,80
1,06/11/21,18:30,16.0,76,0.0,41
1,06/11/21,19:00,15.3,76,0.0,11
1,06/11/21,19:30,15.2,78,0.0,0
1,06/11/21,20:00,14.5,79,0.0,0
1,06/11/21,20:30,13.9,81,0.0,0
1,06/11/21,21:00,13.6,81,0.0,0
1,06/11/21,21:30,13.4,81,0.0,0
1,06/11/21,22:00,13.3,83,0.0,0
1,06/11/21,22:30,13.1,84,0.0,0
1,06/11/21,23:00,12.9,83,0.0,0
1,06/11/21,23:30,12.4,86,0.0,0
1,07/11/21,00:00,12.1,84,0.0,0
1,07/11/21,0:30,12.3,85,0.0,0
1,07/11/21,1:00,11.9,86,0.0,0
1,07/11/21,1:30,11.8,85,0.0,0
1,07/11/21,2:00,11.2,89,0.0,0
1,07/11/21,2:30,11.3,89,0.0,0
1,07/11/21,3:00,11.3,87,0.0,0
1,07/11/21,3:30,10.7,89,0.0,0
1,07/11/21,4:00,11.1,89,0.0,0
1,07/11/21,4:30,11.0,90,0.0,0
1,07/11/21,5:00,10.8,91,0.0,0
1,07/11/21,5:30,11.0,91,0.0,0
1,07/11/21,6:00,11.3,91,0.0,17
1,07/11/21,6:30,12.3,89,0.0,73
1,07/11/21,7:00,13.2,86,0.0,180
1,07/11/21,7:30,13.9,84,0.0,330
1,07/11/21,8:00,14.6,81,0.0,444
1,07/11/21,8:30,14.7,79,0.0,283
1,07/11/21,9:00,15.5,77,0.0,374
1,07/11/21,9:30,15.9,77,0.0,539
1,07/11/21,10:00,16.9,73,0.0,738
1,07/11/21,10:30,17.2,74,0.0,653
1,07/11/21,11:00,18.2,69,0.0,1030
1,07/11/21,11:30,18.4,67,0.0,1052
1,07/11/21,12:00,19.5,65,0.0,1079
1,07/11/21,12:30,20.0,62,0.0,1051
1,07/11/21,13:00,20.2,60,0.0,1038
1,07/11/21,13:30,20.8,57,0.0,1010
1,07/11/21,14:00,21.1,59,0.0,863
1,07/11/21,14:30,21.6,58,0.0,975
1,07/11/21,15:00,21.6,56,0.0,706
1,07/11/21,15:30,21.7,56,0.0,791
1,07/11/21,16:00,21.6,56,0.0,654
1,07/11/21,16:30,21.6,56,0.0,533
1,07/11/21,17:00,21.3,59,0.0,471
1,07/11/21,17:30,21.1,58,0.0,316
1,07/11/21,18:00,20.3,60,0.0,208
1,07/11/21,18:30,19.6,65,0.0,58
1,07/11/21,19:00,18.6,69,0.0,17
1,07/11/21,19:30,17.8,73,0.0,0
1,07/11/21,20:00,17.1,74,0.0,0
1,07/11/21,20:30,16.1,77,0.0,0
1,07/11/21,21:00,15.4,80,0.0,0
1,07/11/21,21:30,14.7,82,0.0,0
1,07/11/21,22:00,14.3,84,0.0,0
1,07/11/21,22:30,13.9,84,0.0,0
1,07/11/21,23:00,13.4,84,0.0,0
1,07/11/21,23:30,13.2,85,0.0,0
1,08/11/21,00:00,12.9,86,0.0,0
1,08/11/21,0:30,12.7,86,0.0,0
1,08/11/21,1:00,12.6,87,0.0,0
1,08/11/21,1:30,12.9,87,0.0,0
1,08/11/21,2:00,12.6,88,0.0,0
1,08/11/21,2:30,12.4,89,0.0,0
1,08/11/21,3:00,12.1,89,0.0,0
1,08/11/21,3:30,12.4,89,0.0,0
1,08/11/21,4:00,12.4,89,0.0,0
1,08/11/21,4:30,12.2,88,0.0,0
1,08/11/21,5:00,11.7,90,0.0,0
1,08/11/21,5:30,11.7,90,0.0,0
1,08/11/21,6:00,12.2,89,0.0,18
1,08/11/21,6:30,13.1,88,0.0,87
1,08/11/21,7:00,14.7,85,0.0,208
1,08/11/21,7:30,15.7,83,0.0,333
1,08/11/21,8:00,16.9,76,0.0,452
1,08/11/21,8:30,17.6,73,0.0,567
1,08/11/21,9:00,18.0,69,0.0,677
1,08/11/21,9:30,18.6,67,0.0,776
1,08/11/21,10:00,18.9,64,0.0,863
1,08/11/21,10:30,19.3,60,0.0,936
1,08/11/21,11:00,20.0,59,0.0,996
1,08/11/21,11:30,20.2,62,0.0,1035
1,08/11/21,12:00,20.8,59,0.0,1056
1,08/11/21,12:30,21.0,60,0.0,1061
1,08/11/21,13:00,21.2,58,0.0,1049
1,08/11/21,13:30,21.6,58,0.0,1021
1,08/11/21,14:00,21.8,54,0.0,977
1,08/11/21,14:30,22.4,50,0.0,914
1,08/11/21,15:00,22.9,47,0.0,841
1,08/11/21,15:30,23.2,47,0.0,756
1,08/11/21,16:00,23.1,45,0.0,652
1,08/11/21,16:30,23.2,48,0.0,547
1,08/11/21,17:00,22.9,47,0.0,430
1,08/11/21,17:30,22.8,48,0.0,308
1,08/11/21,18:00,22.2,52,0.0,183
1,08/11/21,18:30,20.9,58,0.0,73
1,08/11/21,19:00,19.6,62,0.0,17
1,08/11/21,19:30,18.5,63,0.0,1
1,08/11/21,20:00,17.8,64,0.0,0
1,08/11/21,20:30,17.3,63,0.0,0
1,08/11/21,21:00,16.6,67,0.0,0
1,08/11/21,21:30,15.9,71,0.0,0
1,08/11/21,22:00,15.7,76,0.0,0
1,08/11/21,22:30,14.9,79,0.0,0
1,08/11/21,23:00,14.9,80,0.0,0
1,08/11/21,23:30,15.0,80,0.0,0
1,09/11/21,00:00,14.9,80,0.0,0
1,09/11/21,0:30,14.4,83,0.0,0
1,09/11/21,1:00,14.3,83,0.0,0
1,09/11/21,1:30,14.2,82,0.0,0
1,09/11/21,2:00,14.2,81,0.0,0
1,09/11/21,2:30,14.2,83,0.0,0
1,09/11/21,3:00,14.1,84,0.0,0
1,09/11/21,3:30,14.1,84,0.0,0
1,09/11/21,4:00,14.5,85,0.0,0
1,09/11/21,4:30,13.9,86,0.0,0
1,09/11/21,5:00,13.1,86,0.0,0
1,09/11/21,5:30,13.0,89,0.0,0
1,09/11/21,6:00,12.9,88,0.0,18
1,09/11/21,6:30,14.2,87,0.0,90
1,09/11/21,7:00,15.6,83,0.0,210
1,09/11/21,7:30,16.8,81,0.0,333
1,09/11/21,8:00,18.1,76,0.0,451
1,09/11/21,8:30,18.8,73,0.0,566
1,09/11/21,9:00,20.2,61,0.0,674
1,09/11/21,9:30,20.9,61,0.0,769
1,09/11/21,10:00,21.6,61,0.0,856
1,09/11/21,10:30,22.1,61,0.0,901
1,09/11/21,11:00,21.7,60,0.0,610
1,09/11/21,11:30,22.3,58,0.0,777
1,09/11/21,12:00,22.8,55,0.0,1029
1,09/11/21,12:30,23.2,56,0.0,1183
1,09/11/21,13:00,23.3,56,0.0,1070
1,09/11/21,13:30,23.4,50,0.0,785
1,09/11/21,14:00,24.1,54,0.0,1106
1,09/11/21,14:30,23.3,55,0.0,873
1,09/11/21,15:00,23.1,54,0.0,579
1,09/11/21,15:30,23.8,53,0.0,522
1,09/11/21,16:00,22.9,54,0.0,282
1,09/11/21,16:30,23.6,51,0.0,374
1,09/11/21,17:00,22.7,58,0.0,407
1,09/11/21,17:30,22.4,58,0.0,251
1,09/11/21,18:00,22.1,61,0.0,184
1,09/11/21,18:30,20.7,65,0.0,72
1,09/11/21,19:00,19.5,68,0.0,17
1,09/11/21,19:30,18.4,70,0.0,0
1,09/11/21,20:00,17.7,74,0.0,0
1,09/11/21,20:30,17.0,76,0.0,0
1,09/11/21,21:00,16.3,79,0.0,0
1,09/11/21,21:30,15.8,81,0.0,0
1,09/11/21,22:00,15.4,83,0.0,0
1,09/11/21,22:30,14.9,86,0.0,0
1,09/11/21,23:00,14.5,88,0.0,0
1,09/11/21,23:30,14.3,89,0.0,0
1,10/11/21,00:00,14.1,89,0.0,0
1,10/11/21,0:30,13.9,90,0.0,0
1,10/11/21,1:00,13.8,90,0.0,0
1,10/11/21,1:30,13.7,90,0.0,0
1,10/11/21,2:00,13.7,90,0.0,0
1,10/11/21,2:30,13.3,90,0.0,0
1,10/11/21,3:00,13.0,90,0.0,0
1,10/11/21,3:30,13.1,90,0.0,0
1,10/11/21,4:00,12.8,90,0.0,0
1,10/11/21,4:30,12.2,92,0.0,0
1,10/11/21,5:00,12.4,92,0.0,0
1,10/11/21,5:30,12.0,93,0.0,1
1,10/11/21,6:00,12.1,93,0.0,27
1,10/11/21,6:30,13.6,92,0.0,83
1,10/11/21,7:00,14.8,86,0.0,221
1,10/11/21,7:30,15.6,85,0.0,291
1,10/11/21,8:00,16.0,81,0.0,388
1,10/11/21,8:30,17.1,75,0.0,568
1,10/11/21,9:00,17.7,70,0.0,726
1,10/11/21,9:30,17.8,61,0.0,640
1,10/11/21,10:00,18.3,62,0.0,806
1,10/11/21,10:30,18.8,64,0.0,791
1,10/11/21,11:00,18.7,66,0.0,714
1,10/11/21,11:30,19.7,65,0.0,989
1,10/11/21,12:00,20.0,60,0.0,909
1,10/11/21,12:30,20.6,58,0.0,937
1,10/11/21,13:00,20.9,60,0.0,961
1,10/11/21,13:30,21.1,57,0.0,1084
1,10/11/21,14:00,21.3,55,0.0,1020
1,10/11/21,14:30,21.4,53,0.0,929
1,10/11/21,15:00,21.8,54,0.0,901
1,10/11/21,15:30,21.7,54,0.0,776
1,10/11/21,16:30,21.8,51,0.0,485
1,10/11/21,17:00,21.3,56,0.0,368
1,10/11/21,17:30,20.4,64,0.0,318
1,10/11/21,18:00,19.4,66,0.0,116
1,10/11/21,18:30,18.6,70,0.0,67
1,10/11/21,19:00,17.4,72,0.0,17
1,10/11/21,19:30,16.7,74,0.0,2
1,10/11/21,20:00,16.2,75,0.0,0
1,10/11/21,20:30,15.5,77,0.0,0
1,10/11/21,21:00,15.2,77,0.0,0
1,10/11/21,21:30,14.7,78,0.0,0
1,10/11/21,22:00,14.1,80,0.0,0
1,10/11/21,22:30,13.9,81,0.0,0
1,10/11/21,23:00,13.8,82,0.0,0
1,10/11/21,23:30,13.6,82,0.0,0
1,11/11/21,00:00,13.2,83,0.0,0
1,11/11/21,0:30,12.8,85,0.0,0
1,11/11/21,1:00,12.6,86,0.0,0
1,11/11/21,1:30,12.0,87,0.0,0
1,11/11/21,2:00,12.3,87,0.0,0
1,11/11/21,2:30,12.1,87,0.0,0
1,11/11/21,3:00,12.3,87,0.0,0
1,11/11/21,3:30,12.7,87,0.0,0
1,11/11/21,4:00,12.8,89,0.0,0
1,11/11/21,4:30,13.0,89,0.0,0
1,11/11/21,5:00,12.9,90,0.0,0
1,11/11/21,5:30,12.9,91,0.0,0
1,11/11/21,6:00,13.4,90,0.0,23
1,11/11/21,6:30,13.6,89,0.0,86
1,11/11/21,7:00,14.4,87,0.0,219
1,11/11/21,7:30,15.5,83,0.0,342
1,11/11/21,8:00,16.2,80,0.0,441
1,11/11/21,8:30,16.8,80,0.0,593
1,11/11/21,9:00,17.3,75,0.0,753
1,11/11/21,9:30,17.9,75,0.0,740
1,11/11/21,10:00,18.7,71,0.0,932
1,11/11/21,10:30,19.1,70,0.0,899
1,11/11/21,11:00,20.1,67,0.0,1055
1,11/11/21,11:30,20.3,63,0.0,1061
1,11/11/21,12:00,20.1,62,0.0,835
1,11/11/21,12:30,20.7,58,0.0,1276
1,11/11/21,13:00,20.5,59,0.0,801
1,11/11/21,13:30,21.3,55,0.0,758
1,11/11/21,14:00,20.9,53,0.0,661
1,11/11/21,14:30,21.6,54,0.0,892
1,11/11/21,15:00,21.5,54,0.0,812
1,11/11/21,15:30,21.3,57,0.0,777
1,11/11/21,16:00,20.7,53,0.0,647
1,11/11/21,16:30,20.4,55,0.0,518
1,11/11/21,17:00,20.4,56,0.0,403
1,11/11/21,17:30,19.9,58,0.0,255
1,11/11/21,18:00,18.4,62,0.0,133
1,11/11/21,18:30,17.7,62,0.0,60
1,11/11/21,19:00,17.3,65,0.0,17
1,11/11/21,19:30,16.3,70,0.0,1
1,11/11/21,20:00,15.4,75,0.0,0
1,11/11/21,20:30,15.1,79,0.0,0
1,11/11/21,21:00,14.7,81,0.0,0
1,11/11/21,21:30,14.5,81,0.0,0
1,11/11/21,22:00,14.2,81,0.0,0
1,11/11/21,22:30,13.8,82,0.0,0
1,11/11/21,23:00,13.3,83,0.0,0
1,11/11/21,23:30,12.8,85,0.0,0
1,12/11/21,00:00,12.5,85,0.0,0
1,12/11/21,0:30,12.3,86,0.0,0
1,12/11/21,1:00,12.2,87,0.0,0
1,12/11/21,1:30,12.1,87,0.0,0
1,12/11/21,2:00,12.0,88,0.0,0
1,12/11/21,2:30,12.1,89,0.0,0
1,12/11/21,3:00,12.2,89,0.0,0
1,12/11/21,3:30,12.2,89,0.0,0
1,12/11/21,4:00,12.1,89,0.0,0
1,12/11/21,4:30,12.2,88,0.0,0
1,12/11/21,5:00,12.2,89,0.0,0
1,12/11/21,5:30,12.3,88,0.0,0
1,12/11/21,6:00,12.7,87,0.0,19
1,12/11/21,6:30,13.3,85,0.0,104
1,12/11/21,7:00,14.2,82,0.0,227
1,12/11/21,7:30,15.4,77,0.0,348
1,12/11/21,8:00,16.1,72,0.0,466
1,12/11/21,8:30,17.4,68,0.0,579
1,12/11/21,9:00,17.8,64,0.0,681
1,12/11/21,9:30,18.9,60,0.0,773
1,12/11/21,10:00,19.0,61,0.0,857
1,12/11/21,10:30,19.4,59,0.0,925
1,12/11/21,11:00,19.9,60,0.0,980
1,12/11/21,11:30,20.4,57,0.0,1018
1,12/11/21,12:00,20.9,56,0.0,1041
1,12/11/21,12:30,21.2,55,0.0,1043
1,12/11/21,13:00,21.7,55,0.0,1031
1,12/11/21,13:30,21.8,55,0.0,1006
1,12/11/21,14:00,22.2,55,0.0,959
1,12/11/21,14:30,21.9,55,0.0,899
1,12/11/21,15:00,22.0,53,0.0,824
1,12/11/21,15:30,22.3,55,0.0,736
1,12/11/21,16:00,22.1,57,0.0,641
1,12/11/21,16:30,21.4,57,0.0,542
1,12/11/21,17:00,21.0,58,0.0,426
1,12/11/21,17:30,20.4,58,0.0,288
1,12/11/21,18:00,19.9,61,0.0,138
1,12/11/21,18:30,18.9,62,0.0,65
1,12/11/21,19:00,17.7,67,0.0,18
1,12/11/21,19:30,16.8,70,0.0,1
1,12/11/21,20:00,16.1,75,0.0,0
1,12/11/21,20:30,15.6,77,0.0,0
1,12/11/21,21:00,15.2,80,0.0,0
1,12/11/21,21:30,14.9,82,0.0,0
1,12/11/21,22:00,14.8,83,0.0,0
1,12/11/21,22:30,14.5,84,0.0,0
1,12/11/21,23:00,14.2,85,0.0,0
1,12/11/21,23:30,13.8,87,0.0,0
1,13/11/21,00:00,13.7,87,0.0,0
1,13/11/21,0:30,13.6,87,0.0,0
1,13/11/21,1:00,13.4,87,0.0,0
1,13/11/21,1:30,13.3,88,0.0,0
1,13/11/21,2:00,13.4,89,0.0,0
1,13/11/21,2:30,13.4,89,0.0,0
1,13/11/21,3:00,13.3,89,0.0,0
1,13/11/21,3:30,13.2,90,0.0,0
1,13/11/21,4:00,13.2,90,0.0,0
1,13/11/21,4:30,12.9,90,0.0,0
1,13/11/21,5:00,12.9,90,0.0,0
1,13/11/21,5:30,13.1,90,0.0,0
1,13/11/21,6:00,13.3,90,0.0,20
1,13/11/21,6:30,13.9,89,0.0,101
1,13/11/21,7:00,14.8,87,0.0,222
1,13/11/21,7:30,16.2,83,0.0,343
1,13/11/21,8:00,17.2,79,0.0,458
1,13/11/21,8:30,17.8,77,0.0,567
1,13/11/21,9:00,18.6,76,0.0,667
1,13/11/21,9:30,19.3,73,0.0,757
1,13/11/21,10:00,19.9,71,0.0,835
1,13/11/21,10:30,20.7,70,0.0,949
1,13/11/21,11:00,21.4,69,0.0,964
1,13/11/21,11:30,21.9,66,0.0,991
1,13/11/21,12:00,22.6,65,0.0,1011
1,13/11/21,12:30,23.2,66,0.0,1016
1,13/11/21,13:00,23.8,64,0.0,1007
1,13/11/21,13:30,24.1,60,0.0,980
1,13/11/21,14:00,24.8,61,0.0,937
1,13/11/21,14:30,24.9,58,0.0,877
1,13/11/21,15:00,25.3,60,0.0,805
1,13/11/21,15:30,25.3,59,0.0,721
1,13/11/21,16:00,25.2,58,0.0,622
1,13/11/21,16:30,25.3,57,0.0,517
1,13/11/21,17:00,25.1,59,0.0,410
1,13/11/21,17:30,24.8,59,0.0,260
1,13/11/21,18:00,24.0,61,0.0,145
1,13/11/21,18:30,23.1,63,0.0,65
1,13/11/21,19:00,21.8,66,0.0,19
1,13/11/21,19:30,20.5,72,0.0,1
1,13/11/21,20:00,19.4,76,0.0,0
1,13/11/21,20:30,18.6,78,0.0,0
1,13/11/21,21:00,17.9,80,0.0,0
1,13/11/21,21:30,17.4,83,0.0,0
1,13/11/21,22:00,16.8,84,0.0,0
1,13/11/21,22:30,16.3,86,0.0,0
1,13/11/21,23:00,16.0,87,0.0,0
1,13/11/21,23:30,15.9,87,0.0,0
1,14/11/21,00:00,15.7,88,0.0,0
1,14/11/21,0:30,15.5,88,0.0,0
1,14/11/21,1:00,15.6,88,0.0,0
1,14/11/21,1:30,15.8,88,0.0,0
1,14/11/21,2:00,15.9,87,0.0,0
1,14/11/21,2:30,16.0,88,0.0,0
1,14/11/21,3:00,15.9,88,0.0,0
1,14/11/21,3:30,15.6,89,0.0,0
1,14/11/21,4:00,15.4,90,0.0,0
1,14/11/21,4:30,15.6,89,0.0,0
1,14/11/21,5:00,15.6,89,0.0,0
1,14/11/21,5:30,15.4,90,0.0,1
1,14/11/21,6:00,15.7,90,0.0,26
1,14/11/21,6:30,15.6,91,0.0,64
1,14/11/21,7:00,16.5,87,0.0,210
1,14/11/21,7:30,17.4,87,0.0,155
1,14/11/21,8:00,18.9,80,0.0,406
1,14/11/21,8:30,19.9,76,0.0,407
1,14/11/21,9:00,21.1,75,0.0,468
1,14/11/21,9:30,22.6,70,0.0,638
1,14/11/21,10:00,23.7,70,0.0,693
1,14/11/21,10:30,24.7,63,0.0,792
1,14/11/21,11:00,25.4,60,0.0,798
1,14/11/21,11:30,25.7,61,0.0,776
1,14/11/21,12:00,26.5,57,0.0,792
1,14/11/21,12:30,26.6,60,0.0,709
1,14/11/21,13:00,26.8,59,0.0,692
1,14/11/21,13:30,26.0,60,0.0,386
1,14/11/21,14:00,25.1,62,0.0,209
1,14/11/21,14:30,24.4,67,0.0,166
1,14/11/21,15:00,24.8,66,0.0,280
1,14/11/21,15:30,24.8,68,0.0,294
1,14/11/21,16:00,23.1,70,0.0,152
1,14/11/21,16:30,22.5,72,0.0,64
1,14/11/21,17:00,22.2,72,0.0,46
1,14/11/21,17:30,22.1,73,0.0,49
1,14/11/21,18:00,21.8,74,0.0,36
1,14/11/21,18:30,21.3,74,0.0,17
1,14/11/21,19:00,21.0,74,0.0,4
1,14/11/21,19:30,20.7,76,0.0,0
1,14/11/21,20:00,20.2,77,0.0,0
1,14/11/21,20:30,19.8,80,0.0,0
1,14/11/21,21:00,18.8,86,0.2,0
1,14/11/21,21:30,18.8,89,0.2,0
1,14/11/21,22:00,18.6,90,0.0,0
1,14/11/21,22:30,18.7,89,0.0,0
1,14/11/21,23:00,18.7,87,0.0,0
1,14/11/21,23:30,19.0,82,0.0,0
1,15/11/21,00:00,19.4,81,0.0,0
1,15/11/21,0:30,19.1,85,0.0,0
1,15/11/21,1:00,19.3,85,0.0,0
1,15/11/21,1:30,19.1,84,0.0,0
1,15/11/21,2:00,19.1,83,0.0,0
1,15/11/21,2:30,19.3,81,0.0,0
1,15/11/21,3:00,19.6,80,0.0,0
1,15/11/21,3:30,19.6,81,0.0,0
1,15/11/21,4:00,19.6,82,0.0,0
1,15/11/21,4:30,19.6,82,0.0,0
1,15/11/21,5:00,19.9,81,0.0,0
1,15/11/21,5:30,19.9,81,0.0,0
1,15/11/21,6:00,19.8,81,0.0,6
1,15/11/21,6:30,20.7,75,0.0,29
1,15/11/21,7:00,20.4,77,0.0,42
1,15/11/21,7:30,19.8,82,0.2,56
1,15/11/21,8:00,19.4,84,0.2,92
1,15/11/21,8:30,20.1,83,0.0,152
1,15/11/21,9:00,21.0,80,0.0,203
1,15/11/21,9:30,21.7,78,0.0,154
1,15/11/21,10:00,22.1,78,0.0,210
1,15/11/21,10:30,23.2,75,0.0,387
1,15/11/21,11:00,23.9,72,0.0,477
1,15/11/21,11:30,25.8,68,0.0,906
1,15/11/21,12:00,26.7,72,0.0,962
1,15/11/21,12:30,28.1,62,0.0,1066
1,15/11/21,13:00,28.8,54,0.0,1014
1,15/11/21,13:30,28.4,60,0.0,925
1,15/11/21,14:00,28.3,56,0.0,635
1,15/11/21,14:30,29.1,55,0.0,646
1,15/11/21,15:00,29.4,55,0.0,831
1,15/11/21,15:30,29.3,53,0.0,715
1,15/11/21,16:00,29.6,50,0.0,503
1,15/11/21,16:30,29.2,56,0.0,483
1,15/11/21,17:00,29.2,58,0.0,286
1,15/11/21,17:30,28.3,62,0.0,256
1,15/11/21,18:00,27.9,63,0.0,148
1,15/11/21,18:30,26.8,65,0.0,70
1,15/11/21,19:00,25.5,67,0.0,21
1,15/11/21,19:30,24.2,68,0.0,2
1,15/11/21,20:00,23.4,69,0.0,0
1,15/11/21,20:30,22.8,70,0.0,0
1,15/11/21,21:00,22.3,72,0.0,0
1,15/11/21,21:30,22.1,74,0.0,0
1,15/11/21,22:00,21.4,76,0.0,0
1,15/11/21,22:30,21.1,77,0.0,0
1,15/11/21,23:00,20.3,81,0.0,0
1,15/11/21,23:30,20.1,82,0.0,0
1,16/11/21,00:00,20.1,82,0.0,0
1,16/11/21,0:30,20.1,80,0.0,0
1,16/11/21,1:00,19.9,80,0.0,0
1,16/11/21,1:30,20.1,77,0.0,0
1,16/11/21,2:00,19.5,79,0.0,0
1,16/11/21,2:30,19.3,80,0.0,0
1,16/11/21,3:00,18.9,82,0.0,0
1,16/11/21,3:30,18.7,83,0.0,0
1,16/11/21,4:00,18.7,85,0.0,0
1,16/11/21,4:30,18.8,86,0.0,0
1,16/11/21,5:00,18.8,86,0.0,0
1,16/11/21,5:30,18.3,87,0.0,0
1,16/11/21,6:00,19.1,86,0.0,22
1,16/11/21,6:30,20.1,83,0.0,153
1,16/11/21,7:00,20.3,83,0.0,131
1,16/11/21,7:30,20.0,84,0.0,65
1,16/11/21,8:00,21.3,78,0.0,125
1,16/11/21,8:30,22.9,75,0.0,521
1,16/11/21,9:00,24.4,73,0.0,639
1,16/11/21,9:30,25.6,73,0.0,727
1,16/11/21,10:00,25.7,73,0.0,503
1,16/11/21,10:30,25.7,74,0.0,327
1,16/11/21,11:00,28.6,68,0.0,1021
1,16/11/21,11:30,28.4,64,0.0,862
1,16/11/21,12:00,28.8,62,0.0,701
1,16/11/21,12:30,28.7,62,0.0,287
1,16/11/21,13:00,26.6,70,0.0,224
1,16/11/21,13:30,25.9,73,0.0,90
1,16/11/21,14:00,18.7,85,19.8,8
1,16/11/21,14:30,18.8,94,42.4,8
1,16/11/21,15:00,19.3,95,23.8,13
1,16/11/21,15:30,18.9,96,15.0,22
1,16/11/21,16:00,18.9,96,5.2,43
1,16/11/21,16:30,19.1,97,0.0,66
1,16/11/21,17:00,19.1,97,0.2,50
1,16/11/21,17:30,19.1,97,0.6,39
1,16/11/21,18:00,18.9,97,1.6,14
1,16/11/21,18:30,18.8,96,0.2,18
1,16/11/21,19:00,18.8,94,0.0,4
1,16/11/21,19:30,19.3,90,0.0,0
1,16/11/21,20:00,19.1,90,0.0,0
1,16/11/21,20:30,18.9,92,0.0,0
1,16/11/21,21:00,18.5,94,0.0,0
1,16/11/21,21:30,18.5,95,0.0,0
1,16/11/21,22:00,18.5,96,0.0,0
1,16/11/21,22:30,18.6,96,0.0,0
1,16/11/21,23:00,18.6,96,0.2,0
1,16/11/21,23:30,18.6,97,0.0,0
1,17/11/21,00:00,18.5,97,0.0,0
1,17/11/21,0:30,18.5,97,0.0,0
1,17/11/21,1:00,14.9,95,0.4,0
1,17/11/21,1:30,14.3,95,0.6,0
1,17/11/21,2:00,14.1,96,0.2,0
1,17/11/21,2:30,13.8,95,0.0,0
1,17/11/21,3:00,13.0,96,0.0,0
1,17/11/21,3:30,12.7,96,0.2,0
1,17/11/21,4:00,11.8,94,0.0,0
1,17/11/21,4:30,11.7,94,0.0,0
1,17/11/21,5:00,11.4,93,0.0,0
1,17/11/21,5:30,11.3,93,0.0,0
1,17/11/21,6:00,11.2,94,0.0,1
1,17/11/21,6:30,10.9,94,0.0,10
1,17/11/21,7:00,11.0,95,0.2,24
1,17/11/21,7:30,10.9,95,0.6,54
1,17/11/21,8:00,11.2,92,0.0,119
1,17/11/21,8:30,11.3,93,0.2,125
1,17/11/21,9:00,11.2,91,0.0,136
1,17/11/21,9:30,11.6,92,0.0,210
1,17/11/21,10:00,11.9,91,0.0,246
1,17/11/21,10:30,12.6,87,0.0,404
1,17/11/21,11:00,12.4,86,0.0,284
1,17/11/21,11:30,12.9,83,0.0,335
1,17/11/21,12:00,13.4,80,0.0,451
1,17/11/21,12:30,13.9,79,0.0,416
1,17/11/21,13:00,14.4,77,0.0,638
1,17/11/21,13:30,15.3,74,0.0,663
1,17/11/21,14:00,16.0,72,0.0,749
1,17/11/21,14:30,17.0,69,0.0,612
1,17/11/21,15:00,17.6,65,0.0,677
1,17/11/21,15:30,17.9,65,0.0,739
1,17/11/21,16:00,17.8,62,0.0,627
1,17/11/21,16:30,18.2,59,0.0,517
1,17/11/21,17:00,18.2,59,0.0,426
1,17/11/21,17:30,18.1,54,0.0,262
1,17/11/21,18:00,17.8,58,0.0,158
1,17/11/21,18:30,17.2,60,0.0,74
1,17/11/21,19:00,15.8,71,0.0,24
1,17/11/21,19:30,14.6,78,0.0,4
1,17/11/21,20:00,13.8,79,0.0,0
1,17/11/21,20:30,13.3,79,0.0,0
1,17/11/21,21:00,12.8,78,0.0,0
1,17/11/21,21:30,12.4,74,0.0,0
1,17/11/21,22:00,12.1,72,0.0,0
1,17/11/21,22:30,11.2,80,0.0,0
1,17/11/21,23:00,10.7,84,0.0,0
1,17/11/21,23:30,9.9,87,0.0,0
1,18/11/21,00:00,9.8,87,0.0,0
1,18/11/21,0:30,9.7,88,0.0,0
1,18/11/21,1:00,9.3,90,0.0,0
1,18/11/21,1:30,9.4,90,0.0,0
1,18/11/21,2:00,8.7,90,0.0,0
1,18/11/21,2:30,9.1,89,0.0,0
1,18/11/21,3:00,9.1,90,0.0,0
1,18/11/21,3:30,9.4,88,0.0,0
1,18/11/21,4:00,9.7,88,0.0,0
1,18/11/21,4:30,9.8,88,0.0,0
1,18/11/21,5:00,9.7,87,0.0,0
1,18/11/21,5:30,9.1,89,0.0,1
1,18/11/21,6:00,8.9,91,0.0,29
1,18/11/21,6:30,9.9,86,0.0,122
1,18/11/21,7:00,10.5,91,0.0,229
1,18/11/21,7:30,13.5,80,0.0,366
1,18/11/21,8:00,14.0,71,0.0,481
1,18/11/21,8:30,14.9,69,0.0,595
1,18/11/21,9:00,15.4,64,0.0,700
1,18/11/21,9:30,16.1,61,0.0,797
1,18/11/21,10:00,16.7,62,0.0,879
1,18/11/21,10:30,17.5,58,0.0,947
1,18/11/21,11:00,18.2,56,0.0,1003
1,18/11/21,11:30,18.6,58,0.0,1040
1,18/11/21,12:00,18.8,53,0.0,1061
1,18/11/21,12:30,19.2,58,0.0,1063
1,18/11/21,13:00,19.7,53,0.0,1048
1,18/11/21,13:30,20.2,61,0.0,1029
1,18/11/21,14:00,20.3,56,0.0,984
1,18/11/21,14:30,20.6,52,0.0,922
1,18/11/21,15:00,21.0,51,0.0,856
1,18/11/21,15:30,21.3,53,0.0,764
1,18/11/21,16:00,21.2,58,0.0,611
1,18/11/21,16:30,21.4,54,0.0,470
1,18/11/21,17:00,21.3,53,0.0,460
1,18/11/21,17:30,20.7,57,0.0,133
1,18/11/21,18:00,20.7,53,0.0,152
1,18/11/21,18:30,20.2,55,0.0,85
1,18/11/21,19:00,19.0,62,0.0,25
1,18/11/21,19:30,17.5,65,0.0,3
1,18/11/21,20:00,16.7,68,0.0,0
1,18/11/21,20:30,15.8,70,0.0,0
1,18/11/21,21:00,15.4,73,0.0,0
1,18/11/21,21:30,14.9,79,0.0,0
1,18/11/21,22:00,14.7,81,0.0,0
1,18/11/21,22:30,14.3,84,0.0,0
1,18/11/21,23:00,13.9,87,0.0,0
1,18/11/21,23:30,13.6,87,0.0,0
1,19/11/21,00:00,13.3,89,0.0,0
1,19/11/21,0:30,13.2,89,0.0,0
1,19/11/21,1:00,13.3,90,0.0,0
1,19/11/21,1:30,13.2,90,0.0,0
1,19/11/21,2:00,13.0,90,0.0,0
1,19/11/21,2:30,12.8,91,0.0,0
1,19/11/21,3:00,12.7,91,0.0,0
1,19/11/21,3:30,12.8,91,0.0,0
1,19/11/21,4:00,12.4,92,0.0,0
1,19/11/21,4:30,12.2,90,0.0,0
1,19/11/21,5:00,11.4,92,0.0,0
1,19/11/21,5:30,11.4,93,0.0,1
1,19/11/21,6:00,12.6,93,0.0,31
1,19/11/21,6:30,13.7,91,0.0,126
1,19/11/21,7:00,14.6,88,0.0,244
1,19/11/21,7:30,15.3,87,0.0,364
1,19/11/21,8:00,16.2,83,0.0,480
1,19/11/21,8:30,17.2,79,0.0,599
1,19/11/21,9:00,18.3,69,0.0,695
1,19/11/21,9:30,19.3,64,0.0,785
1,19/11/21,10:00,19.8,58,0.0,865
1,19/11/21,10:30,20.9,58,0.0,932
1,19/11/21,11:00,21.7,57,0.0,992
1,19/11/21,11:31,22.1,51,0.0,1032
1,19/11/21,12:00,22.3,53,0.0,1051
1,19/11/21,12:30,22.7,53,0.0,1058
1,19/11/21,13:00,23.2,49,0.0,1046
1,19/11/21,13:30,23.6,47,0.0,1018
1,19/11/21,14:00,23.9,45,0.0,975
1,19/11/21,14:30,23.9,46,0.0,919
1,19/11/21,15:00,24.4,44,0.0,844
1,19/11/21,15:30,24.6,46,0.0,759
1,19/11/21,16:00,24.9,44,0.0,663
1,19/11/21,16:30,25.1,43,0.0,577
1,19/11/21,17:00,24.7,45,0.0,466
1,19/11/21,17:30,24.6,43,0.0,276
1,19/11/21,18:00,24.3,44,0.0,168
1,19/11/21,18:30,24.0,46,0.0,76
1,19/11/21,19:00,22.6,53,0.0,23
1,19/11/21,19:30,21.1,55,0.0,3
1,19/11/21,20:00,19.9,60,0.0,0
1,19/11/21,20:30,19.7,60,0.0,0
1,19/11/21,21:00,18.7,66,0.0,0
1,19/11/21,21:30,17.6,71,0.0,0
1,19/11/21,22:00,17.3,70,0.0,0
1,19/11/21,22:30,16.7,72,0.0,0
1,19/11/21,23:00,16.3,73,0.0,0
1,19/11/21,23:30,15.7,74,0.0,0
1,20/11/21,00:00,15.3,75,0.0,0
1,20/11/21,0:30,15.2,76,0.0,0
1,20/11/21,1:00,15.1,77,0.0,0
1,20/11/21,1:30,14.9,79,0.0,0
1,20/11/21,2:00,14.6,82,0.0,0
1,20/11/21,2:30,14.6,83,0.0,0
1,20/11/21,3:00,14.2,84,0.0,0
1,20/11/21,3:30,14.0,86,0.0,0
1,20/11/21,4:00,13.7,87,0.0,0
1,20/11/21,4:30,13.7,86,0.0,0
1,20/11/21,5:00,13.8,82,0.0,0
1,20/11/21,5:30,13.7,83,0.0,1
1,20/11/21,6:00,14.0,81,0.0,26
1,20/11/21,6:30,14.6,80,0.0,112
1,20/11/21,7:00,15.6,80,0.0,235
1,20/11/21,7:30,16.4,78,0.0,353
1,20/11/21,8:00,17.3,77,0.0,467
1,20/11/21,8:30,18.5,75,0.0,576
1,20/11/21,9:00,19.7,73,0.0,678
1,20/11/21,9:30,21.1,64,0.0,774
1,20/11/21,10:00,22.5,62,0.0,857
1,20/11/21,10:30,23.9,60,0.0,925
1,20/11/21,11:00,25.1,51,0.0,982
1,20/11/21,11:30,25.3,50,0.0,1021
1,20/11/21,12:00,25.9,39,0.0,1045
1,20/11/21,12:30,26.3,42,0.0,1050
1,20/11/21,13:00,26.7,45,0.0,1040
1,20/11/21,13:30,27.2,39,0.0,1017
1,20/11/21,14:00,27.2,40,0.0,980
1,20/11/21,14:30,27.7,42,0.0,949
1,20/11/21,15:00,27.9,39,0.0,653
1,20/11/21,15:30,28.3,37,0.0,759
1,20/11/21,16:00,28.3,37,0.0,652
1,20/11/21,16:30,28.3,37,0.0,543
1,20/11/21,17:00,28.4,39,0.0,424
1,20/11/21,17:30,28.2,37,0.0,256
1,20/11/21,18:00,27.9,40,0.0,159
1,20/11/21,18:30,26.6,45,0.0,78
1,20/11/21,19:00,25.4,51,0.0,26
1,20/11/21,19:30,24.0,50,0.0,4
1,20/11/21,20:00,24.6,47,0.0,0
1,20/11/21,20:30,24.7,47,0.0,0
1,20/11/21,21:00,24.3,51,0.0,0
1,20/11/21,21:30,24.3,49,0.0,0
1,20/11/21,22:00,23.7,53,0.0,0
1,20/11/21,22:30,22.9,55,0.0,0
1,20/11/21,23:00,21.6,59,0.0,0
1,20/11/21,23:30,22.1,59,0.0,0
1,21/11/21,00:00,21.8,55,0.0,0
1,21/11/21,0:30,21.6,57,0.0,0
1,21/11/21,1:00,19.3,67,0.0,0
1,21/11/21,1:30,20.1,61,0.0,0
1,21/11/21,2:00,20.7,54,0.0,0
1,21/11/21,2:30,19.9,56,0.0,0
1,21/11/21,3:00,19.2,60,0.0,0
1,21/11/21,3:30,19.2,59,0.0,0
1,21/11/21,4:00,19.8,54,0.0,0
1,21/11/21,4:30,19.6,54,0.0,0
1,21/11/21,5:00,19.6,54,0.0,0
1,21/11/21,5:30,19.3,54,0.0,1
1,21/11/21,6:00,19.6,56,0.0,26
1,21/11/21,6:30,20.2,53,0.0,108
1,21/11/21,7:00,20.7,55,0.0,227
1,21/11/21,7:30,21.7,54,0.0,341
1,21/11/21,8:00,22.9,52,0.0,458
1,21/11/21,8:30,24.4,52,0.0,569
1,21/11/21,9:00,25.6,44,0.0,673
1,21/11/21,9:30,26.3,46,0.0,766
1,21/11/21,10:00,27.0,46,0.0,846
1,21/11/21,10:30,27.8,43,0.0,917
1,21/11/21,11:00,28.3,47,0.0,973
1,21/11/21,11:30,28.8,46,0.0,1011
1,21/11/21,12:00,28.8,46,0.0,1035
1,21/11/21,12:30,29.6,42,0.0,1044
1,21/11/21,13:00,29.8,45,0.0,1060
1,21/11/21,13:30,29.9,38,0.0,1018
1,21/11/21,14:00,30.1,38,0.0,842
1,21/11/21,14:30,30.6,36,0.0,920
1,21/11/21,15:00,30.3,39,0.0,857
1,21/11/21,15:30,30.7,35,0.0,759
1,21/11/21,16:00,30.9,38,0.0,658
1,21/11/21,16:30,30.9,40,0.0,555
1,21/11/21,17:00,31.1,34,0.0,426
1,21/11/21,17:30,31.3,34,0.0,254
1,21/11/21,18:00,30.9,35,0.0,160
1,21/11/21,18:30,29.8,43,0.0,80
1,21/11/21,19:00,28.1,45,0.0,27
1,21/11/21,19:30,27.2,49,0.0,5
1,21/11/21,20:00,26.9,45,0.0,0
1,21/11/21,20:30,26.2,47,0.0,0
1,21/11/21,21:00,25.8,50,0.0,0
1,21/11/21,21:30,25.7,53,0.0,0
1,21/11/21,22:00,25.3,51,0.0,0
1,21/11/21,22:30,25.2,49,0.0,0
1,21/11/21,23:00,25.2,49,0.0,0
1,21/11/21,23:30,20.2,69,0.0,0
1,22/11/21,00:00,22.1,58,0.0,0
1,22/11/21,0:30,23.4,54,0.0,0
1,22/11/21,1:00,23.8,53,0.0,0
1,22/11/21,1:30,22.9,57,0.0,0
1,22/11/21,2:00,22.8,59,0.0,0
1,22/11/21,2:30,22.4,60,0.0,0
1,22/11/21,3:00,21.6,62,0.0,0
1,22/11/21,3:30,21.6,63,0.0,0
1,22/11/21,4:00,21.6,61,0.0,0
1,22/11/21,4:30,22.3,58,0.0,0
1,22/11/21,5:00,19.7,66,0.0,0
1,22/11/21,5:30,20.6,65,0.0,1
1,22/11/21,6:00,19.8,67,0.0,28
1,22/11/21,6:30,20.3,68,0.0,115
1,22/11/21,7:00,22.1,60,0.0,239
1,22/11/21,7:30,22.9,57,0.0,356
1,22/11/21,8:00,23.6,58,0.0,471
1,22/11/21,8:30,24.6,58,0.0,581
1,22/11/21,9:00,25.8,56,0.0,687
1,22/11/21,9:30,27.5,50,0.0,782
1,22/11/21,10:00,28.9,48,0.0,864
1,22/11/21,10:30,29.2,44,0.0,933
1,22/11/21,11:00,29.7,46,0.0,986
1,22/11/21,11:30,30.1,38,0.0,1023
1,22/11/21,12:00,30.9,36,0.0,1043
1,22/11/21,12:30,31.4,38,0.0,1050
1,22/11/21,13:00,31.7,37,0.0,1040
1,22/11/21,13:30,31.7,39,0.0,1010
1,22/11/21,14:00,32.4,35,0.0,967
1,22/11/21,14:30,32.5,33,0.0,914
1,22/11/21,15:00,32.7,35,0.0,837
1,22/11/21,15:30,32.7,34,0.0,752
1,22/11/21,16:00,32.7,36,0.0,663
1,22/11/21,16:30,32.6,35,0.0,553
1,22/11/21,17:00,31.4,41,0.0,292
1,22/11/21,17:30,30.8,49,0.0,170
1,22/11/21,18:00,30.5,48,0.0,186
1,22/11/21,18:30,30.3,52,0.0,90
1,22/11/21,19:00,29.2,52,0.0,41
1,22/11/21,19:30,27.7,54,0.0,5
1,22/11/21,20:00,27.9,52,0.0,0
1,22/11/21,20:30,26.7,55,0.0,0
1,22/11/21,21:00,25.4,61,0.0,0
1,22/11/21,21:30,25.8,56,0.0,0
1,22/11/21,22:00,24.8,59,0.0,0
1,22/11/21,22:30,25.1,57,0.0,0
1,22/11/21,23:00,24.8,58,0.0,0
1,22/11/21,23:30,25.0,58,0.0,0
1,23/11/21,00:00,24.1,62,0.0,0
1,23/11/21,0:30,21.5,65,0.0,0
1,23/11/21,1:00,20.3,69,0.0,0
1,23/11/21,1:30,19.4,71,0.0,0
1,23/11/21,2:00,18.8,71,0.0,0
1,23/11/21,2:30,18.2,73,0.0,0
1,23/11/21,3:00,17.3,66,0.0,0
1,23/11/21,3:30,16.7,65,0.0,0
1,23/11/21,4:00,15.9,70,0.0,0
1,23/11/21,4:30,15.4,72,0.0,0
1,23/11/21,5:00,14.9,74,0.0,0
1,23/11/21,5:30,14.4,76,0.0,1
1,23/11/21,6:00,14.5,77,0.0,28
1,23/11/21,6:30,15.3,76,0.0,116
1,23/11/21,7:00,15.6,77,0.0,231
1,23/11/21,7:30,15.9,75,0.0,311
1,23/11/21,8:00,16.2,73,0.0,437
1,23/11/21,8:30,16.8,71,0.0,507
1,23/11/21,9:00,17.3,68,0.0,737
1,23/11/21,9:30,17.7,66,0.0,720
1,23/11/21,10:00,18.6,62,0.0,860
1,23/11/21,10:30,19.1,60,0.0,883
1,23/11/21,11:00,19.6,62,0.0,844
1,23/11/21,11:30,19.8,56,0.0,995
1,23/11/21,12:00,20.4,51,0.0,950
1,23/11/21,12:30,21.2,54,0.0,1097
1,23/11/21,13:00,21.6,48,0.0,1027
1,23/11/21,13:30,22.0,45,0.0,1014
1,23/11/21,14:00,22.3,46,0.0,955
1,23/11/21,14:30,22.9,44,0.0,929
1,23/11/21,15:00,23.3,41,0.0,867
1,23/11/21,15:30,23.3,42,0.0,783
1,23/11/21,16:00,23.4,42,0.0,687
1,23/11/21,16:30,23.4,40,0.0,579
1,23/11/21,17:00,23.2,38,0.0,445
1,23/11/21,17:30,22.9,41,0.0,267
1,23/11/21,18:00,22.4,42,0.0,174
1,23/11/21,18:30,21.6,43,0.0,85
1,23/11/21,19:00,20.1,45,0.0,27
1,23/11/21,19:30,18.3,51,0.0,5
1,23/11/21,20:00,17.3,59,0.0,0
1,23/11/21,20:30,16.4,66,0.0,0
1,23/11/21,21:00,15.6,71,0.0,0
1,23/11/21,21:30,14.9,77,0.0,0
1,23/11/21,22:00,14.2,81,0.0,0
1,23/11/21,22:30,13.9,83,0.0,0
1,23/11/21,23:00,13.7,86,0.0,0
1,23/11/21,23:30,13.2,87,0.0,0
1,24/11/21,00:00,13.0,86,0.0,0
1,24/11/21,0:30,12.9,88,0.0,0
1,24/11/21,1:00,12.2,89,0.0,0
1,24/11/21,1:30,11.9,92,0.0,0
1,24/11/21,2:00,11.5,92,0.0,0
1,24/11/21,2:30,11.8,93,0.0,0
1,24/11/21,3:00,11.6,93,0.0,0
1,24/11/21,3:30,11.7,93,0.0,0
1,24/11/21,4:00,11.7,93,0.0,0
1,24/11/21,4:30,11.6,93,0.0,0
1,24/11/21,5:00,11.5,93,0.0,0
1,24/11/21,5:30,11.3,94,0.0,2
1,24/11/21,6:00,11.5,94,0.0,36
1,24/11/21,6:30,12.6,93,0.0,130
1,24/11/21,7:00,13.6,90,0.0,249
1,24/11/21,7:30,14.3,87,0.0,370
1,24/11/21,8:00,15.4,84,0.0,489
1,24/11/21,8:30,16.6,76,0.0,602
1,24/11/21,9:00,17.8,71,0.0,707
1,24/11/21,9:30,19.3,64,0.0,803
1,24/11/21,10:00,21.2,49,0.0,888
1,24/11/21,10:30,22.5,48,0.0,960
1,24/11/21,11:00,23.9,43,0.0,1014
1,24/11/21,11:30,24.8,37,0.0,1053
1,24/11/21,12:00,25.6,36,0.0,1077
1,24/11/21,12:30,26.5,31,0.0,1082
1,24/11/21,13:00,26.8,29,0.0,1070
1,24/11/21,13:30,27.6,30,0.0,1045
1,24/11/21,14:00,27.9,31,0.0,1002
1,24/11/21,14:30,28.3,31,0.0,940
1,24/11/21,15:00,28.3,29,0.0,864
1,24/11/21,15:30,28.6,27,0.0,779
1,24/11/21,16:00,28.8,29,0.0,682
1,24/11/21,16:30,28.7,30,0.0,573
1,24/11/21,17:00,28.3,31,0.0,433
1,24/11/21,17:30,28.2,35,0.0,263
1,24/11/21,18:00,27.6,33,0.0,175
1,24/11/21,18:30,26.8,38,0.0,86
1,24/11/21,19:00,25.3,40,0.0,29
1,24/11/21,19:30,23.3,47,0.0,5
1,24/11/21,20:00,22.3,46,0.0,0
1,24/11/21,20:30,21.4,48,0.0,0
1,24/11/21,21:00,20.8,53,0.0,0
1,24/11/21,21:30,19.6,57,0.0,0
1,24/11/21,22:00,19.0,61,0.0,0
1,24/11/21,22:30,18.6,61,0.0,0
1,24/11/21,23:00,18.4,61,0.0,0
1,24/11/21,23:30,18.4,57,0.0,0
1,25/11/21,00:00,17.1,63,0.0,0
1,25/11/21,0:30,17.0,63,0.0,0
1,25/11/21,1:00,16.7,66,0.0,0
1,25/11/21,1:30,16.0,73,0.0,0
1,25/11/21,2:00,15.7,76,0.0,0
1,25/11/21,2:30,15.7,80,0.0,0
1,25/11/21,3:00,15.1,81,0.0,0
1,25/11/21,3:30,15.2,83,0.0,0
1,25/11/21,4:00,14.6,88,0.0,0
1,25/11/21,4:30,14.3,91,0.0,0
1,25/11/21,5:00,14.7,91,0.0,0
1,25/11/21,5:30,14.7,91,0.0,2
1,25/11/21,6:00,15.1,87,0.0,33
1,25/11/21,6:30,16.5,82,0.0,143
1,25/11/21,7:00,17.4,78,0.0,259
1,25/11/21,7:30,18.8,74,0.0,316
1,25/11/21,8:00,20.6,70,0.0,433
1,25/11/21,8:30,21.2,69,0.0,535
1,25/11/21,9:00,22.1,69,0.0,508
1,25/11/21,9:30,23.7,66,0.0,707
1,25/11/21,10:00,24.4,66,0.0,712
1,25/11/21,10:30,25.5,65,0.0,648
1,25/11/21,11:00,25.4,65,0.0,714
1,25/11/21,11:30,25.3,67,0.0,548
1,25/11/21,12:00,25.4,68,0.0,419
1,25/11/21,12:30,23.7,58,0.0,380
1,25/11/21,13:00,21.9,61,0.0,247
1,25/11/21,13:30,21.8,60,0.0,162
1,25/11/21,14:00,17.2,88,1.8,44
1,25/11/21,14:30,17.0,92,1.4,76
1,25/11/21,15:00,17.0,92,1.0,62
1,25/11/21,15:30,17.9,95,2.2,69
1,25/11/21,16:00,19.1,92,0.0,164
1,25/11/21,16:30,20.2,90,0.0,168
1,25/11/21,17:00,20.2,90,0.0,192
1,25/11/21,17:30,20.5,91,0.0,179
1,25/11/21,18:00,21.3,89,0.0,220
1,25/11/21,18:30,20.9,91,0.0,74
1,25/11/21,19:00,21.1,91,0.0,2
1,25/11/21,19:30,20.5,94,0.2,0
1,25/11/21,20:00,20.3,95,0.0,0
1,25/11/21,20:30,20.2,96,0.0,0
1,25/11/21,21:00,20.1,96,0.0,0
1,25/11/21,21:30,20.2,97,0.0,0
1,25/11/21,22:00,20.1,96,0.0,0
1,25/11/21,22:30,20.1,97,0.0,0
1,25/11/21,23:00,20.0,97,0.2,0
1,25/11/21,23:30,19.7,97,2.0,0
1,26/11/21,00:00,18.8,94,0.0,0
1,26/11/21,0:30,18.8,93,0.0,0
1,26/11/21,1:00,18.6,95,0.0,0
1,26/11/21,1:30,18.4,96,0.0,0
1,26/11/21,2:00,18.3,97,0.2,0
1,26/11/21,2:30,18.2,97,3.0,0
1,26/11/21,3:00,18.3,98,1.4,0
1,26/11/21,3:30,18.3,98,0.8,0
1,26/11/21,4:00,18.3,98,0.0,0
1,26/11/21,4:30,18.3,98,0.2,0
1,26/11/21,5:00,18.3,98,0.0,0
1,26/11/21,5:30,18.3,98,0.0,0
1,26/11/21,6:00,18.4,98,0.0,4
1,26/11/21,6:30,18.7,99,0.0,24
1,26/11/21,7:00,18.1,98,0.0,38
1,26/11/21,7:30,17.9,99,0.0,36
1,26/11/21,8:00,17.8,98,0.2,43
1,26/11/21,8:30,18.1,99,0.2,77
1,26/11/21,9:00,18.4,99,0.6,128
1,26/11/21,9:30,18.6,99,0.4,138
1,26/11/21,10:00,19.1,99,0.0,202
1,26/11/21,10:30,18.3,98,0.0,146
1,26/11/21,11:00,18.6,98,0.0,159
1,26/11/21,11:30,19.3,96,0.2,277
1,26/11/21,12:00,19.6,96,0.0,279
1,26/11/21,12:30,20.4,93,0.0,312
1,26/11/21,13:00,19.6,95,0.0,172
1,26/11/21,13:30,20.2,92,0.0,263
1,26/11/21,14:00,21.1,90,0.0,290
1,26/11/21,14:30,20.3,93,0.2,174
1,26/11/21,15:00,20.8,90,0.0,306
1,26/11/21,15:30,20.5,90,0.0,290
1,26/11/21,16:00,20.8,88,0.0,309
1,26/11/21,16:30,21.1,85,0.0,344
1,26/11/21,17:00,21.8,83,0.0,341
1,26/11/21,17:30,21.3,84,0.0,174
1,26/11/21,18:00,19.8,91,0.2,51
1,26/11/21,18:30,19.1,93,0.8,29
1,26/11/21,19:00,18.9,93,0.0,18
1,26/11/21,19:30,18.9,93,0.0,5
1,26/11/21,20:00,18.8,93,0.0,0
1,26/11/21,20:30,19.1,92,0.0,0
1,26/11/21,21:00,19.1,91,0.0,0
1,26/11/21,21:30,18.8,92,0.0,0
1,26/11/21,22:00,18.7,91,0.0,0
1,26/11/21,22:30,18.5,92,0.0,0
1,26/11/21,23:00,18.2,93,0.0,0
1,26/11/21,23:30,18.3,92,0.0,0
1,27/11/21,00:00,18.3,92,0.0,0
1,27/11/21,0:30,18.4,92,0.0,0
1,27/11/21,1:00,17.9,94,0.0,0
1,27/11/21,1:30,17.9,95,0.0,0
1,27/11/21,2:00,17.9,95,0.0,0
1,27/11/21,2:30,18.1,94,0.0,0
1,27/11/21,3:00,17.8,96,0.0,0
1,27/11/21,3:30,17.8,96,0.4,0
1,27/11/21,4:00,17.8,94,0.2,0
1,27/11/21,4:30,17.7,95,0.0,0
1,27/11/21,5:00,17.7,95,0.0,0
1,27/11/21,5:30,17.7,94,0.0,0
1,27/11/21,6:00,17.7,95,0.0,16
1,27/11/21,6:30,17.8,96,0.0,42
1,27/11/21,7:00,18.2,95,0.0,110
1,27/11/21,7:30,18.5,94,0.0,159
1,27/11/21,8:00,19.0,93,0.0,245
1,27/11/21,8:30,19.8,92,0.0,490
1,27/11/21,9:00,19.9,91,0.0,367
1,27/11/21,9:30,20.3,91,0.0,389
1,27/11/21,10:00,20.9,88,0.0,490
1,27/11/21,10:30,21.4,87,0.0,484
1,27/11/21,11:00,21.7,84,0.0,432
1,27/11/21,11:30,22.1,89,0.0,567
1,27/11/21,12:00,21.9,84,0.0,377
1,27/11/21,12:30,22.9,80,0.0,595
1,27/11/21,13:00,22.6,79,0.0,434
1,27/11/21,13:30,22.7,80,0.0,457
1,27/11/21,14:00,22.3,79,0.0,412
1,27/11/21,14:30,23.3,79,0.0,459
1,27/11/21,15:00,23.1,79,0.0,420
1,27/11/21,15:30,23.4,77,0.0,462
1,27/11/21,16:00,23.0,78,0.0,362
1,27/11/21,16:30,23.2,77,0.0,307
1,27/11/21,17:00,23.4,75,0.0,288
1,27/11/21,17:30,22.9,79,0.0,274
1,27/11/21,18:00,21.9,82,0.0,100
1,27/11/21,18:30,21.4,83,0.0,38
1,27/11/21,19:00,21.1,85,0.0,33
1,27/11/21,19:30,20.7,86,0.0,6
1,27/11/21,20:00,20.2,88,0.0,0
1,27/11/21,20:30,19.7,89,0.0,0
1,27/11/21,21:00,19.2,89,0.0,0
1,27/11/21,21:30,18.9,91,0.0,0
1,27/11/21,22:00,18.7,91,0.0,0
1,27/11/21,22:30,18.9,91,0.0,0
1,27/11/21,23:00,18.8,91,0.0,0
1,27/11/21,23:30,18.7,92,0.0,0
1,28/11/21,00:00,18.6,92,0.0,0
1,28/11/21,0:30,18.5,92,0.0,0
1,28/11/21,1:00,18.6,92,0.0,0
1,28/11/21,1:30,18.4,92,0.0,0
1,28/11/21,2:00,18.1,93,0.0,0
1,28/11/21,2:30,18.2,93,0.0,0
1,28/11/21,3:00,18.1,93,0.0,0
1,28/11/21,3:30,18.0,92,0.0,0
1,28/11/21,4:00,18.1,93,0.0,0
1,28/11/21,4:30,18.1,93,0.0,0
1,28/11/21,5:00,17.9,93,0.0,0
1,28/11/21,5:30,17.9,93,0.0,0
1,28/11/21,6:00,17.8,93,0.0,11
1,28/11/21,6:30,18.1,93,0.0,35
1,28/11/21,7:00,18.2,92,0.0,78
1,28/11/21,7:30,18.6,93,0.0,54
1,28/11/21,8:00,18.8,93,0.0,49
1,28/11/21,8:30,19.2,92,0.0,123
1,28/11/21,9:00,19.8,90,0.0,270
1,28/11/21,9:30,20.0,89,0.0,261
1,28/11/21,10:00,20.3,88,0.0,179
1,28/11/21,10:30,20.4,88,0.0,140
1,28/11/21,11:00,20.8,87,0.0,255
1,28/11/21,11:30,21.2,84,0.0,328
1,28/11/21,12:00,21.5,84,0.0,338
1,28/11/21,12:30,21.4,83,0.0,238
1,28/11/21,13:00,21.3,83,0.0,205
1,28/11/21,13:30,21.2,84,0.0,228
1,28/11/21,14:00,21.3,84,0.0,238
1,28/11/21,14:30,21.4,85,0.0,204
1,28/11/21,15:00,21.7,85,0.0,245
1,28/11/21,15:30,21.8,85,0.0,227
1,28/11/21,16:00,21.4,85,0.0,156
1,28/11/21,16:30,21.5,86,0.0,89
1,28/11/21,17:00,21.8,85,0.0,117
1,28/11/21,17:30,21.4,87,0.0,43
1,28/11/21,18:00,21.0,90,0.0,22
1,28/11/21,18:30,20.7,89,0.0,22
1,28/11/21,19:00,20.7,87,0.0,20
1,28/11/21,19:30,20.4,85,0.0,4
1,28/11/21,20:00,19.4,90,0.0,0
1,28/11/21,20:30,18.7,93,0.0,0
1,28/11/21,21:00,18.4,96,0.4,0
1,28/11/21,21:30,18.6,96,0.0,0
1,28/11/21,22:00,18.7,96,0.0,0
1,28/11/21,22:30,18.8,96,0.0,0
1,28/11/21,23:00,18.2,95,0.6,0
1,28/11/21,23:30,18.1,95,0.0,0
1,29/11/21,00:00,17.8,95,0.0,0
1,29/11/21,0:30,17.5,95,0.0,0
1,29/11/21,1:00,17.3,95,0.0,0
1,29/11/21,1:30,17.1,95,0.0,0
1,29/11/21,2:00,16.6,94,0.0,0
1,29/11/21,2:30,16.2,94,0.0,0
1,29/11/21,3:00,15.9,94,0.0,0
1,29/11/21,3:30,16.2,93,0.0,0
1,29/11/21,4:00,15.9,92,0.0,0
1,29/11/21,4:30,15.5,91,0.0,0
1,29/11/21,5:00,15.4,91,0.0,0
1,29/11/21,5:30,15.3,89,0.0,0
1,29/11/21,6:00,15.2,91,0.0,6
1,29/11/21,6:30,15.2,91,0.0,45
1,29/11/21,7:00,15.3,90,0.0,63
1,29/11/21,7:30,14.7,95,0.0,60
1,29/11/21,8:00,14.9,96,0.0,78
1,29/11/21,8:30,15.3,96,0.2,83
1,29/11/21,9:00,16.2,95,0.0,110
1,29/11/21,9:30,16.6,97,0.0,167
1,29/11/21,10:00,17.0,97,0.6,239
1,29/11/21,10:30,17.6,97,0.6,270
1,29/11/21,11:00,17.4,97,1.2,195
1,29/11/21,11:30,17.8,98,0.4,245
1,29/11/21,12:00,18.3,98,1.6,252
1,29/11/21,12:30,19.0,92,0.8,542
1,29/11/21,13:00,19.3,95,2.8,474
1,29/11/21,13:30,21.7,78,0.0,1148
1,29/11/21,14:00,21.6,75,0.0,725
1,29/11/21,14:30,23.0,67,0.0,724
1,29/11/21,15:00,23.2,65,0.0,451
1,29/11/21,15:30,22.7,64,0.0,375
1,29/11/21,16:00,22.9,66,0.0,349
1,29/11/21,16:30,23.5,62,0.0,436
1,29/11/21,17:00,22.3,63,0.0,222
1,29/11/21,17:30,21.8,65,0.0,95
1,29/11/21,18:00,21.6,67,0.0,59
1,29/11/21,18:30,21.2,68,0.0,53
1,29/11/21,19:00,20.3,74,0.0,20
1,29/11/21,19:30,18.1,86,0.0,2
1,29/11/21,20:00,17.3,91,0.0,0
1,29/11/21,20:30,17.5,91,0.0,0
1,29/11/21,21:00,17.5,91,0.0,0
1,29/11/21,21:30,17.0,94,0.0,0
1,29/11/21,22:00,17.2,93,0.0,0
1,29/11/21,22:30,17.3,93,0.2,0
1,29/11/21,23:00,17.3,93,0.0,0
1,29/11/21,23:30,17.3,92,0.0,0
1,30/11/21,00:00,17.2,92,0.0,0
1,30/11/21,0:30,16.9,93,0.0,0
1,30/11/21,1:00,16.7,94,0.0,0
1,30/11/21,1:30,16.8,93,0.0,0
1,30/11/21,2:00,16.8,93,0.0,0
1,30/11/21,2:30,16.6,92,0.0,0
1,30/11/21,3:00,16.4,91,0.0,0
1,30/11/21,3:30,16.4,91,0.0,0
1,30/11/21,4:00,16.2,92,0.0,0
1,30/11/21,4:30,16.2,93,0.0,0
1,30/11/21,5:00,15.9,93,0.0,0
1,30/11/21,5:30,15.7,95,0.0,0
1,30/11/21,6:00,15.9,95,0.0,5
1,30/11/21,6:30,16.0,93,0.0,17
1,30/11/21,7:00,15.8,93,0.0,40
1,30/11/21,7:30,15.8,93,0.0,60
1,30/11/21,8:00,15.3,94,0.0,78
1,30/11/21,8:30,15.8,93,0.0,216
1,30/11/21,9:00,16.1,92,0.0,246
1,30/11/21,9:30,16.8,88,0.0,270
1,30/11/21,10:00,17.0,88,0.0,314
1,30/11/21,10:30,17.4,86,0.0,265
1,30/11/21,11:00,17.9,84,0.0,353
1,30/11/21,11:30,18.0,86,0.0,286
1,30/11/21,12:00,18.3,84,0.0,313
1,30/11/21,12:30,19.5,79,0.0,429
1,30/11/21,13:00,20.3,76,0.0,562
1,30/11/21,13:30,20.9,72,0.0,519
1,30/11/21,14:00,22.1,75,0.0,475
1,30/11/21,14:30,22.6,65,0.0,521
1,30/11/21,15:00,23.4,61,0.0,797
1,30/11/21,15:30,22.9,59,0.0,831
1,30/11/21,16:00,23.8,56,0.0,704
1,30/11/21,16:30,23.7,56,0.0,513
1,30/11/21,17:00,23.8,58,0.0,410
1,30/11/21,17:30,22.8,57,0.0,259
1,30/11/21,18:00,22.8,60,0.0,104
1,30/11/21,18:30,22.6,62,0.0,107
1,30/11/21,19:00,21.2,68,0.0,37
1,30/11/21,19:30,20.1,72,0.0,7
1,30/11/21,20:00,19.1,76,0.0,0
1,30/11/21,20:30,18.8,79,0.0,0
1,30/11/21,21:00,18.3,82,0.0,0
1,30/11/21,21:30,17.5,86,0.0,0
1,30/11/21,22:00,17.3,87,0.0,0
1,30/11/21,22:30,17.2,87,0.0,0
1,30/11/21,23:00,16.9,89,0.0,0
1,30/11/21,23:30,16.4,90,0.0,0
1,01/12/21,00:00,16.4,91,0.0,0
1,01/12/21,0:30,16.1,92,0.0,0
1,01/12/21,1:00,15.7,92,0.0,0
1,01/12/21,1:30,15.4,93,0.0,0
1,01/12/21,2:00,15.5,92,0.0,0
1,01/12/21,2:30,15.6,93,0.0,0
1,01/12/21,3:00,15.6,92,0.0,0
1,01/12/21,3:30,15.4,92,0.0,0
1,01/12/21,4:00,15.6,91,0.0,0
1,01/12/21,4:30,15.5,92,0.0,0
1,01/12/21,5:00,15.4,92,0.0,0
1,01/12/21,5:30,15.5,92,0.0,1
1,01/12/21,6:00,15.6,93,0.0,28
1,01/12/21,6:30,16.7,90,0.0,163
1,01/12/21,7:00,16.7,89,0.0,203
1,01/12/21,7:30,17.1,89,0.0,178
1,01/12/21,8:00,17.6,85,0.0,202
1,01/12/21,8:30,17.9,83,0.0,244
1,01/12/21,9:00,18.4,79,0.0,226
1,01/12/21,9:30,18.6,81,0.0,352
1,01/12/21,10:00,18.7,81,0.0,383
1,01/12/21,10:30,18.7,79,0.0,375
1,01/12/21,11:00,19.3,78,0.0,354
1,01/12/21,11:30,18.8,82,0.0,364
1,01/12/21,12:00,19.7,78,0.0,448
1,01/12/21,12:30,18.9,84,0.0,309
1,01/12/21,13:00,20.7,75,0.0,767
1,01/12/21,13:30,20.8,71,0.0,699
1,01/12/21,14:00,21.9,70,0.0,965
1,01/12/21,14:30,21.7,67,0.0,878
1,01/12/21,15:00,21.9,68,0.0,428
1,01/12/21,15:30,21.9,67,0.0,701
1,01/12/21,16:00,21.4,67,0.0,489
1,01/12/21,16:30,21.4,67,0.0,476
1,01/12/21,17:00,20.7,70,0.0,228
1,01/12/21,17:30,20.3,70,0.0,171
1,01/12/21,18:00,19.8,71,0.0,151
1,01/12/21,18:30,19.1,75,0.0,66
1,01/12/21,19:00,18.5,76,0.0,43
1,01/12/21,19:30,17.8,76,0.0,7
1,01/12/21,20:00,17.2,77,0.0,0
1,01/12/21,20:30,16.4,78,0.0,0
1,01/12/21,21:00,16.1,78,0.0,0
1,01/12/21,21:30,15.5,81,0.0,0
1,01/12/21,22:00,15.2,82,0.0,0
1,01/12/21,22:30,14.8,84,0.0,0
1,01/12/21,23:00,14.6,85,0.0,0
1,01/12/21,23:30,14.3,87,0.0,0
1,02/12/21,00:00,14.1,88,0.0,0
1,02/12/21,0:30,13.9,89,0.0,0
1,02/12/21,1:00,13.8,89,0.0,0
1,02/12/21,1:30,13.6,89,0.0,0
1,02/12/21,2:00,13.6,90,0.0,0
1,02/12/21,2:30,13.4,90,0.0,0
1,02/12/21,3:00,13.3,90,0.0,0
1,02/12/21,3:30,13.3,91,0.0,0
1,02/12/21,4:00,13.1,91,0.0,0
1,02/12/21,4:30,12.8,91,0.0,0
1,02/12/21,5:00,12.8,92,0.0,0
1,02/12/21,5:30,12.5,92,0.0,2
1,02/12/21,6:00,13.1,91,0.0,30
1,02/12/21,6:30,14.0,88,0.0,114
1,02/12/21,7:00,15.4,83,0.0,238
1,02/12/21,7:30,16.2,81,0.0,352
1,02/12/21,8:00,16.8,79,0.0,466
1,02/12/21,8:30,17.2,79,0.0,479
1,02/12/21,9:00,17.6,76,0.0,687
1,02/12/21,9:30,18.1,70,0.0,805
1,02/12/21,10:00,18.1,72,0.0,536
1,02/12/21,10:30,19.4,67,0.0,864
1,02/12/21,11:00,19.9,63,0.0,1017
1,02/12/21,11:30,20.7,64,0.0,1131
1,02/12/21,12:00,21.1,61,0.0,1012
1,02/12/21,12:30,21.4,64,0.0,1082
1,02/12/21,13:00,22.1,55,0.0,1145
1,02/12/21,13:30,22.3,56,0.0,1166
1,02/12/21,14:00,22.7,54,0.0,995
1,02/12/21,14:30,22.6,51,0.0,856
1,02/12/21,15:00,22.9,53,0.0,842
1,02/12/21,15:30,22.8,54,0.0,364
1,02/12/21,16:00,22.9,59,0.0,580
1,02/12/21,16:30,21.8,62,0.0,404
1,02/12/21,17:00,22.2,61,0.0,390
1,02/12/21,17:30,21.6,62,0.0,386
1,02/12/21,18:00,21.0,64,0.0,187
1,02/12/21,18:30,20.1,66,0.0,109
1,02/12/21,19:00,19.1,68,0.0,43
1,02/12/21,19:30,18.0,71,0.0,10
1,02/12/21,20:00,17.3,75,0.0,0
1,02/12/21,20:30,16.7,77,0.0,0
1,02/12/21,21:00,16.2,80,0.0,0
1,02/12/21,21:30,15.8,83,0.0,0
1,02/12/21,22:00,15.4,86,0.0,0
1,02/12/21,22:30,15.3,87,0.0,0
1,02/12/21,23:00,15.1,87,0.0,0
1,02/12/21,23:30,14.8,88,0.0,0
1,03/12/21,00:00,14.6,89,0.0,0
1,03/12/21,0:30,14.3,90,0.0,0
1,03/12/21,1:00,14.4,91,0.0,0
1,03/12/21,1:30,13.9,92,0.0,0
1,03/12/21,2:00,13.8,92,0.0,0
1,03/12/21,2:30,13.9,92,0.0,0
1,03/12/21,3:00,13.8,92,0.0,0
1,03/12/21,3:30,13.9,91,0.0,0
1,03/12/21,4:00,14.3,92,0.0,0
1,03/12/21,4:30,14.1,92,0.0,0
1,03/12/21,5:00,14.1,93,0.0,0
1,03/12/21,5:30,14.2,93,0.0,1
1,03/12/21,6:00,14.5,93,0.0,28
1,03/12/21,6:30,15.3,92,0.0,114
1,03/12/21,7:00,16.2,90,0.0,239
1,03/12/21,7:30,17.0,88,0.0,346
1,03/12/21,8:00,17.2,86,0.0,463
1,03/12/21,8:30,18.7,81,0.0,620
1,03/12/21,9:00,19.1,77,0.0,670
1,03/12/21,9:30,20.1,73,0.0,535
1,03/12/21,10:00,21.1,65,0.0,1013
1,03/12/21,10:30,21.7,65,0.0,926
1,03/12/21,11:00,22.2,62,0.0,1060
1,03/12/21,11:30,22.2,62,0.0,726
1,03/12/21,12:00,22.8,59,0.0,783
1,03/12/21,12:30,23.1,61,0.0,1062
1,03/12/21,13:00,23.2,59,0.0,659
1,03/12/21,13:30,23.8,61,0.0,562
1,03/12/21,14:00,23.5,59,0.0,838
1,03/12/21,14:30,24.1,58,0.0,1002
1,03/12/21,15:00,24.1,60,0.0,571
1,03/12/21,15:30,24.6,57,0.0,704
1,03/12/21,16:00,24.3,59,0.0,528
1,03/12/21,16:30,23.9,61,0.0,511
1,03/12/21,17:00,23.6,60,0.0,393
1,03/12/21,17:30,23.3,60,0.0,325
1,03/12/21,18:00,22.6,64,0.0,194
1,03/12/21,18:30,21.9,65,0.0,112
1,03/12/21,19:00,20.8,68,0.0,44
1,03/12/21,19:30,19.6,72,0.0,9
1,03/12/21,20:00,18.8,73,0.0,0
1,03/12/21,20:30,18.1,74,0.0,0
1,03/12/21,21:00,17.6,75,0.0,0
1,03/12/21,21:30,17.2,77,0.0,0
1,03/12/21,22:00,16.8,80,0.0,0
1,03/12/21,22:30,16.6,82,0.0,0
1,03/12/21,23:00,16.3,84,0.0,0
1,03/12/21,23:30,16.1,85,0.0,0
1,04/12/21,00:00,15.9,86,0.0,0
1,04/12/21,0:30,16.0,87,0.0,0
1,04/12/21,1:00,15.9,88,0.0,0
1,04/12/21,1:30,15.8,89,0.0,0
1,04/12/21,2:00,15.6,90,0.0,0
1,04/12/21,2:30,15.9,90,0.0,0
1,04/12/21,3:00,16.2,90,0.0,0
1,04/12/21,3:30,16.4,90,0.0,0
1,04/12/21,4:00,16.4,90,0.0,0
1,04/12/21,4:30,16.3,91,0.0,0
1,04/12/21,5:00,16.0,91,0.0,0
1,04/12/21,5:30,15.7,92,0.0,2
1,04/12/21,6:00,16.3,91,0.0,28
1,04/12/21,6:30,17.1,90,0.0,112
1,04/12/21,7:00,17.8,89,0.0,232
1,04/12/21,7:30,18.4,86,0.0,352
1,04/12/21,8:00,19.4,84,0.0,479
1,04/12/21,8:30,19.8,83,0.0,580
1,04/12/21,9:00,20.3,82,0.0,551
1,04/12/21,9:30,21.0,79,0.0,583
1,04/12/21,10:00,21.7,79,0.0,675
1,04/12/21,10:30,22.2,76,0.0,765
1,04/12/21,11:00,22.3,74,0.0,685
1,04/12/21,11:30,22.6,76,0.0,563
1,04/12/21,12:00,22.9,74,0.0,511
1,04/12/21,12:30,23.6,73,0.0,626
1,04/12/21,13:00,23.8,74,0.0,616
1,04/12/21,13:30,23.7,73,0.0,660
1,04/12/21,14:00,24.1,72,0.0,620
1,04/12/21,14:30,24.4,72,0.0,586
1,04/12/21,15:00,24.1,72,0.0,474
1,04/12/21,15:30,24.1,73,0.0,472
1,04/12/21,16:00,23.7,72,0.0,428
1,04/12/21,16:30,23.7,74,0.0,341
1,04/12/21,17:00,23.3,74,0.0,294
1,04/12/21,17:30,22.9,75,0.0,217
1,04/12/21,18:00,22.4,78,0.0,124
1,04/12/21,18:30,22.0,79,0.0,64
1,04/12/21,19:00,21.6,80,0.0,29
1,04/12/21,19:30,21.1,82,0.0,7
1,04/12/21,20:00,20.6,84,0.0,0
1,04/12/21,20:30,20.2,86,0.0,0
1,04/12/21,21:00,19.8,87,0.0,0
1,04/12/21,21:30,19.6,88,0.0,0
1,04/12/21,22:00,19.5,88,0.0,0
1,04/12/21,22:30,19.3,89,0.0,0
1,04/12/21,23:00,19.0,89,0.0,0
1,04/12/21,23:30,18.9,89,0.0,0
1,05/12/21,00:00,18.9,89,0.0,0
1,05/12/21,0:30,18.7,89,0.0,0
1,05/12/21,1:00,18.4,88,0.0,0
1,05/12/21,1:30,17.7,90,0.0,0
1,05/12/21,2:00,17.9,90,0.0,0
1,05/12/21,2:30,18.0,89,0.0,0
1,05/12/21,3:00,18.1,89,0.0,0
1,05/12/21,3:30,17.9,89,0.0,0
1,05/12/21,4:00,17.9,90,0.0,0
1,05/12/21,4:30,17.3,91,0.0,0
1,05/12/21,5:00,17.2,92,0.0,0
1,05/12/21,5:30,17.0,92,0.0,1
1,05/12/21,6:00,17.6,92,0.0,30
1,05/12/21,6:30,18.1,91,0.0,78
1,05/12/21,7:00,18.7,89,0.0,200
1,05/12/21,7:30,19.4,88,0.0,205
1,05/12/21,8:00,19.9,86,0.0,439
1,05/12/21,8:30,20.2,84,0.0,506
1,05/12/21,9:00,21.2,82,0.0,704
1,05/12/21,9:30,21.8,81,0.0,618
1,05/12/21,10:00,22.8,77,0.0,602
1,05/12/21,10:30,22.7,76,0.0,537
1,05/12/21,11:00,24.0,72,0.0,695
1,05/12/21,11:30,24.6,73,0.0,1071
1,05/12/21,12:00,24.1,69,0.0,758
1,05/12/21,12:30,24.5,69,0.0,832
1,05/12/21,13:00,23.6,74,0.0,728
1,05/12/21,13:30,24.4,69,0.0,880
1,05/12/21,14:00,24.8,70,0.0,1065
1,05/12/21,14:30,24.8,66,0.0,1022
1,05/12/21,15:00,24.8,68,0.0,953
1,05/12/21,15:30,24.1,69,0.0,525
1,05/12/21,16:00,24.1,69,0.0,561
1,05/12/21,16:30,23.6,71,0.0,485
1,05/12/21,17:00,22.9,73,0.0,420
1,05/12/21,17:30,22.8,74,0.0,322
1,05/12/21,18:00,22.0,75,0.0,200
1,05/12/21,18:30,21.4,76,0.0,112
1,05/12/21,19:00,20.7,78,0.0,47
1,05/12/21,19:30,20.0,82,0.0,11
1,05/12/21,20:00,19.6,83,0.0,0
1,05/12/21,20:30,19.3,84,0.0,0
1,05/12/21,21:00,18.8,85,0.0,0
1,05/12/21,21:30,18.4,86,0.0,0
1,05/12/21,22:00,18.2,86,0.0,0
1,05/12/21,22:30,17.9,87,0.0,0
1,05/12/21,23:00,17.5,88,0.0,0
1,05/12/21,23:30,17.3,89,0.0,0
1,06/12/21,00:00,17.0,90,0.0,0
1,06/12/21,0:30,16.7,91,0.0,0
1,06/12/21,1:00,16.6,92,0.0,0
1,06/12/21,1:30,16.3,92,0.0,0
1,06/12/21,2:00,16.2,92,0.0,0
1,06/12/21,2:30,16.2,93,0.0,0
1,06/12/21,3:00,16.2,93,0.0,0
1,06/12/21,3:30,16.4,92,0.0,0
1,06/12/21,4:00,16.7,92,0.0,0
1,06/12/21,4:30,16.6,92,0.0,0
1,06/12/21,5:00,16.7,92,0.0,0
1,06/12/21,5:30,16.6,92,0.0,1
1,06/12/21,6:00,16.8,92,0.0,17
1,06/12/21,6:30,17.6,89,0.0,104
1,06/12/21,7:00,17.4,89,0.0,119
1,06/12/21,7:30,18.3,87,0.0,215
1,06/12/21,8:00,19.6,81,0.0,518
1,06/12/21,8:30,20.2,81,0.0,347
1,06/12/21,9:00,19.9,79,0.0,407
1,06/12/21,9:30,21.7,71,0.0,732
1,06/12/21,10:00,22.3,72,0.0,840
1,06/12/21,10:30,22.1,71,0.0,970
1,06/12/21,11:00,23.0,69,0.0,1021
1,06/12/21,11:30,23.8,66,0.0,1063
1,06/12/21,12:00,23.3,68,0.0,1017
1,06/12/21,12:30,23.4,66,0.0,643
1,06/12/21,13:00,24.4,62,0.0,1181
1,06/12/21,13:30,24.8,60,0.0,855
1,06/12/21,14:00,25.0,62,0.0,1087
1,06/12/21,14:30,25.3,62,0.0,921
1,06/12/21,15:00,24.5,63,0.0,523
1,06/12/21,15:30,24.9,60,0.0,809
1,06/12/21,16:00,24.8,60,0.0,609
1,06/12/21,16:30,24.6,63,0.0,501
1,06/12/21,17:00,24.1,63,0.0,410
1,06/12/21,17:30,23.6,65,0.0,331
1,06/12/21,18:00,22.8,69,0.0,196
1,06/12/21,18:30,21.6,71,0.0,120
1,06/12/21,19:00,20.6,74,0.0,49
1,06/12/21,19:30,19.6,77,0.0,11
1,06/12/21,20:00,18.9,81,0.0,0
1,06/12/21,20:30,18.7,81,0.0,0
1,06/12/21,21:00,18.2,81,0.0,0
1,06/12/21,21:30,17.8,82,0.0,0
1,06/12/21,22:00,17.5,86,0.0,0
1,06/12/21,22:30,17.3,87,0.0,0
1,06/12/21,23:00,17.2,88,0.0,0
1,06/12/21,23:30,16.8,89,0.0,0
1,07/12/21,00:00,16.4,91,0.0,0
1,07/12/21,0:30,16.2,92,0.0,0
1,07/12/21,1:00,16.0,92,0.0,0
1,07/12/21,1:30,15.9,92,0.0,0
1,07/12/21,2:00,15.8,93,0.0,0
1,07/12/21,2:30,15.6,92,0.0,0
1,07/12/21,3:00,15.3,93,0.0,0
1,07/12/21,3:30,15.2,93,0.0,0
1,07/12/21,4:00,15.6,91,0.0,0
1,07/12/21,4:30,15.3,92,0.0,0
1,07/12/21,5:00,15.3,92,0.0,0
1,07/12/21,5:30,15.1,92,0.0,2
1,07/12/21,6:00,15.4,93,0.0,32
1,07/12/21,6:30,16.1,91,0.0,117
1,07/12/21,7:00,17.2,88,0.0,241
1,07/12/21,7:30,18.0,85,0.0,359
1,07/12/21,8:00,18.6,82,0.0,485
1,07/12/21,8:30,19.4,77,0.0,633
1,07/12/21,9:00,19.3,74,0.0,537
1,07/12/21,9:30,20.2,72,0.0,593
1,07/12/21,10:00,20.9,70,0.0,684
1,07/12/21,10:30,21.5,67,0.0,719
1,07/12/21,11:00,21.8,63,0.0,982
1,07/12/21,11:30,22.8,61,0.0,911
1,07/12/21,12:00,22.8,63,0.0,815
1,07/12/21,12:30,23.2,63,0.0,953
1,07/12/21,13:00,23.8,61,0.0,1148
1,07/12/21,13:30,23.7,58,0.0,938
1,07/12/21,14:00,24.3,56,0.0,741
1,07/12/21,14:30,23.8,56,0.0,825
1,07/12/21,15:00,24.2,56,0.0,919
1,07/12/21,15:30,23.5,58,0.0,736
1,07/12/21,16:00,23.6,57,0.0,728
1,07/12/21,16:30,23.5,60,0.0,551
1,07/12/21,17:00,22.6,64,0.0,363
1,07/12/21,17:30,22.4,63,0.0,232
1,07/12/21,18:00,21.7,65,0.0,194
1,07/12/21,18:30,21.4,64,0.0,130
1,07/12/21,19:00,20.4,68,0.0,51
1,07/12/21,19:30,19.2,73,0.0,12
1,07/12/21,20:00,18.4,78,0.0,0
1,07/12/21,20:30,17.7,81,0.0,0
1,07/12/21,21:00,17.2,82,0.0,0
1,07/12/21,21:30,17.0,83,0.0,0
1,07/12/21,22:00,16.6,84,0.0,0
1,07/12/21,22:30,16.3,85,0.0,0
1,07/12/21,23:00,16.0,85,0.0,0
1,07/12/21,23:30,15.8,86,0.0,0
1,08/12/21,00:00,15.4,87,0.0,0
1,08/12/21,0:30,15.2,87,0.0,0
1,08/12/21,1:00,15.0,87,0.0,0
1,08/12/21,1:30,14.6,87,0.0,0
1,08/12/21,2:00,14.3,88,0.0,0
1,08/12/21,2:30,14.3,88,0.0,0
1,08/12/21,3:00,14.3,88,0.0,0
1,08/12/21,3:30,14.1,88,0.0,0
1,08/12/21,4:00,13.9,87,0.0,0
1,08/12/21,4:30,13.9,87,0.0,0
1,08/12/21,5:00,13.7,88,0.0,0
1,08/12/21,5:30,13.8,88,0.0,1
1,08/12/21,6:00,14.1,87,0.0,29
1,08/12/21,6:30,15.2,85,0.0,119
1,08/12/21,7:00,16.4,83,0.0,242
1,08/12/21,7:30,17.4,80,0.0,361
1,08/12/21,8:00,18.6,74,0.0,476
1,08/12/21,8:30,19.3,69,0.0,588
1,08/12/21,9:00,20.1,65,0.0,695
1,08/12/21,9:30,20.7,62,0.0,792
1,08/12/21,10:00,21.4,58,0.0,877
1,08/12/21,10:30,21.9,57,0.0,950
1,08/12/21,11:00,22.3,55,0.0,1009
1,08/12/21,11:30,23.3,57,0.0,1049
1,08/12/21,12:00,23.2,53,0.0,1074
1,08/12/21,12:30,23.8,54,0.0,1080
1,08/12/21,13:00,24.1,52,0.0,1078
1,08/12/21,13:30,24.5,53,0.0,1074
1,08/12/21,14:00,24.4,55,0.0,1050
1,08/12/21,14:30,24.4,55,0.0,1001
1,08/12/21,15:00,24.3,56,0.0,856
1,08/12/21,15:30,24.6,54,0.0,822
1,08/12/21,16:00,24.4,54,0.0,733
1,08/12/21,16:30,24.6,55,0.0,521
1,08/12/21,17:00,24.0,52,0.0,398
1,08/12/21,17:30,23.7,60,0.0,352
1,08/12/21,18:00,22.8,62,0.0,189
1,08/12/21,18:30,22.1,63,0.0,125
1,08/12/21,19:00,21.3,65,0.0,52
1,08/12/21,19:30,20.1,70,0.0,12
1,08/12/21,20:00,19.1,73,0.0,0
1,08/12/21,20:30,18.4,75,0.0,0
1,08/12/21,21:00,17.8,78,0.0,0
1,08/12/21,21:30,17.3,81,0.0,0
1,08/12/21,22:00,16.8,84,0.0,0
1,08/12/21,22:30,16.4,86,0.0,0
1,08/12/21,23:00,16.2,87,0.0,0
1,08/12/21,23:30,15.8,88,0.0,0
1,09/12/21,00:00,15.6,89,0.0,0
1,09/12/21,0:30,15.2,91,0.0,0
1,09/12/21,1:00,14.7,92,0.0,0
1,09/12/21,1:30,14.8,92,0.0,0
1,09/12/21,2:00,14.6,92,0.0,0
1,09/12/21,2:30,14.4,93,0.0,0
1,09/12/21,3:00,14.6,93,0.0,0
1,09/12/21,3:30,14.6,93,0.0,0
1,09/12/21,4:00,14.5,93,0.0,0
1,09/12/21,4:30,14.3,93,0.0,0
1,09/12/21,5:00,14.3,94,0.0,0
1,09/12/21,5:30,14.2,94,0.0,1
1,09/12/21,6:00,14.7,94,0.0,15
1,09/12/21,6:30,15.8,93,0.0,121
1,09/12/21,7:00,16.8,91,0.0,240
1,09/12/21,7:30,17.3,90,0.0,363
1,09/12/21,8:00,18.0,85,0.0,425
1,09/12/21,8:30,18.9,80,0.0,399
1,09/12/21,9:00,19.7,75,0.0,621
1,09/12/21,9:30,20.1,74,0.0,424
1,09/12/21,10:00,20.6,71,0.0,487
1,09/12/21,10:30,20.6,72,0.0,431
1,09/12/21,11:00,21.3,68,0.0,439
1,09/12/21,11:30,21.2,68,0.0,391
1,09/12/21,12:00,22.1,64,0.0,544
1,09/12/21,12:30,22.8,61,0.0,906
1,09/12/21,13:00,22.7,60,0.0,678
1,09/12/21,13:30,23.6,61,0.0,565
1,09/12/21,14:00,23.0,60,0.0,777
1,09/12/21,14:30,23.6,59,0.0,586
1,09/12/21,15:00,23.4,56,0.0,667
1,09/12/21,15:30,23.1,57,0.0,393
1,09/12/21,16:00,23.7,55,0.0,612
1,09/12/21,16:30,23.3,55,0.0,401
1,09/12/21,17:00,22.6,58,0.0,271
1,09/12/21,17:30,22.3,60,0.0,212
1,09/12/21,18:00,22.4,60,0.0,133
1,09/12/21,18:30,21.8,61,0.0,142
1,09/12/21,19:00,20.3,67,0.0,28
1,09/12/21,19:30,19.4,71,0.0,8
1,09/12/21,20:00,18.7,75,0.0,0
1,09/12/21,20:30,17.9,79,0.0,0
1,09/12/21,21:00,17.6,81,0.0,0
1,09/12/21,21:30,17.3,83,0.0,0
1,09/12/21,22:00,16.8,84,0.0,0
1,09/12/21,22:30,16.3,85,0.0,0
1,09/12/21,23:00,15.8,86,0.0,0
1,09/12/21,23:30,15.6,87,0.0,0
1,10/12/21,00:00,15.4,87,0.0,0
1,10/12/21,0:30,14.9,88,0.0,0
1,10/12/21,1:00,14.9,89,0.0,0
1,10/12/21,1:30,14.7,90,0.0,0
1,10/12/21,2:00,14.6,91,0.0,0
1,10/12/21,2:30,14.5,92,0.0,0
1,10/12/21,3:00,14.4,91,0.0,0
1,10/12/21,3:30,14.2,92,0.0,0
1,10/12/21,4:00,14.1,92,0.0,0
1,10/12/21,4:30,14.0,92,0.0,0
1,10/12/21,5:00,13.9,91,0.0,0
1,10/12/21,5:30,13.8,91,0.0,2
1,10/12/21,6:00,14.1,90,0.0,30
1,10/12/21,6:30,15.2,87,0.0,111
1,10/12/21,7:00,16.1,86,0.0,242
1,10/12/21,7:30,16.9,83,0.0,362
1,10/12/21,8:00,17.8,80,0.0,481
1,10/12/21,8:30,18.4,77,0.0,606
1,10/12/21,9:00,19.2,73,0.0,725
1,10/12/21,9:30,20.1,69,0.0,820
1,10/12/21,10:00,20.8,67,0.0,861
1,10/12/21,10:30,21.4,64,0.0,928
1,10/12/21,11:00,21.8,63,0.0,957
1,10/12/21,11:30,22.6,56,0.0,1071
1,10/12/21,12:00,23.6,53,0.0,1134
1,10/12/21,12:30,23.4,52,0.0,1011
1,10/12/21,13:00,24.6,50,0.0,1070
1,10/12/21,13:30,24.8,48,0.0,936
1,10/12/21,14:00,25.1,48,0.0,1046
1,10/12/21,14:30,25.6,48,0.0,970
1,10/12/21,15:00,25.9,49,0.0,918
1,10/12/21,15:30,25.3,49,0.0,781
1,10/12/21,16:00,25.5,51,0.0,729
1,10/12/21,16:30,25.7,50,0.0,515
1,10/12/21,17:00,25.2,51,0.0,452
1,10/12/21,17:30,24.7,51,0.0,345
1,10/12/21,18:00,24.1,55,0.0,203
1,10/12/21,18:30,22.8,59,0.0,124
1,10/12/21,19:00,21.1,66,0.0,51
1,10/12/21,19:30,20.2,70,0.0,14
1,10/12/21,20:00,19.5,72,0.0,0
1,10/12/21,20:30,18.9,75,0.0,0
1,10/12/21,21:00,18.4,77,0.0,0
1,10/12/21,21:30,17.7,81,0.0,0
1,10/12/21,22:00,17.3,83,0.0,0
1,10/12/21,22:30,16.9,85,0.0,0
1,10/12/21,23:00,16.6,86,0.0,0
1,10/12/21,23:30,16.3,87,0.0,0
1,11/12/21,00:00,16.2,88,0.0,0
1,11/12/21,0:30,16.2,89,0.0,0
1,11/12/21,1:00,16.1,89,0.0,0
1,11/12/21,1:30,16.0,88,0.0,0
1,11/12/21,2:00,16.2,88,0.0,0
1,11/12/21,2:30,16.0,88,0.0,0
1,11/12/21,3:00,16.0,89,0.0,0
1,11/12/21,3:30,15.9,89,0.0,0
1,11/12/21,4:00,15.8,90,0.0,0
1,11/12/21,4:30,15.7,90,0.0,0
1,11/12/21,5:00,15.4,91,0.0,0
1,11/12/21,5:30,15.6,90,0.0,0
1,11/12/21,6:00,15.5,91,0.0,15
1,11/12/21,6:30,15.8,90,0.0,61
1,11/12/21,7:00,16.4,87,0.0,142
1,11/12/21,7:30,16.9,86,0.0,172
1,11/12/21,8:00,17.8,82,0.0,303
1,11/12/21,8:30,19.2,78,0.0,570
1,11/12/21,9:00,20.3,72,0.0,713
1,11/12/21,9:30,21.3,68,0.0,794
1,11/12/21,10:00,21.9,64,0.0,844
1,11/12/21,10:30,22.9,59,0.0,927
1,11/12/21,11:00,23.6,52,0.0,989
1,11/12/21,11:30,24.3,51,0.0,1063
1,11/12/21,12:00,24.8,53,0.0,1144
1,11/12/21,12:30,25.3,54,0.0,1080
1,11/12/21,13:00,26.2,50,0.0,1091
1,11/12/21,13:30,25.4,49,0.0,744
1,11/12/21,14:00,26.5,47,0.0,962
1,11/12/21,14:30,27.2,45,0.0,1040
1,11/12/21,15:00,27.7,43,0.0,706
1,11/12/21,15:30,27.8,45,0.0,844
1,11/12/21,16:00,28.1,45,0.0,746
1,11/12/21,16:30,28.6,40,0.0,510
1,11/12/21,17:00,28.3,41,0.0,437
1,11/12/21,17:30,28.2,40,0.0,349
1,11/12/21,18:00,27.9,40,0.0,166
1,11/12/21,18:30,27.8,42,0.0,147
1,11/12/21,19:00,26.3,49,0.0,80
1,11/12/21,19:30,24.1,61,0.0,24
1,11/12/21,20:00,22.6,66,0.0,2
1,11/12/21,20:30,21.2,70,0.0,0
1,11/12/21,21:00,20.2,74,0.0,0
1,11/12/21,21:30,19.6,78,0.0,0
1,11/12/21,22:00,18.9,81,0.0,0
1,11/12/21,22:30,18.3,85,0.0,0
1,11/12/21,23:00,18.0,87,0.0,0
1,11/12/21,23:30,17.6,89,0.0,0
1,12/12/21,00:00,17.4,90,0.0,0
1,12/12/21,0:30,17.2,91,0.0,0
1,12/12/21,1:00,16.9,91,0.0,0
1,12/12/21,1:30,16.7,92,0.0,0
1,12/12/21,2:00,16.3,93,0.0,0
1,12/12/21,2:30,16.4,93,0.0,0
1,12/12/21,3:00,16.4,92,0.0,0
1,12/12/21,3:30,16.4,93,0.0,0
1,12/12/21,4:00,16.4,93,0.0,0
1,12/12/21,4:30,16.2,94,0.0,0
1,12/12/21,5:00,16.0,95,0.0,0
1,12/12/21,5:30,16.2,95,0.0,2
1,12/12/21,6:00,16.6,95,0.0,26
1,12/12/21,6:30,17.2,93,0.0,106
1,12/12/21,7:00,18.4,88,0.0,223
1,12/12/21,7:30,19.3,82,0.0,338
1,12/12/21,8:00,20.5,80,0.0,450
1,12/12/21,8:30,21.7,74,0.0,564
1,12/12/21,9:00,22.9,70,0.0,668
1,12/12/21,9:30,24.1,67,0.0,760
1,12/12/21,10:00,24.6,64,0.0,844
1,12/12/21,10:30,25.4,64,0.0,916
1,12/12/21,11:00,26.3,57,0.0,975
1,12/12/21,11:30,27.0,55,0.0,1017
1,12/12/21,12:00,27.9,54,0.0,1042
1,12/12/21,12:30,28.8,48,0.0,1055
1,12/12/21,13:00,29.4,47,0.0,1060
1,12/12/21,13:30,29.8,46,0.0,1038
1,12/12/21,14:00,30.1,44,0.0,1002
1,12/12/21,14:30,31.1,42,0.0,994
1,12/12/21,15:00,30.5,45,0.0,943
1,12/12/21,15:30,31.3,44,0.0,845
1,12/12/21,16:00,31.4,41,0.0,558
1,12/12/21,16:30,31.2,41,0.0,492
1,12/12/21,17:00,30.8,44,0.0,292
1,12/12/21,17:30,30.5,44,0.0,185
1,12/12/21,18:00,30.2,47,0.0,132
1,12/12/21,18:30,29.9,44,0.0,64
1,12/12/21,19:00,26.6,62,0.0,11
1,12/12/21,19:30,24.5,73,3.0,0
1,12/12/21,20:00,23.9,76,0.0,0
1,12/12/21,20:30,24.3,71,0.0,0
1,12/12/21,21:00,23.5,74,0.0,0
1,12/12/21,21:30,23.1,75,0.0,0
1,12/12/21,22:00,22.7,76,0.0,0
1,12/12/21,22:30,22.8,73,0.0,0
1,12/12/21,23:00,22.3,75,0.0,0
1,12/12/21,23:30,21.9,76,0.0,0
1,13/12/21,00:00,21.7,76,0.0,0
1,13/12/21,0:30,21.6,74,0.0,0
1,13/12/21,1:00,20.9,75,0.0,0
1,13/12/21,1:30,20.9,74,0.0,0
1,13/12/21,2:00,20.8,75,0.0,0
1,13/12/21,2:30,20.3,78,0.0,0
1,13/12/21,3:00,20.2,79,0.0,0
1,13/12/21,3:30,20.2,80,0.0,0
1,13/12/21,4:00,20.2,82,0.0,0
1,13/12/21,4:30,20.2,84,0.0,0
1,13/12/21,5:00,20.1,85,0.0,0
1,13/12/21,5:30,20.5,83,0.0,0
1,13/12/21,6:00,20.6,83,0.0,14
1,13/12/21,6:30,20.8,83,0.0,41
1,13/12/21,7:00,20.3,88,0.0,55
1,13/12/21,7:30,22.0,76,0.0,111
1,13/12/21,8:00,23.6,71,0.0,224
1,13/12/21,8:30,24.1,71,0.0,259
1,13/12/21,9:00,25.2,67,0.0,388
1,13/12/21,9:30,25.4,64,0.0,310
1,13/12/21,10:00,25.0,67,0.0,382
1,13/12/21,10:30,26.5,60,0.0,674
1,13/12/21,11:00,26.8,65,0.0,513
1,13/12/21,11:30,28.2,66,0.0,677
1,13/12/21,12:00,28.5,64,0.0,595
1,13/12/21,12:30,27.9,63,0.0,360
1,13/12/21,13:00,28.1,62,0.0,382
1,13/12/21,13:30,27.3,68,0.0,295
1,13/12/21,14:00,28.4,62,0.0,550
1,13/12/21,14:30,28.7,62,0.0,507
1,13/12/21,15:00,28.7,58,0.0,279
1,13/12/21,15:30,27.8,65,0.0,283
1,13/12/21,16:00,28.1,64,0.0,289
1,13/12/21,16:30,28.1,64,0.0,223
1,13/12/21,17:00,27.4,64,0.0,140
1,13/12/21,17:30,27.1,66,0.0,92
1,13/12/21,18:00,26.7,68,0.0,58
1,13/12/21,18:30,26.6,66,0.0,57
1,13/12/21,19:00,25.7,70,0.0,8
1,13/12/21,19:30,24.8,78,0.0,3
1,13/12/21,20:00,23.9,82,0.0,0
1,13/12/21,20:30,23.4,85,0.0,0
1,13/12/21,21:00,22.2,89,0.0,0
1,13/12/21,21:30,21.3,91,0.0,0
1,13/12/21,22:00,20.5,91,0.0,0
1,13/12/21,22:30,20.2,91,0.0,0
1,13/12/21,23:00,20.2,92,0.0,0
1,13/12/21,23:30,20.1,91,0.2,0
1,14/12/21,00:00,19.8,91,0.0,0
1,14/12/21,0:30,19.6,92,0.6,0
1,14/12/21,1:00,19.3,94,2.0,0
1,14/12/21,1:30,19.4,95,1.6,0
1,14/12/21,2:00,19.1,95,1.2,0
1,14/12/21,2:30,18.7,96,1.2,0
1,14/12/21,3:00,18.4,96,0.4,0
1,14/12/21,3:30,18.6,96,1.4,0
1,14/12/21,4:00,18.4,96,1.0,0
1,14/12/21,4:30,18.1,94,0.6,0
1,14/12/21,5:00,17.9,93,0.2,0
1,14/12/21,5:30,18.1,94,1.0,0
1,14/12/21,6:00,18.1,94,2.0,4
1,14/12/21,6:30,18.1,95,5.4,3
1,14/12/21,7:00,17.1,94,6.6,14
1,14/12/21,7:30,17.3,95,5.2,21
1,14/12/21,8:00,17.8,96,3.0,53
1,14/12/21,8:30,18.1,95,1.2,76
1,14/12/21,9:00,17.9,94,0.2,87
1,14/12/21,9:30,17.9,95,0.2,107
1,14/12/21,10:00,18.3,94,0.0,167
1,14/12/21,10:30,18.6,93,0.0,174
1,14/12/21,11:00,18.9,94,0.0,291
1,14/12/21,11:30,19.9,93,0.0,511
1,14/12/21,12:00,20.0,89,0.0,435
1,14/12/21,12:30,20.2,89,0.0,366
1,14/12/21,13:00,20.4,87,0.0,515
1,14/12/21,13:30,20.7,88,0.0,456
1,14/12/21,14:00,20.6,88,0.0,298
1,14/12/21,14:30,20.1,89,0.0,186
1,14/12/21,15:00,20.0,88,0.0,256
1,14/12/21,15:30,19.7,90,0.0,326
1,14/12/21,16:00,18.6,92,0.0,209
1,14/12/21,16:30,18.5,92,0.0,261
1,14/12/21,17:00,18.8,90,0.2,360
1,14/12/21,17:30,18.8,90,0.0,341
1,14/12/21,18:00,18.1,90,0.0,231
1,14/12/21,18:30,17.4,93,0.0,67
1,14/12/21,19:00,17.4,93,0.0,30
1,14/12/21,19:30,17.4,92,0.0,11
1,14/12/21,20:00,17.2,92,0.0,0
1,14/12/21,20:30,16.9,92,0.0,0
1,14/12/21,21:00,16.9,93,0.0,0
1,14/12/21,21:30,16.8,94,0.0,0
1,14/12/21,22:00,17.0,94,0.0,0
1,14/12/21,22:30,17.1,95,0.0,0
1,14/12/21,23:00,17.2,95,0.0,0
1,14/12/21,23:30,17.1,94,0.0,0
1,15/12/21,00:00,17.2,93,0.0,0
1,15/12/21,0:30,16.9,92,0.0,0
1,15/12/21,1:00,16.3,92,0.0,0
1,15/12/21,1:30,16.1,92,0.0,0
1,15/12/21,2:00,15.8,93,0.0,0
1,15/12/21,2:30,15.9,93,0.0,0
1,15/12/21,3:00,16.0,94,0.0,0
1,15/12/21,3:30,16.1,95,0.0,0
1,15/12/21,4:00,16.3,95,0.0,0
1,15/12/21,4:30,16.5,95,0.0,0
1,15/12/21,5:00,16.7,95,0.0,0
1,15/12/21,5:30,16.9,95,0.0,0
1,15/12/21,6:00,17.0,94,0.0,11
1,15/12/21,6:30,17.0,94,0.0,21
1,15/12/21,7:00,17.0,94,0.0,44
1,15/12/21,7:30,17.5,93,0.0,164
1,15/12/21,8:00,17.8,92,0.0,216
1,15/12/21,8:30,17.8,93,0.0,136
1,15/12/21,9:00,18.3,93,0.0,180
1,15/12/21,9:30,18.4,93,0.0,164
1,15/12/21,10:00,18.7,92,0.0,223
1,15/12/21,10:30,19.5,90,0.0,392
1,15/12/21,11:00,20.0,90,0.0,497
1,15/12/21,11:30,20.5,89,0.0,550
1,15/12/21,12:00,20.5,89,0.0,343
1,15/12/21,12:30,20.6,89,0.0,205
1,15/12/21,13:00,21.2,88,0.0,294
1,15/12/21,13:30,22.1,87,0.0,584
1,15/12/21,14:00,22.1,87,0.0,384
1,15/12/21,14:30,21.9,88,0.0,121
1,15/12/21,15:00,21.3,91,0.0,124
1,15/12/21,15:30,21.3,95,0.0,154
1,15/12/21,16:00,21.1,96,0.0,116
1,15/12/21,16:30,21.0,96,0.0,169
1,15/12/21,17:00,21.4,96,0.0,209
1,15/12/21,17:30,21.2,95,0.0,112
1,15/12/21,18:00,21.1,96,0.0,59
1,15/12/21,18:30,20.9,96,0.0,29
1,15/12/21,19:00,20.7,96,0.2,22
1,15/12/21,19:30,20.7,97,0.0,9
1,15/12/21,20:00,20.4,97,0.0,0
1,15/12/21,20:30,20.3,97,0.2,0
1,15/12/21,21:00,20.2,97,0.0,0
1,15/12/21,21:30,20.2,97,0.0,0
1,15/12/21,22:00,20.1,97,0.0,0
1,15/12/21,22:30,20.1,97,0.0,0
1,15/12/21,23:00,19.9,97,0.0,0
1,15/12/21,23:30,19.9,97,0.0,0
1,16/12/21,00:00,19.8,97,0.0,0
1,16/12/21,0:30,19.8,97,0.0,0
1,16/12/21,1:00,19.8,97,0.0,0
1,16/12/21,1:30,19.9,98,0.0,0
1,16/12/21,2:00,19.9,97,0.0,0
1,16/12/21,2:30,19.8,97,0.0,0
1,16/12/21,3:00,19.8,97,0.0,0
1,16/12/21,3:30,19.7,98,0.0,0
1,16/12/21,4:00,19.6,98,0.0,0
1,16/12/21,4:30,19.7,98,0.0,0
1,16/12/21,5:00,19.7,98,0.0,0
1,16/12/21,5:30,19.4,98,0.0,0
1,16/12/21,6:00,19.4,98,0.0,11
1,16/12/21,6:30,19.6,98,0.0,28
1,16/12/21,7:00,19.6,99,0.0,60
1,16/12/21,7:30,19.6,98,0.0,80
1,16/12/21,8:00,19.9,99,0.0,158
1,16/12/21,8:30,20.1,99,0.0,207
1,16/12/21,9:00,20.3,98,0.0,208
1,16/12/21,9:30,21.2,96,0.0,399
1,16/12/21,10:00,21.6,94,0.0,381
1,16/12/21,10:30,21.8,91,0.0,500
1,16/12/21,11:00,21.4,89,0.0,427
1,16/12/21,11:30,22.5,87,0.0,538
1,16/12/21,12:00,23.1,84,0.0,491
1,16/12/21,12:30,23.9,80,0.0,738
1,16/12/21,13:00,24.4,74,0.0,762
1,16/12/21,13:30,24.8,74,0.0,971
1,16/12/21,14:00,25.6,68,0.0,624
1,16/12/21,14:30,26.3,62,0.0,796
1,16/12/21,15:00,26.4,58,0.0,847
1,16/12/21,15:30,26.1,60,0.0,783
1,16/12/21,16:00,25.2,60,0.0,441
1,16/12/21,16:30,26.3,57,0.0,588
1,16/12/21,17:00,25.7,61,0.0,488
1,16/12/21,17:30,24.4,65,0.0,237
1,16/12/21,18:00,24.3,64,0.0,211
1,16/12/21,18:30,23.7,64,0.0,152
1,16/12/21,19:00,22.7,69,0.0,62
1,16/12/21,19:30,21.5,73,0.0,15
1,16/12/21,20:00,20.5,77,0.0,1
1,16/12/21,20:30,19.8,83,0.0,0
1,16/12/21,21:00,19.3,85,0.0,0
1,16/12/21,21:30,18.7,87,0.0,0
1,16/12/21,22:00,18.4,89,0.0,0
1,16/12/21,22:30,18.2,90,0.0,0
1,16/12/21,23:00,18.1,90,0.0,0
1,16/12/21,23:30,18.1,91,0.0,0
1,17/12/21,00:00,18.2,91,0.0,0
1,17/12/21,0:30,17.8,92,0.0,0
1,17/12/21,1:00,18.1,93,0.0,0
1,17/12/21,1:30,17.9,95,0.0,0
1,17/12/21,2:00,18.2,94,0.0,0
1,17/12/21,2:30,18.2,94,0.0,0
1,17/12/21,3:00,18.4,92,0.0,0
1,17/12/21,3:30,18.4,92,0.0,0
1,17/12/21,4:00,18.4,93,0.0,0
1,17/12/21,4:30,18.2,93,0.0,0
1,17/12/21,5:00,18.3,94,0.0,0
1,17/12/21,5:30,18.3,94,0.0,0
1,17/12/21,6:00,18.6,94,0.0,26
1,17/12/21,6:30,18.8,92,0.0,54
1,17/12/21,7:00,18.8,94,0.0,97
1,17/12/21,7:30,19.1,92,0.0,222
1,17/12/21,8:00,19.2,93,0.0,214
1,17/12/21,8:30,19.8,90,0.0,307
1,17/12/21,9:00,20.3,89,0.0,432
1,17/12/21,9:30,21.4,84,0.0,673
1,17/12/21,10:00,22.1,82,0.0,561
1,17/12/21,10:30,21.2,86,0.0,655
1,17/12/21,11:00,21.1,86,0.0,753
1,17/12/21,11:30,23.3,76,0.0,812
1,17/12/21,12:00,23.9,74,0.0,922
1,17/12/21,12:30,23.8,73,0.0,872
1,17/12/21,13:00,24.8,72,0.0,1203
1,17/12/21,13:30,24.4,70,0.0,919
1,17/12/21,14:00,24.3,71,0.0,934
1,17/12/21,14:30,23.4,73,0.0,788
1,17/12/21,15:00,24.1,71,0.0,858
1,17/12/21,15:30,24.4,68,0.0,848
1,17/12/21,16:00,24.8,65,0.0,750
1,17/12/21,16:30,24.1,70,0.0,564
1,17/12/21,17:00,23.2,74,0.0,439
1,17/12/21,17:30,23.3,73,0.0,324
1,17/12/21,18:00,22.4,76,0.0,236
1,17/12/21,18:30,21.1,78,0.0,161
1,17/12/21,19:00,21.1,80,0.0,67
1,17/12/21,19:30,20.3,81,0.0,23
1,17/12/21,20:00,19.3,84,0.0,1
1,17/12/21,20:30,18.9,84,0.0,0
1,17/12/21,21:00,18.8,86,0.0,0
1,17/12/21,21:30,18.6,88,0.0,0
1,17/12/21,22:00,18.4,89,0.0,0
1,17/12/21,22:30,18.3,89,0.0,0
1,17/12/21,23:00,18.4,89,0.0,0
1,17/12/21,23:30,18.2,89,0.0,0
1,18/12/21,00:00,18.2,89,0.0,0
1,18/12/21,0:30,18.1,90,0.0,0
1,18/12/21,1:00,18.2,90,0.0,0
1,18/12/21,1:30,17.9,90,0.0,0
1,18/12/21,2:00,18.1,90,0.0,0
1,18/12/21,2:30,17.7,91,0.0,0
1,18/12/21,3:00,17.4,92,0.0,0
1,18/12/21,3:30,17.3,92,0.0,0
1,18/12/21,4:00,17.2,92,0.0,0
1,18/12/21,4:30,17.0,93,0.0,0
1,18/12/21,5:00,17.1,93,0.0,0
1,18/12/21,5:30,17.2,93,0.0,3
1,18/12/21,6:00,17.3,92,0.0,26
1,18/12/21,6:30,17.6,91,0.0,65
1,18/12/21,7:00,18.1,88,0.0,116
1,18/12/21,7:30,19.1,86,0.0,226
1,18/12/21,8:00,19.6,83,0.0,353
1,18/12/21,8:30,19.7,82,0.0,240
1,18/12/21,9:00,20.6,79,0.0,312
1,18/12/21,9:30,21.3,78,0.0,413
1,18/12/21,10:00,21.6,77,0.0,416
1,18/12/21,10:30,21.8,74,0.0,472
1,18/12/21,11:00,22.1,75,0.0,500
1,18/12/21,11:30,22.8,74,0.0,524
1,18/12/21,12:00,23.2,74,0.0,629
1,18/12/21,12:30,23.5,71,0.0,845
1,18/12/21,13:00,23.8,69,0.0,934
1,18/12/21,13:30,24.6,70,0.0,1032
1,18/12/21,14:00,24.1,70,0.0,665
1,18/12/21,14:30,24.9,68,0.0,990
1,18/12/21,15:00,24.5,68,0.0,911
1,18/12/21,15:30,25.0,67,0.0,914
1,18/12/21,16:00,24.7,67,0.0,774
1,18/12/21,16:30,24.7,67,0.0,550
1,18/12/21,17:00,24.6,68,0.0,477
1,18/12/21,17:30,23.8,69,0.0,370
1,18/12/21,18:00,23.2,70,0.0,224
1,18/12/21,18:30,22.7,73,0.0,147
1,18/12/21,19:00,21.6,76,0.0,70
1,18/12/21,19:30,20.5,80,0.0,18
1,18/12/21,20:00,19.6,83,0.0,1
1,18/12/21,20:30,18.9,85,0.0,0
1,18/12/21,21:00,18.6,86,0.0,0
1,18/12/21,21:30,18.2,86,0.0,0
1,18/12/21,22:00,17.9,86,0.0,0
1,18/12/21,22:30,17.7,86,0.0,0
1,18/12/21,23:00,17.5,86,0.0,0
1,18/12/21,23:30,17.1,88,0.0,0
1,19/12/21,00:00,16.9,89,0.0,0
1,19/12/21,0:30,16.6,90,0.0,0
1,19/12/21,1:00,16.4,90,0.0,0
1,19/12/21,1:30,16.3,91,0.0,0
1,19/12/21,2:00,16.3,91,0.0,0
1,19/12/21,2:30,16.6,90,0.0,0
1,19/12/21,3:00,17.3,88,0.0,0
1,19/12/21,3:30,17.6,87,0.0,0
1,19/12/21,4:00,17.6,87,0.0,0
1,19/12/21,4:30,17.8,87,0.0,0
1,19/12/21,5:00,18.1,86,0.0,0
1,19/12/21,5:30,18.0,86,0.0,1
1,19/12/21,6:00,18.0,87,0.0,14
1,19/12/21,6:30,18.4,86,0.0,58
1,19/12/21,7:00,19.1,85,0.0,217
1,19/12/21,7:30,19.7,84,0.0,332
1,19/12/21,8:00,20.2,82,0.0,469
1,19/12/21,8:30,21.1,81,0.0,572
1,19/12/21,9:00,21.8,79,0.0,674
1,19/12/21,9:30,22.8,77,0.0,770
1,19/12/21,10:00,23.4,76,0.0,856
1,19/12/21,10:30,24.4,76,0.0,929
1,19/12/21,11:00,24.6,74,0.0,991
1,19/12/21,11:30,25.4,71,0.0,1034
1,19/12/21,12:00,25.9,71,0.0,1062
1,19/12/21,12:30,26.6,68,0.0,1073
1,19/12/21,13:00,27.1,67,0.0,1068
1,19/12/21,13:30,27.8,67,0.0,1049
1,19/12/21,14:00,28.1,65,0.0,1013
1,19/12/21,14:30,28.7,65,0.0,964
1,19/12/21,15:00,29.0,66,0.0,914
1,19/12/21,15:30,29.4,63,0.0,787
1,19/12/21,16:00,29.1,63,0.0,722
1,19/12/21,16:30,29.2,62,0.0,417
1,19/12/21,17:00,29.3,61,0.0,455
1,19/12/21,17:30,29.4,61,0.0,349
1,19/12/21,18:00,29.3,63,0.0,211
1,19/12/21,18:30,28.8,63,0.0,145
1,19/12/21,19:00,28.2,66,0.0,69
1,19/12/21,19:30,26.3,72,0.0,17
1,19/12/21,20:00,24.8,76,0.0,1
1,19/12/21,20:30,23.7,80,0.0,0
1,19/12/21,21:00,22.8,83,0.0,0
1,19/12/21,21:30,22.1,85,0.0,0
1,19/12/21,22:00,21.4,85,0.0,0
1,19/12/21,22:30,20.7,87,0.0,0
1,19/12/21,23:00,20.1,89,0.0,0
1,19/12/21,23:30,19.8,90,0.0,0
1,20/12/21,00:00,19.6,90,0.0,0
1,20/12/21,0:30,19.4,90,0.0,0
1,20/12/21,1:00,19.3,89,0.0,0
1,20/12/21,1:30,19.4,88,0.0,0
1,20/12/21,2:00,19.4,87,0.0,0
1,20/12/21,2:30,19.5,86,0.0,0
1,20/12/21,3:00,19.4,86,0.0,0
1,20/12/21,3:30,19.1,87,0.0,0
1,20/12/21,4:00,19.3,86,0.0,0
1,20/12/21,4:30,19.8,84,0.0,0
1,20/12/21,5:00,20.1,83,0.0,0
1,20/12/21,5:30,19.8,82,0.0,1
1,20/12/21,6:00,20.6,80,0.0,22
1,20/12/21,6:30,21.7,76,0.0,97
1,20/12/21,7:00,23.2,73,0.0,215
1,20/12/21,7:30,24.8,72,0.0,331
1,20/12/21,8:00,26.3,69,0.0,446
1,20/12/21,8:30,26.1,74,0.0,557
1,20/12/21,9:00,27.3,67,0.0,662
1,20/12/21,9:30,27.4,65,0.0,761
1,20/12/21,10:00,28.7,66,0.0,847
1,20/12/21,10:30,28.7,61,0.0,782
1,20/12/21,11:00,29.1,63,0.0,1075
1,20/12/21,11:30,29.3,65,0.0,996
1,20/12/21,12:00,29.3,59,0.0,985
1,20/12/21,12:30,29.9,55,0.0,1028
1,20/12/21,13:00,29.9,50,0.0,1043
1,20/12/21,13:30,30.2,49,0.0,1048
1,20/12/21,14:00,30.3,47,0.0,1013
1,20/12/21,14:30,30.5,47,0.0,961
1,20/12/21,15:00,30.9,44,0.0,870
1,20/12/21,15:30,29.7,55,0.0,817
1,20/12/21,16:00,29.0,57,0.0,724
1,20/12/21,16:30,28.4,55,0.0,530
1,20/12/21,17:00,27.8,53,0.0,447
1,20/12/21,17:30,27.4,51,0.0,366
1,20/12/21,18:00,26.7,55,0.0,225
1,20/12/21,18:30,25.7,63,0.0,146
1,20/12/21,19:00,24.4,67,0.0,74
1,20/12/21,19:30,23.2,71,0.0,17
1,20/12/21,20:00,22.1,77,0.0,2
1,20/12/21,20:30,21.4,80,0.0,0
1,20/12/21,21:00,20.8,82,0.0,0
1,20/12/21,21:30,20.2,86,0.0,0
1,20/12/21,22:00,19.9,87,0.0,0
1,20/12/21,22:30,19.6,89,0.0,0
1,20/12/21,23:00,19.2,91,0.0,0
1,20/12/21,23:30,19.1,92,0.0,0
1,21/12/21,00:00,19.1,91,0.0,0
1,21/12/21,0:30,18.9,90,0.0,0
1,21/12/21,1:00,18.8,90,0.0,0
1,21/12/21,1:30,18.8,91,0.0,0
1,21/12/21,2:00,18.7,92,0.0,0
1,21/12/21,2:30,19.0,92,0.0,0
1,21/12/21,3:00,18.9,90,0.0,0
1,21/12/21,3:30,18.9,91,0.0,0
1,21/12/21,4:00,18.8,90,0.0,0
1,21/12/21,4:30,18.9,91,0.0,0
1,21/12/21,5:00,18.7,89,0.0,0
1,21/12/21,5:30,18.8,90,0.0,0
1,21/12/21,6:00,18.8,89,0.0,21
1,21/12/21,6:30,19.4,87,0.0,92
1,21/12/21,7:00,20.3,86,0.0,230
1,21/12/21,7:30,20.9,84,0.0,366
1,21/12/21,8:00,21.2,83,0.0,402
1,21/12/21,8:30,22.2,80,0.0,522
1,21/12/21,9:00,22.9,78,0.0,609
1,21/12/21,9:30,23.4,76,0.0,678
1,21/12/21,10:00,24.1,74,0.0,814
1,21/12/21,10:30,23.3,73,0.0,324
1,21/12/21,11:00,23.4,74,0.0,369
1,21/12/21,11:30,23.9,73,0.0,465
1,21/12/21,12:00,24.8,72,0.0,911
1,21/12/21,12:30,25.1,68,0.0,537
1,21/12/21,13:00,25.2,67,0.0,654
1,21/12/21,13:30,25.6,62,0.0,667
1,21/12/21,14:00,26.2,63,0.0,787
1,21/12/21,14:30,26.1,64,0.0,483
1,21/12/21,15:00,26.6,65,0.0,869
1,21/12/21,15:30,26.0,62,0.0,387
1,21/12/21,16:00,23.3,79,0.0,144
1,21/12/21,16:30,23.5,83,0.0,141
1,21/12/21,17:00,23.9,80,0.0,235
1,21/12/21,17:30,24.3,69,0.0,223
1,21/12/21,18:00,24.4,71,0.0,167
1,21/12/21,18:30,24.9,70,0.0,165
1,21/12/21,19:00,24.2,72,0.0,81
1,21/12/21,19:30,23.1,78,0.0,20
1,21/12/21,20:00,22.3,81,0.0,1
1,21/12/21,20:30,21.8,83,0.0,0
1,21/12/21,21:00,21.3,85,0.0,0
1,21/12/21,21:30,20.8,87,0.0,0
1,21/12/21,22:00,20.4,89,0.0,0
1,21/12/21,22:30,20.1,91,0.0,0
1,21/12/21,23:00,19.9,92,0.0,0
1,21/12/21,23:30,19.7,91,0.0,0
1,22/12/21,00:00,19.4,92,0.0,0
1,22/12/21,0:30,19.3,93,0.0,0
1,22/12/21,1:00,19.2,92,0.0,0
1,22/12/21,1:30,18.9,92,0.0,0
1,22/12/21,2:00,18.2,94,0.0,0
1,22/12/21,2:30,18.2,94,0.0,0
1,22/12/21,3:00,17.8,94,0.0,0
1,22/12/21,3:30,17.8,94,0.0,0
1,22/12/21,4:00,17.6,94,0.0,0
1,22/12/21,4:30,17.7,93,0.0,0
1,22/12/21,5:00,17.9,92,0.0,0
1,22/12/21,5:30,17.9,91,0.0,0
1,22/12/21,6:00,18.3,92,0.0,28
1,22/12/21,6:30,18.7,91,0.0,74
1,22/12/21,7:00,19.1,90,0.0,194
1,22/12/21,7:30,19.8,88,0.0,343
1,22/12/21,8:00,20.5,82,0.0,400
1,22/12/21,8:30,21.6,76,0.0,563
1,22/12/21,9:00,21.7,76,0.0,642
1,22/12/21,9:30,22.6,73,0.0,868
1,22/12/21,10:00,22.5,71,0.0,493
1,22/12/21,10:30,23.5,67,0.0,972
1,22/12/21,11:00,24.1,67,0.0,977
1,22/12/21,11:30,24.6,64,0.0,1066
1,22/12/21,12:00,24.8,56,0.0,1144
1,22/12/21,12:30,25.2,56,0.0,1142
1,22/12/21,13:00,26.1,55,0.0,943
1,22/12/21,13:30,25.9,55,0.0,1119
1,22/12/21,14:00,25.9,53,0.0,1058
1,22/12/21,14:30,26.3,54,0.0,899
1,22/12/21,15:00,26.6,50,0.0,963
1,22/12/21,15:30,26.1,50,0.0,871
1,22/12/21,16:00,25.9,54,0.0,760
1,22/12/21,16:30,25.5,55,0.0,517
1,22/12/21,17:00,25.6,56,0.0,384
1,22/12/21,17:30,25.1,55,0.0,369
1,22/12/21,18:00,24.5,56,0.0,221
1,22/12/21,18:30,23.8,57,0.0,147
1,22/12/21,19:00,23.0,58,0.0,72
1,22/12/21,19:30,21.9,60,0.0,18
1,22/12/21,20:00,20.8,64,0.0,2
1,22/12/21,20:30,19.9,68,0.0,0
1,22/12/21,21:00,19.5,75,0.0,0
1,22/12/21,21:30,18.8,80,0.0,0
1,22/12/21,22:00,18.3,83,0.0,0
1,22/12/21,22:30,17.6,85,0.0,0
1,22/12/21,23:00,17.3,87,0.0,0
1,22/12/21,23:30,17.0,88,0.0,0
1,23/12/21,00:00,16.4,89,0.0,0
1,23/12/21,0:30,16.1,90,0.0,0
1,23/12/21,1:00,15.9,90,0.0,0
1,23/12/21,1:30,15.9,90,0.0,0
1,23/12/21,2:00,15.6,90,0.0,0
1,23/12/21,2:30,15.7,91,0.0,0
1,23/12/21,3:00,14.9,91,0.0,0
1,23/12/21,3:30,14.7,93,0.0,0
1,23/12/21,4:00,14.7,90,0.0,0
1,23/12/21,4:30,14.3,94,0.0,0
1,23/12/21,5:00,14.1,93,0.0,0
1,23/12/21,5:30,13.6,95,0.0,0
1,23/12/21,6:00,14.1,96,0.0,20
1,23/12/21,6:30,14.9,95,0.0,98
1,23/12/21,7:00,15.6,94,0.0,225
1,23/12/21,7:30,16.6,93,0.0,343
1,23/12/21,8:00,18.8,82,0.0,462
1,23/12/21,8:30,19.6,77,0.0,571
1,23/12/21,9:00,20.5,73,0.0,678
1,23/12/21,9:30,21.8,64,0.0,776
1,23/12/21,10:00,22.1,64,0.0,862
1,23/12/21,10:30,22.9,63,0.0,937
1,23/12/21,11:00,23.3,58,0.0,999
1,23/12/21,11:30,23.8,58,0.0,1045
1,23/12/21,12:00,24.4,60,0.0,1073
1,23/12/21,12:30,25.0,58,0.0,1086
1,23/12/21,13:00,25.7,50,0.0,1104
1,23/12/21,13:30,25.7,55,0.0,966
1,23/12/21,14:00,25.9,48,0.0,1107
1,23/12/21,14:30,25.9,51,0.0,1053
1,23/12/21,15:00,25.5,47,0.0,484
1,23/12/21,15:30,26.4,48,0.0,821
1,23/12/21,16:00,26.3,45,0.0,708
1,23/12/21,16:30,25.4,48,0.0,475
1,23/12/21,17:00,26.4,50,0.0,510
1,23/12/21,17:30,25.6,53,0.0,413
1,23/12/21,18:00,24.6,56,0.0,224
1,23/12/21,18:30,24.1,58,0.0,145
1,23/12/21,19:00,23.2,62,0.0,69
1,23/12/21,19:30,21.9,66,0.0,18
1,23/12/21,20:00,20.8,70,0.0,2
1,23/12/21,20:30,19.9,73,0.0,0
1,23/12/21,21:00,19.1,76,0.0,0
1,23/12/21,21:30,18.4,79,0.0,0
1,23/12/21,22:00,18.2,81,0.0,0
1,23/12/21,22:30,17.7,82,0.0,0
1,23/12/21,23:00,17.3,84,0.0,0
1,23/12/21,23:30,16.5,87,0.0,0
1,24/12/21,00:00,16.1,89,0.0,0
1,24/12/21,0:30,15.8,89,0.0,0
1,24/12/21,1:00,15.8,90,0.0,0
1,24/12/21,1:30,15.6,91,0.0,0
1,24/12/21,2:00,15.2,93,0.0,0
1,24/12/21,2:30,14.9,93,0.0,0
1,24/12/21,3:00,14.9,93,0.0,0
1,24/12/21,3:30,15.3,93,0.0,0
1,24/12/21,4:00,15.2,93,0.0,0
1,24/12/21,4:30,15.2,92,0.0,0
1,24/12/21,5:00,14.5,94,0.0,0
1,24/12/21,5:30,14.1,94,0.0,0
1,24/12/21,6:00,14.6,95,0.0,20
1,24/12/21,6:30,15.9,94,0.0,97
1,24/12/21,7:00,17.2,92,0.0,215
1,24/12/21,7:30,18.4,87,0.0,336
1,24/12/21,8:00,19.4,83,0.0,460
1,24/12/21,8:30,20.0,79,0.0,583
1,24/12/21,9:00,20.8,70,0.0,677
1,24/12/21,9:30,21.8,66,0.0,778
1,24/12/21,10:00,22.4,64,0.0,865
1,24/12/21,10:30,22.9,61,0.0,941
1,24/12/21,11:00,23.4,56,0.0,1005
1,24/12/21,11:30,24.1,54,0.0,1051
1,24/12/21,12:00,24.5,48,0.0,1080
1,24/12/21,12:30,25.1,45,0.0,1096
1,24/12/21,13:00,25.7,52,0.0,1094
1,24/12/21,13:30,25.8,48,0.0,1051
1,24/12/21,14:00,26.9,50,0.0,1099
1,24/12/21,14:30,26.5,50,0.0,1043
1,24/12/21,15:00,26.9,54,0.0,766
1,24/12/21,15:30,26.5,46,0.0,618
1,24/12/21,16:00,27.2,44,0.0,774
1,24/12/21,16:30,27.2,45,0.0,575
1,24/12/21,17:00,27.6,44,0.0,463
1,24/12/21,17:30,27.4,46,0.0,374
1,24/12/21,18:00,27.2,48,0.0,226
1,24/12/21,18:30,26.8,45,0.0,153
1,24/12/21,19:00,26.2,49,0.0,79
1,24/12/21,19:30,24.1,68,0.0,20
1,24/12/21,20:00,22.7,74,0.0,2
1,24/12/21,20:30,21.7,78,0.0,0
1,24/12/21,21:00,20.8,81,0.0,0
1,24/12/21,21:30,20.2,83,0.0,0
1,24/12/21,22:00,19.6,84,0.0,0
1,24/12/21,22:30,19.1,85,0.0,0
1,24/12/21,23:00,18.6,87,0.0,0
1,24/12/21,23:30,18.3,89,0.0,0
1,25/12/21,00:00,17.8,90,0.0,0
1,25/12/21,0:30,17.7,91,0.0,0
1,25/12/21,1:00,17.4,92,0.0,0
1,25/12/21,1:30,17.2,92,0.0,0
1,25/12/21,2:00,17.1,93,0.0,0
1,25/12/21,2:30,17.0,94,0.0,0
1,25/12/21,3:00,16.9,94,0.0,0
1,25/12/21,3:30,16.8,94,0.0,0
1,25/12/21,4:00,16.7,93,0.0,0
1,25/12/21,4:30,16.6,93,0.0,0
1,25/12/21,5:00,16.4,94,0.0,0
1,25/12/21,5:30,16.4,94,0.0,0
1,25/12/21,6:00,16.7,94,0.0,15
1,25/12/21,6:30,17.2,94,0.0,85
1,25/12/21,7:00,18.1,92,0.0,207
1,25/12/21,7:30,18.6,89,0.0,329
1,25/12/21,8:00,19.8,82,0.0,447
1,25/12/21,8:30,20.6,78,0.0,563
1,25/12/21,9:00,21.8,71,0.0,667
1,25/12/21,9:30,23.2,71,0.0,765
1,25/12/21,10:00,24.2,66,0.0,850
1,25/12/21,10:30,25.4,61,0.0,923
1,25/12/21,11:00,26.3,57,0.0,986
1,25/12/21,11:30,27.0,52,0.0,1027
1,25/12/21,12:00,27.9,50,0.0,1052
1,25/12/21,12:30,28.3,51,0.0,1061
1,25/12/21,13:00,28.9,48,0.0,1070
1,25/12/21,13:30,29.7,44,0.0,1057
1,25/12/21,14:00,29.7,46,0.0,1027
1,25/12/21,14:30,30.0,47,0.0,528
1,25/12/21,15:00,30.5,43,0.0,915
1,25/12/21,15:30,29.0,48,0.0,308
1,25/12/21,16:00,29.9,44,0.0,431
1,25/12/21,16:30,29.1,45,0.0,549
1,25/12/21,17:00,28.9,47,0.0,210
1,25/12/21,17:30,29.8,44,0.0,332
1,25/12/21,18:00,29.9,43,0.0,220
1,25/12/21,18:30,29.3,49,0.0,130
1,25/12/21,19:00,28.4,52,0.0,72
1,25/12/21,19:30,26.7,59,0.0,21
1,25/12/21,20:00,25.5,61,0.0,1
1,25/12/21,20:30,25.1,64,0.0,0
1,25/12/21,21:00,23.9,68,0.0,0
1,25/12/21,21:30,23.7,70,0.0,0
1,25/12/21,22:00,23.2,72,0.0,0
1,25/12/21,22:30,23.0,72,0.0,0
1,25/12/21,23:00,22.6,69,0.0,0
1,25/12/21,23:30,22.5,67,0.0,0
1,26/12/21,00:00,22.3,66,0.0,0
1,26/12/21,0:30,21.9,66,0.0,0
1,26/12/21,1:00,21.6,66,0.0,0
1,26/12/21,1:30,21.3,69,0.0,0
1,26/12/21,2:00,21.0,73,0.0,0
1,26/12/21,2:30,20.7,77,0.0,0
1,26/12/21,3:00,20.3,79,0.0,0
1,26/12/21,3:30,19.9,80,0.0,0
1,26/12/21,4:00,20.1,83,0.0,0
1,26/12/21,4:30,19.6,85,0.0,0
1,26/12/21,5:00,19.6,84,0.0,0
1,26/12/21,5:30,19.2,83,0.0,0
1,26/12/21,6:00,18.6,79,0.0,13
1,26/12/21,6:30,19.4,75,0.0,69
1,26/12/21,7:00,20.0,75,0.0,191
1,26/12/21,7:30,20.1,87,0.0,313
1,26/12/21,8:00,20.8,87,0.0,428
1,26/12/21,8:30,21.6,84,0.0,409
1,26/12/21,9:00,22.9,79,0.0,678
1,26/12/21,9:30,23.5,75,0.0,737
1,26/12/21,10:00,24.3,72,0.0,838
1,26/12/21,10:30,25.1,69,0.0,939
1,26/12/21,11:00,25.0,69,0.0,831
1,26/12/21,11:30,26.1,64,0.0,1058
1,26/12/21,12:00,26.3,61,0.0,1059
1,26/12/21,12:30,26.7,60,0.0,1090
1,26/12/21,13:00,26.9,61,0.0,1075
1,26/12/21,13:30,26.1,61,0.0,394
1,26/12/21,14:00,27.6,53,0.0,1026
1,26/12/21,14:30,28.3,42,0.0,1011
1,26/12/21,15:00,28.4,40,0.0,922
1,26/12/21,15:30,28.5,38,0.0,843
1,26/12/21,16:00,28.4,35,0.0,758
1,26/12/21,16:30,28.3,36,0.0,572
1,26/12/21,17:00,27.9,35,0.0,463
1,26/12/21,17:30,27.7,37,0.0,386
1,26/12/21,18:00,27.0,40,0.0,236
1,26/12/21,18:30,26.1,45,0.0,153
1,26/12/21,19:00,24.9,49,0.0,80
1,26/12/21,19:30,23.5,54,0.0,17
1,26/12/21,20:00,21.9,59,0.0,2
1,26/12/21,20:30,21.0,61,0.0,0
1,26/12/21,21:00,20.4,61,0.0,0
1,26/12/21,21:30,20.1,61,0.0,0
1,26/12/21,22:00,19.3,66,0.0,0
1,26/12/21,22:30,18.3,72,0.0,0
1,26/12/21,23:00,19.3,73,0.0,0
1,26/12/21,23:30,18.3,76,0.0,0
1,27/12/21,00:00,18.6,78,0.0,0
1,27/12/21,0:30,18.4,79,0.0,0
1,27/12/21,1:00,17.8,80,0.0,0
1,27/12/21,1:30,17.6,82,0.0,0
1,27/12/21,2:00,17.6,84,0.0,0
1,27/12/21,2:30,16.9,83,0.0,0
1,27/12/21,3:00,16.7,86,0.0,0
1,27/12/21,3:30,16.8,87,0.0,0
1,27/12/21,4:00,16.8,87,0.0,0
1,27/12/21,4:30,16.7,87,0.0,0
1,27/12/21,5:00,16.8,87,0.0,0
1,27/12/21,5:30,17.3,88,0.0,0
1,27/12/21,6:00,17.3,87,0.0,12
1,27/12/21,6:30,17.9,84,0.0,58
1,27/12/21,7:00,18.6,82,0.0,197
1,27/12/21,7:30,19.8,79,0.0,318
1,27/12/21,8:00,20.6,75,0.0,431
1,27/12/21,8:30,21.6,74,0.0,549
1,27/12/21,9:00,23.3,63,0.0,643
1,27/12/21,9:30,25.2,53,0.0,746
1,27/12/21,10:00,26.7,46,0.0,838
1,27/12/21,10:30,27.8,48,0.0,907
1,27/12/21,11:00,28.2,40,0.0,979
1,27/12/21,11:30,28.9,40,0.0,1005
1,27/12/21,12:00,29.4,41,0.0,1051
1,27/12/21,12:30,29.9,39,0.0,1068
1,27/12/21,13:00,31.2,37,0.0,1133
1,27/12/21,13:30,29.3,39,0.0,616
1,27/12/21,14:00,30.5,39,0.0,834
1,27/12/21,14:30,31.3,36,0.0,840
1,27/12/21,15:00,31.8,36,0.0,984
1,27/12/21,15:30,31.1,36,0.0,598
1,27/12/21,16:00,29.9,37,0.0,611
1,27/12/21,16:30,29.6,38,0.0,428
1,27/12/21,17:00,30.6,37,0.0,399
1,27/12/21,17:30,27.7,53,0.0,264
1,27/12/21,18:00,27.6,56,0.0,269
1,27/12/21,18:30,26.6,61,0.0,131
1,27/12/21,19:00,25.4,65,0.0,78
1,27/12/21,19:30,23.7,71,0.0,21
1,27/12/21,20:00,22.4,74,0.0,2
1,27/12/21,20:30,21.4,77,0.0,0
1,27/12/21,21:00,20.7,79,0.0,0
1,27/12/21,21:30,20.0,82,0.0,0
1,27/12/21,22:00,19.6,84,0.0,0
1,27/12/21,22:30,19.1,86,0.0,0
1,27/12/21,23:00,18.6,88,0.0,0
1,27/12/21,23:30,18.3,89,0.0,0
1,28/12/21,00:00,18.1,90,0.0,0
1,28/12/21,0:30,18.0,91,0.0,0
1,28/12/21,1:00,17.8,92,0.0,0
1,28/12/21,1:30,17.6,92,0.0,0
1,28/12/21,2:00,17.4,92,0.0,0
1,28/12/21,2:30,16.7,93,0.0,0
1,28/12/21,3:00,16.9,94,0.0,0
1,28/12/21,3:30,16.7,94,0.0,0
1,28/12/21,4:00,16.6,95,0.0,0
1,28/12/21,4:30,16.8,95,0.0,0
1,28/12/21,5:00,17.1,93,0.0,0
1,28/12/21,5:30,16.7,94,0.0,0
1,28/12/21,6:00,16.8,93,0.0,16
1,28/12/21,6:30,17.2,92,0.0,88
1,28/12/21,7:00,18.2,89,0.0,211
1,28/12/21,7:30,19.4,86,0.0,336
1,28/12/21,8:00,20.6,82,0.0,452
1,28/12/21,8:30,22.1,70,0.0,566
1,28/12/21,9:00,23.6,61,0.0,677
1,28/12/21,9:30,25.1,49,0.0,778
1,28/12/21,10:00,25.9,48,0.0,868
1,28/12/21,10:30,27.1,45,0.0,947
1,28/12/21,11:00,27.3,43,0.0,1009
1,28/12/21,11:30,27.4,38,0.0,1062
1,28/12/21,12:00,28.3,39,0.0,1087
1,28/12/21,12:30,28.5,38,0.0,1094
1,28/12/21,13:00,29.1,31,0.0,1095
1,28/12/21,13:30,29.4,36,0.0,1075
1,28/12/21,14:00,29.8,29,0.0,1041
1,28/12/21,14:30,30.2,28,0.0,990
1,28/12/21,15:00,30.3,30,0.0,924
1,28/12/21,15:30,30.2,29,0.0,846
1,28/12/21,16:00,29.9,29,0.0,758
1,28/12/21,16:30,29.7,33,0.0,577
1,28/12/21,17:00,29.4,34,0.0,454
1,28/12/21,17:30,29.0,34,0.0,378
1,28/12/21,18:00,28.6,38,0.0,237
1,28/12/21,18:30,27.6,46,0.0,151
1,28/12/21,19:00,26.6,49,0.0,77
1,28/12/21,19:30,24.8,57,0.0,19
1,28/12/21,20:00,23.2,60,0.0,2
1,28/12/21,20:30,22.2,63,0.0,0
1,28/12/21,21:00,21.3,67,0.0,0
1,28/12/21,21:30,20.3,72,0.0,0
1,28/12/21,22:00,19.6,72,0.0,0
1,28/12/21,22:30,18.9,78,0.0,0
1,28/12/21,23:00,18.2,80,0.0,0
1,28/12/21,23:30,18.3,81,0.0,0
1,29/12/21,00:00,17.9,83,0.0,0
1,29/12/21,0:30,17.4,85,0.0,0
1,29/12/21,1:00,16.7,86,0.0,0
1,29/12/21,1:30,16.8,87,0.0,0
1,29/12/21,2:00,17.4,86,0.0,0
1,29/12/21,2:30,17.1,88,0.0,0
1,29/12/21,3:00,16.8,89,0.0,0
1,29/12/21,3:30,16.6,90,0.0,0
1,29/12/21,4:00,16.7,91,0.0,0
1,29/12/21,4:30,16.9,91,0.0,0
1,29/12/21,5:00,16.8,91,0.0,0
1,29/12/21,5:30,16.7,92,0.0,0
1,29/12/21,6:00,16.7,92,0.0,15
1,29/12/21,6:30,17.6,89,0.0,86
1,29/12/21,7:00,18.7,84,0.0,203
1,29/12/21,7:30,19.8,78,0.0,323
1,29/12/21,8:00,21.1,74,0.0,439
1,29/12/21,8:30,22.1,67,0.0,554
1,29/12/21,9:00,23.4,56,0.0,660
1,29/12/21,9:30,24.6,58,0.0,760
1,29/12/21,10:00,25.9,47,0.0,851
1,29/12/21,10:30,26.7,44,0.0,929
1,29/12/21,11:00,27.5,39,0.0,991
1,29/12/21,11:30,28.1,44,0.0,1040
1,29/12/21,12:00,28.9,40,0.0,1067
1,29/12/21,12:30,29.6,35,0.0,1082
1,29/12/21,13:00,29.9,37,0.0,1082
1,29/12/21,13:30,30.2,37,0.0,1065
1,29/12/21,14:00,30.4,38,0.0,1026
1,29/12/21,14:30,31.2,37,0.0,979
1,29/12/21,15:00,31.1,40,0.0,918
1,29/12/21,15:30,31.3,37,0.0,836
1,29/12/21,16:00,31.1,40,0.0,738
1,29/12/21,16:30,31.1,39,0.0,587
1,29/12/21,17:00,30.8,41,0.0,450
1,29/12/21,17:30,30.1,45,0.0,356
1,29/12/21,18:00,29.0,50,0.0,239
1,29/12/21,18:30,28.1,55,0.0,148
1,29/12/21,19:00,26.9,58,0.0,77
1,29/12/21,19:30,25.3,63,0.0,19
1,29/12/21,20:00,23.8,69,0.0,3
1,29/12/21,20:30,22.7,72,0.0,0
1,29/12/21,21:00,21.9,73,0.0,0
1,29/12/21,21:30,21.3,76,0.0,0
1,29/12/21,22:00,20.6,78,0.0,0
1,29/12/21,22:30,20.4,81,0.0,0
1,29/12/21,23:00,19.7,84,0.0,0
1,29/12/21,23:30,19.2,86,0.0,0
1,30/12/21,00:00,18.8,87,0.0,0
1,30/12/21,0:30,18.9,87,0.0,0
1,30/12/21,1:00,18.3,88,0.0,0
1,30/12/21,1:30,18.1,89,0.0,0
1,30/12/21,2:00,18.6,88,0.0,0
1,30/12/21,2:30,18.7,87,0.0,0
1,30/12/21,3:00,18.4,88,0.0,0
1,30/12/21,3:30,18.3,88,0.0,0
1,30/12/21,4:00,18.1,89,0.0,0
1,30/12/21,4:30,17.7,90,0.0,0
1,30/12/21,5:00,17.9,90,0.0,0
1,30/12/21,5:30,17.9,90,0.0,0
1,30/12/21,6:00,18.2,90,0.0,12
1,30/12/21,6:30,18.9,89,0.0,69
1,30/12/21,7:00,19.6,88,0.0,190
1,30/12/21,7:30,20.6,86,0.0,306
1,30/12/21,8:00,21.7,83,0.0,419
1,30/12/21,8:30,22.7,80,0.0,524
1,30/12/21,9:00,23.5,78,0.0,627
1,30/12/21,9:30,24.7,75,0.0,734
1,30/12/21,10:00,25.8,70,0.0,824
1,30/12/21,10:30,26.3,69,0.0,900
1,30/12/21,11:00,26.8,67,0.0,965
1,30/12/21,11:30,27.6,66,0.0,1016
1,30/12/21,12:00,28.4,61,0.0,1046
1,30/12/21,12:30,29.3,60,0.0,1040
1,30/12/21,13:00,30.3,56,0.0,1129
1,30/12/21,13:30,30.6,54,0.0,1069
1,30/12/21,14:00,31.0,52,0.0,963
1,30/12/21,14:30,32.6,48,0.0,1044
1,30/12/21,15:00,33.3,45,0.0,1007
1,30/12/21,15:30,32.6,49,0.0,954
1,30/12/21,16:00,32.0,44,0.0,285
1,30/12/21,16:30,32.7,43,0.0,218
1,30/12/21,17:00,33.2,40,0.0,437
1,30/12/21,17:30,33.8,38,0.0,408
1,30/12/21,18:00,33.5,36,0.0,251
1,30/12/21,18:30,33.6,35,0.0,163
1,30/12/21,19:00,29.3,64,0.0,89
1,30/12/21,19:30,28.0,68,0.0,40
1,30/12/21,20:00,26.7,72,0.0,6
1,30/12/21,20:30,25.6,76,0.0,0
1,30/12/21,21:00,24.8,79,0.0,0
1,30/12/21,21:30,24.2,80,0.0,0
1,30/12/21,22:00,23.7,82,0.0,0
1,30/12/21,22:30,22.9,84,0.0,0
1,30/12/21,23:00,22.4,85,0.0,0
1,30/12/21,23:30,22.3,83,0.0,0
1,31/12/21,00:00,21.8,84,0.0,0
1,31/12/21,0:30,21.4,85,0.0,0
1,31/12/21,1:00,21.6,85,0.0,0
1,31/12/21,1:30,20.9,88,0.0,0
1,31/12/21,2:00,20.7,88,0.0,0
1,31/12/21,2:30,20.7,87,0.0,0
1,31/12/21,3:00,20.2,89,0.0,0
1,31/12/21,3:30,20.4,90,0.0,0
1,31/12/21,4:00,20.1,91,0.0,0
1,31/12/21,4:30,20.1,91,0.0,0
1,31/12/21,5:00,19.6,92,0.0,0
1,31/12/21,5:30,19.2,94,0.0,0
1,31/12/21,6:00,19.2,95,0.0,6
1,31/12/21,6:30,19.8,94,0.0,24
1,31/12/21,7:00,21.0,89,0.0,25
1,31/12/21,7:30,22.1,87,0.0,137
1,31/12/21,8:00,22.5,87,0.0,268
1,31/12/21,8:30,24.4,79,0.0,567
1,31/12/21,9:00,25.0,75,0.0,678
1,31/12/21,9:30,26.0,72,0.0,712
1,31/12/21,10:00,27.4,65,0.0,773
1,31/12/21,10:30,28.4,61,0.0,830
1,31/12/21,11:00,29.0,61,0.0,908
1,31/12/21,11:30,30.0,57,0.0,1059
1,31/12/21,12:00,30.2,58,0.0,884
1,31/12/21,12:30,30.8,53,0.0,766
1,31/12/21,13:00,31.3,53,0.0,1091
1,31/12/21,13:30,32.2,51,0.0,1183
1,31/12/21,14:00,30.7,55,0.0,440
1,31/12/21,14:30,32.1,49,0.0,797
1,31/12/21,15:00,32.8,49,0.0,976
1,31/12/21,15:30,29.4,60,0.0,466
1,31/12/21,16:00,28.6,64,0.0,451
1,31/12/21,16:30,28.3,66,0.0,310
1,31/12/21,17:00,29.1,66,0.0,369
1,31/12/21,17:30,29.6,61,0.0,359
1,31/12/21,18:00,29.7,57,0.0,238
1,31/12/21,18:30,29.3,60,0.0,148
1,31/12/21,19:00,27.8,68,0.0,75
1,31/12/21,19:30,25.0,74,0.0,24
1,31/12/21,20:00,23.7,76,0.0,3
1,31/12/21,20:30,22.9,78,0.0,0
1,31/12/21,21:00,22.9,77,0.0,0
1,31/12/21,21:30,23.3,73,0.0,0
1,31/12/21,22:00,23.2,73,0.0,0
1,31/12/21,22:30,22.6,74,0.0,0
1,31/12/21,23:00,22.8,70,0.0,0
1,31/12/21,23:30,22.4,72,0.0,0
1,01/01/22,00:00,21.7,79,0.0,0
1,01/01/22,0:30,21.3,83,0.0,0
1,01/01/22,1:00,21.0,86,0.0,0
1,01/01/22,1:30,21.2,88,0.0,0
1,01/01/22,2:00,20.6,86,0.0,0
1,01/01/22,2:30,20.3,86,0.0,0
1,01/01/22,3:00,19.7,88,0.0,0
1,01/01/22,3:30,19.4,90,0.0,0
1,01/01/22,4:00,19.7,90,0.0,0
1,01/01/22,4:30,19.7,90,0.0,0
1,01/01/22,5:00,19.8,87,0.0,0
1,01/01/22,5:30,19.7,86,0.0,0
1,01/01/22,6:00,19.6,87,0.0,13
1,01/01/22,6:30,20.3,86,0.0,76
1,01/01/22,7:00,21.3,85,0.0,187
1,01/01/22,7:30,21.3,86,0.0,304
1,01/01/22,8:00,21.6,85,0.0,423
1,01/01/22,8:30,23.7,80,0.0,532
1,01/01/22,9:00,25.3,69,0.0,641
1,01/01/22,9:30,26.9,67,0.0,741
1,01/01/22,10:00,27.4,63,0.0,826
1,01/01/22,10:30,27.8,64,0.0,902
1,01/01/22,11:00,29.1,61,0.0,969
1,01/01/22,11:30,30.3,56,0.0,1008
1,01/01/22,12:00,31.6,51,0.0,1063
1,01/01/22,12:30,32.3,48,0.0,1077
1,01/01/22,13:00,33.0,42,0.0,1084
1,01/01/22,13:30,33.1,39,0.0,1051
1,01/01/22,14:00,33.2,37,0.0,1012
1,01/01/22,14:30,34.6,33,0.0,972
1,01/01/22,15:00,34.7,30,0.0,903
1,01/01/22,15:30,35.1,32,0.0,832
1,01/01/22,16:00,35.2,29,0.0,730
1,01/01/22,16:30,35.3,26,0.0,574
1,01/01/22,17:00,34.7,29,0.0,380
1,01/01/22,17:30,34.5,33,0.0,297
1,01/01/22,18:00,33.4,34,0.0,198
1,01/01/22,18:30,32.2,41,0.0,109
1,01/01/22,19:00,31.6,42,0.0,59
1,01/01/22,19:30,30.0,55,0.0,18
1,01/01/22,20:00,28.4,70,0.0,0
1,01/01/22,20:30,22.1,71,0.0,0
1,01/01/22,21:00,21.4,73,0.0,0
1,01/01/22,21:30,21.8,78,0.0,0
1,01/01/22,22:00,20.4,79,0.0,0
1,01/01/22,22:30,21.1,82,0.0,0
1,01/01/22,23:00,21.1,79,0.0,0
1,01/01/22,23:30,20.7,83,0.0,0
1,02/01/22,00:00,20.7,86,0.0,0
1,02/01/22,0:30,21.0,89,0.0,0
1,02/01/22,1:00,21.2,90,0.0,0
1,02/01/22,1:30,21.1,91,0.0,0
1,02/01/22,2:00,21.1,93,0.0,0
1,02/01/22,2:30,20.9,93,0.0,0
1,02/01/22,3:00,21.1,92,0.0,0
1,02/01/22,3:30,21.0,91,0.0,0
1,02/01/22,4:00,21.1,91,0.0,0
1,02/01/22,4:30,20.4,93,0.0,0
1,02/01/22,5:00,20.4,92,0.0,0
1,02/01/22,5:30,21.1,89,0.0,1
1,02/01/22,6:00,21.7,86,0.0,28
1,02/01/22,6:30,21.6,86,0.0,34
1,02/01/22,7:00,20.7,91,0.0,8
1,02/01/22,7:30,22.7,75,0.0,32
1,02/01/22,8:00,23.2,70,0.0,81
1,02/01/22,8:30,22.7,71,0.0,31
1,02/01/22,9:00,22.6,72,0.0,58
1,02/01/22,9:30,22.8,74,0.0,92
1,02/01/22,10:00,22.6,73,0.0,86
1,02/01/22,10:30,23.2,71,0.0,123
1,02/01/22,11:00,20.9,83,0.0,52
1,02/01/22,11:30,20.8,86,0.0,108
1,02/01/22,12:00,20.8,87,0.0,69
1,02/01/22,12:30,20.5,91,0.0,135
1,02/01/22,13:00,21.4,85,0.0,237
1,02/01/22,13:30,21.9,86,0.0,206
1,02/01/22,14:00,22.4,84,0.0,287
1,02/01/22,14:30,23.5,80,0.0,410
1,02/01/22,15:00,24.3,76,0.0,534
1,02/01/22,15:30,24.4,77,0.0,457
1,02/01/22,16:00,25.1,77,0.0,361
1,02/01/22,16:30,25.7,73,0.0,376
1,02/01/22,17:00,25.4,72,0.0,330
1,02/01/22,17:30,24.8,76,0.0,265
1,02/01/22,18:00,24.3,81,0.0,177
1,02/01/22,18:30,24.0,79,0.0,119
1,02/01/22,19:00,23.8,80,0.0,71
1,02/01/22,19:30,23.5,79,0.0,45
1,02/01/22,20:00,22.7,82,0.0,8
1,02/01/22,20:30,22.2,84,0.0,0
1,02/01/22,21:00,21.9,86,0.0,0
1,02/01/22,21:30,21.8,85,0.0,0
1,02/01/22,22:00,21.6,84,0.0,0
1,02/01/22,22:30,20.6,89,0.0,0
1,02/01/22,23:00,20.4,89,0.0,0
1,02/01/22,23:30,20.2,90,0.0,0
1,03/01/22,00:00,20.1,90,0.0,0
1,03/01/22,0:30,20.4,91,0.0,0
1,03/01/22,1:00,20.4,90,0.0,0
1,03/01/22,1:30,20.5,91,0.0,0
1,03/01/22,2:00,20.0,93,0.0,0
1,03/01/22,2:30,20.3,92,0.0,0
1,03/01/22,3:00,20.5,91,0.0,0
1,03/01/22,3:30,20.8,92,0.0,0
1,03/01/22,4:00,20.7,90,0.0,0
1,03/01/22,4:30,20.4,91,0.0,0
1,03/01/22,5:00,20.4,90,0.0,0
1,03/01/22,5:30,20.7,90,0.0,0
1,03/01/22,6:00,20.4,91,0.0,14
1,03/01/22,6:30,21.3,88,0.0,81
1,03/01/22,7:00,22.1,87,0.0,165
1,03/01/22,7:30,23.6,82,0.0,266
1,03/01/22,8:00,24.7,79,0.0,396
1,03/01/22,8:30,25.1,75,0.0,509
1,03/01/22,9:00,25.6,76,0.0,621
1,03/01/22,9:30,26.5,73,0.0,725
1,03/01/22,10:00,27.8,68,0.0,793
1,03/01/22,10:30,28.6,66,0.0,886
1,03/01/22,11:00,29.1,65,0.0,906
1,03/01/22,11:30,29.8,62,0.0,991
1,03/01/22,12:00,30.6,58,0.0,1023
1,03/01/22,12:30,31.4,54,0.0,1045
1,03/01/22,13:00,31.9,50,0.0,979
1,03/01/22,13:30,32.7,49,0.0,966
1,03/01/22,14:00,32.9,47,0.0,913
1,03/01/22,14:30,32.9,44,0.0,857
1,03/01/22,15:00,33.2,48,0.0,865
1,03/01/22,15:30,33.3,45,0.0,771
1,03/01/22,16:00,33.2,41,0.0,714
1,03/01/22,16:30,33.3,42,0.0,571
1,03/01/22,17:00,33.3,42,0.0,430
1,03/01/22,17:30,33.1,40,0.0,375
1,03/01/22,18:00,32.6,44,0.0,259
1,03/01/22,18:30,32.1,50,0.0,183
1,03/01/22,19:00,31.2,50,0.0,133
1,03/01/22,19:30,29.7,56,0.0,45
1,03/01/22,20:00,28.4,61,0.0,3
1,03/01/22,20:30,27.5,65,0.0,0
1,03/01/22,21:00,26.4,70,0.0,0
1,03/01/22,21:30,25.8,72,0.0,0
1,03/01/22,22:00,25.3,73,0.0,0
1,03/01/22,22:30,24.7,79,0.0,0
1,03/01/22,23:00,24.2,83,0.0,0
1,03/01/22,23:30,24.1,86,0.0,0
1,04/01/22,00:00,23.4,88,0.0,0
1,04/01/22,0:30,23.2,91,0.0,0
1,04/01/22,1:00,22.9,92,0.0,0
1,04/01/22,1:30,22.8,93,0.0,0
1,04/01/22,2:00,22.8,94,0.0,0
1,04/01/22,2:30,22.4,94,0.0,0
1,04/01/22,3:00,22.3,92,0.0,0
1,04/01/22,3:30,22.4,91,0.0,0
1,04/01/22,4:00,22.6,90,0.0,0
1,04/01/22,4:30,22.4,90,0.0,0
1,04/01/22,5:00,22.4,91,0.0,0
1,04/01/22,5:30,22.3,92,0.0,0
1,04/01/22,6:00,22.1,93,0.0,7
1,04/01/22,6:30,22.4,94,0.0,61
1,04/01/22,7:00,23.1,93,0.0,128
1,04/01/22,7:30,23.4,92,0.0,197
1,04/01/22,8:00,25.0,86,0.0,448
1,04/01/22,8:30,24.7,86,0.0,504
1,04/01/22,9:00,25.8,83,0.0,699
1,04/01/22,9:30,27.0,79,0.0,593
1,04/01/22,10:00,27.9,66,0.0,837
1,04/01/22,10:30,27.9,68,0.0,859
1,04/01/22,11:00,28.2,64,0.0,929
1,04/01/22,11:30,28.7,66,0.0,1075
1,04/01/22,12:00,28.0,63,0.0,977
1,04/01/22,12:30,27.9,64,0.0,735
1,04/01/22,13:00,28.8,59,0.0,1034
1,04/01/22,13:30,29.9,56,0.0,1043
1,04/01/22,14:00,30.6,54,0.0,1029
1,04/01/22,14:30,30.4,51,0.0,903
1,04/01/22,15:00,31.1,52,0.0,1072
1,04/01/22,15:30,30.6,52,0.0,329
1,04/01/22,16:00,30.8,53,0.0,868
1,04/01/22,16:30,29.8,57,0.0,191
1,04/01/22,17:00,27.2,69,0.0,68
1,04/01/22,17:30,27.2,66,0.0,37
1,04/01/22,18:00,25.2,75,0.0,50
1,04/01/22,18:30,24.4,77,0.0,88
1,04/01/22,19:00,24.5,77,0.0,26
1,04/01/22,19:30,24.0,76,0.0,3
1,04/01/22,20:00,23.2,77,0.0,1
1,04/01/22,20:30,22.8,79,0.0,0
1,04/01/22,21:00,22.0,84,0.0,0
1,04/01/22,21:30,21.8,85,0.0,0
1,04/01/22,22:00,21.6,86,0.0,0
1,04/01/22,22:30,21.3,86,0.0,0
1,04/01/22,23:00,20.8,90,0.0,0
1,04/01/22,23:30,21.6,89,0.0,0
1,05/01/22,00:00,21.8,90,0.0,0
1,05/01/22,0:30,21.3,90,0.0,0
1,05/01/22,1:00,21.3,90,0.0,0
1,05/01/22,1:30,21.4,90,0.0,0
1,05/01/22,2:00,21.3,91,0.0,0
1,05/01/22,2:30,21.4,92,0.0,0
1,05/01/22,3:00,21.3,91,0.0,0
1,05/01/22,3:30,21.3,91,0.0,0
1,05/01/22,4:00,21.2,90,0.0,0
1,05/01/22,4:30,21.2,90,0.0,0
1,05/01/22,5:00,21.0,91,0.0,0
1,05/01/22,5:30,19.9,92,0.0,0
1,05/01/22,6:00,18.9,91,0.0,3
1,05/01/22,6:30,19.2,87,0.0,32
1,05/01/22,7:00,19.4,84,0.0,50
1,05/01/22,7:30,19.6,83,0.0,56
1,05/01/22,8:00,19.7,83,0.0,111
1,05/01/22,8:30,20.2,80,0.0,232
1,05/01/22,9:00,21.1,76,0.0,416
1,05/01/22,9:30,20.2,79,0.0,390
1,05/01/22,10:00,19.9,80,0.0,302
1,05/01/22,10:30,20.9,76,0.0,494
1,05/01/22,11:00,21.1,74,0.0,475
1,05/01/22,11:30,21.3,72,0.0,421
1,05/01/22,12:00,22.7,67,0.0,647
1,05/01/22,12:30,23.9,61,0.0,1161
1,05/01/22,13:00,23.8,63,0.0,1174
1,05/01/22,13:30,23.4,62,0.0,678
1,05/01/22,14:00,23.5,62,0.0,717
1,05/01/22,14:30,23.3,63,0.0,527
1,05/01/22,15:00,24.2,57,0.0,612
1,05/01/22,15:30,23.9,57,0.0,655
1,05/01/22,16:00,23.1,60,0.0,659
1,05/01/22,16:30,23.6,57,0.0,505
1,05/01/22,17:00,22.4,58,0.0,237
1,05/01/22,17:30,22.8,55,0.0,363
1,05/01/22,18:00,22.2,55,0.0,264
1,05/01/22,18:30,21.6,58,0.0,189
1,05/01/22,19:00,20.2,64,0.0,107
1,05/01/22,19:30,19.7,62,0.0,21
1,05/01/22,20:00,18.7,70,0.0,4
1,05/01/22,20:30,17.7,72,0.0,0
1,05/01/22,21:00,17.2,74,0.0,0
1,05/01/22,21:30,16.7,76,0.0,0
1,05/01/22,22:00,16.3,79,0.0,0
1,05/01/22,22:30,16.2,79,0.0,0
1,05/01/22,23:00,15.3,81,0.0,0
1,05/01/22,23:30,14.8,83,0.0,0
1,06/01/22,00:00,14.7,84,0.0,0
1,06/01/22,0:30,14.7,85,0.0,0
1,06/01/22,1:00,14.4,85,0.0,0
1,06/01/22,1:30,13.9,87,0.0,0
1,06/01/22,2:00,13.7,87,0.0,0
1,06/01/22,2:30,14.0,86,0.0,0
1,06/01/22,3:00,13.9,87,0.0,0
1,06/01/22,3:30,14.6,86,0.0,0
1,06/01/22,4:00,13.7,88,0.0,0
1,06/01/22,4:30,13.2,90,0.0,0
1,06/01/22,5:00,13.2,90,0.0,0
1,06/01/22,5:30,13.0,90,0.0,0
1,06/01/22,6:00,13.8,90,0.0,10
1,06/01/22,6:30,14.9,87,0.0,65
1,06/01/22,7:00,16.5,85,0.0,176
1,06/01/22,7:30,17.6,81,0.0,295
1,06/01/22,8:00,18.7,78,0.0,413
1,06/01/22,8:30,19.4,76,0.0,563
1,06/01/22,9:00,20.6,68,0.0,662
1,06/01/22,9:30,21.3,66,0.0,784
1,06/01/22,10:00,22.3,62,0.0,881
1,06/01/22,10:30,22.6,60,0.0,956
1,06/01/22,11:00,23.3,59,0.0,1021
1,06/01/22,11:30,23.5,55,0.0,1115
1,06/01/22,12:00,24.3,55,0.0,1144
1,06/01/22,12:30,24.2,54,0.0,1247
1,06/01/22,13:00,24.2,54,0.0,510
1,06/01/22,13:30,24.4,54,0.0,731
1,06/01/22,14:00,24.6,55,0.0,450
1,06/01/22,14:30,24.1,61,0.0,416
1,06/01/22,15:00,24.1,61,0.0,738
1,06/01/22,15:30,24.1,64,0.0,729
1,06/01/22,16:00,24.2,59,0.0,859
1,06/01/22,16:30,23.8,62,0.0,695
1,06/01/22,17:00,23.1,64,0.0,222
1,06/01/22,17:30,22.8,63,0.0,275
1,06/01/22,18:00,22.6,64,0.0,261
1,06/01/22,18:30,22.4,64,0.0,119
1,06/01/22,19:00,21.4,69,0.0,62
1,06/01/22,19:30,20.9,71,0.0,25
1,06/01/22,20:00,20.3,72,0.0,3
1,06/01/22,20:30,19.9,75,0.0,0
1,06/01/22,21:00,19.3,76,0.0,0
1,06/01/22,21:30,18.8,79,0.0,0
1,06/01/22,22:00,18.3,80,0.0,0
1,06/01/22,22:30,18.0,80,0.0,0
1,06/01/22,23:00,17.4,82,0.0,0
1,06/01/22,23:30,17.1,83,0.0,0
1,07/01/22,00:00,16.6,84,0.0,0
1,07/01/22,0:30,16.1,85,0.0,0
1,07/01/22,1:00,15.8,86,0.0,0
1,07/01/22,1:30,15.6,87,0.0,0
1,07/01/22,2:00,15.6,87,0.0,0
1,07/01/22,2:30,15.7,87,0.0,0
1,07/01/22,3:00,15.6,87,0.0,0
1,07/01/22,3:30,15.1,88,0.0,0
1,07/01/22,4:00,15.1,89,0.0,0
1,07/01/22,4:30,15.2,88,0.0,0
1,07/01/22,5:00,15.2,88,0.0,0
1,07/01/22,5:30,15.4,87,0.0,0
1,07/01/22,6:00,15.7,86,0.0,8
1,07/01/22,6:30,16.2,85,0.0,43
1,07/01/22,7:00,17.1,81,0.0,99
1,07/01/22,7:30,18.8,76,0.0,304
1,07/01/22,8:00,20.0,69,0.0,410
1,07/01/22,8:30,20.6,63,0.0,542
1,07/01/22,9:00,21.0,61,0.0,652
1,07/01/22,9:30,21.3,64,0.0,833
1,07/01/22,10:00,21.1,69,0.0,818
1,07/01/22,10:30,22.4,64,0.0,969
1,07/01/22,11:00,23.0,62,0.0,766
1,07/01/22,11:30,23.0,64,0.0,983
1,07/01/22,12:00,24.6,57,0.0,838
1,07/01/22,12:30,23.7,59,0.0,605
1,07/01/22,13:00,24.1,58,0.0,844
1,07/01/22,13:30,24.1,59,0.0,871
1,07/01/22,14:00,24.6,57,0.0,887
1,07/01/22,14:30,24.1,56,0.0,601
1,07/01/22,15:00,25.2,56,0.0,597
1,07/01/22,15:30,24.1,58,0.0,910
1,07/01/22,16:00,24.3,57,0.0,389
1,07/01/22,16:30,24.4,55,0.0,703
1,07/01/22,17:00,24.1,56,0.0,404
1,07/01/22,17:30,23.7,58,0.0,398
1,07/01/22,18:00,22.5,62,0.0,245
1,07/01/22,18:30,22.3,59,0.0,161
1,07/01/22,19:00,21.3,62,0.0,80
1,07/01/22,19:30,21.1,62,0.0,26
1,07/01/22,20:00,20.1,68,0.0,2
1,07/01/22,20:30,19.3,72,0.0,0
1,07/01/22,21:00,18.7,74,0.0,0
1,07/01/22,21:30,18.3,77,0.0,0
1,07/01/22,22:00,17.9,79,0.0,0
1,07/01/22,22:30,17.6,82,0.0,0
1,07/01/22,23:00,17.4,83,0.0,0
1,07/01/22,23:30,17.3,84,0.0,0
1,08/01/22,00:00,16.9,85,0.0,0
1,08/01/22,0:30,16.7,86,0.0,0
1,08/01/22,1:00,16.4,88,0.0,0
1,08/01/22,1:30,16.2,89,0.0,0
1,08/01/22,2:00,16.2,89,0.0,0
1,08/01/22,2:30,16.3,90,0.0,0
1,08/01/22,3:00,16.3,90,0.0,0
1,08/01/22,3:30,16.2,90,0.0,0
1,08/01/22,4:00,15.9,91,0.0,0
1,08/01/22,4:30,16.0,92,0.0,0
1,08/01/22,5:00,16.0,92,0.0,0
1,08/01/22,5:30,16.0,91,0.0,0
1,08/01/22,6:00,16.1,91,0.0,9
1,08/01/22,6:30,16.3,90,0.0,43
1,08/01/22,7:00,17.6,86,0.0,159
1,08/01/22,7:30,18.6,83,0.0,296
1,08/01/22,8:00,19.6,80,0.0,424
1,08/01/22,8:30,20.7,72,0.0,530
1,08/01/22,9:00,21.6,67,0.0,642
1,08/01/22,9:30,21.9,66,0.0,722
1,08/01/22,10:00,23.1,63,0.0,841
1,08/01/22,10:30,23.1,60,0.0,802
1,08/01/22,11:00,23.9,56,0.0,598
1,08/01/22,11:30,24.6,54,0.0,1179
1,08/01/22,12:00,24.5,54,0.0,968
1,08/01/22,12:30,25.1,52,0.0,1191
1,08/01/22,13:00,25.5,52,0.0,1172
1,08/01/22,13:30,25.1,53,0.0,888
1,08/01/22,14:00,25.6,53,0.0,693
1,08/01/22,14:30,25.8,54,0.0,929
1,08/01/22,15:00,25.6,54,0.0,577
1,08/01/22,15:30,25.6,52,0.0,592
1,08/01/22,16:00,25.9,54,0.0,656
1,08/01/22,16:30,25.8,53,0.0,646
1,08/01/22,17:00,25.8,52,0.0,364
1,08/01/22,17:30,25.8,53,0.0,378
1,08/01/22,18:00,24.6,57,0.0,295
1,08/01/22,18:30,24.6,59,0.0,196
1,08/01/22,19:00,23.5,64,0.0,91
1,08/01/22,19:30,22.1,69,0.0,29
1,08/01/22,20:00,21.0,74,0.0,3
1,08/01/22,20:30,20.3,78,0.0,0
1,08/01/22,21:00,19.8,78,0.0,0
1,08/01/22,21:30,19.3,79,0.0,0
1,08/01/22,22:00,18.9,79,0.0,0
1,08/01/22,22:30,18.3,81,0.0,0
1,08/01/22,23:00,18.1,82,0.0,0
1,08/01/22,23:30,17.9,83,0.0,0
1,09/01/22,00:00,17.8,83,0.0,0
1,09/01/22,0:30,17.6,85,0.0,0
1,09/01/22,1:00,17.7,85,0.0,0
1,09/01/22,1:30,17.7,86,0.0,0
1,09/01/22,2:00,17.6,87,0.0,0
1,09/01/22,2:30,17.6,88,0.0,0
1,09/01/22,3:00,17.5,88,0.0,0
1,09/01/22,3:30,17.3,89,0.0,0
1,09/01/22,4:00,17.1,89,0.0,0
1,09/01/22,4:30,17.0,89,0.0,0
1,09/01/22,5:00,17.2,89,0.0,0
1,09/01/22,5:30,17.2,89,0.0,0
1,09/01/22,6:00,16.9,90,0.0,7
1,09/01/22,6:30,17.6,89,0.0,55
1,09/01/22,7:00,18.6,86,0.0,165
1,09/01/22,7:30,19.8,82,0.0,291
1,09/01/22,8:00,20.9,76,0.0,409
1,09/01/22,8:30,21.4,71,0.0,526
1,09/01/22,9:00,22.2,67,0.0,641
1,09/01/22,9:30,23.0,61,0.0,741
1,09/01/22,10:00,23.7,61,0.0,837
1,09/01/22,10:30,24.6,59,0.0,916
1,09/01/22,11:00,25.3,52,0.0,984
1,09/01/22,11:30,25.7,52,0.0,1031
1,09/01/22,12:00,25.7,52,0.0,1077
1,09/01/22,12:30,25.9,53,0.0,1161
1,09/01/22,13:00,26.7,52,0.0,1126
1,09/01/22,13:30,26.8,49,0.0,1168
1,09/01/22,14:00,27.7,50,0.0,980
1,09/01/22,14:30,27.2,47,0.0,1025
1,09/01/22,15:00,27.6,48,0.0,959
1,09/01/22,15:30,28.0,49,0.0,702
1,09/01/22,16:00,27.6,48,0.0,825
1,09/01/22,16:30,27.2,49,0.0,672
1,09/01/22,17:00,27.1,50,0.0,383
1,09/01/22,17:30,26.5,53,0.0,386
1,09/01/22,18:00,25.4,55,0.0,237
1,09/01/22,18:30,25.4,57,0.0,160
1,09/01/22,19:00,24.6,61,0.0,82
1,09/01/22,19:30,23.7,63,0.0,24
1,09/01/22,20:00,22.4,65,0.0,3
1,09/01/22,20:30,21.4,70,0.0,0
1,09/01/22,21:00,20.7,72,0.0,0
1,09/01/22,21:30,20.1,74,0.0,0
1,09/01/22,22:00,19.5,76,0.0,0
1,09/01/22,22:30,19.0,79,0.0,0
1,09/01/22,23:00,18.4,82,0.0,0
1,09/01/22,23:30,18.2,86,0.0,0
1,10/01/22,00:00,18.1,87,0.0,0
1,10/01/22,0:30,17.9,88,0.0,0
1,10/01/22,1:00,17.9,89,0.0,0
1,10/01/22,1:30,17.5,90,0.0,0
1,10/01/22,2:00,17.2,91,0.0,0
1,10/01/22,2:30,16.9,91,0.0,0
1,10/01/22,3:00,16.8,92,0.0,0
1,10/01/22,3:30,16.6,93,0.0,0
1,10/01/22,4:00,16.3,93,0.0,0
1,10/01/22,4:30,16.4,93,0.0,0
1,10/01/22,5:00,16.3,94,0.0,0
1,10/01/22,5:30,16.2,94,0.0,0
1,10/01/22,6:00,16.6,94,0.0,8
1,10/01/22,6:30,17.1,93,0.0,50
1,10/01/22,7:00,18.3,90,0.0,164
1,10/01/22,7:30,19.3,87,0.0,289
1,10/01/22,8:00,19.9,85,0.0,405
1,10/01/22,8:30,20.9,82,0.0,525
1,10/01/22,9:00,22.1,76,0.0,634
1,10/01/22,9:30,23.2,72,0.0,737
1,10/01/22,10:00,23.9,68,0.0,832
1,10/01/22,10:30,25.1,64,0.0,907
1,10/01/22,11:00,25.8,60,0.0,995
1,10/01/22,11:30,27.7,55,0.0,1111
1,10/01/22,12:00,27.8,51,0.0,1195
1,10/01/22,12:30,27.9,52,0.0,1128
1,10/01/22,13:00,27.9,53,0.0,1136
1,10/01/22,13:30,28.7,52,0.0,1084
1,10/01/22,14:00,29.2,49,0.0,1039
1,10/01/22,14:30,29.4,47,0.0,1022
1,10/01/22,15:00,30.0,47,0.0,857
1,10/01/22,15:30,30.0,42,0.0,854
1,10/01/22,16:00,30.6,42,0.0,761
1,10/01/22,16:30,30.3,39,0.0,632
1,10/01/22,17:00,30.6,40,0.0,436
1,10/01/22,17:30,30.2,40,0.0,367
1,10/01/22,18:00,29.9,42,0.0,269
1,10/01/22,18:30,29.6,44,0.0,142
1,10/01/22,19:00,27.8,57,0.0,78
1,10/01/22,19:30,25.8,65,0.0,25
1,10/01/22,20:00,24.4,69,0.0,2
1,10/01/22,20:30,23.2,73,0.0,0
1,10/01/22,21:00,22.5,76,0.0,0
1,10/01/22,21:30,21.8,80,0.0,0
1,10/01/22,22:00,21.4,80,0.0,0
1,10/01/22,22:30,20.9,83,0.0,0
1,10/01/22,23:00,20.4,86,0.0,0
1,10/01/22,23:30,19.9,88,0.0,0
1,11/01/22,00:00,19.9,88,0.0,0
1,11/01/22,0:30,19.7,89,0.0,0
1,11/01/22,1:00,19.1,91,0.0,0
1,11/01/22,1:30,18.9,92,0.0,0
1,11/01/22,2:00,18.5,93,0.0,0
1,11/01/22,2:30,18.2,94,0.0,0
1,11/01/22,3:00,17.9,94,0.0,0
1,11/01/22,3:30,17.9,94,0.0,0
1,11/01/22,4:00,18.1,94,0.0,0
1,11/01/22,4:30,18.2,94,0.0,0
1,11/01/22,5:00,18.3,94,0.0,0
1,11/01/22,5:30,18.1,93,0.0,0
1,11/01/22,6:00,17.8,94,0.0,6
1,11/01/22,6:30,18.2,94,0.0,53
1,11/01/22,7:00,19.0,91,0.0,166
1,11/01/22,7:30,20.1,87,0.0,297
1,11/01/22,8:00,21.3,82,0.0,410
1,11/01/22,8:30,22.2,78,0.0,522
1,11/01/22,9:00,23.3,72,0.0,643
1,11/01/22,9:30,24.6,60,0.0,752
1,11/01/22,10:00,25.8,59,0.0,834
1,11/01/22,10:30,26.8,49,0.0,925
1,11/01/22,11:00,27.7,45,0.0,985
1,11/01/22,11:30,28.4,42,0.0,1038
1,11/01/22,12:00,29.6,39,0.0,1075
1,11/01/22,12:30,30.4,39,0.0,1087
1,11/01/22,13:00,31.4,33,0.0,1089
1,11/01/22,13:30,31.4,36,0.0,1079
1,11/01/22,14:00,32.3,31,0.0,1039
1,11/01/22,14:30,32.7,30,0.0,1004
1,11/01/22,15:00,33.3,25,0.0,940
1,11/01/22,15:30,34.1,24,0.0,863
1,11/01/22,16:00,33.8,28,0.0,776
1,11/01/22,16:30,33.5,27,0.0,653
1,11/01/22,17:00,33.5,25,0.0,453
1,11/01/22,17:30,33.7,23,0.0,373
1,11/01/22,18:00,33.4,24,0.0,287
1,11/01/22,18:30,32.7,26,0.0,159
1,11/01/22,19:00,31.9,28,0.0,84
1,11/01/22,19:30,29.7,42,0.0,22
1,11/01/22,20:00,27.6,51,0.0,2
1,11/01/22,20:30,26.7,55,0.0,0
1,11/01/22,21:00,25.9,55,0.0,0
1,11/01/22,21:30,24.9,62,0.0,0
1,11/01/22,22:00,24.1,66,0.0,0
1,11/01/22,22:30,23.2,69,0.0,0
1,11/01/22,23:00,22.2,72,0.0,0
1,11/01/22,23:30,21.1,77,0.0,0
1,12/01/22,00:00,20.7,79,0.0,0
1,12/01/22,0:30,20.6,78,0.0,0
1,12/01/22,1:00,20.7,78,0.0,0
1,12/01/22,1:30,20.2,78,0.0,0
1,12/01/22,2:00,20.3,80,0.0,0
1,12/01/22,2:30,19.9,81,0.0,0
1,12/01/22,3:00,19.6,85,0.0,0
1,12/01/22,3:30,18.4,86,0.0,0
1,12/01/22,4:00,18.3,90,0.0,0
1,12/01/22,4:30,18.4,92,0.0,0
1,12/01/22,5:00,18.4,92,0.0,0
1,12/01/22,5:30,18.4,93,0.0,0
1,12/01/22,6:00,18.5,94,0.0,6
1,12/01/22,6:30,19.7,91,0.0,48
1,12/01/22,7:00,21.8,78,0.0,154
1,12/01/22,7:30,23.3,70,0.0,287
1,12/01/22,8:00,23.9,68,0.0,392
1,12/01/22,8:30,25.3,65,0.0,506
1,12/01/22,9:00,27.4,56,0.0,615
1,12/01/22,9:30,29.8,43,0.0,713
1,12/01/22,10:00,30.7,41,0.0,801
1,12/01/22,10:30,32.3,37,0.0,890
1,12/01/22,11:00,32.6,36,0.0,953
1,12/01/22,11:30,32.8,36,0.0,999
1,12/01/22,12:00,33.5,36,0.0,1035
1,12/01/22,12:30,34.2,35,0.0,1053
1,12/01/22,13:00,---,---,0.0,1063
1,12/01/22,13:30,---,---,0.0,---
1,12/01/22,14:00,---,---,0.0,---
1,12/01/22,14:30,---,---,0.0,---
1,12/01/22,15:00,---,---,0.0,---
1,12/01/22,15:30,---,---,0.0,---
1,12/01/22,16:00,---,---,0.0,---
1,12/01/22,16:30,---,---,0.0,---
1,12/01/22,17:00,---,---,0.0,---
1,12/01/22,17:30,---,---,0.0,---
1,12/01/22,18:00,---,---,0.0,---
1,12/01/22,18:30,---,---,0.0,---
1,12/01/22,19:00,30.7,52,0.0,73
1,12/01/22,19:30,28.0,65,0.0,24
1,12/01/22,20:00,26.6,68,0.0,2
1,12/01/22,20:30,25.7,63,0.0,0
1,12/01/22,21:00,25.0,65,0.0,0
1,12/01/22,21:30,24.3,67,0.0,0
1,12/01/22,22:00,23.8,67,0.0,0
1,12/01/22,22:30,23.4,68,0.0,0
1,12/01/22,23:00,22.7,72,0.0,0
1,12/01/22,23:30,22.3,76,0.0,0
1,13/01/22,00:00,21.7,81,0.0,0
1,13/01/22,0:30,21.1,83,0.0,0
1,13/01/22,1:00,20.7,84,0.0,0
1,13/01/22,1:30,20.3,86,0.0,0
1,13/01/22,2:00,20.1,87,0.0,0
1,13/01/22,2:30,20.3,87,0.0,0
1,13/01/22,3:00,20.2,88,0.0,0
1,13/01/22,3:30,20.1,88,0.0,0
1,13/01/22,4:00,20.1,89,0.0,0
1,13/01/22,4:30,18.8,90,0.0,0
1,13/01/22,5:00,18.4,92,0.0,0
1,13/01/22,5:30,18.3,92,0.0,0
1,13/01/22,6:00,17.7,94,0.0,7
1,13/01/22,6:30,18.4,92,0.0,50
1,13/01/22,7:00,20.6,81,0.0,160
1,13/01/22,7:30,21.2,81,0.0,284
1,13/01/22,8:00,22.5,75,0.0,397
1,13/01/22,8:30,23.3,67,0.0,493
1,13/01/22,9:00,24.7,67,0.0,626
1,13/01/22,9:30,26.2,61,0.0,748
1,13/01/22,10:00,27.1,52,0.0,817
1,13/01/22,10:30,28.3,54,0.0,900
1,13/01/22,11:00,29.5,47,0.0,964
1,13/01/22,11:30,30.8,47,0.0,1014
1,13/01/22,12:00,31.3,45,0.0,1046
1,13/01/22,12:30,32.1,46,0.0,1061
1,13/01/22,13:00,32.7,43,0.0,1058
1,13/01/22,13:30,33.2,38,0.0,1055
1,13/01/22,14:00,34.2,33,0.0,1045
1,13/01/22,14:30,34.4,32,0.0,985
1,13/01/22,15:00,35.4,36,0.0,905
1,13/01/22,15:30,34.6,33,0.0,829
1,13/01/22,16:00,35.7,30,0.0,745
1,13/01/22,16:30,34.9,34,0.0,634
1,13/01/22,17:00,35.1,35,0.0,443
1,13/01/22,17:30,34.7,36,0.0,354
1,13/01/22,18:00,33.3,47,0.0,278
1,13/01/22,18:30,30.9,55,0.0,149
1,13/01/22,19:00,29.5,59,0.0,75
1,13/01/22,19:30,28.1,64,0.0,24
1,13/01/22,20:00,26.8,66,0.0,2
1,13/01/22,20:30,25.8,70,0.0,0
1,13/01/22,21:00,24.9,74,0.0,0
1,13/01/22,21:30,24.4,77,0.0,0
1,13/01/22,22:00,23.7,80,0.0,0
1,13/01/22,22:30,23.1,82,0.0,0
1,13/01/22,23:00,22.4,83,0.0,0
1,13/01/22,23:30,21.7,85,0.0,0
1,14/01/22,00:00,21.4,85,0.0,0
1,14/01/22,0:30,21.2,85,0.0,0
1,14/01/22,1:00,20.9,86,0.0,0
1,14/01/22,1:30,20.9,84,0.0,0
1,14/01/22,2:00,20.1,88,0.0,0
1,14/01/22,2:30,20.2,88,0.0,0
1,14/01/22,3:00,20.1,90,0.0,0
1,14/01/22,3:30,19.8,92,0.0,0
1,14/01/22,4:00,19.7,93,0.0,0
1,14/01/22,4:30,19.7,93,0.0,0
1,14/01/22,5:00,19.3,93,0.0,0
1,14/01/22,5:30,19.3,93,0.0,0
1,14/01/22,6:00,19.1,93,0.0,6
1,14/01/22,6:30,19.4,93,0.0,51
1,14/01/22,7:00,20.1,92,0.0,149
1,14/01/22,7:30,20.8,89,0.0,275
1,14/01/22,8:00,22.3,82,0.0,389
1,14/01/22,8:30,23.7,76,0.0,480
1,14/01/22,9:00,24.7,74,0.0,602
1,14/01/22,9:30,26.4,69,0.0,723
1,14/01/22,10:00,28.3,66,0.0,782
1,14/01/22,10:30,30.7,54,0.0,879
1,14/01/22,11:00,---,---,0.0,948
1,14/01/22,11:30,---,---,0.0,---
1,14/01/22,12:00,---,---,0.0,---
1,14/01/22,12:30,---,---,0.0,---
1,14/01/22,13:00,---,---,0.0,---
1,14/01/22,13:30,---,---,0.0,---
1,14/01/22,14:00,---,---,0.0,---
1,14/01/22,14:30,---,---,0.0,---
1,14/01/22,15:00,---,---,0.0,---
1,14/01/22,15:30,---,---,0.0,---
1,14/01/22,16:00,---,---,0.0,---
1,14/01/22,16:30,---,---,0.0,---
1,14/01/22,17:00,---,---,0.0,---
1,14/01/22,17:30,---,---,0.0,---
1,14/01/22,18:00,---,---,0.0,---
1,14/01/22,18:30,---,---,0.0,---
1,14/01/22,19:00,35.7,33,0.0,76
1,14/01/22,19:30,34.7,39,0.0,35
1,14/01/22,20:00,33.0,42,0.0,5
1,14/01/22,20:30,31.7,46,0.0,0
1,14/01/22,21:00,31.9,43,0.0,0
1,14/01/22,21:30,31.3,45,0.0,0
1,14/01/22,22:00,29.6,58,0.0,0
1,14/01/22,22:30,28.1,65,0.0,0
1,14/01/22,23:00,27.8,67,0.0,0
1,14/01/22,23:30,26.9,72,0.0,0
1,15/01/22,00:00,27.0,72,0.0,0
1,15/01/22,0:30,26.7,74,0.0,0
1,15/01/22,1:00,26.1,76,0.0,0
1,15/01/22,1:30,25.8,77,0.0,0
1,15/01/22,2:00,26.3,74,0.0,0
1,15/01/22,2:30,25.8,75,0.0,0
1,15/01/22,3:00,25.6,75,0.0,0
1,15/01/22,3:30,25.3,76,0.0,0
1,15/01/22,4:00,25.2,77,0.0,0
1,15/01/22,4:30,26.2,73,0.0,0
1,15/01/22,5:00,26.1,73,0.0,0
1,15/01/22,5:30,25.6,75,0.0,0
1,15/01/22,6:00,25.4,76,0.0,7
1,15/01/22,6:30,26.4,73,0.0,48
1,15/01/22,7:00,27.0,72,0.0,125
1,15/01/22,7:30,27.6,70,0.0,235
1,15/01/22,8:00,28.4,67,0.0,361
1,15/01/22,8:30,29.2,64,0.0,440
1,15/01/22,9:00,29.8,62,0.0,522
1,15/01/22,9:30,31.2,57,0.0,654
1,15/01/22,10:00,31.8,55,0.0,739
1,15/01/22,10:30,32.8,52,0.0,796
1,15/01/22,11:00,33.4,50,0.0,868
1,15/01/22,11:30,34.0,49,0.0,962
1,15/01/22,12:00,34.7,46,0.0,778
1,15/01/22,12:30,35.2,46,0.0,1155
1,15/01/22,13:00,35.1,45,0.0,687
1,15/01/22,13:30,35.9,38,0.0,964
1,15/01/22,14:00,35.3,44,0.0,1018
1,15/01/22,14:30,36.8,41,0.0,1053
1,15/01/22,15:00,36.8,40,0.0,958
1,15/01/22,15:30,36.9,39,0.0,478
1,15/01/22,16:00,36.7,40,0.0,667
1,15/01/22,16:30,37.3,39,0.0,730
1,15/01/22,17:00,37.0,39,0.0,400
1,15/01/22,17:30,36.8,39,0.0,292
1,15/01/22,18:00,29.4,64,0.0,189
1,15/01/22,18:30,28.2,70,0.0,71
1,15/01/22,19:00,27.4,75,0.0,100
1,15/01/22,19:30,26.6,80,0.0,28
1,15/01/22,20:00,25.9,80,0.0,6
1,15/01/22,20:30,25.6,82,0.0,0
1,15/01/22,21:00,25.5,83,0.0,0
1,15/01/22,21:30,25.3,85,0.0,0
1,15/01/22,22:00,25.1,85,0.0,0
1,15/01/22,22:30,25.5,83,0.0,0
1,15/01/22,23:00,25.3,84,0.0,0
1,15/01/22,23:30,25.4,84,0.0,0
1,16/01/22,00:00,25.2,84,0.0,0
1,16/01/22,0:30,25.4,83,0.0,0
1,16/01/22,1:00,25.2,83,0.0,0
1,16/01/22,1:30,24.8,85,0.0,0
1,16/01/22,2:00,24.6,86,0.0,0
1,16/01/22,2:30,24.6,86,0.0,0
1,16/01/22,3:00,24.3,87,0.0,0
1,16/01/22,3:30,23.9,88,0.0,0
1,16/01/22,4:00,23.9,90,0.0,0
1,16/01/22,4:30,24.6,87,0.0,0
1,16/01/22,5:00,24.3,88,0.0,0
1,16/01/22,5:30,23.7,90,0.0,0
1,16/01/22,6:00,23.7,89,0.0,1
1,16/01/22,6:30,24.3,86,0.0,18
1,16/01/22,7:00,25.4,81,0.0,78
1,16/01/22,7:30,26.6,77,0.0,235
1,16/01/22,8:00,27.4,75,0.0,331
1,16/01/22,8:30,28.9,70,0.0,412
1,16/01/22,9:00,30.3,64,0.0,498
1,16/01/22,9:30,32.1,59,0.0,623
1,16/01/22,10:00,33.3,53,0.0,755
1,16/01/22,10:30,34.1,49,0.0,735
1,16/01/22,11:00,34.7,50,0.0,366
1,16/01/22,11:30,35.2,48,0.0,614
1,16/01/22,12:00,35.3,46,0.0,683
1,16/01/22,12:30,36.0,45,0.0,391
1,16/01/22,13:00,24.3,82,0.0,132
1,16/01/22,13:30,22.7,92,0.0,58
1,16/01/22,14:00,23.8,91,0.0,241
1,16/01/22,14:30,24.3,91,0.0,236
1,16/01/22,15:00,26.9,81,0.0,789
1,16/01/22,15:30,28.8,74,0.0,811
1,16/01/22,16:00,29.2,74,0.0,652
1,16/01/22,16:30,29.1,74,0.0,632
1,16/01/22,17:00,28.6,76,0.0,332
1,16/01/22,17:30,29.2,76,0.0,265
1,16/01/22,18:00,29.2,74,0.0,250
1,16/01/22,18:30,29.6,71,0.0,155
1,16/01/22,19:00,28.9,75,0.0,84
1,16/01/22,19:30,27.6,80,0.0,20
1,16/01/22,20:00,26.6,83,0.0,0
1,16/01/22,20:30,25.9,86,0.0,0
1,16/01/22,21:00,25.7,86,0.0,0
1,16/01/22,21:30,25.5,86,0.0,0
1,16/01/22,22:00,25.2,87,0.0,0
1,16/01/22,22:30,25.1,88,0.0,0
1,16/01/22,23:00,24.9,87,0.0,0
1,16/01/22,23:30,24.3,91,0.0,0
1,17/01/22,00:00,23.7,92,0.0,0
1,17/01/22,0:30,23.5,93,0.0,0
1,17/01/22,1:00,23.3,93,0.0,0
1,17/01/22,1:30,23.2,93,0.0,0
1,17/01/22,2:00,23.4,92,0.0,0
1,17/01/22,2:30,23.7,92,0.0,0
1,17/01/22,3:00,23.2,94,0.0,0
1,17/01/22,3:30,23.4,91,0.0,0
1,17/01/22,4:00,23.3,90,0.0,0
1,17/01/22,4:30,23.2,89,0.0,0
1,17/01/22,5:00,23.3,90,0.0,0
1,17/01/22,5:30,24.1,85,0.0,0
1,17/01/22,6:00,22.6,93,0.0,0
1,17/01/22,6:30,22.1,96,0.0,0
1,17/01/22,7:00,22.2,96,0.0,0
1,17/01/22,7:30,22.2,96,0.0,1
1,17/01/22,8:00,22.6,95,0.0,16
1,17/01/22,8:30,22.8,93,0.2,21
1,17/01/22,9:00,23.1,92,0.2,57
1,17/01/22,9:30,24.2,89,0.0,326
1,17/01/22,10:00,23.7,91,0.2,203
1,17/01/22,10:30,23.6,92,0.0,96
1,17/01/22,11:00,22.9,93,1.8,36
1,17/01/22,11:30,22.6,95,3.4,28
1,17/01/22,12:00,22.6,95,1.6,51
1,17/01/22,12:30,22.9,94,0.8,191
1,17/01/22,13:00,23.1,93,0.0,157
1,17/01/22,13:30,22.8,94,0.4,141
1,17/01/22,14:00,23.2,94,0.0,304
1,17/01/22,14:30,23.4,93,0.0,186
1,17/01/22,15:00,23.4,93,0.0,154
1,17/01/22,15:30,23.8,93,0.0,196
1,17/01/22,16:00,24.3,91,0.0,221
1,17/01/22,16:30,24.8,89,0.0,360
1,17/01/22,17:00,25.4,82,0.0,392
1,17/01/22,17:30,24.8,86,0.0,141
1,17/01/22,18:00,24.3,89,0.0,57
1,17/01/22,18:30,24.0,90,0.0,49
1,17/01/22,19:00,23.9,90,0.0,36
1,17/01/22,19:30,23.9,91,0.0,7
1,17/01/22,20:00,23.7,91,0.0,0
1,17/01/22,20:30,23.5,92,0.0,0
1,17/01/22,21:00,23.3,92,0.0,0
1,17/01/22,21:30,23.4,91,0.0,0
1,17/01/22,22:00,22.8,93,0.0,0
1,17/01/22,22:30,22.4,94,0.0,0
1,17/01/22,23:00,22.3,94,0.0,0
1,17/01/22,23:30,22.1,95,0.0,0
1,18/01/22,00:00,21.9,95,0.0,0
1,18/01/22,0:30,21.7,96,0.0,0
1,18/01/22,1:00,21.6,96,0.0,0
1,18/01/22,1:30,21.4,97,0.0,0
1,18/01/22,2:00,21.6,97,0.0,0
1,18/01/22,2:30,21.6,97,0.0,0
1,18/01/22,3:00,21.4,98,0.0,0
1,18/01/22,3:30,21.1,97,0.0,0
1,18/01/22,4:00,20.8,98,0.0,0
1,18/01/22,4:30,20.7,98,0.0,0
1,18/01/22,5:00,20.4,97,0.0,0
1,18/01/22,5:30,20.6,97,0.0,0
1,18/01/22,6:00,20.8,97,0.0,6
1,18/01/22,6:30,21.2,97,0.0,35
1,18/01/22,7:00,21.5,94,0.0,111
1,18/01/22,7:30,21.5,94,0.0,228
1,18/01/22,8:00,21.7,94,0.0,381
1,18/01/22,8:30,21.8,95,0.0,293
1,18/01/22,9:00,22.6,93,0.0,314
1,18/01/22,9:30,23.8,89,0.0,510
1,18/01/22,10:00,24.8,86,0.0,586
1,18/01/22,10:30,25.3,84,0.0,489
1,18/01/22,11:00,26.1,82,0.0,545
1,18/01/22,11:30,26.9,78,0.0,910
1,18/01/22,12:00,27.0,77,0.0,563
1,18/01/22,12:30,27.7,74,0.0,647
1,18/01/22,13:00,28.1,74,0.0,599
1,18/01/22,13:30,28.1,73,0.0,628
1,18/01/22,14:00,28.6,73,0.0,692
1,18/01/22,14:30,28.4,72,0.0,706
1,18/01/22,15:00,28.4,72,0.0,598
1,18/01/22,15:30,28.3,72,0.0,388
1,18/01/22,16:00,29.3,66,0.0,624
1,18/01/22,16:30,28.8,69,0.0,576
1,18/01/22,17:00,28.5,71,0.0,522
1,18/01/22,17:30,27.7,73,0.0,285
1,18/01/22,18:00,27.3,77,0.0,175
1,18/01/22,18:30,26.9,77,0.0,101
1,18/01/22,19:00,26.6,78,0.0,82
1,18/01/22,19:30,26.2,80,0.0,48
1,18/01/22,20:00,25.4,83,0.0,8
1,18/01/22,20:30,24.8,85,0.0,0
1,18/01/22,21:00,24.1,88,0.0,0
1,18/01/22,21:30,23.7,90,0.0,0
1,18/01/22,22:00,23.5,92,0.0,0
1,18/01/22,22:30,23.4,93,0.0,0
1,18/01/22,23:00,23.4,94,0.0,0
1,18/01/22,23:30,23.4,93,0.0,0
1,19/01/22,00:00,23.3,93,0.0,0
1,19/01/22,0:30,23.1,93,0.0,0
1,19/01/22,1:00,22.9,94,0.0,0
1,19/01/22,1:30,23.1,94,0.0,0
1,19/01/22,2:00,23.3,94,0.0,0
1,19/01/22,2:30,23.3,94,0.0,0
1,19/01/22,3:00,23.2,94,0.0,0
1,19/01/22,3:30,23.2,94,0.0,0
1,19/01/22,4:00,23.1,94,0.0,0
1,19/01/22,4:30,22.9,95,0.0,0
1,19/01/22,5:00,22.6,95,0.0,0
1,19/01/22,5:30,22.6,95,0.0,0
1,19/01/22,6:00,22.5,96,0.0,3
1,19/01/22,6:30,22.5,95,0.0,31
1,19/01/22,7:00,22.9,95,0.0,82
1,19/01/22,7:30,23.4,93,0.0,199
1,19/01/22,8:00,24.1,91,0.0,320
1,19/01/22,8:30,24.8,89,0.0,392
1,19/01/22,9:00,25.4,87,0.0,371
1,19/01/22,9:30,26.3,84,0.0,468
1,19/01/22,10:00,27.9,78,0.0,740
1,19/01/22,10:30,29.1,71,0.0,802
1,19/01/22,11:00,30.4,65,0.0,878
1,19/01/22,11:30,31.4,60,0.0,939
1,19/01/22,12:00,32.0,56,0.0,978
1,19/01/22,12:30,32.7,57,0.0,991
1,19/01/22,13:00,33.0,55,0.0,983
1,19/01/22,13:30,33.2,56,0.0,980
1,19/01/22,14:00,33.8,52,0.0,909
1,19/01/22,14:30,34.1,50,0.0,874
1,19/01/22,15:00,34.3,50,0.0,843
1,19/01/22,15:30,34.1,52,0.0,745
1,19/01/22,16:00,33.3,55,0.0,434
1,19/01/22,16:30,32.9,57,0.0,342
1,19/01/22,17:00,33.6,56,0.0,443
1,19/01/22,17:30,33.0,56,0.0,308
1,19/01/22,18:00,32.8,55,0.0,235
1,19/01/22,18:30,32.3,59,0.0,148
1,19/01/22,19:00,31.4,62,0.0,75
1,19/01/22,19:30,30.0,67,0.0,28
1,19/01/22,20:00,29.4,67,0.0,2
1,19/01/22,20:30,28.8,69,0.0,0
1,19/01/22,21:00,28.7,69,0.0,0
1,19/01/22,21:30,28.4,75,0.0,0
1,19/01/22,22:00,27.8,84,0.0,0
1,19/01/22,22:30,27.4,89,0.0,0
1,19/01/22,23:00,26.9,90,0.0,0
1,19/01/22,23:30,26.4,89,0.0,0
1,20/01/22,00:00,26.2,90,0.0,0
1,20/01/22,0:30,26.0,91,0.0,0
1,20/01/22,1:00,25.9,91,0.0,0
1,20/01/22,1:30,26.2,89,0.0,0
1,20/01/22,2:00,26.4,86,0.0,0
1,20/01/22,2:30,26.0,86,0.0,0
1,20/01/22,3:00,26.1,86,0.0,0
1,20/01/22,3:30,26.1,86,0.0,0
1,20/01/22,4:00,26.1,86,0.0,0
1,20/01/22,4:30,26.0,86,0.0,0
1,20/01/22,5:00,26.1,86,0.0,0
1,20/01/22,5:30,25.9,86,0.0,0
1,20/01/22,6:00,26.2,85,0.0,0
1,20/01/22,6:30,26.3,85,0.0,15
1,20/01/22,7:00,26.6,84,0.0,38
1,20/01/22,7:30,26.9,82,0.0,58
1,20/01/22,8:00,27.3,80,0.0,112
1,20/01/22,8:30,28.1,76,0.0,172
1,20/01/22,9:00,28.4,72,0.0,179
1,20/01/22,9:30,28.6,71,0.0,159
1,20/01/22,10:00,28.9,72,0.0,203
1,20/01/22,10:30,29.6,69,0.0,317
1,20/01/22,11:00,30.3,68,0.0,431
1,20/01/22,11:30,31.1,70,0.0,670
1,20/01/22,12:00,32.2,64,0.0,730
1,20/01/22,12:30,33.1,60,0.0,747
1,20/01/22,13:00,33.7,57,0.0,857
1,20/01/22,13:30,34.6,55,0.0,1046
1,20/01/22,14:00,35.3,55,0.0,987
1,20/01/22,14:30,34.6,54,0.0,896
1,20/01/22,15:00,34.7,54,0.0,428
1,20/01/22,15:30,35.0,53,0.0,520
1,20/01/22,16:00,26.7,72,0.0,456
1,20/01/22,16:30,23.2,88,0.0,31
1,20/01/22,17:00,21.9,91,11.2,6
1,20/01/22,17:30,23.1,83,2.8,9
1,20/01/22,18:00,23.6,83,0.0,3
1,20/01/22,18:30,23.2,87,0.2,1
1,20/01/22,19:00,23.7,93,0.4,0
1,20/01/22,19:30,24.0,93,2.2,0
1,20/01/22,20:00,23.3,86,1.8,0
1,20/01/22,20:30,23.4,84,0.4,0
1,20/01/22,21:00,22.8,85,0.0,0
1,20/01/22,21:30,22.2,88,0.0,0
1,20/01/22,22:00,21.8,90,0.0,0
1,20/01/22,22:30,22.7,85,0.0,0
1,20/01/22,23:00,22.8,85,0.0,0
1,20/01/22,23:30,22.6,89,0.0,0
1,21/01/22,00:00,23.1,92,0.0,0
1,21/01/22,0:30,23.2,93,0.0,0
1,21/01/22,1:00,23.3,93,0.0,0
1,21/01/22,1:30,23.0,94,0.0,0
1,21/01/22,2:00,23.0,95,0.0,0
1,21/01/22,2:30,23.0,95,0.0,0
1,21/01/22,3:00,23.1,95,0.0,0
1,21/01/22,3:30,23.2,95,0.0,0
1,21/01/22,4:00,23.2,93,0.0,0
1,21/01/22,4:30,23.1,94,0.0,0
1,21/01/22,5:00,22.9,94,0.0,0
1,21/01/22,5:30,22.8,95,0.0,0
1,21/01/22,6:00,22.7,95,0.0,1
1,21/01/22,6:30,22.8,95,0.0,32
1,21/01/22,7:00,23.1,95,0.0,100
1,21/01/22,7:30,23.7,93,0.0,215
1,21/01/22,8:00,24.1,91,0.0,343
1,21/01/22,8:30,24.9,88,0.0,454
1,21/01/22,9:00,25.8,88,0.0,513
1,21/01/22,9:30,26.6,84,0.0,584
1,21/01/22,10:00,27.9,79,0.0,737
1,21/01/22,10:30,29.1,76,0.0,810
1,21/01/22,11:00,30.0,73,0.0,864
1,21/01/22,11:30,30.7,71,0.0,926
1,21/01/22,12:00,31.2,71,0.0,972
1,21/01/22,12:30,32.0,65,0.0,993
1,21/01/22,13:00,32.3,63,0.0,1000
1,21/01/22,13:30,32.6,64,0.0,983
1,21/01/22,14:00,33.2,62,0.0,951
1,21/01/22,14:30,33.6,59,0.0,906
1,21/01/22,15:00,33.9,57,0.0,842
1,21/01/22,15:30,34.2,58,0.0,769
1,21/01/22,16:00,34.8,57,0.0,689
1,21/01/22,16:30,35.2,53,0.0,614
1,21/01/22,17:00,35.1,56,0.0,491
1,21/01/22,17:30,34.2,58,0.0,265
1,21/01/22,18:00,29.7,68,0.0,253
1,21/01/22,18:30,28.6,66,0.0,127
1,21/01/22,19:00,28.2,66,0.0,77
1,21/01/22,19:30,27.2,71,0.0,18
1,21/01/22,20:00,26.4,74,0.0,0
1,21/01/22,20:30,25.8,76,0.0,0
1,21/01/22,21:00,26.1,77,0.0,0
1,21/01/22,21:30,25.8,85,0.0,0
1,21/01/22,22:00,25.8,88,0.0,0
1,21/01/22,22:30,25.3,90,0.0,0
1,21/01/22,23:00,25.5,90,0.0,0
1,21/01/22,23:30,25.9,89,0.0,0
1,22/01/22,00:00,25.8,89,0.0,0
1,22/01/22,0:30,25.4,91,0.0,0
1,22/01/22,1:00,25.0,92,0.0,0
1,22/01/22,1:30,25.1,92,0.0,0
1,22/01/22,2:00,25.0,92,0.0,0
1,22/01/22,2:30,24.8,93,0.0,0
1,22/01/22,3:00,24.3,94,0.0,0
1,22/01/22,3:30,24.4,94,0.0,0
1,22/01/22,4:00,24.3,94,0.0,0
1,22/01/22,4:30,24.4,94,0.0,0
1,22/01/22,5:00,24.3,94,0.0,0
1,22/01/22,5:30,24.3,94,0.0,0
1,22/01/22,6:00,24.4,94,0.0,0
1,22/01/22,6:30,24.1,94,0.0,21
1,22/01/22,7:00,24.2,95,0.0,77
1,22/01/22,7:30,25.3,92,0.0,159
1,22/01/22,8:00,25.9,91,0.0,209
1,22/01/22,8:30,26.7,84,0.0,277
1,22/01/22,9:00,27.4,82,0.0,309
1,22/01/22,9:30,28.3,82,0.0,372
1,22/01/22,10:00,29.4,75,0.0,794
1,22/01/22,10:30,30.1,75,0.0,860
1,22/01/22,11:00,31.4,74,0.0,902
1,22/01/22,11:30,32.0,71,0.0,954
1,22/01/22,12:00,33.1,63,0.0,994
1,22/01/22,12:30,33.3,64,0.0,1009
1,22/01/22,13:00,33.6,63,0.0,1013
1,22/01/22,13:30,34.4,60,0.0,1016
1,22/01/22,14:00,34.6,58,0.0,994
1,22/01/22,14:30,34.9,56,0.0,936
1,22/01/22,15:00,35.6,54,0.0,883
1,22/01/22,15:30,35.8,52,0.0,812
1,22/01/22,16:00,35.9,52,0.0,729
1,22/01/22,16:30,36.0,51,0.0,632
1,22/01/22,17:00,36.3,51,0.0,585
1,22/01/22,17:30,35.8,51,0.0,570
1,22/01/22,18:00,28.4,68,0.0,324
1,22/01/22,18:30,30.1,69,0.0,247
1,22/01/22,19:00,31.0,61,0.0,114
1,22/01/22,19:30,26.7,75,0.0,38
1,22/01/22,20:00,26.0,81,0.0,5
1,22/01/22,20:30,25.7,83,0.0,0
1,22/01/22,21:00,26.1,81,0.0,0
1,22/01/22,21:30,25.8,81,0.0,0
1,22/01/22,22:00,25.4,83,0.0,0
1,22/01/22,22:30,25.2,85,0.0,0
1,22/01/22,23:00,24.8,86,0.0,0
1,22/01/22,23:30,25.6,81,0.0,0
1,23/01/22,00:00,25.2,82,0.0,0
1,23/01/22,0:30,24.3,87,2.4,0
1,23/01/22,1:00,24.4,85,0.0,0
1,23/01/22,1:30,24.7,81,0.0,0
1,23/01/22,2:00,25.5,76,0.0,0
1,23/01/22,2:30,25.9,77,0.0,0
1,23/01/22,3:00,24.8,82,0.0,0
1,23/01/22,3:30,24.7,82,0.0,0
1,23/01/22,4:00,25.1,83,0.0,0
1,23/01/22,4:30,25.2,84,0.0,0
1,23/01/22,5:00,25.2,85,0.0,0
1,23/01/22,5:30,25.4,85,0.0,0
1,23/01/22,6:00,25.5,85,0.0,0
1,23/01/22,6:30,25.3,86,0.0,24
1,23/01/22,7:00,26.1,83,0.0,99
1,23/01/22,7:30,26.3,84,0.0,143
1,23/01/22,8:00,25.3,87,0.0,77
1,23/01/22,8:30,27.8,80,0.0,269
1,23/01/22,9:00,28.6,79,0.0,283
1,23/01/22,9:30,27.6,83,0.0,199
1,23/01/22,10:00,27.3,69,0.0,114
1,23/01/22,10:30,27.8,71,0.0,175
1,23/01/22,11:00,29.1,69,0.0,349
1,23/01/22,11:30,28.8,70,0.0,338
1,23/01/22,12:00,29.7,75,0.0,710
1,23/01/22,12:30,30.2,74,0.0,933
1,23/01/22,13:00,30.1,72,0.0,455
1,23/01/22,13:30,30.4,72,0.0,214
1,23/01/22,14:00,31.1,71,0.0,353
1,23/01/22,14:30,32.0,70,0.0,884
1,23/01/22,15:00,32.6,66,0.0,893
1,23/01/22,15:30,32.3,71,0.0,837
1,23/01/22,16:00,32.6,69,0.0,687
1,23/01/22,16:30,32.3,74,0.0,648
1,23/01/22,17:00,31.1,77,0.0,374
1,23/01/22,17:30,29.3,83,0.0,245
1,23/01/22,18:00,29.4,82,0.0,271
1,23/01/22,18:30,28.8,82,0.0,168
1,23/01/22,19:00,28.1,84,0.0,60
1,23/01/22,19:30,27.4,86,0.0,7
1,23/01/22,20:00,26.9,88,0.0,0
1,23/01/22,20:30,26.9,88,0.0,0
1,23/01/22,21:00,26.8,89,0.0,0
1,23/01/22,21:30,26.6,90,0.0,0
1,23/01/22,22:00,26.2,91,0.0,0
1,23/01/22,22:30,25.8,91,0.0,0
1,23/01/22,23:00,25.4,92,0.0,0
1,23/01/22,23:30,25.1,91,0.0,0
1,24/01/22,00:00,24.7,91,0.0,0
1,24/01/22,0:30,24.7,93,0.0,0
1,24/01/22,1:00,24.3,94,0.0,0
1,24/01/22,1:30,24.3,94,0.0,0
1,24/01/22,2:00,24.2,94,0.0,0
1,24/01/22,2:30,24.1,95,0.0,0
1,24/01/22,3:00,24.1,95,0.0,0
1,24/01/22,3:30,23.9,95,0.0,0
1,24/01/22,4:00,23.9,95,0.0,0
1,24/01/22,4:30,24.0,95,0.0,0
1,24/01/22,5:00,23.9,95,0.0,0
1,24/01/22,5:30,23.6,95,0.0,0
1,24/01/22,6:00,23.3,95,0.0,1
1,24/01/22,6:30,23.2,96,0.0,20
1,24/01/22,7:00,23.3,96,0.0,54
1,24/01/22,7:30,24.0,94,0.0,189
1,24/01/22,8:00,24.8,91,0.0,326
1,24/01/22,8:30,25.4,90,0.0,434
1,24/01/22,9:00,26.3,87,0.0,545
1,24/01/22,9:30,27.2,84,0.0,638
1,24/01/22,10:00,27.7,83,0.0,739
1,24/01/22,10:30,27.8,80,0.0,621
1,24/01/22,11:00,28.4,80,0.0,548
1,24/01/22,11:30,29.4,76,0.0,866
1,24/01/22,12:00,30.5,74,0.0,957
1,24/01/22,12:30,30.7,69,0.0,941
1,24/01/22,13:00,31.6,68,0.0,1068
1,24/01/22,13:30,31.7,70,0.0,553
1,24/01/22,14:00,32.5,67,0.0,999
1,24/01/22,14:30,32.7,66,0.0,949
1,24/01/22,15:00,33.1,64,0.0,835
1,24/01/22,15:30,32.4,67,0.0,563
1,24/01/22,16:00,32.2,69,0.0,310
1,24/01/22,16:30,31.2,70,0.0,460
1,24/01/22,17:00,30.6,73,0.0,160
1,24/01/22,17:30,29.8,76,0.0,86
1,24/01/22,18:00,29.1,80,0.0,26
1,24/01/22,18:30,25.3,78,0.0,5
1,24/01/22,19:00,20.7,94,25.8,0
1,24/01/22,19:30,21.6,93,3.6,0
1,24/01/22,20:00,21.6,91,0.0,0
1,24/01/22,20:30,21.7,90,0.4,0
1,24/01/22,21:00,21.7,90,0.6,0
1,24/01/22,21:30,21.4,91,0.6,0
1,24/01/22,22:00,21.4,93,0.6,0
1,24/01/22,22:30,21.2,94,0.6,0
1,24/01/22,23:00,21.4,93,0.0,0
1,24/01/22,23:30,21.4,92,0.0,0
1,25/01/22,00:00,21.3,92,0.0,0
1,25/01/22,0:30,21.0,94,0.0,0
1,25/01/22,1:00,20.8,95,0.0,0
1,25/01/22,1:30,20.8,95,0.0,0
1,25/01/22,2:00,20.7,96,0.0,0
1,25/01/22,2:30,20.9,94,0.0,0
1,25/01/22,3:00,21.0,94,0.0,0
1,25/01/22,3:30,21.1,93,0.0,0
1,25/01/22,4:00,21.2,92,0.0,0
1,25/01/22,4:30,21.0,91,0.0,0
1,25/01/22,5:00,20.9,91,0.0,0
1,25/01/22,5:30,20.9,91,0.0,0
1,25/01/22,6:00,20.8,90,0.0,0
1,25/01/22,6:30,21.7,87,0.0,21
1,25/01/22,7:00,21.6,91,0.0,104
1,25/01/22,7:30,24.4,78,0.0,213
1,25/01/22,8:00,24.9,77,0.0,316
1,25/01/22,8:30,25.1,79,0.0,432
1,25/01/22,9:00,25.7,79,0.0,539
1,25/01/22,9:30,26.8,77,0.0,640
1,25/01/22,10:00,27.4,75,0.0,726
1,25/01/22,10:30,28.3,73,0.0,804
1,25/01/22,11:00,29.4,68,0.0,810
1,25/01/22,11:30,30.2,68,0.0,938
1,25/01/22,12:00,30.8,62,0.0,952
1,25/01/22,12:30,31.0,64,0.0,978
1,25/01/22,13:00,31.9,61,0.0,1002
1,25/01/22,13:30,32.1,60,0.0,969
1,25/01/22,14:00,32.8,59,0.0,945
1,25/01/22,14:30,32.9,56,0.0,862
1,25/01/22,15:00,33.3,57,0.0,869
1,25/01/22,15:30,33.2,58,0.0,806
1,25/01/22,16:00,32.6,58,0.0,698
1,25/01/22,16:30,32.7,58,0.0,591
1,25/01/22,17:00,32.8,55,0.0,467
1,25/01/22,17:30,32.6,63,0.0,374
1,25/01/22,18:00,31.1,69,0.0,145
1,25/01/22,18:30,30.7,67,0.0,111
1,25/01/22,19:00,29.6,71,0.0,43
1,25/01/22,19:30,28.4,75,0.0,10
1,25/01/22,20:00,27.7,77,0.0,0
1,25/01/22,20:30,27.0,82,0.0,0
1,25/01/22,21:00,26.7,84,0.0,0
1,25/01/22,21:30,26.3,83,0.0,0
1,25/01/22,22:00,25.9,85,0.0,0
1,25/01/22,22:30,25.8,86,0.0,0
1,25/01/22,23:00,25.5,89,0.0,0
1,25/01/22,23:30,25.6,90,0.0,0
1,26/01/22,00:00,25.5,91,0.0,0
1,26/01/22,0:30,25.5,91,0.0,0
1,26/01/22,1:00,25.2,91,0.0,0
1,26/01/22,1:30,25.3,91,0.0,0
1,26/01/22,2:00,25.1,92,0.0,0
1,26/01/22,2:30,24.7,93,0.0,0
1,26/01/22,3:00,24.6,93,0.0,0
1,26/01/22,3:30,24.4,93,0.0,0
1,26/01/22,4:00,24.2,94,0.0,0
1,26/01/22,4:30,24.3,91,0.0,0
1,26/01/22,5:00,24.3,90,0.0,0
1,26/01/22,5:30,24.0,90,0.0,0
1,26/01/22,6:00,24.1,91,0.0,0
1,26/01/22,6:30,24.2,89,0.0,18
1,26/01/22,7:00,24.5,86,0.0,43
1,26/01/22,7:30,24.3,83,0.0,65
1,26/01/22,8:00,24.4,89,0.0,146
1,26/01/22,8:30,25.3,86,0.0,208
1,26/01/22,9:00,26.2,84,0.0,212
1,26/01/22,9:30,27.2,80,0.0,385
1,26/01/22,10:00,27.9,75,0.0,499
1,26/01/22,10:30,28.1,76,0.0,375
1,26/01/22,11:00,28.0,79,0.0,283
1,26/01/22,11:30,28.6,80,0.0,407
1,26/01/22,12:00,29.2,77,0.0,567
1,26/01/22,12:30,28.3,81,0.0,303
1,26/01/22,13:00,28.4,78,0.0,419
1,26/01/22,13:30,25.5,86,5.8,218
1,26/01/22,14:00,25.7,91,0.4,393
1,26/01/22,14:30,26.1,87,0.0,417
1,26/01/22,15:00,26.4,87,0.0,386
1,26/01/22,15:30,26.0,84,0.0,255
1,26/01/22,16:00,26.0,86,0.0,250
1,26/01/22,16:30,25.6,85,0.0,281
1,26/01/22,17:00,25.0,87,0.0,178
1,26/01/22,17:30,24.7,88,0.0,113
1,26/01/22,18:00,25.0,86,0.0,149
1,26/01/22,18:30,24.8,87,0.0,73
1,26/01/22,19:00,24.1,90,0.0,29
1,26/01/22,19:30,23.8,91,0.0,11
1,26/01/22,20:00,23.3,93,0.0,0
1,26/01/22,20:30,22.3,93,0.8,0
1,26/01/22,21:00,21.7,94,0.2,0
1,26/01/22,21:30,21.7,93,0.0,0
1,26/01/22,22:00,21.7,93,0.0,0
1,26/01/22,22:30,21.6,93,0.0,0
1,26/01/22,23:00,21.6,93,0.0,0
1,26/01/22,23:30,21.4,93,0.0,0
1,27/01/22,00:00,21.5,93,0.0,0
1,27/01/22,0:30,21.5,93,0.0,0
1,27/01/22,1:00,21.1,93,0.0,0
1,27/01/22,1:30,20.9,93,0.0,0
1,27/01/22,2:00,21.1,93,0.0,0
1,27/01/22,2:30,21.2,93,0.0,0
1,27/01/22,3:00,21.2,92,0.0,0
1,27/01/22,3:30,21.1,93,0.0,0
1,27/01/22,4:00,21.1,93,0.0,0
1,27/01/22,4:30,21.0,92,0.0,0
1,27/01/22,5:00,21.1,92,0.0,0
1,27/01/22,5:30,21.1,92,0.0,0
1,27/01/22,6:00,20.6,91,0.0,0
1,27/01/22,6:30,20.7,93,0.0,7
1,27/01/22,7:00,20.8,93,0.0,30
1,27/01/22,7:30,20.4,93,0.2,46
1,27/01/22,8:00,20.6,92,0.0,178
1,27/01/22,8:30,20.0,93,0.0,209
1,27/01/22,9:00,20.2,91,0.0,318
1,27/01/22,9:30,20.5,88,0.0,416
1,27/01/22,10:00,21.1,83,0.0,576
1,27/01/22,10:30,21.6,82,0.0,832
1,27/01/22,11:00,21.7,80,0.0,828
1,27/01/22,11:30,22.1,76,0.0,931
1,27/01/22,12:00,22.9,71,0.0,1080
1,27/01/22,12:30,22.7,73,0.0,950
1,27/01/22,13:00,23.3,66,0.0,1196
1,27/01/22,13:30,23.6,66,0.0,1121
1,27/01/22,14:00,23.7,63,0.0,1080
1,27/01/22,14:30,23.3,60,0.0,885
1,27/01/22,15:00,23.8,59,0.0,897
1,27/01/22,15:30,23.9,57,0.0,781
1,27/01/22,16:00,23.8,55,0.0,780
1,27/01/22,16:30,23.9,53,0.0,692
1,27/01/22,17:00,23.3,58,0.0,491
1,27/01/22,17:30,23.2,60,0.0,415
1,27/01/22,18:00,22.7,63,0.0,277
1,27/01/22,18:30,21.8,65,0.0,172
1,27/01/22,19:00,21.3,68,0.0,74
1,27/01/22,19:30,20.4,72,0.0,28
1,27/01/22,20:00,19.3,78,0.0,1
1,27/01/22,20:30,18.7,81,0.0,0
1,27/01/22,21:00,18.3,83,0.0,0
1,27/01/22,21:30,17.9,84,0.0,0
1,27/01/22,22:00,17.7,86,0.0,0
1,27/01/22,22:30,17.6,86,0.0,0
1,27/01/22,23:00,16.8,88,0.0,0
1,27/01/22,23:30,16.6,89,0.0,0
1,28/01/22,00:00,16.4,89,0.0,0
1,28/01/22,0:30,16.5,88,0.0,0
1,28/01/22,1:00,16.6,88,0.0,0
1,28/01/22,1:30,16.6,88,0.0,0
1,28/01/22,2:00,16.7,87,0.0,0
1,28/01/22,2:30,16.3,89,0.0,0
1,28/01/22,3:00,16.1,90,0.0,0
1,28/01/22,3:30,15.9,89,0.0,0
1,28/01/22,4:00,15.6,90,0.0,0
1,28/01/22,4:30,15.5,91,0.0,0
1,28/01/22,5:00,15.3,91,0.0,0
1,28/01/22,5:30,15.3,90,0.0,0
1,28/01/22,6:00,15.3,90,0.0,1
1,28/01/22,6:30,15.3,91,0.0,21
1,28/01/22,7:00,15.8,90,0.0,82
1,28/01/22,7:30,16.8,87,0.0,143
1,28/01/22,8:00,18.7,81,0.0,379
1,28/01/22,8:30,19.6,78,0.0,498
1,28/01/22,9:00,20.3,72,0.0,596
1,28/01/22,9:30,21.0,66,0.0,713
1,28/01/22,10:00,21.6,66,0.0,832
1,28/01/22,10:30,22.0,63,0.0,933
1,28/01/22,11:00,22.2,63,0.0,927
1,28/01/22,11:30,22.2,63,0.0,943
1,28/01/22,12:00,22.8,57,0.0,710
1,28/01/22,12:30,23.9,56,0.0,1145
1,28/01/22,13:00,23.3,59,0.0,522
1,28/01/22,13:30,23.9,58,0.0,805
1,28/01/22,14:00,22.9,63,0.0,458
1,28/01/22,14:30,23.7,60,0.0,657
1,28/01/22,15:00,24.1,60,0.0,976
1,28/01/22,15:30,24.4,56,0.0,953
1,28/01/22,16:00,23.8,60,0.0,914
1,28/01/22,16:30,23.3,60,0.0,373
1,28/01/22,17:00,23.8,58,0.0,448
1,28/01/22,17:30,22.8,63,0.0,466
1,28/01/22,18:00,22.1,66,0.0,153
1,28/01/22,18:30,22.3,65,0.0,188
1,28/01/22,19:00,21.3,72,0.0,72
1,28/01/22,19:30,20.4,74,0.0,18
1,28/01/22,20:00,19.7,77,0.0,1
1,28/01/22,20:30,19.0,79,0.0,0
1,28/01/22,21:00,18.4,81,0.0,0
1,28/01/22,21:30,17.9,84,0.0,0
1,28/01/22,22:00,17.8,84,0.0,0
1,28/01/22,22:30,17.5,86,0.0,0
1,28/01/22,23:00,17.2,87,0.0,0
1,28/01/22,23:30,16.9,89,0.0,0
1,29/01/22,00:00,17.2,88,0.0,0
1,29/01/22,0:30,16.8,89,0.0,0
1,29/01/22,1:00,16.4,89,0.0,0
1,29/01/22,1:30,16.7,89,0.0,0
1,29/01/22,2:00,16.4,89,0.0,0
1,29/01/22,2:30,16.1,89,0.0,0
1,29/01/22,3:00,15.7,89,0.0,0
1,29/01/22,3:30,15.6,89,0.0,0
1,29/01/22,4:00,15.4,89,0.0,0
1,29/01/22,4:30,15.4,89,0.0,0
1,29/01/22,5:00,15.3,89,0.0,0
1,29/01/22,5:30,15.3,89,0.0,0
1,29/01/22,6:00,15.1,89,0.0,0
1,29/01/22,6:30,15.2,89,0.0,30
1,29/01/22,7:00,15.6,89,0.0,75
1,29/01/22,7:30,17.7,86,0.0,235
1,29/01/22,8:00,19.7,79,0.0,373
1,29/01/22,8:30,20.4,76,0.0,488
1,29/01/22,9:00,20.9,71,0.0,594
1,29/01/22,9:30,21.5,66,0.0,701
1,29/01/22,10:00,22.0,59,0.0,812
1,29/01/22,10:30,22.3,60,0.0,886
1,29/01/22,11:00,22.8,59,0.0,966
1,29/01/22,11:30,23.3,59,0.0,1086
1,29/01/22,12:00,23.7,60,0.0,911
1,29/01/22,12:30,23.5,58,0.0,735
1,29/01/22,13:00,24.2,54,0.0,1032
1,29/01/22,13:30,23.7,59,0.0,809
1,29/01/22,14:00,24.8,56,0.0,857
1,29/01/22,14:30,24.4,58,0.0,751
1,29/01/22,15:00,24.8,59,0.0,753
1,29/01/22,15:34,24.2,60,0.0,783
1,29/01/22,16:00,24.9,58,0.0,668
1,29/01/22,16:30,24.7,56,0.0,574
1,29/01/22,17:00,23.9,63,0.0,521
1,29/01/22,17:30,24.2,60,0.0,350
1,29/01/22,18:00,23.9,63,0.0,256
1,29/01/22,18:30,23.1,64,0.0,162
1,29/01/22,19:00,22.3,65,0.0,62
1,29/01/22,19:30,21.3,69,0.0,16
1,29/01/22,20:00,20.4,71,0.0,1
1,29/01/22,20:30,19.7,73,0.0,0
1,29/01/22,21:00,19.0,76,0.0,0
1,29/01/22,21:30,18.6,77,0.0,0
1,29/01/22,22:00,18.2,80,0.0,0
1,29/01/22,22:30,17.8,82,0.0,0
1,29/01/22,23:00,17.7,83,0.0,0
1,29/01/22,23:30,17.4,85,0.0,0
1,30/01/22,00:00,17.2,86,0.0,0
1,30/01/22,0:30,17.2,87,0.0,0
1,30/01/22,1:00,17.1,87,0.0,0
1,30/01/22,1:30,16.9,87,0.0,0
1,30/01/22,2:00,16.8,88,0.0,0
1,30/01/22,2:30,16.7,88,0.0,0
1,30/01/22,3:00,16.6,88,0.0,0
1,30/01/22,3:30,16.6,87,0.0,0
1,30/01/22,4:00,16.2,89,0.0,0
1,30/01/22,4:30,16.4,88,0.0,0
1,30/01/22,5:00,16.0,89,0.0,0
1,30/01/22,5:30,16.1,89,0.0,0
1,30/01/22,6:00,15.8,90,0.0,0
1,30/01/22,6:30,16.1,90,0.0,20
1,30/01/22,7:00,17.3,87,0.0,96
1,30/01/22,7:30,18.5,83,0.0,231
1,30/01/22,8:00,19.6,80,0.0,362
1,30/01/22,8:30,20.8,78,0.0,515
1,30/01/22,9:00,21.4,75,0.0,441
1,30/01/22,9:30,22.1,74,0.0,580
1,30/01/22,10:00,22.9,71,0.0,727
1,30/01/22,10:30,23.4,70,0.0,878
1,30/01/22,11:00,23.9,68,0.0,945
1,30/01/22,11:30,24.5,66,0.0,1024
1,30/01/22,12:00,24.8,64,0.0,1153
1,30/01/22,12:30,25.7,66,0.0,1097
1,30/01/22,13:00,25.6,63,0.0,1214
1,30/01/22,13:30,26.1,62,0.0,1102
1,30/01/22,14:00,25.8,65,0.0,857
1,30/01/22,14:30,26.7,63,0.0,673
1,30/01/22,15:00,26.3,63,0.0,763
1,30/01/22,15:30,26.1,67,0.0,429
1,30/01/22,16:00,25.8,64,0.0,578
1,30/01/22,16:30,26.3,67,0.0,595
1,30/01/22,17:00,25.8,68,0.0,532
1,30/01/22,17:30,26.2,66,0.0,332
1,30/01/22,18:00,26.0,67,0.0,227
1,30/01/22,18:30,25.2,68,0.0,131
1,30/01/22,19:00,24.7,67,0.0,60
1,30/01/22,19:30,23.6,74,0.0,15
1,30/01/22,20:00,22.4,79,0.0,1
1,30/01/22,20:30,21.8,81,0.0,0
1,30/01/22,21:00,21.2,82,0.0,0
1,30/01/22,21:30,21.0,81,0.0,0
1,30/01/22,22:00,20.3,84,0.0,0
1,30/01/22,22:30,19.8,86,0.0,0
1,30/01/22,23:00,19.8,86,0.0,0
1,30/01/22,23:30,19.5,87,0.0,0
1,31/01/22,00:00,19.4,87,0.0,0
1,31/01/22,0:30,19.1,87,0.0,0
1,31/01/22,1:00,19.1,87,0.0,0
1,31/01/22,1:30,18.9,87,0.0,0
1,31/01/22,2:00,18.6,88,0.0,0
1,31/01/22,2:30,18.7,87,0.0,0
1,31/01/22,3:00,18.8,87,0.0,0
1,31/01/22,3:30,18.7,87,0.0,0
1,31/01/22,4:00,18.7,86,0.0,0
1,31/01/22,4:30,18.3,87,0.0,0
1,31/01/22,5:00,18.4,87,0.0,0
1,31/01/22,5:30,19.0,86,0.0,0
1,31/01/22,6:00,19.4,86,0.0,0
1,31/01/22,6:30,20.0,83,0.0,18
1,31/01/22,7:00,19.6,85,0.0,99
1,31/01/22,7:30,20.5,84,0.0,225
1,31/01/22,8:00,22.3,80,0.0,348
1,31/01/22,8:30,23.4,76,0.0,465
1,31/01/22,9:00,24.4,73,0.0,577
1,31/01/22,9:30,25.1,73,0.0,688
1,31/01/22,10:00,26.5,67,0.0,786
1,31/01/22,10:30,27.4,64,0.0,870
1,31/01/22,11:00,28.2,54,0.0,933
1,31/01/22,11:30,27.9,59,0.0,1027
1,31/01/22,12:00,28.6,54,0.0,1076
1,31/01/22,12:30,28.7,48,0.0,960
1,31/01/22,13:00,26.9,61,0.0,817
1,31/01/22,13:30,28.5,56,0.0,1034
1,31/01/22,14:00,29.6,45,0.0,1021
1,31/01/22,14:30,29.9,47,0.0,1031
1,31/01/22,15:00,29.7,45,0.0,901
1,31/01/22,15:30,30.7,48,0.0,888
1,31/01/22,16:00,30.9,45,0.0,832
1,31/01/22,16:30,29.3,49,0.0,649
1,31/01/22,17:00,28.4,61,0.0,539
1,31/01/22,17:30,26.4,65,0.0,407
1,31/01/22,18:00,23.8,81,0.0,187
1,31/01/22,18:30,22.3,84,0.0,151
1,31/01/22,19:00,21.6,85,0.0,58
1,31/01/22,19:30,20.4,82,0.0,16
1,31/01/22,20:00,19.6,83,0.0,2
1,31/01/22,20:30,18.9,84,0.0,0
1,31/01/22,21:00,18.4,83,0.0,0
1,31/01/22,21:30,18.2,83,0.0,0
1,31/01/22,22:00,17.7,83,0.0,0
1,31/01/22,22:30,17.4,83,0.0,0
1,31/01/22,23:00,17.2,84,0.0,0
1,31/01/22,23:30,16.8,85,0.0,0
1,01/02/22,00:00,16.8,83,0.0,0
1,01/02/22,0:30,16.6,83,0.0,0
1,01/02/22,1:00,16.3,83,0.0,0
1,01/02/22,1:30,16.0,84,0.0,0
1,01/02/22,2:00,15.8,83,0.0,0
1,01/02/22,2:30,15.6,83,0.0,0
1,01/02/22,3:00,15.6,84,0.0,0
1,01/02/22,3:30,15.6,85,0.0,0
1,01/02/22,4:00,15.5,85,0.0,0
1,01/02/22,4:30,15.3,86,0.0,0
1,01/02/22,5:00,15.2,86,0.0,0
1,01/02/22,5:30,15.2,85,0.0,0
1,01/02/22,6:00,15.1,84,0.0,0
1,01/02/22,6:30,15.6,81,0.0,14
1,01/02/22,7:00,16.1,81,0.0,91
1,01/02/22,7:30,17.1,79,0.0,141
1,01/02/22,8:00,18.2,77,0.0,333
1,01/02/22,8:30,18.1,77,0.0,247
1,01/02/22,9:00,19.6,77,0.0,364
1,01/02/22,9:30,20.9,76,0.0,629
1,01/02/22,10:00,21.3,74,0.0,795
1,01/02/22,10:30,21.8,72,0.0,871
1,01/02/22,11:00,22.9,71,0.0,991
1,01/02/22,11:30,23.4,71,0.0,793
1,01/02/22,12:00,24.0,70,0.0,766
1,01/02/22,12:30,24.7,67,0.0,1120
1,01/02/22,13:00,25.8,65,0.0,1069
1,01/02/22,13:30,25.7,63,0.0,1084
1,01/02/22,14:00,26.9,60,0.0,975
1,01/02/22,14:30,27.4,58,0.0,985
1,01/02/22,15:00,27.6,59,0.0,911
1,01/02/22,15:30,28.8,52,0.0,829
1,01/02/22,16:00,28.7,54,0.0,737
1,01/02/22,16:30,29.4,49,0.0,639
1,01/02/22,17:00,29.4,51,0.0,532
1,01/02/22,17:30,29.1,49,0.0,402
1,01/02/22,18:00,29.0,48,0.0,249
1,01/02/22,18:30,28.7,50,0.0,153
1,01/02/22,19:00,27.5,53,0.0,62
1,01/02/22,19:30,26.1,57,0.0,17
1,01/02/22,20:00,24.4,69,0.0,1
1,01/02/22,20:30,23.2,75,0.0,0
1,01/02/22,21:00,22.2,79,0.0,0
1,01/02/22,21:30,21.4,80,0.0,0
1,01/02/22,22:00,20.5,83,0.0,0
1,01/02/22,22:30,20.2,84,0.0,0
1,01/02/22,23:00,19.4,86,0.0,0
1,01/02/22,23:30,19.1,87,0.0,0
1,02/02/22,00:00,18.7,88,0.0,0
1,02/02/22,0:30,18.7,89,0.0,0
1,02/02/22,1:00,18.6,89,0.0,0
1,02/02/22,1:30,18.4,89,0.0,0
1,02/02/22,2:00,18.2,90,0.0,0
1,02/02/22,2:30,18.1,90,0.0,0
1,02/02/22,3:00,18.1,90,0.0,0
1,02/02/22,3:30,17.9,91,0.0,0
1,02/02/22,4:00,17.8,92,0.0,0
1,02/02/22,4:30,17.6,93,0.0,0
1,02/02/22,5:00,17.8,92,0.0,0
1,02/02/22,5:30,17.7,93,0.0,0
1,02/02/22,6:00,17.8,92,0.0,0
1,02/02/22,6:30,18.2,92,0.0,17
1,02/02/22,7:00,18.8,91,0.0,91
1,02/02/22,7:30,19.8,89,0.0,214
1,02/02/22,8:00,21.2,85,0.0,334
1,02/02/22,8:30,22.2,81,0.0,453
1,02/02/22,9:00,23.7,79,0.0,569
1,02/02/22,9:30,24.7,75,0.0,677
1,02/02/22,10:00,25.9,73,0.0,773
1,02/02/22,10:30,26.9,66,0.0,857
1,02/02/22,11:00,28.7,60,0.0,930
1,02/02/22,11:30,29.5,56,0.0,986
1,02/02/22,12:00,30.4,47,0.0,1027
1,02/02/22,12:30,30.8,46,0.0,1051
1,02/02/22,13:00,31.0,47,0.0,1060
1,02/02/22,13:30,31.4,46,0.0,1047
1,02/02/22,14:00,31.8,46,0.0,1022
1,02/02/22,14:30,31.8,48,0.0,969
1,02/02/22,15:00,32.6,45,0.0,906
1,02/02/22,15:30,32.5,41,0.0,835
1,02/02/22,16:00,33.1,40,0.0,745
1,02/02/22,16:30,32.5,45,0.0,645
1,02/02/22,17:00,32.4,42,0.0,534
1,02/02/22,17:30,32.2,47,0.0,407
1,02/02/22,18:00,31.7,49,0.0,250
1,02/02/22,18:30,30.2,62,0.0,142
1,02/02/22,19:00,28.5,65,0.0,57
1,02/02/22,19:30,27.2,68,0.0,16
1,02/02/22,20:00,26.3,70,0.0,0
1,02/02/22,20:30,25.5,74,0.0,0
1,02/02/22,21:00,24.8,77,0.0,0
1,02/02/22,21:30,24.3,79,0.0,0
1,02/02/22,22:00,23.7,79,0.0,0
1,02/02/22,22:30,23.1,80,0.0,0
1,02/02/22,23:00,22.7,82,0.0,0
1,02/02/22,23:30,22.4,84,0.0,0
1,03/02/22,00:00,21.7,87,0.0,0
1,03/02/22,0:30,21.8,87,0.0,0
1,03/02/22,1:00,21.4,88,0.0,0
1,03/02/22,1:30,21.1,89,0.0,0
1,03/02/22,2:00,20.9,90,0.0,0
1,03/02/22,2:30,20.7,90,0.0,0
1,03/02/22,3:00,20.7,90,0.0,0
1,03/02/22,3:30,20.8,90,0.0,0
1,03/02/22,4:00,20.4,91,0.0,0
1,03/02/22,4:30,20.1,92,0.0,0
1,03/02/22,5:00,20.0,93,0.0,0
1,03/02/22,5:30,19.8,93,0.0,0
1,03/02/22,6:00,19.7,95,0.0,0
1,03/02/22,6:30,19.8,95,0.0,17
1,03/02/22,7:00,20.3,95,0.0,89
1,03/02/22,7:30,20.8,95,0.0,208
1,03/02/22,8:00,22.2,91,0.0,327
1,03/02/22,8:30,23.7,85,0.0,442
1,03/02/22,9:00,24.6,82,0.0,556
1,03/02/22,9:30,25.9,79,0.0,654
1,03/02/22,10:00,27.1,76,0.0,747
1,03/02/22,10:30,28.4,72,0.0,833
1,03/02/22,11:00,29.8,68,0.0,903
1,03/02/22,11:30,31.6,58,0.0,956
1,03/02/22,12:00,32.1,61,0.0,996
1,03/02/22,12:30,33.2,56,0.0,1017
1,03/02/22,13:00,33.9,51,0.0,1024
1,03/02/22,13:30,35.3,47,0.0,1030
1,03/02/22,14:00,34.4,42,0.0,709
1,03/02/22,14:30,27.4,62,0.4,264
1,03/02/22,15:00,31.6,53,0.0,623
1,03/02/22,15:30,28.9,63,0.0,362
1,03/02/22,16:00,27.7,66,1.2,307
1,03/02/22,16:30,26.3,70,0.0,151
1,03/02/22,17:00,25.1,75,0.2,48
1,03/02/22,17:30,22.8,80,17.2,3
1,03/02/22,18:00,22.3,87,2.2,3
1,03/02/22,18:30,21.8,90,1.0,2
1,03/02/22,19:00,21.4,93,3.6,0
1,03/02/22,19:30,21.2,94,1.0,0
1,03/02/22,20:00,21.7,92,0.0,0
1,03/02/22,20:30,21.7,92,0.0,0
1,03/02/22,21:00,21.7,92,0.0,0
1,03/02/22,21:30,21.6,91,0.0,0
1,03/02/22,22:00,21.8,90,0.0,0
1,03/02/22,22:30,21.7,88,0.0,0
1,03/02/22,23:00,21.1,89,0.0,0
1,03/02/22,23:30,20.9,90,0.2,0
1,04/02/22,00:00,21.2,87,0.0,0
1,04/02/22,0:30,21.1,87,0.0,0
1,04/02/22,1:00,21.3,89,0.0,0
1,04/02/22,1:30,21.3,89,0.0,0
1,04/02/22,2:00,20.9,92,0.0,0
1,04/02/22,2:30,20.7,94,0.6,0
1,04/02/22,3:00,20.6,94,0.2,0
1,04/02/22,3:30,20.6,94,0.0,0
1,04/02/22,4:00,20.4,95,0.0,0
1,04/02/22,4:30,20.4,95,0.0,0
1,04/02/22,5:00,20.4,95,0.0,0
1,04/02/22,5:30,20.3,96,0.8,0
1,04/02/22,6:00,20.5,96,0.0,0
1,04/02/22,6:30,20.6,96,0.0,0
1,04/02/22,7:00,20.6,96,0.4,14
1,04/02/22,7:30,20.6,96,2.4,14
1,04/02/22,8:00,20.7,96,0.8,43
1,04/02/22,8:30,21.0,96,0.4,87
1,04/02/22,9:00,20.8,96,7.6,33
1,04/02/22,9:30,20.5,96,1.2,43
1,04/02/22,10:00,21.1,97,0.6,136
1,04/02/22,10:30,21.8,96,0.4,279
1,04/02/22,11:00,22.4,94,0.0,364
1,04/02/22,11:30,22.5,92,0.0,209
1,04/02/22,12:00,22.2,95,0.6,293
1,04/02/22,12:30,22.7,94,0.0,415
1,04/02/22,13:00,24.4,90,0.0,1054
1,04/02/22,13:30,25.6,86,0.0,965
1,04/02/22,14:00,26.8,79,0.0,663
1,04/02/22,14:30,27.3,77,0.0,722
1,04/02/22,15:00,26.9,77,0.0,333
1,04/02/22,15:30,27.3,74,0.0,435
1,04/02/22,16:00,27.7,73,0.0,543
1,04/02/22,16:30,28.1,71,0.0,567
1,04/02/22,17:00,27.5,72,0.0,419
1,04/02/22,17:30,28.3,74,0.0,368
1,04/02/22,18:00,27.8,71,0.0,243
1,04/02/22,18:30,27.6,71,0.0,154
1,04/02/22,19:00,27.1,74,0.0,72
1,04/02/22,19:30,25.6,81,0.0,16
1,04/02/22,20:00,24.6,87,0.0,0
1,04/02/22,20:30,24.2,90,0.0,0
1,04/02/22,21:00,23.1,90,0.0,0
1,04/02/22,21:30,22.7,92,0.0,0
1,04/02/22,22:00,22.4,93,0.0,0
1,04/02/22,22:30,22.3,94,0.0,0
1,04/02/22,23:00,22.2,94,0.0,0
1,04/02/22,23:30,22.3,95,0.0,0
1,05/02/22,00:00,22.6,95,0.0,0
1,05/02/22,0:30,22.4,95,0.0,0
1,05/02/22,1:00,22.1,96,0.0,0
1,05/02/22,1:30,21.8,96,0.0,0
1,05/02/22,2:00,21.7,96,0.0,0
1,05/02/22,2:30,21.6,96,0.0,0
1,05/02/22,3:00,21.6,97,0.0,0
1,05/02/22,3:30,21.6,96,0.0,0
1,05/02/22,4:00,21.6,97,0.0,0
1,05/02/22,4:30,21.7,97,0.0,0
1,05/02/22,5:00,21.8,96,0.0,0
1,05/02/22,5:30,21.7,97,0.0,0
1,05/02/22,6:00,21.8,97,0.0,0
1,05/02/22,6:30,21.9,97,0.0,9
1,05/02/22,7:00,22.1,97,0.0,34
1,05/02/22,7:30,22.4,97,0.0,98
1,05/02/22,8:00,23.1,95,0.0,218
1,05/02/22,8:30,23.1,95,0.0,97
1,05/02/22,9:00,23.5,94,0.0,158
1,05/02/22,9:30,23.8,93,0.0,187
1,05/02/22,10:00,24.2,89,0.0,252
1,05/02/22,10:30,24.1,87,0.0,204
1,05/02/22,11:00,24.7,84,0.0,404
1,05/02/22,11:30,24.8,84,0.0,309
1,05/02/22,12:00,24.7,84,0.0,279
1,05/02/22,12:30,25.8,81,0.0,624
1,05/02/22,13:00,26.5,77,0.0,923
1,05/02/22,13:30,26.6,75,0.0,657
1,05/02/22,14:00,28.2,72,0.0,875
1,05/02/22,14:30,27.1,67,0.0,457
1,05/02/22,15:00,26.7,73,0.0,347
1,05/02/22,15:30,27.6,66,0.0,855
1,05/02/22,16:00,28.2,57,0.0,761
1,05/02/22,16:30,28.3,56,0.0,650
1,05/02/22,17:00,28.1,55,0.0,525
1,05/02/22,17:30,26.8,62,0.0,302
1,05/02/22,18:00,27.3,60,0.0,238
1,05/02/22,18:30,26.5,63,0.0,141
1,05/02/22,19:00,25.9,66,0.0,53
1,05/02/22,19:30,24.7,66,0.0,15
1,05/02/22,20:00,23.7,67,0.0,0
1,05/02/22,20:30,22.7,69,0.0,0
1,05/02/22,21:00,22.4,70,0.0,0
1,05/02/22,21:30,21.8,72,0.0,0
1,05/02/22,22:00,21.3,73,0.0,0
1,05/02/22,22:30,21.0,74,0.0,0
1,05/02/22,23:00,20.6,76,0.0,0
1,05/02/22,23:30,19.7,79,0.0,0
1,06/02/22,00:00,19.4,79,0.0,0
1,06/02/22,0:30,18.4,83,0.0,0
1,06/02/22,1:00,17.7,86,0.0,0
1,06/02/22,1:30,17.2,89,0.0,0
1,06/02/22,2:00,16.9,90,0.0,0
1,06/02/22,2:30,16.3,93,0.0,0
1,06/02/22,3:00,16.2,94,0.0,0
1,06/02/22,3:30,15.9,94,0.0,0
1,06/02/22,4:00,15.9,95,0.0,0
1,06/02/22,4:30,15.7,95,0.0,0
1,06/02/22,5:00,15.8,96,0.0,0
1,06/02/22,5:30,15.7,96,0.0,0
1,06/02/22,6:00,15.4,96,0.0,0
1,06/02/22,6:30,15.6,96,0.0,3
1,06/02/22,7:00,15.7,95,0.0,17
1,06/02/22,7:30,15.8,94,0.0,52
1,06/02/22,8:00,16.3,92,0.0,97
1,06/02/22,8:30,16.6,90,0.0,109
1,06/02/22,9:00,16.8,89,0.0,154
1,06/02/22,9:30,16.3,92,0.0,178
1,06/02/22,10:00,17.2,88,0.0,348
1,06/02/22,10:30,18.1,83,0.0,464
1,06/02/22,11:00,19.2,79,0.0,431
1,06/02/22,11:30,19.7,77,0.0,397
1,06/02/22,12:00,19.8,78,0.0,397
1,06/02/22,12:30,20.3,72,0.0,761
1,06/02/22,13:00,20.8,72,0.0,601
1,06/02/22,13:30,21.4,68,0.0,739
1,06/02/22,14:00,20.3,74,0.0,523
1,06/02/22,14:30,21.6,63,0.0,576
1,06/02/22,15:00,22.6,58,0.0,739
1,06/02/22,15:30,23.3,55,0.0,697
1,06/02/22,16:00,22.3,57,0.0,672
1,06/02/22,16:30,22.8,56,0.0,620
1,06/02/22,17:00,22.1,57,0.0,299
1,06/02/22,17:30,22.1,51,0.0,423
1,06/02/22,18:00,22.1,48,0.0,279
1,06/02/22,18:30,21.3,54,0.0,142
1,06/02/22,19:00,20.3,55,0.0,55
1,06/02/22,19:30,19.1,57,0.0,13
1,06/02/22,20:00,17.8,61,0.0,0
1,06/02/22,20:30,17.0,64,0.0,0
1,06/02/22,21:00,16.2,67,0.0,0
1,06/02/22,21:30,16.1,67,0.0,0
1,06/02/22,22:00,15.6,68,0.0,0
1,06/02/22,22:30,15.2,69,0.0,0
1,06/02/22,23:00,14.7,70,0.0,0
1,06/02/22,23:30,14.7,72,0.0,0
1,07/02/22,00:00,13.6,78,0.0,0
1,07/02/22,0:30,13.9,74,0.0,0
1,07/02/22,1:00,13.8,74,0.0,0
1,07/02/22,1:30,13.6,75,0.0,0
1,07/02/22,2:00,13.5,75,0.0,0
1,07/02/22,2:30,13.2,78,0.0,0
1,07/02/22,3:00,12.8,78,0.0,0
1,07/02/22,3:30,12.7,79,0.0,0
1,07/02/22,4:00,12.3,81,0.0,0
1,07/02/22,4:30,12.0,83,0.0,0
1,07/02/22,5:00,11.7,85,0.0,0
1,07/02/22,5:30,11.6,86,0.0,0
1,07/02/22,6:00,11.7,87,0.0,0
1,07/02/22,6:30,12.1,88,0.0,5
1,07/02/22,7:00,12.5,89,0.0,29
1,07/02/22,7:30,13.6,90,0.0,84
1,07/02/22,8:00,14.3,89,0.0,148
1,07/02/22,8:30,15.2,87,0.0,233
1,07/02/22,9:00,16.6,85,0.0,482
1,07/02/22,9:30,17.9,83,0.0,577
1,07/02/22,10:00,19.1,77,0.0,682
1,07/02/22,10:30,19.6,76,0.0,654
1,07/02/22,11:00,19.8,72,0.0,581
1,07/02/22,11:30,21.1,67,0.0,1004
1,07/02/22,12:00,21.1,71,0.0,713
1,07/02/22,12:30,21.3,65,0.0,931
1,07/02/22,13:00,21.6,65,0.0,429
1,07/02/22,13:30,22.1,66,0.0,516
1,07/02/22,14:00,22.4,64,0.0,667
1,07/02/22,14:30,22.4,63,0.0,880
1,07/02/22,15:00,23.0,57,0.0,1005
1,07/02/22,15:30,23.1,55,0.0,631
1,07/02/22,16:00,23.8,51,0.0,549
1,07/02/22,16:30,24.0,52,0.0,715
1,07/02/22,17:00,23.1,53,0.0,342
1,07/02/22,17:30,22.9,57,0.0,361
1,07/02/22,18:00,22.9,56,0.0,277
1,07/02/22,18:30,22.8,57,0.0,141
1,07/02/22,19:00,22.1,58,0.0,56
1,07/02/22,19:30,20.8,63,0.0,14
1,07/02/22,20:00,19.3,67,0.0,0
1,07/02/22,20:30,19.1,76,0.0,0
1,07/02/22,21:00,18.3,80,0.0,0
1,07/02/22,21:30,18.1,81,0.0,0
1,07/02/22,22:00,17.9,81,0.0,0
1,07/02/22,22:30,17.4,83,0.0,0
1,07/02/22,23:00,16.8,84,0.0,0
1,07/02/22,23:30,16.1,86,0.0,0
1,08/02/22,00:00,15.6,87,0.0,0
1,08/02/22,0:30,15.3,87,0.0,0
1,08/02/22,1:00,14.8,87,0.0,0
1,08/02/22,1:30,14.5,88,0.0,0
1,08/02/22,2:00,14.3,89,0.0,0
1,08/02/22,2:30,14.4,90,0.0,0
1,08/02/22,3:00,14.1,90,0.0,0
1,08/02/22,3:30,13.9,91,0.0,0
1,08/02/22,4:00,13.9,91,0.0,0
1,08/02/22,4:30,13.8,92,0.0,0
1,08/02/22,5:00,13.4,92,0.0,0
1,08/02/22,5:30,12.7,94,0.0,0
1,08/02/22,6:00,13.4,95,0.0,0
1,08/02/22,6:30,12.7,93,0.0,11
1,08/02/22,7:00,12.7,95,0.0,71
1,08/02/22,7:30,13.3,95,0.0,192
1,08/02/22,8:00,14.3,95,0.0,313
1,08/02/22,8:30,15.4,94,0.0,430
1,08/02/22,9:00,17.1,91,0.0,582
1,08/02/22,9:30,19.3,86,0.0,726
1,08/02/22,10:00,19.3,82,0.0,551
1,08/02/22,10:30,20.2,73,0.0,419
1,08/02/22,11:00,20.7,75,0.0,703
1,08/02/22,11:30,21.7,70,0.0,560
1,08/02/22,12:00,21.9,70,0.0,803
1,08/02/22,12:30,22.7,65,0.0,571
1,08/02/22,13:00,23.2,62,0.0,978
1,08/02/22,13:30,23.1,57,0.0,741
1,08/02/22,14:00,23.1,59,0.0,365
1,08/02/22,14:30,23.8,53,0.0,612
1,08/02/22,15:00,24.4,50,0.0,1054
1,08/02/22,15:30,23.6,52,0.0,536
1,08/02/22,16:00,24.3,48,0.0,417
1,08/02/22,16:30,24.6,46,0.0,759
1,08/02/22,17:00,24.3,51,0.0,571
1,08/02/22,17:30,24.1,54,0.0,262
1,08/02/22,18:00,23.6,56,0.0,225
1,08/02/22,18:30,23.1,59,0.0,141
1,08/02/22,19:00,22.4,62,0.0,62
1,08/02/22,19:30,20.8,67,0.0,14
1,08/02/22,20:00,19.8,70,0.0,0
1,08/02/22,20:30,19.0,76,0.0,0
1,08/02/22,21:00,18.5,81,0.0,0
1,08/02/22,21:30,18.2,85,0.0,0
1,08/02/22,22:00,17.8,86,0.0,0
1,08/02/22,22:30,17.6,85,0.0,0
1,08/02/22,23:00,17.4,85,0.0,0
1,08/02/22,23:30,17.2,85,0.0,0
1,09/02/22,00:00,16.8,87,0.0,0
1,09/02/22,0:30,16.8,87,0.0,0
1,09/02/22,1:00,16.7,88,0.0,0
1,09/02/22,1:30,16.2,89,0.0,0
1,09/02/22,2:00,15.8,91,0.0,0
1,09/02/22,2:30,15.3,92,0.0,0
1,09/02/22,3:00,15.4,93,0.0,0
1,09/02/22,3:30,15.5,92,0.0,0
1,09/02/22,4:00,15.8,93,0.0,0
1,09/02/22,4:30,16.0,92,0.0,0
1,09/02/22,5:00,16.2,90,0.0,0
1,09/02/22,5:30,16.1,91,0.0,0
1,09/02/22,6:00,15.8,91,0.0,0
1,09/02/22,6:30,16.2,90,0.0,10
1,09/02/22,7:00,16.9,88,0.0,76
1,09/02/22,7:30,18.0,87,0.0,200
1,09/02/22,8:00,19.0,84,0.0,326
1,09/02/22,8:30,19.7,79,0.0,445
1,09/02/22,9:00,20.1,79,0.0,457
1,09/02/22,9:30,20.4,78,0.0,544
1,09/02/22,10:00,21.6,71,0.0,874
1,09/02/22,10:30,21.8,68,0.0,717
1,09/02/22,11:00,22.1,68,0.0,811
1,09/02/22,11:30,22.8,65,0.0,1107
1,09/02/22,12:00,23.4,56,0.0,1186
1,09/02/22,12:30,23.4,54,0.0,667
1,09/02/22,13:00,23.9,53,0.0,942
1,09/02/22,13:30,24.3,55,0.0,1209
1,09/02/22,14:00,24.8,54,0.0,1102
1,09/02/22,14:30,25.1,54,0.0,1109
1,09/02/22,15:00,25.3,52,0.0,707
1,09/02/22,15:30,24.9,52,0.0,915
1,09/02/22,16:00,25.2,49,0.0,780
1,09/02/22,16:30,25.7,50,0.0,695
1,09/02/22,17:00,25.1,50,0.0,562
1,09/02/22,17:30,23.8,56,0.0,258
1,09/02/22,18:00,24.3,55,0.0,247
1,09/02/22,18:30,23.7,56,0.0,138
1,09/02/22,19:00,22.8,58,0.0,48
1,09/02/22,19:30,21.5,64,0.0,11
1,09/02/22,20:00,20.6,68,0.0,0
1,09/02/22,20:30,20.1,75,0.0,0
1,09/02/22,21:00,19.3,80,0.0,0
1,09/02/22,21:30,18.8,82,0.0,0
1,09/02/22,22:00,18.4,84,0.0,0
1,09/02/22,22:30,18.1,85,0.0,0
1,09/02/22,23:00,17.9,86,0.0,0
1,09/02/22,23:30,17.6,87,0.0,0
1,10/02/22,00:00,17.4,88,0.0,0
1,10/02/22,0:30,17.2,88,0.0,0
1,10/02/22,1:00,17.1,88,0.0,0
1,10/02/22,1:30,16.9,88,0.0,0
1,10/02/22,2:00,16.4,89,0.0,0
1,10/02/22,2:30,16.2,90,0.0,0
1,10/02/22,3:00,16.1,90,0.0,0
1,10/02/22,3:30,16.1,90,0.0,0
1,10/02/22,4:00,16.1,90,0.0,0
1,10/02/22,4:30,16.0,91,0.0,0
1,10/02/22,5:00,15.9,91,0.0,0
1,10/02/22,5:30,15.8,92,0.0,0
1,10/02/22,6:00,15.3,93,0.0,0
1,10/02/22,6:30,15.9,93,0.0,9
1,10/02/22,7:00,16.7,91,0.0,74
1,10/02/22,7:30,17.7,90,0.0,199
1,10/02/22,8:00,18.9,88,0.0,325
1,10/02/22,8:30,20.2,86,0.0,451
1,10/02/22,9:00,20.8,81,0.0,579
1,10/02/22,9:30,21.8,79,0.0,699
1,10/02/22,10:00,22.8,76,0.0,783
1,10/02/22,10:30,23.7,69,0.0,869
1,10/02/22,11:00,24.7,68,0.0,933
1,10/02/22,11:30,25.1,66,0.0,987
1,10/02/22,12:00,26.1,61,0.0,1030
1,10/02/22,12:30,26.0,62,0.0,1014
1,10/02/22,13:00,26.4,62,0.0,822
1,10/02/22,13:30,27.5,53,0.0,1135
1,10/02/22,14:00,27.9,54,0.0,1151
1,10/02/22,14:30,27.6,55,0.0,832
1,10/02/22,15:00,28.3,54,0.0,936
1,10/02/22,15:30,28.4,52,0.0,855
1,10/02/22,16:00,28.8,53,0.0,600
1,10/02/22,16:30,28.9,49,0.0,635
1,10/02/22,17:00,28.8,48,0.0,495
1,10/02/22,17:30,28.6,51,0.0,406
1,10/02/22,18:00,27.7,63,0.0,275
1,10/02/22,18:30,26.4,69,0.0,134
1,10/02/22,19:00,25.2,71,0.0,48
1,10/02/22,19:30,24.2,74,0.0,11
1,10/02/22,20:00,23.2,77,0.0,0
1,10/02/22,20:30,22.4,80,0.0,0
1,10/02/22,21:00,21.8,82,0.0,0
1,10/02/22,21:30,21.6,83,0.0,0
1,10/02/22,22:00,21.0,84,0.0,0
1,10/02/22,22:30,20.6,86,0.0,0
1,10/02/22,23:00,20.2,88,0.0,0
1,10/02/22,23:30,20.0,89,0.0,0
1,11/02/22,00:00,19.8,90,0.0,0
1,11/02/22,0:30,19.8,90,0.0,0
1,11/02/22,1:00,19.7,90,0.0,0
1,11/02/22,1:30,19.6,90,0.0,0
1,11/02/22,2:00,19.6,91,0.0,0
1,11/02/22,2:30,19.7,91,0.0,0
1,11/02/22,3:00,19.9,91,0.0,0
1,11/02/22,3:30,19.8,91,0.0,0
1,11/02/22,4:00,19.6,92,0.0,0
1,11/02/22,4:30,19.4,92,0.0,0
1,11/02/22,5:00,19.0,94,0.0,0
1,11/02/22,5:30,19.3,94,0.0,0
1,11/02/22,6:00,19.7,94,0.0,0
1,11/02/22,6:30,19.7,94,0.0,8
1,11/02/22,7:00,19.9,93,0.0,53
1,11/02/22,7:30,20.3,93,0.0,154
1,11/02/22,8:00,21.1,91,0.0,267
1,11/02/22,8:30,22.2,87,0.0,376
1,11/02/22,9:00,23.4,83,0.0,478
1,11/02/22,9:30,24.2,81,0.0,583
1,11/02/22,10:00,25.4,77,0.0,672
1,11/02/22,10:30,26.0,76,0.0,747
1,11/02/22,11:00,26.9,73,0.0,809
1,11/02/22,11:30,27.9,70,0.0,886
1,11/02/22,12:00,28.5,68,0.0,944
1,11/02/22,12:30,28.9,67,0.0,962
1,11/02/22,13:00,29.6,64,0.0,970
1,11/02/22,13:30,30.2,62,0.0,904
1,11/02/22,14:00,29.9,63,0.0,937
1,11/02/22,14:30,30.1,61,0.0,535
1,11/02/22,15:00,30.4,60,0.0,813
1,11/02/22,15:30,30.6,62,0.0,765
1,11/02/22,16:00,30.4,63,0.0,703
1,11/02/22,16:30,29.2,65,0.0,212
1,11/02/22,17:00,24.0,70,0.0,41
1,11/02/22,17:30,19.3,91,12.6,0
1,11/02/22,18:00,20.2,84,2.0,7
1,11/02/22,18:30,21.2,83,0.0,13
1,11/02/22,19:00,20.2,89,0.2,23
1,11/02/22,19:30,21.0,83,0.0,41
1,11/02/22,20:00,21.6,82,0.0,0
1,11/02/22,20:30,20.7,86,0.0,0
1,11/02/22,21:00,20.5,86,0.0,0
1,11/02/22,21:30,20.1,87,0.0,0
1,11/02/22,22:00,19.5,88,0.0,0
1,11/02/22,22:30,19.6,87,0.0,0
1,11/02/22,23:00,19.7,88,0.0,0
1,11/02/22,23:30,20.4,88,0.0,0
1,12/02/22,00:00,20.0,90,0.0,0
1,12/02/22,0:30,19.8,91,0.0,0
1,12/02/22,1:00,19.6,91,0.0,0
1,12/02/22,1:30,19.7,90,0.0,0
1,12/02/22,2:00,20.0,91,0.0,0
1,12/02/22,2:30,19.6,93,0.0,0
1,12/02/22,3:00,19.7,93,0.0,0
1,12/02/22,3:30,19.7,93,0.0,0
1,12/02/22,4:00,19.6,94,0.0,0
1,12/02/22,4:30,19.8,94,0.0,0
1,12/02/22,5:00,20.1,94,0.0,0
1,12/02/22,5:30,19.9,93,0.0,0
1,12/02/22,6:00,19.9,94,0.0,0
1,12/02/22,6:30,19.9,94,0.0,13
1,12/02/22,7:00,19.8,95,0.0,35
1,12/02/22,7:30,20.1,95,0.0,93
1,12/02/22,8:00,20.2,95,0.0,111
1,12/02/22,8:30,20.4,95,0.0,141
1,12/02/22,9:00,21.4,94,0.0,314
1,12/02/22,9:30,20.5,94,0.0,63
1,12/02/22,10:00,20.4,95,0.0,29
1,12/02/22,10:30,20.3,96,0.0,61
1,12/02/22,11:00,20.8,95,0.0,129
1,12/02/22,11:30,21.8,92,0.0,209
1,12/02/22,12:00,22.5,89,0.0,262
1,12/02/22,12:30,22.8,89,0.0,232
1,12/02/22,13:00,23.0,87,0.0,248
1,12/02/22,13:30,22.8,88,0.0,155
1,12/02/22,14:00,22.3,90,0.2,101
1,12/02/22,14:30,22.4,91,0.0,76
1,12/02/22,15:00,22.4,90,0.0,86
1,12/02/22,15:30,22.6,89,0.0,73
1,12/02/22,16:00,22.8,90,0.0,146
1,12/02/22,16:30,23.3,88,0.0,225
1,12/02/22,17:00,23.5,87,0.0,211
1,12/02/22,17:30,23.9,85,0.0,213
1,12/02/22,18:00,24.1,82,0.0,178
1,12/02/22,18:30,23.8,84,0.0,94
1,12/02/22,19:00,23.2,88,0.0,44
1,12/02/22,19:30,22.5,89,0.0,5
1,12/02/22,20:00,22.0,91,0.0,0
1,12/02/22,20:30,21.8,93,0.0,0
1,12/02/22,21:00,21.7,94,0.0,0
1,12/02/22,21:30,21.7,94,0.0,0
1,12/02/22,22:00,21.8,94,0.0,0
1,12/02/22,22:30,21.6,95,0.0,0
1,12/02/22,23:00,21.1,94,0.0,0
1,12/02/22,23:30,20.5,95,0.0,0
1,13/02/22,00:00,20.1,96,0.0,0
1,13/02/22,0:30,19.6,96,0.0,0
1,13/02/22,1:00,18.8,97,0.0,0
1,13/02/22,1:30,18.2,97,0.0,0
1,13/02/22,2:00,17.5,97,0.0,0
1,13/02/22,2:30,16.7,97,0.0,0
1,13/02/22,3:00,16.6,97,0.0,0
1,13/02/22,3:30,16.3,97,0.0,0
1,13/02/22,4:00,16.2,98,0.0,0
1,13/02/22,4:30,15.7,98,0.0,0
1,13/02/22,5:00,15.8,97,0.0,0
1,13/02/22,5:30,15.8,97,0.0,0
1,13/02/22,6:00,15.7,96,0.0,0
1,13/02/22,6:30,15.7,96,0.0,1
1,13/02/22,7:00,15.6,95,0.0,18
1,13/02/22,7:30,15.8,94,0.0,60
1,13/02/22,8:00,15.4,94,0.0,63
1,13/02/22,8:30,16.1,91,0.0,177
1,13/02/22,9:00,16.6,87,0.0,261
1,13/02/22,9:30,17.9,81,0.0,561
1,13/02/22,10:00,18.1,79,0.0,783
1,13/02/22,10:30,19.1,76,0.0,750
1,13/02/22,11:00,19.3,71,0.0,985
1,13/02/22,11:30,19.6,70,0.0,1086
1,13/02/22,12:00,20.3,70,0.0,1051
1,13/02/22,12:30,20.5,60,0.0,1058
1,13/02/22,13:00,21.2,58,0.0,1057
1,13/02/22,13:30,21.3,54,0.0,1045
1,13/02/22,14:00,21.8,53,0.0,1018
1,13/02/22,14:30,21.9,52,0.0,968
1,13/02/22,15:00,22.2,47,0.0,905
1,13/02/22,15:30,22.9,46,0.0,829
1,13/02/22,16:00,22.8,47,0.0,740
1,13/02/22,16:30,22.6,42,0.0,635
1,13/02/22,17:00,22.5,41,0.0,524
1,13/02/22,17:30,22.3,43,0.0,405
1,13/02/22,18:00,21.9,43,0.0,282
1,13/02/22,18:30,21.3,46,0.0,136
1,13/02/22,19:00,20.1,51,0.0,42
1,13/02/22,19:30,18.5,57,0.0,8
1,13/02/22,20:00,17.6,61,0.0,0
1,13/02/22,20:30,17.0,63,0.0,0
1,13/02/22,21:00,16.3,66,0.0,0
1,13/02/22,21:30,16.4,64,0.0,0
1,13/02/22,22:00,16.2,65,0.0,0
1,13/02/22,22:30,15.7,66,0.0,0
1,13/02/22,23:00,15.3,67,0.0,0
1,13/02/22,23:30,15.4,67,0.0,0
1,14/02/22,00:00,14.9,70,0.0,0
1,14/02/22,0:30,14.6,71,0.0,0
1,14/02/22,1:00,14.6,71,0.0,0
1,14/02/22,1:30,14.7,72,0.0,0
1,14/02/22,2:00,14.4,73,0.0,0
1,14/02/22,2:30,14.0,75,0.0,0
1,14/02/22,3:00,13.4,78,0.0,0
1,14/02/22,3:30,13.5,80,0.0,0
1,14/02/22,4:00,13.8,78,0.0,0
1,14/02/22,4:30,13.9,77,0.0,0
1,14/02/22,5:00,14.6,73,0.0,0
1,14/02/22,5:30,14.6,73,0.0,0
1,14/02/22,6:00,14.6,73,0.0,0
1,14/02/22,6:30,14.4,74,0.0,7
1,14/02/22,7:00,14.9,74,0.0,62
1,14/02/22,7:30,15.2,74,0.0,178
1,14/02/22,8:00,15.6,75,0.0,305
1,14/02/22,8:30,16.2,77,0.0,424
1,14/02/22,9:00,17.4,74,0.0,539
1,14/02/22,9:30,19.2,67,0.0,649
1,14/02/22,10:00,20.7,62,0.0,746
1,14/02/22,10:30,21.6,57,0.0,832
1,14/02/22,11:00,22.3,58,0.0,903
1,14/02/22,11:30,22.8,57,0.0,961
1,14/02/22,12:00,23.4,57,0.0,1002
1,14/02/22,12:30,24.7,51,0.0,1034
1,14/02/22,13:00,24.7,51,0.0,1046
1,14/02/22,13:30,25.1,50,0.0,1025
1,14/02/22,14:00,25.7,52,0.0,1045
1,14/02/22,14:30,25.9,47,0.0,984
1,14/02/22,15:00,26.3,48,0.0,899
1,14/02/22,15:30,26.4,48,0.0,882
1,14/02/22,16:00,26.5,51,0.0,782
1,14/02/22,16:30,26.8,46,0.0,629
1,14/02/22,17:00,26.7,43,0.0,510
1,14/02/22,17:30,26.2,45,0.0,390
1,14/02/22,18:00,25.8,47,0.0,269
1,14/02/22,18:30,25.4,49,0.0,131
1,14/02/22,19:00,24.4,53,0.0,40
1,14/02/22,19:30,22.7,58,0.0,9
1,14/02/22,20:00,21.9,60,0.0,0
1,14/02/22,20:30,21.8,60,0.0,0
1,14/02/22,21:00,21.8,60,0.0,0
1,14/02/22,21:30,21.2,63,0.0,0
1,14/02/22,22:00,21.4,62,0.0,0
1,14/02/22,22:30,20.7,64,0.0,0
1,14/02/22,23:00,20.1,67,0.0,0
1,14/02/22,23:30,20.1,65,0.0,0
1,15/02/22,00:00,20.4,63,0.0,0
1,15/02/22,0:30,19.8,65,0.0,0
1,15/02/22,1:00,19.4,66,0.0,0
1,15/02/22,1:30,19.4,66,0.0,0
1,15/02/22,2:00,19.6,64,0.0,0
1,15/02/22,2:30,19.9,63,0.0,0
1,15/02/22,3:00,19.8,63,0.0,0
1,15/02/22,3:30,19.3,63,0.0,0
1,15/02/22,4:00,19.2,64,0.0,0
1,15/02/22,4:30,19.1,65,0.0,0
1,15/02/22,5:00,18.8,65,0.0,0
1,15/02/22,5:30,18.5,66,0.0,0
1,15/02/22,6:00,18.6,66,0.0,0
1,15/02/22,6:30,18.4,66,0.0,6
1,15/02/22,7:00,19.8,64,0.0,60
1,15/02/22,7:30,20.4,66,0.0,178
1,15/02/22,8:00,20.4,63,0.0,305
1,15/02/22,8:30,21.0,63,0.0,424
1,15/02/22,9:00,21.9,62,0.0,541
1,15/02/22,9:30,23.0,63,0.0,653
1,15/02/22,10:00,24.4,53,0.0,754
1,15/02/22,10:30,25.4,47,0.0,841
1,15/02/22,11:00,26.3,45,0.0,911
1,15/02/22,11:30,26.8,44,0.0,966
1,15/02/22,12:00,27.1,47,0.0,1005
1,15/02/22,12:30,27.6,46,0.0,1028
1,15/02/22,13:00,27.9,41,0.0,1032
1,15/02/22,13:30,28.1,40,0.0,1021
1,15/02/22,14:00,28.5,42,0.0,990
1,15/02/22,14:30,28.7,41,0.0,946
1,15/02/22,15:00,29.0,36,0.0,888
1,15/02/22,15:30,29.1,35,0.0,810
1,15/02/22,16:00,29.3,37,0.0,716
1,15/02/22,16:30,29.2,38,0.0,614
1,15/02/22,17:00,29.1,37,0.0,504
1,15/02/22,17:30,28.9,39,0.0,390
1,15/02/22,18:00,28.2,45,0.0,270
1,15/02/22,18:30,27.4,47,0.0,130
1,15/02/22,19:00,26.3,52,0.0,37
1,15/02/22,19:30,24.5,60,0.0,9
1,15/02/22,20:00,23.4,62,0.0,0
1,15/02/22,20:30,22.3,65,0.0,0
1,15/02/22,21:00,22.1,68,0.0,0
1,15/02/22,21:30,21.7,74,0.0,0
1,15/02/22,22:00,21.2,77,0.0,0
1,15/02/22,22:30,20.5,82,0.0,0
1,15/02/22,23:00,20.3,82,0.0,0
1,15/02/22,23:30,19.7,83,0.0,0
1,16/02/22,00:00,19.1,86,0.0,0
1,16/02/22,0:30,18.7,87,0.0,0
1,16/02/22,1:00,18.4,88,0.0,0
1,16/02/22,1:30,18.2,87,0.0,0
1,16/02/22,2:00,18.1,88,0.0,0
1,16/02/22,2:30,17.9,88,0.0,0
1,16/02/22,3:00,17.4,89,0.0,0
1,16/02/22,3:30,17.1,89,0.0,0
1,16/02/22,4:00,17.0,89,0.0,0
1,16/02/22,4:30,16.7,91,0.0,0
1,16/02/22,5:00,16.7,92,0.0,0
1,16/02/22,5:30,16.6,94,0.0,0
1,16/02/22,6:00,16.8,95,0.0,0
1,16/02/22,6:30,16.8,95,0.0,5
1,16/02/22,7:00,17.2,95,0.0,63
1,16/02/22,7:30,17.8,94,0.0,119
1,16/02/22,8:00,18.7,91,0.0,305
1,16/02/22,8:30,19.8,88,0.0,431
1,16/02/22,9:00,21.1,82,0.0,546
1,16/02/22,9:30,22.5,76,0.0,656
1,16/02/22,10:00,23.7,72,0.0,755
1,16/02/22,10:30,24.7,72,0.0,841
1,16/02/22,11:00,25.6,64,0.0,914
1,16/02/22,11:30,26.7,59,0.0,970
1,16/02/22,12:00,27.6,58,0.0,1009
1,16/02/22,12:30,28.6,50,0.0,1033
1,16/02/22,13:00,29.2,46,0.0,1038
1,16/02/22,13:30,29.7,42,0.0,1023
1,16/02/22,14:00,30.3,41,0.0,993
1,16/02/22,14:30,30.3,36,0.0,948
1,16/02/22,15:01,30.8,35,0.0,892
1,16/02/22,15:30,31.2,36,0.0,809
1,16/02/22,16:00,31.0,40,0.0,720
1,16/02/22,16:30,31.0,37,0.0,612
1,16/02/22,17:00,31.2,37,0.0,504
1,16/02/22,17:30,31.2,31,0.0,391
1,16/02/22,18:00,30.9,34,0.0,273
1,16/02/22,18:30,30.2,43,0.0,135
1,16/02/22,19:00,28.6,50,0.0,35
1,16/02/22,19:30,26.3,71,0.0,7
1,16/02/22,20:00,25.1,73,0.0,0
1,16/02/22,20:30,23.9,75,0.0,0
1,16/02/22,21:00,23.4,68,0.0,0
1,16/02/22,21:30,22.6,69,0.0,0
1,16/02/22,22:00,22.3,73,0.0,0
1,16/02/22,22:30,21.2,78,0.0,0
1,16/02/22,23:00,20.8,82,0.0,0
1,16/02/22,23:30,20.2,85,0.0,0
1,17/02/22,00:00,19.7,86,0.0,0
1,17/02/22,0:30,19.6,87,0.0,0
1,17/02/22,1:00,19.3,87,0.0,0
1,17/02/22,1:30,19.2,86,0.0,0
1,17/02/22,2:00,18.7,89,0.0,0
1,17/02/22,2:30,18.8,91,0.0,0
1,17/02/22,3:00,18.7,91,0.0,0
1,17/02/22,3:30,18.8,91,0.0,0
1,17/02/22,4:00,19.1,90,0.0,0
1,17/02/22,4:30,19.6,84,0.0,0
1,17/02/22,5:00,19.4,85,0.0,0
1,17/02/22,5:30,19.6,83,0.0,0
1,17/02/22,6:00,19.4,85,0.0,0
1,17/02/22,6:30,19.9,81,0.0,3
1,17/02/22,7:00,19.8,81,0.0,37
1,17/02/22,7:30,20.1,76,0.0,88
1,17/02/22,8:00,21.7,72,0.0,229
1,17/02/22,8:30,22.8,67,0.0,426
1,17/02/22,9:00,24.1,64,0.0,541
1,17/02/22,9:30,25.2,60,0.0,649
1,17/02/22,10:00,26.4,56,0.0,747
1,17/02/22,10:30,28.0,51,0.0,831
1,17/02/22,11:00,29.2,45,0.0,904
1,17/02/22,11:30,28.9,40,0.0,965
1,17/02/22,12:00,29.4,40,0.0,1004
1,17/02/22,12:30,29.7,35,0.0,1028
1,17/02/22,13:00,29.7,37,0.0,1022
1,17/02/22,13:30,30.2,37,0.0,1014
1,17/02/22,14:00,30.2,36,0.0,986
1,17/02/22,14:30,30.4,34,0.0,938
1,17/02/22,15:00,30.4,34,0.0,883
1,17/02/22,15:30,30.4,41,0.0,803
1,17/02/22,16:00,29.9,48,0.0,676
1,17/02/22,16:30,28.9,48,0.0,481
1,17/02/22,17:00,27.9,53,0.0,176
1,17/02/22,17:30,27.1,62,0.0,190
1,17/02/22,18:00,27.0,63,0.0,262
1,17/02/22,18:30,25.9,66,0.0,145
1,17/02/22,19:00,25.3,68,0.0,39
1,17/02/22,19:30,24.1,72,0.0,4
1,17/02/22,20:00,23.1,77,0.0,0
1,17/02/22,20:30,22.4,80,0.0,0
1,17/02/22,21:00,22.0,81,0.0,0
1,17/02/22,21:30,21.6,84,0.0,0
1,17/02/22,22:00,21.1,87,0.0,0
1,17/02/22,22:30,20.7,88,0.0,0
1,17/02/22,23:00,20.5,89,0.0,0
1,17/02/22,23:30,20.5,89,0.0,0
1,18/02/22,00:00,20.5,89,0.0,0
1,18/02/22,0:30,20.2,89,0.0,0
1,18/02/22,1:00,19.6,91,0.0,0
1,18/02/22,1:30,19.3,92,0.0,0
1,18/02/22,2:00,18.7,92,0.0,0
1,18/02/22,2:30,18.4,93,0.0,0
1,18/02/22,3:00,18.4,94,0.0,0
1,18/02/22,3:30,18.3,95,0.0,0
1,18/02/22,4:00,18.6,96,0.0,0
1,18/02/22,4:30,18.8,94,0.0,0
1,18/02/22,5:00,18.6,94,0.0,0
1,18/02/22,5:30,18.6,94,0.0,0
1,18/02/22,6:00,18.5,94,0.0,0
1,18/02/22,6:30,18.7,93,0.0,4
1,18/02/22,7:00,18.9,93,0.0,39
1,18/02/22,7:30,19.5,92,0.0,127
1,18/02/22,8:00,20.1,90,0.0,162
1,18/02/22,8:30,20.7,86,0.0,416
1,18/02/22,9:00,21.2,83,0.0,326
1,18/02/22,9:30,21.6,82,0.0,367
1,18/02/22,10:00,22.5,76,0.0,789
1,18/02/22,10:30,23.4,74,0.0,849
1,18/02/22,11:00,24.0,70,0.0,919
1,18/02/22,11:30,24.4,69,0.0,988
1,18/02/22,12:00,24.9,65,0.0,1011
1,18/02/22,12:30,25.3,64,0.0,1036
1,18/02/22,13:00,26.3,59,0.0,1052
1,18/02/22,13:30,26.5,57,0.0,1048
1,18/02/22,14:00,27.4,56,0.0,1049
1,18/02/22,14:30,27.2,52,0.0,885
1,18/02/22,15:00,27.7,46,0.0,875
1,18/02/22,15:30,27.7,49,0.0,800
1,18/02/22,16:00,28.0,48,0.0,711
1,18/02/22,16:30,27.4,50,0.0,551
1,18/02/22,17:00,27.5,52,0.0,481
1,18/02/22,17:30,27.3,54,0.0,282
1,18/02/22,18:00,26.7,56,0.0,252
1,18/02/22,18:30,25.9,60,0.0,125
1,18/02/22,19:00,24.7,62,0.0,36
1,18/02/22,19:30,23.5,67,0.0,7
1,18/02/22,20:00,22.6,72,0.0,0
1,18/02/22,20:30,21.8,74,0.0,0
1,18/02/22,21:00,21.3,76,0.0,0
1,18/02/22,21:30,20.9,80,0.0,0
1,18/02/22,22:00,20.5,83,0.0,0
1,18/02/22,22:30,20.3,85,0.0,0
1,18/02/22,23:00,20.2,86,0.0,0
1,18/02/22,23:30,19.8,87,0.0,0
1,19/02/22,00:00,19.5,88,0.0,0
1,19/02/22,0:30,19.3,88,0.0,0
1,19/02/22,1:00,18.9,90,0.0,0
1,19/02/22,1:30,18.6,91,0.0,0
1,19/02/22,2:00,18.6,92,0.0,0
1,19/02/22,2:30,18.2,93,0.0,0
1,19/02/22,3:00,18.4,93,0.0,0
1,19/02/22,3:30,17.9,94,0.0,0
1,19/02/22,4:00,18.2,94,0.0,0
1,19/02/22,4:30,17.8,94,0.0,0
1,19/02/22,5:00,17.7,94,0.0,0
1,19/02/22,5:30,17.4,95,0.0,0
1,19/02/22,6:00,17.3,95,0.0,0
1,19/02/22,6:30,17.4,95,0.0,4
1,19/02/22,7:00,17.9,95,0.0,53
1,19/02/22,7:30,18.9,93,0.0,158
1,19/02/22,8:00,19.6,90,0.0,286
1,19/02/22,8:30,20.7,86,0.0,406
1,19/02/22,9:00,21.9,81,0.0,520
1,19/02/22,9:30,22.8,77,0.0,629
1,19/02/22,10:00,23.3,73,0.0,729
1,19/02/22,10:30,24.4,72,0.0,814
1,19/02/22,11:00,25.5,66,0.0,885
1,19/02/22,11:30,25.8,62,0.0,946
1,19/02/22,12:00,26.9,59,0.0,987
1,19/02/22,12:30,27.7,54,0.0,1027
1,19/02/22,13:00,28.2,47,0.0,1064
1,19/02/22,13:30,27.8,51,0.0,856
1,19/02/22,14:00,28.2,47,0.0,659
1,19/02/22,14:30,28.8,47,0.0,1075
1,19/02/22,15:00,28.3,47,0.0,532
1,19/02/22,15:30,29.1,42,0.0,608
1,19/02/22,16:00,29.0,43,0.0,656
1,19/02/22,16:30,29.2,42,0.0,617
1,19/02/22,17:00,29.4,42,0.0,497
1,19/02/22,17:30,28.9,47,0.0,372
1,19/02/22,18:00,28.3,50,0.0,246
1,19/02/22,18:30,26.9,58,0.0,121
1,19/02/22,19:00,25.9,63,0.0,33
1,19/02/22,19:30,24.7,67,0.0,6
1,19/02/22,20:00,23.8,70,0.0,0
1,19/02/22,20:30,23.1,73,0.0,0
1,19/02/22,21:00,22.4,76,0.0,0
1,19/02/22,21:30,21.8,79,0.0,0
1,19/02/22,22:00,21.3,82,0.0,0
1,19/02/22,22:30,20.7,84,0.0,0
1,19/02/22,23:00,20.1,85,0.0,0
1,19/02/22,23:30,20.0,85,0.0,0
1,20/02/22,00:00,19.6,88,0.0,0
1,20/02/22,0:30,19.2,89,0.0,0
1,20/02/22,1:00,18.9,90,0.0,0
1,20/02/22,1:30,18.9,90,0.0,0
1,20/02/22,2:00,18.9,90,0.0,0
1,20/02/22,2:30,18.8,89,0.0,0
1,20/02/22,3:00,19.0,89,0.0,0
1,20/02/22,3:30,18.8,90,0.0,0
1,20/02/22,4:00,18.6,91,0.0,0
1,20/02/22,4:30,18.1,93,0.0,0
1,20/02/22,5:00,18.2,94,0.0,0
1,20/02/22,5:30,18.2,95,0.0,0
1,20/02/22,6:00,18.1,95,0.0,0
1,20/02/22,6:30,17.9,95,0.0,4
1,20/02/22,7:00,18.2,95,0.0,43
1,20/02/22,7:30,19.4,92,0.0,155
1,20/02/22,8:00,20.6,87,0.0,267
1,20/02/22,8:30,22.2,78,0.0,399
1,20/02/22,9:00,24.3,69,0.0,525
1,20/02/22,9:30,24.2,66,0.0,662
1,20/02/22,10:00,24.8,67,0.0,608
1,20/02/22,10:30,25.9,64,0.0,427
1,20/02/22,11:00,26.3,64,0.0,331
1,20/02/22,11:30,26.4,63,0.0,265
1,20/02/22,12:00,26.8,61,0.0,322
1,20/02/22,12:30,26.9,63,0.0,442
1,20/02/22,13:00,26.1,69,0.0,85
1,20/02/22,13:30,25.3,67,0.0,101
1,20/02/22,14:00,25.9,68,0.0,214
1,20/02/22,14:30,26.9,64,0.0,488
1,20/02/22,15:00,27.3,57,0.0,461
1,20/02/22,15:30,25.8,62,0.0,170
1,20/02/22,16:00,24.4,64,0.0,134
1,20/02/22,16:30,23.4,68,0.0,71
1,20/02/22,17:00,21.7,81,0.4,61
1,20/02/22,17:30,21.4,80,0.0,60
1,20/02/22,18:00,21.2,80,0.0,68
1,20/02/22,18:30,21.5,77,0.0,40
1,20/02/22,19:00,21.3,79,0.0,12
1,20/02/22,19:30,21.8,73,0.0,3
1,20/02/22,20:00,21.6,75,0.0,0
1,20/02/22,20:30,20.8,80,0.0,0
1,20/02/22,21:00,20.8,81,0.0,0
1,20/02/22,21:30,20.8,79,0.0,0
1,20/02/22,22:00,20.8,80,0.0,0
1,20/02/22,22:30,20.9,80,0.0,0
1,20/02/22,23:00,20.8,82,0.0,0
1,20/02/22,23:30,20.4,84,0.0,0
1,21/02/22,00:00,20.6,84,0.0,0
1,21/02/22,0:30,20.4,84,0.0,0
1,21/02/22,1:00,20.1,87,0.0,0
1,21/02/22,1:30,20.5,85,0.0,0
1,21/02/22,2:00,20.4,85,0.0,0
1,21/02/22,2:30,20.7,85,0.0,0
1,21/02/22,3:00,20.5,86,0.0,0
1,21/02/22,3:30,20.3,87,0.0,0
1,21/02/22,4:00,20.3,88,0.0,0
1,21/02/22,4:30,20.0,89,0.0,0
1,21/02/22,5:00,20.1,89,0.0,0
1,21/02/22,5:30,20.1,89,0.0,0
1,21/02/22,6:00,19.9,90,0.0,0
1,21/02/22,6:30,19.9,91,0.0,0
1,21/02/22,7:00,20.1,91,0.0,10
1,21/02/22,7:30,20.0,92,0.0,35
1,21/02/22,8:00,20.2,92,0.0,77
1,21/02/22,8:30,20.6,91,0.0,119
1,21/02/22,9:00,20.6,91,0.0,129
1,21/02/22,9:30,22.1,87,0.0,262
1,21/02/22,10:00,23.3,83,0.0,497
1,21/02/22,10:30,24.7,78,0.0,628
1,21/02/22,11:00,25.3,73,0.0,465
1,21/02/22,11:30,26.3,70,0.0,756
1,21/02/22,12:00,27.0,64,0.0,842
1,21/02/22,12:30,26.7,66,0.0,580
1,21/02/22,13:00,27.4,66,0.0,682
1,21/02/22,13:30,27.7,63,0.0,570
1,21/02/22,14:00,27.5,63,0.0,513
1,21/02/22,14:30,29.2,58,0.0,848
1,21/02/22,15:00,29.3,55,0.0,821
1,21/02/22,15:30,29.4,49,0.0,782
1,21/02/22,16:00,29.8,49,0.0,695
1,21/02/22,16:30,29.6,54,0.0,542
1,21/02/22,17:00,28.1,57,0.0,469
1,21/02/22,17:30,27.5,55,0.0,289
1,21/02/22,18:00,27.8,54,0.0,241
1,21/02/22,18:30,27.1,55,0.0,118
1,21/02/22,19:00,25.9,58,0.0,30
1,21/02/22,19:30,24.3,63,0.0,5
1,21/02/22,20:00,23.8,63,0.0,0
1,21/02/22,20:30,23.2,66,0.0,0
1,21/02/22,21:00,23.1,68,0.0,0
1,21/02/22,21:30,23.2,68,0.0,0
1,21/02/22,22:00,22.4,73,0.0,0
1,21/02/22,22:30,22.4,72,0.0,0
1,21/02/22,23:00,22.1,75,0.0,0
1,21/02/22,23:30,21.1,78,0.0,0
1,22/02/22,00:00,20.8,80,0.0,0
1,22/02/22,0:30,20.5,81,0.0,0
1,22/02/22,1:00,20.5,79,0.0,0
1,22/02/22,1:30,20.1,81,0.0,0
1,22/02/22,2:00,19.6,83,0.0,0
1,22/02/22,2:30,19.1,85,0.0,0
1,22/02/22,3:00,19.1,86,0.0,0
1,22/02/22,3:30,19.1,86,0.0,0
1,22/02/22,4:00,19.0,86,0.0,0
1,22/02/22,4:30,19.2,86,0.0,0
1,22/02/22,5:00,18.6,88,0.0,0
1,22/02/22,5:30,18.2,89,0.0,0
1,22/02/22,6:00,17.8,90,0.0,0
1,22/02/22,6:30,17.6,91,0.0,1
1,22/02/22,7:00,17.7,91,0.0,29
1,22/02/22,7:30,18.1,91,0.0,66
1,22/02/22,8:00,18.7,88,0.0,141
1,22/02/22,8:30,19.6,85,0.0,237
1,22/02/22,9:00,20.2,81,0.0,322
1,22/02/22,9:30,20.5,80,0.0,341
1,22/02/22,10:00,21.2,78,0.0,381
1,22/02/22,10:30,22.1,77,0.0,440
1,22/02/22,11:00,23.1,72,0.0,571
1,22/02/22,11:30,24.3,64,0.0,683
1,22/02/22,12:00,25.0,60,0.0,788
1,22/02/22,12:30,25.3,60,0.0,870
1,22/02/22,13:00,25.7,59,0.0,929
1,22/02/22,13:30,26.8,53,0.0,593
1,22/02/22,14:00,26.9,53,0.0,1101
1,22/02/22,14:30,27.1,51,0.0,925
1,22/02/22,15:00,27.6,51,0.0,852
1,22/02/22,15:30,27.7,54,0.0,770
1,22/02/22,16:00,28.6,50,0.0,679
1,22/02/22,16:30,28.5,48,0.0,580
1,22/02/22,17:00,28.7,47,0.0,473
1,22/02/22,17:30,28.3,47,0.0,358
1,22/02/22,18:00,27.9,49,0.0,239
1,22/02/22,18:30,27.3,51,0.0,113
1,22/02/22,19:00,26.1,55,0.0,29
1,22/02/22,19:30,24.7,57,0.0,5
1,22/02/22,20:00,24.2,59,0.0,0
1,22/02/22,20:30,23.1,64,0.0,0
1,22/02/22,21:00,21.7,70,0.0,0
1,22/02/22,21:30,20.7,79,0.0,0
1,22/02/22,22:00,20.6,83,0.0,0
1,22/02/22,22:30,20.5,84,0.0,0
1,22/02/22,23:00,19.6,85,0.0,0
1,22/02/22,23:30,19.1,89,0.0,0
1,23/02/22,00:00,19.6,90,0.0,0
1,23/02/22,0:30,19.6,91,0.0,0
1,23/02/22,1:00,19.5,92,0.0,0
1,23/02/22,1:30,19.1,92,0.0,0
1,23/02/22,2:00,19.0,93,0.0,0
1,23/02/22,2:30,19.2,92,0.0,0
1,23/02/22,3:00,18.6,92,0.0,0
1,23/02/22,3:30,18.3,94,0.0,0
1,23/02/22,4:00,18.1,94,0.0,0
1,23/02/22,4:30,17.4,95,0.0,0
1,23/02/22,5:00,17.3,94,0.0,0
1,23/02/22,5:30,17.2,95,0.0,0
1,23/02/22,6:00,17.0,94,0.0,0
1,23/02/22,6:30,17.1,94,0.0,3
1,23/02/22,7:00,17.5,94,0.0,46
1,23/02/22,7:30,18.0,92,0.0,149
1,23/02/22,8:00,18.3,91,0.0,278
1,23/02/22,8:30,19.2,87,0.0,360
1,23/02/22,9:00,20.3,83,0.0,509
1,23/02/22,9:30,21.1,76,0.0,617
1,23/02/22,10:00,22.1,72,0.0,716
1,23/02/22,10:30,23.6,66,0.0,806
1,23/02/22,11:00,24.2,61,0.0,882
1,23/02/22,11:30,25.1,57,0.0,940
1,23/02/22,12:00,25.6,57,0.0,981
1,23/02/22,12:30,26.3,51,0.0,1005
1,23/02/22,13:00,27.2,47,0.0,1013
1,23/02/22,13:30,26.9,46,0.0,1001
1,23/02/22,14:00,28.2,42,0.0,970
1,23/02/22,14:30,28.1,40,0.0,919
1,23/02/22,15:00,28.4,41,0.0,856
1,23/02/22,15:30,28.6,41,0.0,777
1,23/02/22,16:00,28.3,42,0.0,682
1,23/02/22,16:30,28.6,45,0.0,583
1,23/02/22,17:00,28.2,42,0.0,473
1,23/02/22,17:30,27.9,42,0.0,359
1,23/02/22,18:00,27.6,48,0.0,240
1,23/02/22,18:30,26.6,55,0.0,117
1,23/02/22,19:00,24.8,63,0.0,29
1,23/02/22,19:30,23.4,66,0.0,4
1,23/02/22,20:00,22.7,67,0.0,0
1,23/02/22,20:30,22.0,71,0.0,0
1,23/02/22,21:00,21.3,80,0.0,0
1,23/02/22,21:30,20.8,86,0.0,0
1,23/02/22,22:00,20.7,87,0.0,0
1,23/02/22,22:30,20.4,88,0.0,0
1,23/02/22,23:00,20.2,89,0.0,0
1,23/02/22,23:30,19.8,89,0.0,0
1,24/02/22,00:00,19.5,93,0.0,0
1,24/02/22,0:30,19.3,92,0.0,0
1,24/02/22,1:00,19.2,93,0.0,0
1,24/02/22,1:30,19.3,92,0.0,0
1,24/02/22,2:00,19.0,93,0.0,0
1,24/02/22,2:30,18.8,94,0.0,0
1,24/02/22,3:00,18.9,93,0.0,0
1,24/02/22,3:30,19.2,92,0.0,0
1,24/02/22,4:00,18.7,93,0.0,0
1,24/02/22,4:30,18.9,92,0.0,0
1,24/02/22,5:00,18.7,93,0.0,0
1,24/02/22,5:30,18.4,93,0.0,0
1,24/02/22,6:00,18.8,93,0.0,0
1,24/02/22,6:30,19.2,91,0.0,2
1,24/02/22,7:00,18.9,91,0.0,30
1,24/02/22,7:30,19.7,90,0.0,102
1,24/02/22,8:00,20.5,86,0.0,272
1,24/02/22,8:30,21.1,85,0.0,302
1,24/02/22,9:00,22.1,80,0.0,529
1,24/02/22,9:30,22.8,78,0.0,613
1,24/02/22,10:00,23.7,74,0.0,719
1,24/02/22,10:30,24.2,72,0.0,668
1,24/02/22,11:00,25.3,67,0.0,800
1,24/02/22,11:30,25.8,64,0.0,763
1,24/02/22,12:00,26.9,57,0.0,887
1,24/02/22,12:30,27.3,58,0.0,831
1,24/02/22,13:00,28.6,53,0.0,810
1,24/02/22,13:30,29.0,52,0.0,778
1,24/02/22,14:00,29.4,49,0.0,790
1,24/02/22,14:30,29.7,50,0.0,682
1,24/02/22,15:00,29.6,50,0.0,560
1,24/02/22,15:30,29.9,50,0.0,507
1,24/02/22,16:00,30.1,52,0.0,406
1,24/02/22,16:30,30.3,49,0.0,345
1,24/02/22,17:00,30.3,52,0.0,265
1,24/02/22,17:30,30.3,49,0.0,220
1,24/02/22,18:00,29.8,49,0.0,173
1,24/02/22,18:30,28.2,56,0.0,50
1,24/02/22,19:00,27.0,59,0.0,24
1,24/02/22,19:30,26.3,61,0.0,2
1,24/02/22,20:00,25.3,72,0.0,0
1,24/02/22,20:30,24.5,75,0.0,0
1,24/02/22,21:00,23.8,77,0.0,0
1,24/02/22,21:30,23.4,77,0.0,0
1,24/02/22,22:00,22.9,79,0.0,0
1,24/02/22,22:30,22.1,86,0.0,0
1,24/02/22,23:00,22.3,86,0.0,0
1,24/02/22,23:30,22.1,87,0.0,0
1,25/02/22,00:00,21.7,89,0.0,0
1,25/02/22,0:30,21.0,93,0.0,0
1,25/02/22,1:00,20.9,94,0.0,0
1,25/02/22,1:30,20.7,95,0.0,0
1,25/02/22,2:00,20.9,94,0.0,0
1,25/02/22,2:30,20.9,94,0.0,0
1,25/02/22,3:00,20.7,94,0.0,0
1,25/02/22,3:30,20.8,94,0.0,0
1,25/02/22,4:00,20.8,93,0.0,0
1,25/02/22,4:30,20.7,93,0.0,0
1,25/02/22,5:00,20.4,93,0.0,0
1,25/02/22,5:30,20.1,94,0.0,0
1,25/02/22,6:00,20.0,94,0.0,0
1,25/02/22,6:30,19.1,94,0.0,3
1,25/02/22,7:00,19.6,96,0.0,54
1,25/02/22,7:30,20.6,95,0.0,120
1,25/02/22,8:00,21.6,93,0.0,251
1,25/02/22,8:30,22.5,90,0.0,386
1,25/02/22,9:00,23.8,83,0.0,470
1,25/02/22,9:30,24.8,77,0.0,601
1,25/02/22,10:00,26.1,74,0.0,696
1,25/02/22,10:30,26.9,68,0.0,774
1,25/02/22,11:00,27.8,65,0.0,868
1,25/02/22,11:30,28.5,64,0.0,877
1,25/02/22,12:00,28.9,62,0.0,981
1,25/02/22,12:30,29.6,60,0.0,1009
1,25/02/22,13:00,30.1,59,0.0,1015
1,25/02/22,13:30,30.2,56,0.0,918
1,25/02/22,14:00,32.3,51,0.0,841
1,25/02/22,14:30,30.7,55,0.0,480
1,25/02/22,15:00,30.5,55,0.0,401
1,25/02/22,15:30,31.0,54,0.0,342
1,25/02/22,16:00,30.4,55,0.0,243
1,25/02/22,16:30,29.9,57,0.0,178
1,25/02/22,17:00,30.5,57,0.0,264
1,25/02/22,17:30,30.3,56,0.0,309
1,25/02/22,18:00,29.7,59,0.0,130
1,25/02/22,18:30,28.9,62,0.0,102
1,25/02/22,19:00,28.0,63,0.0,26
1,25/02/22,19:30,26.9,64,0.0,3
1,25/02/22,20:00,26.0,67,0.0,0
1,25/02/22,20:30,25.4,69,0.0,0
1,25/02/22,21:00,24.8,74,0.0,0
1,25/02/22,21:30,24.0,80,0.0,0
1,25/02/22,22:00,23.6,82,0.0,0
1,25/02/22,22:30,23.0,85,0.0,0
1,25/02/22,23:00,22.7,87,0.0,0
1,25/02/22,23:30,22.3,89,0.0,0
1,26/02/22,00:00,22.0,91,0.0,0
1,26/02/22,0:30,21.8,92,0.0,0
1,26/02/22,1:00,21.7,92,0.0,0
1,26/02/22,1:30,21.6,92,0.0,0
1,26/02/22,2:00,21.5,93,0.0,0
1,26/02/22,2:30,21.2,94,0.0,0
1,26/02/22,3:00,21.1,94,0.0,0
1,26/02/22,3:30,21.0,94,0.0,0
1,26/02/22,4:00,20.8,94,0.0,0
1,26/02/22,4:30,20.9,94,0.0,0
1,26/02/22,5:00,20.8,94,0.0,0
1,26/02/22,5:30,20.6,94,0.0,0
1,26/02/22,6:00,20.8,92,0.0,0
1,26/02/22,6:30,20.8,90,0.0,2
1,26/02/22,7:00,21.2,91,0.0,35
1,26/02/22,7:30,21.7,90,0.0,133
1,26/02/22,8:00,23.1,86,0.0,261
1,26/02/22,8:30,24.4,79,0.0,382
1,26/02/22,9:00,25.2,75,0.0,491
1,26/02/22,9:30,26.1,69,0.0,594
1,26/02/22,10:00,27.2,66,0.0,689
1,26/02/22,10:30,28.1,62,0.0,774
1,26/02/22,11:00,29.1,61,0.0,842
1,26/02/22,11:30,29.5,63,0.0,895
1,26/02/22,12:00,30.1,61,0.0,936
1,26/02/22,12:30,30.5,59,0.0,977
1,26/02/22,13:00,31.8,53,0.0,969
1,26/02/22,13:30,32.4,51,0.0,928
1,26/02/22,14:00,33.3,47,0.0,886
1,26/02/22,14:30,33.8,45,0.0,835
1,26/02/22,15:00,33.4,42,0.0,835
1,26/02/22,15:30,34.6,42,0.0,828
1,26/02/22,16:00,32.6,47,0.0,198
1,26/02/22,16:30,32.9,48,0.0,253
1,26/02/22,17:00,32.3,49,0.0,165
1,26/02/22,17:30,32.3,47,0.0,179
1,26/02/22,18:00,32.0,47,0.0,123
1,26/02/22,18:30,31.2,53,0.0,71
1,26/02/22,19:00,29.7,62,0.0,20
1,26/02/22,19:30,28.7,64,0.0,1
1,26/02/22,20:00,28.0,66,0.0,0
1,26/02/22,20:30,27.3,68,0.0,0
1,26/02/22,21:00,26.8,70,0.0,0
1,26/02/22,21:30,26.2,74,0.0,0
1,26/02/22,22:00,25.4,78,0.0,0
1,26/02/22,22:30,25.2,81,0.0,0
1,26/02/22,23:00,25.3,81,0.0,0
1,26/02/22,23:30,25.1,83,0.0,0
1,27/02/22,00:00,24.5,84,0.0,0
1,27/02/22,0:30,24.2,84,0.0,0
1,27/02/22,1:00,23.8,85,0.0,0
1,27/02/22,1:30,23.6,86,0.0,0
1,27/02/22,2:00,23.3,88,0.0,0
1,27/02/22,2:30,23.2,88,0.0,0
1,27/02/22,3:00,22.7,90,0.0,0
1,27/02/22,3:30,22.7,90,0.0,0
1,27/02/22,4:00,22.3,93,0.0,0
1,27/02/22,4:30,22.2,94,0.0,0
1,27/02/22,5:00,22.1,95,0.0,0
1,27/02/22,5:30,22.3,94,0.0,0
1,27/02/22,6:00,22.4,92,0.0,0
1,27/02/22,6:30,22.0,95,0.0,3
1,27/02/22,7:00,22.1,96,0.0,28
1,27/02/22,7:30,22.4,95,0.0,38
1,27/02/22,8:00,23.6,88,0.0,95
1,27/02/22,8:30,24.4,84,0.0,141
1,27/02/22,9:00,24.6,86,0.0,132
1,27/02/22,9:30,25.3,83,0.0,226
1,27/02/22,10:00,25.5,82,0.0,156
1,27/02/22,10:30,25.8,81,0.0,137
1,27/02/22,11:00,26.1,80,0.0,115
1,27/02/22,11:30,25.2,84,0.0,148
1,27/02/22,12:00,23.9,89,0.0,65
1,27/02/22,12:30,22.9,92,0.4,40
1,27/02/22,13:00,22.8,93,0.6,61
1,27/02/22,13:30,23.1,93,0.2,76
1,27/02/22,14:00,22.8,95,2.8,40
1,27/02/22,14:30,23.1,94,0.2,207
1,27/02/22,15:00,22.4,94,0.0,84
1,27/02/22,15:30,22.3,94,0.0,81
1,27/02/22,16:00,21.4,96,10.6,4
1,27/02/22,16:30,21.3,96,13.8,4
1,27/02/22,17:00,21.6,96,1.6,42
1,27/02/22,17:30,21.8,95,0.0,72
1,27/02/22,18:00,22.1,95,0.0,93
1,27/02/22,18:30,22.3,94,0.0,63
1,27/02/22,19:00,22.1,95,0.0,32
1,27/02/22,19:30,21.7,96,0.0,5
1,27/02/22,20:00,21.7,96,0.0,0
1,27/02/22,20:30,21.4,96,0.0,0
1,27/02/22,21:00,21.5,97,0.0,0
1,27/02/22,21:30,22.0,95,0.0,0
1,27/02/22,22:00,22.0,95,1.4,0
1,27/02/22,22:30,21.5,96,19.4,0
1,27/02/22,23:00,21.3,96,0.0,0
1,27/02/22,23:30,21.6,97,0.4,0
1,28/02/22,00:00,22.0,97,1.0,0
1,28/02/22,0:30,21.9,96,2.2,0
1,28/02/22,1:00,21.9,97,2.0,0
1,28/02/22,1:30,22.2,97,1.4,0
1,28/02/22,2:00,21.9,97,1.4,0
1,28/02/22,2:30,21.8,97,1.0,0
1,28/02/22,3:00,21.4,95,1.6,0
1,28/02/22,3:30,21.2,95,2.4,0
1,28/02/22,4:00,20.6,95,3.6,0
1,28/02/22,4:30,20.1,96,3.6,0
1,28/02/22,5:00,19.9,97,1.2,0
1,28/02/22,5:30,19.9,96,1.6,0
1,28/02/22,6:00,20.1,96,0.6,0
1,28/02/22,6:30,20.1,95,0.2,0
1,28/02/22,7:00,20.0,95,0.0,4
1,28/02/22,7:30,19.9,95,0.2,18
1,28/02/22,8:00,20.0,94,0.0,23
1,28/02/22,8:30,20.0,93,0.0,25
1,28/02/22,9:00,19.8,95,0.6,30
1,28/02/22,9:30,19.9,96,0.4,52
1,28/02/22,10:00,20.1,96,0.2,46
1,28/02/22,10:30,20.2,96,0.4,52
1,28/02/22,11:00,20.6,96,0.2,58
1,28/02/22,11:30,20.7,96,0.4,62
1,28/02/22,12:00,20.9,94,0.4,57
1,28/02/22,12:30,21.3,91,0.2,70
1,28/02/22,13:00,21.1,95,0.2,76
1,28/02/22,13:30,20.7,96,0.4,66
1,28/02/22,14:00,20.6,96,0.6,72
1,28/02/22,14:30,20.7,97,0.4,71
1,28/02/22,15:00,20.7,97,0.2,91
1,28/02/22,15:30,20.8,97,0.2,111
1,28/02/22,16:00,20.8,96,0.0,145
1,28/02/22,16:30,20.8,96,0.0,162
1,28/02/22,17:00,20.8,96,0.0,166
1,28/02/22,17:30,21.1,95,0.0,130
1,28/02/22,18:00,21.1,95,0.0,56
1,28/02/22,18:30,21.2,95,0.0,51
1,28/02/22,19:00,21.1,96,0.0,26
1,28/02/22,19:30,20.8,96,0.0,2
1,28/02/22,20:00,20.6,97,0.0,0
1,28/02/22,20:30,20.8,97,0.0,0
1,28/02/22,21:00,20.7,97,0.0,0
1,28/02/22,21:30,20.8,97,0.0,0
1,28/02/22,22:00,20.7,98,0.0,0
1,28/02/22,22:30,20.7,98,0.0,0
1,28/02/22,23:00,20.6,98,0.0,0
1,28/02/22,23:30,20.7,98,0.0,0
1,01/03/22,00:00,20.6,98,0.0,0
1,01/03/22,0:30,20.4,98,0.0,0
1,01/03/22,1:00,20.3,98,0.0,0
1,01/03/22,1:30,20.1,97,0.0,0
1,01/03/22,2:00,20.1,95,0.0,0
1,01/03/22,2:30,19.7,95,0.0,0
1,01/03/22,3:00,19.6,96,0.0,0
1,01/03/22,3:30,18.9,96,0.0,0
1,01/03/22,4:00,18.8,92,0.0,0
1,01/03/22,4:30,17.9,91,0.0,0
1,01/03/22,5:00,17.5,93,0.0,0
1,01/03/22,5:30,17.3,93,0.0,0
1,01/03/22,6:00,17.1,93,0.0,0
1,01/03/22,6:30,16.9,92,0.0,1
1,01/03/22,7:00,16.6,93,0.0,17
1,01/03/22,7:30,16.8,91,0.0,114
1,01/03/22,8:00,17.3,89,0.0,253
1,01/03/22,8:30,17.8,84,0.0,379
1,01/03/22,9:00,18.7,84,0.0,499
1,01/03/22,9:30,19.3,80,0.0,613
1,01/03/22,10:00,20.1,77,0.0,716
1,01/03/22,10:30,20.9,75,0.0,802
1,01/03/22,11:00,21.3,76,0.0,874
1,01/03/22,11:30,22.3,72,0.0,938
1,01/03/22,12:00,22.6,71,0.0,998
1,01/03/22,12:30,23.2,67,0.0,1018
1,01/03/22,13:00,23.9,66,0.0,1013
1,01/03/22,13:30,23.9,65,0.0,710
1,01/03/22,14:00,25.2,63,0.0,1057
1,01/03/22,14:30,25.9,61,0.0,1056
1,01/03/22,15:00,25.9,61,0.0,927
1,01/03/22,15:30,25.7,60,0.0,730
1,01/03/22,16:00,25.9,63,0.0,615
1,01/03/22,16:30,26.3,59,0.0,596
1,01/03/22,17:00,25.6,62,0.0,205
1,01/03/22,17:30,25.5,64,0.0,331
1,01/03/22,18:00,24.9,64,0.0,198
1,01/03/22,18:30,23.9,65,0.0,85
1,01/03/22,19:00,22.7,70,0.0,25
1,01/03/22,19:30,21.4,78,0.0,1
1,01/03/22,20:00,20.8,79,0.0,0
1,01/03/22,20:30,20.3,81,0.0,0
1,01/03/22,21:00,19.7,83,0.0,0
1,01/03/22,21:30,18.9,84,0.0,0
1,01/03/22,22:00,18.5,85,0.0,0
1,01/03/22,22:30,18.4,85,0.0,0
1,01/03/22,23:00,17.8,87,0.0,0
1,01/03/22,23:30,17.6,89,0.0,0
1,02/03/22,00:00,17.4,90,0.0,0
1,02/03/22,0:30,17.8,87,0.0,0
1,02/03/22,1:00,17.4,90,0.0,0
1,02/03/22,1:30,17.3,90,0.0,0
1,02/03/22,2:00,17.1,91,0.0,0
1,02/03/22,2:30,16.9,91,0.0,0
1,02/03/22,3:00,16.7,92,0.0,0
1,02/03/22,3:30,16.7,92,0.0,0
1,02/03/22,4:00,16.4,93,0.0,0
1,02/03/22,4:30,16.4,93,0.0,0
1,02/03/22,5:00,16.4,93,0.0,0
1,02/03/22,5:30,16.3,94,0.0,0
1,02/03/22,6:00,16.3,94,0.0,0
1,02/03/22,6:30,16.1,94,0.0,1
1,02/03/22,7:00,16.3,95,0.0,37
1,02/03/22,7:30,17.5,93,0.0,132
1,02/03/22,8:00,18.9,90,0.0,263
1,02/03/22,8:30,20.2,88,0.0,386
1,02/03/22,9:00,21.6,86,0.0,502
1,02/03/22,9:30,22.6,84,0.0,610
1,02/03/22,10:00,23.6,81,0.0,709
1,02/03/22,10:30,24.7,74,0.0,799
1,02/03/22,11:00,25.5,67,0.0,874
1,02/03/22,11:30,26.1,67,0.0,933
1,02/03/22,12:00,26.8,65,0.0,981
1,02/03/22,12:30,27.3,62,0.0,996
1,02/03/22,13:00,27.3,64,0.0,1009
1,02/03/22,13:30,27.8,56,0.0,991
1,02/03/22,14:00,27.9,56,0.0,946
1,02/03/22,14:30,28.7,55,0.0,902
1,02/03/22,15:00,28.5,55,0.0,833
1,02/03/22,15:30,28.9,54,0.0,752
1,02/03/22,16:00,28.9,49,0.0,666
1,02/03/22,16:30,29.0,46,0.0,565
1,02/03/22,17:00,29.0,47,0.0,455
1,02/03/22,17:30,28.8,49,0.0,338
1,02/03/22,18:00,28.4,49,0.0,213
1,02/03/22,18:30,27.9,52,0.0,87
1,02/03/22,19:00,27.0,54,0.0,17
1,02/03/22,19:30,25.4,57,0.0,1
1,02/03/22,20:00,24.4,57,0.0,0
1,02/03/22,20:30,24.2,55,0.0,0
1,02/03/22,21:00,23.7,54,0.0,0
1,02/03/22,21:30,23.6,52,0.0,0
1,02/03/22,22:00,23.8,51,0.0,0
1,02/03/22,22:30,24.2,49,0.0,0
1,02/03/22,23:00,24.4,48,0.0,0
1,02/03/22,23:30,23.8,60,0.0,0
1,03/03/22,00:00,23.3,54,0.0,0
1,03/03/22,0:30,23.3,52,0.0,0
1,03/03/22,1:00,23.3,50,0.0,0
1,03/03/22,1:30,22.8,53,0.0,0
1,03/03/22,2:00,22.5,53,0.0,0
1,03/03/22,2:30,22.4,55,0.0,0
1,03/03/22,3:00,21.4,58,0.0,0
1,03/03/22,3:30,21.3,59,0.0,0
1,03/03/22,4:00,18.4,74,0.0,0
1,03/03/22,4:30,18.0,78,0.0,0
1,03/03/22,5:00,19.6,69,0.0,0
1,03/03/22,5:30,19.5,74,0.0,0
1,03/03/22,6:00,19.1,78,0.0,0
1,03/03/22,6:30,18.4,83,0.0,1
1,03/03/22,7:00,18.6,85,0.0,28
1,03/03/22,7:30,19.3,85,0.0,125
1,03/03/22,8:00,20.3,85,0.0,254
1,03/03/22,8:30,21.2,82,0.0,373
1,03/03/22,9:00,22.1,81,0.0,489
1,03/03/22,9:30,22.8,80,0.0,598
1,03/03/22,10:00,23.5,79,0.0,692
1,03/03/22,10:30,24.2,76,0.0,777
1,03/03/22,11:00,24.8,71,0.0,849
1,03/03/22,11:30,25.3,67,0.0,904
1,03/03/22,12:00,26.2,66,0.0,943
1,03/03/22,12:30,27.1,65,0.0,964
1,03/03/22,13:00,27.3,62,0.0,967
1,03/03/22,13:30,27.8,59,0.0,958
1,03/03/22,14:00,27.9,58,0.0,855
1,03/03/22,14:30,28.7,63,0.0,895
1,03/03/22,15:00,28.2,64,0.0,446
1,03/03/22,15:30,28.4,62,0.0,609
1,03/03/22,16:00,28.1,63,0.0,449
1,03/03/22,16:30,28.3,61,0.0,539
1,03/03/22,17:00,27.3,64,0.0,271
1,03/03/22,17:30,27.5,64,0.0,308
1,03/03/22,18:00,27.2,64,0.0,197
1,03/03/22,18:30,26.4,66,0.0,82
1,03/03/22,19:00,25.2,71,0.0,18
1,03/03/22,19:30,23.9,76,0.0,1
1,03/03/22,20:00,23.2,81,0.0,0
1,03/03/22,20:30,22.6,82,0.0,0
1,03/03/22,21:00,21.9,84,0.0,0
1,03/03/22,21:30,21.5,87,0.0,0
1,03/03/22,22:00,21.2,90,0.0,0
1,03/03/22,22:30,20.8,91,0.0,0
1,03/03/22,23:00,20.6,93,0.0,0
1,03/03/22,23:30,20.6,93,0.0,0
1,04/03/22,00:00,20.3,94,0.0,0
1,04/03/22,0:30,20.2,95,0.0,0
1,04/03/22,1:00,20.0,95,0.0,0
1,04/03/22,1:30,20.2,96,0.0,0
1,04/03/22,2:00,20.6,95,0.0,0
1,04/03/22,2:30,20.6,95,0.0,0
1,04/03/22,3:00,20.3,96,0.0,0
1,04/03/22,3:30,20.0,96,0.0,0
1,04/03/22,4:00,19.9,97,0.0,0
1,04/03/22,4:30,19.9,97,0.0,0
1,04/03/22,5:00,19.6,97,0.0,0
1,04/03/22,5:30,19.6,97,0.0,0
1,04/03/22,6:00,19.5,97,0.0,0
1,04/03/22,6:30,19.1,98,0.0,1
1,04/03/22,7:00,18.9,98,0.0,30
1,04/03/22,7:30,21.0,90,0.0,169
1,04/03/22,8:00,22.8,80,0.0,263
1,04/03/22,8:30,23.5,77,0.0,370
1,04/03/22,9:00,24.9,67,0.0,484
1,04/03/22,9:30,25.9,64,0.0,587
1,04/03/22,10:00,26.8,60,0.0,696
1,04/03/22,10:30,27.6,59,0.0,782
1,04/03/22,11:00,28.7,58,0.0,869
1,04/03/22,11:30,28.8,63,0.0,917
1,04/03/22,12:00,29.3,60,0.0,932
1,04/03/22,12:30,29.3,55,0.0,634
1,04/03/22,13:00,29.1,60,0.0,451
1,04/03/22,13:30,29.3,60,0.0,511
1,04/03/22,14:00,29.3,58,0.0,481
1,04/03/22,14:30,29.8,59,0.0,492
1,04/03/22,15:00,30.2,64,0.0,619
1,04/03/22,15:30,29.9,63,0.0,705
1,04/03/22,16:00,29.9,60,0.0,494
1,04/03/22,16:30,30.2,57,0.0,462
1,04/03/22,17:00,29.6,61,0.0,264
1,04/03/22,17:30,28.5,58,0.0,142
1,04/03/22,18:00,28.1,56,0.0,109
1,04/03/22,18:30,27.4,58,0.0,70
1,04/03/22,19:00,26.7,65,0.0,22
1,04/03/22,19:30,25.6,75,0.0,0
1,04/03/22,20:00,25.4,80,0.0,0
1,04/03/22,20:30,24.7,84,0.0,0
1,04/03/22,21:00,24.3,82,0.0,0
1,04/03/22,21:30,24.2,81,0.0,0
1,04/03/22,22:00,23.4,81,0.0,0
1,04/03/22,22:30,22.8,81,0.0,0
1,04/03/22,23:00,22.3,83,0.0,0
1,04/03/22,23:30,22.3,80,0.0,0
1,05/03/22,00:00,22.1,81,0.0,0
1,05/03/22,0:30,21.6,83,0.0,0
1,05/03/22,1:00,20.9,88,0.0,0
1,05/03/22,1:30,21.2,90,0.0,0
1,05/03/22,2:00,21.3,90,0.0,0
1,05/03/22,2:30,21.6,89,0.0,0
1,05/03/22,3:00,21.8,90,0.0,0
1,05/03/22,3:30,21.9,90,0.0,0
1,05/03/22,4:00,21.7,91,0.0,0
1,05/03/22,4:30,21.3,92,0.0,0
1,05/03/22,5:00,21.3,93,0.0,0
1,05/03/22,5:30,21.1,93,0.0,0
1,05/03/22,6:00,21.0,94,0.0,0
1,05/03/22,6:30,20.6,95,0.0,0
1,05/03/22,7:00,23.3,84,0.0,26
1,05/03/22,7:30,23.4,84,0.0,114
1,05/03/22,8:00,23.2,87,0.0,237
1,05/03/22,8:30,23.1,89,0.0,348
1,05/03/22,9:00,24.5,85,0.0,466
1,05/03/22,9:30,25.9,81,0.0,554
1,05/03/22,10:00,27.7,78,0.0,661
1,05/03/22,10:30,28.8,75,0.0,741
1,05/03/22,11:00,29.8,71,0.0,782
1,05/03/22,11:30,30.6,68,0.0,877
1,05/03/22,12:00,31.4,66,0.0,920
1,05/03/22,12:30,31.8,62,0.0,866
1,05/03/22,13:00,32.7,58,0.0,863
1,05/03/22,13:30,32.3,59,0.0,900
1,05/03/22,14:00,31.5,64,0.0,469
1,05/03/22,14:30,32.5,62,0.0,922
1,05/03/22,15:00,28.3,63,0.0,342
1,05/03/22,15:30,27.4,70,0.0,148
1,05/03/22,16:00,23.2,87,8.2,50
1,05/03/22,16:30,22.7,89,10.2,66
1,05/03/22,17:00,23.1,90,0.0,141
1,05/03/22,17:30,23.4,85,0.0,89
1,05/03/22,18:00,23.6,87,0.0,69
1,05/03/22,18:30,23.2,88,0.0,30
1,05/03/22,19:00,22.9,89,0.0,5
1,05/03/22,19:30,22.7,89,0.0,0
1,05/03/22,20:00,22.7,89,0.0,0
1,05/03/22,20:30,23.4,87,0.0,0
1,05/03/22,21:00,23.0,89,0.0,0
1,05/03/22,21:30,21.9,93,0.0,0
1,05/03/22,22:00,21.9,93,0.0,0
1,05/03/22,22:30,22.1,92,0.0,0
1,05/03/22,23:00,21.8,93,0.0,0
1,05/03/22,23:30,22.1,92,0.0,0
1,06/03/22,00:00,22.2,92,0.0,0
1,06/03/22,0:30,21.9,93,0.0,0
1,06/03/22,1:00,21.8,94,0.0,0
1,06/03/22,1:30,21.8,94,0.0,0
1,06/03/22,2:00,21.8,94,0.0,0
1,06/03/22,2:30,22.1,93,0.0,0
1,06/03/22,3:00,21.9,92,0.0,0
1,06/03/22,3:30,21.5,93,0.0,0
1,06/03/22,4:00,21.3,94,0.0,0
1,06/03/22,4:30,21.3,95,0.0,0
1,06/03/22,5:00,21.3,95,0.0,0
1,06/03/22,5:30,21.3,95,0.0,0
1,06/03/22,6:00,21.0,95,0.0,0
1,06/03/22,6:30,21.1,95,0.0,0
1,06/03/22,7:00,21.6,94,0.0,1
1,06/03/22,7:30,21.6,93,0.0,21
1,06/03/22,8:00,22.1,93,0.0,103
1,06/03/22,8:30,22.3,93,0.0,140
1,06/03/22,9:00,22.8,92,0.0,210
1,06/03/22,9:30,23.2,93,0.0,148
1,06/03/22,10:00,23.4,91,0.0,239
1,06/03/22,10:30,23.9,89,0.0,394
1,06/03/22,11:00,24.8,86,0.0,657
1,06/03/22,11:30,25.1,84,0.0,528
1,06/03/22,12:00,25.2,84,0.0,330
1,06/03/22,12:30,25.4,84,0.0,309
1,06/03/22,13:00,24.6,86,0.0,210
1,06/03/22,13:30,24.1,89,0.0,170
1,06/03/22,14:00,24.1,89,0.0,223
1,06/03/22,14:30,23.5,91,0.0,151
1,06/03/22,15:00,23.7,91,0.0,210
1,06/03/22,15:30,23.9,90,0.0,131
1,06/03/22,16:00,24.2,87,0.0,199
1,06/03/22,16:30,23.9,87,0.0,144
1,06/03/22,17:00,23.9,86,0.0,109
1,06/03/22,17:30,23.7,85,0.0,35
1,06/03/22,18:00,23.2,90,0.2,33
1,06/03/22,18:30,23.1,92,0.0,29
1,06/03/22,19:00,22.9,94,0.0,9
1,06/03/22,19:30,22.6,95,0.0,0
1,06/03/22,20:00,22.3,95,0.0,0
1,06/03/22,20:30,22.3,95,0.0,0
1,06/03/22,21:00,22.2,95,0.0,0
1,06/03/22,21:30,22.1,95,0.0,0
1,06/03/22,22:00,22.2,95,0.0,0
1,06/03/22,22:30,22.3,95,0.2,0
1,06/03/22,23:00,22.2,96,0.0,0
1,06/03/22,23:30,22.3,96,0.0,0
1,07/03/22,00:00,22.2,96,0.0,0
1,07/03/22,0:30,22.2,96,0.0,0
1,07/03/22,1:00,22.1,96,0.0,0
1,07/03/22,1:30,21.9,96,0.0,0
1,07/03/22,2:00,21.8,96,0.0,0
1,07/03/22,2:30,21.6,96,0.0,0
1,07/03/22,3:00,21.4,96,0.0,0
1,07/03/22,3:30,21.3,96,0.0,0
1,07/03/22,4:00,21.2,96,0.0,0
1,07/03/22,4:30,21.1,96,0.0,0
1,07/03/22,5:00,21.0,97,0.0,0
1,07/03/22,5:30,20.9,97,0.0,0
1,07/03/22,6:00,20.9,97,0.0,0
1,07/03/22,6:30,20.9,97,0.0,0
1,07/03/22,7:00,21.1,96,0.0,15
1,07/03/22,7:30,21.5,95,0.0,143
1,07/03/22,8:00,22.3,93,0.0,260
1,07/03/22,8:30,24.0,85,0.0,363
1,07/03/22,9:00,24.6,84,0.0,438
1,07/03/22,9:30,24.2,87,0.0,221
1,07/03/22,10:00,24.8,85,0.0,242
1,07/03/22,10:30,24.9,86,0.0,144
1,07/03/22,11:00,26.1,83,0.0,257
1,07/03/22,11:30,26.9,81,0.0,236
1,07/03/22,12:00,28.7,77,0.0,487
1,07/03/22,12:30,28.6,77,0.0,336
1,07/03/22,13:00,20.4,95,8.6,40
1,07/03/22,13:30,20.3,96,10.2,26
1,07/03/22,14:00,20.5,97,2.0,111
1,07/03/22,14:30,21.1,97,0.6,250
1,07/03/22,15:00,20.8,96,0.6,221
1,07/03/22,15:30,20.8,95,0.2,148
1,07/03/22,16:00,21.1,92,0.0,172
1,07/03/22,16:30,20.9,92,0.0,66
1,07/03/22,17:00,20.8,93,0.2,51
1,07/03/22,17:30,20.4,91,0.0,47
1,07/03/22,18:00,20.4,90,0.0,33
1,07/03/22,18:30,20.2,91,0.0,17
1,07/03/22,19:00,20.1,91,0.0,4
1,07/03/22,19:30,20.0,90,0.0,0
1,07/03/22,20:00,20.0,90,0.0,0
1,07/03/22,20:30,19.7,91,0.0,0
1,07/03/22,21:00,19.2,93,0.0,0
1,07/03/22,21:30,18.9,94,0.0,0
1,07/03/22,22:00,18.7,95,0.0,0
1,07/03/22,22:30,18.5,95,0.0,0
1,07/03/22,23:00,18.4,96,0.0,0
1,07/03/22,23:30,18.3,96,0.0,0
1,08/03/22,00:00,18.5,97,0.0,0
1,08/03/22,0:30,18.6,97,0.0,0
1,08/03/22,1:00,18.4,97,0.0,0
1,08/03/22,1:30,18.4,97,0.0,0
1,08/03/22,2:00,18.2,97,0.0,0
1,08/03/22,2:30,17.9,97,0.0,0
1,08/03/22,3:00,17.8,97,0.0,0
1,08/03/22,3:30,17.6,97,0.0,0
1,08/03/22,4:00,17.5,98,0.0,0
1,08/03/22,4:30,17.4,97,0.0,0
1,08/03/22,5:00,17.2,97,0.0,0
1,08/03/22,5:30,16.9,97,0.0,0
1,08/03/22,6:00,16.0,97,0.0,0
1,08/03/22,6:30,16.2,98,0.0,1
1,08/03/22,7:00,16.7,98,0.0,25
1,08/03/22,7:30,16.6,97,0.0,90
1,08/03/22,8:00,17.3,97,0.0,210
1,08/03/22,8:30,17.6,97,0.0,196
1,08/03/22,9:00,18.5,98,0.0,289
1,08/03/22,9:30,20.4,80,0.0,570
1,08/03/22,10:00,21.1,74,0.0,556
1,08/03/22,10:30,21.9,68,0.0,765
1,08/03/22,11:00,22.6,66,0.0,841
1,08/03/22,11:30,22.8,63,0.0,687
1,08/03/22,12:00,23.5,57,0.0,847
1,08/03/22,12:30,24.2,56,0.0,999
1,08/03/22,13:00,24.8,55,0.0,998
1,08/03/22,13:30,25.4,53,0.0,992
1,08/03/22,14:00,25.8,50,0.0,906
1,08/03/22,14:30,26.0,50,0.0,865
1,08/03/22,15:00,26.5,55,0.0,868
1,08/03/22,15:30,26.4,48,0.0,709
1,08/03/22,16:00,26.7,54,0.0,501
1,08/03/22,16:30,25.6,57,0.0,409
1,08/03/22,17:00,25.7,54,0.0,430
1,08/03/22,17:30,24.9,55,0.0,218
1,08/03/22,18:00,23.8,59,0.0,115
1,08/03/22,18:30,23.1,64,0.0,52
1,08/03/22,19:00,21.9,67,0.0,14
1,08/03/22,19:30,21.3,67,0.0,1
1,08/03/22,20:00,20.7,73,0.0,0
1,08/03/22,20:30,20.3,76,0.0,0
1,08/03/22,21:00,19.9,73,0.0,0
1,08/03/22,21:30,19.6,69,0.0,0
1,08/03/22,22:00,19.5,76,0.0,0
1,08/03/22,22:30,19.4,81,0.0,0
1,08/03/22,23:00,19.0,85,0.0,0
1,08/03/22,23:30,18.7,87,0.0,0
1,09/03/22,00:00,18.4,88,0.0,0
1,09/03/22,0:30,18.4,90,0.0,0
1,09/03/22,1:00,18.4,91,0.0,0
1,09/03/22,1:30,18.3,92,0.0,0
1,09/03/22,2:00,18.2,93,0.0,0
1,09/03/22,2:30,18.3,93,0.0,0
1,09/03/22,3:00,18.3,92,0.0,0
1,09/03/22,3:30,17.8,94,0.0,0
1,09/03/22,4:00,18.1,94,0.0,0
1,09/03/22,4:30,18.2,94,0.0,0
1,09/03/22,5:00,17.9,95,0.0,0
1,09/03/22,5:30,18.2,94,0.0,0
1,09/03/22,6:00,17.9,95,0.0,0
1,09/03/22,6:30,17.9,95,0.0,0
1,09/03/22,7:00,18.4,94,0.0,10
1,09/03/22,7:30,18.7,93,0.0,40
1,09/03/22,8:00,19.1,93,0.0,106
1,09/03/22,8:30,19.6,92,0.0,159
1,09/03/22,9:00,20.6,90,0.0,264
1,09/03/22,9:30,21.5,88,0.0,357
1,09/03/22,10:00,22.3,87,0.0,368
1,09/03/22,10:30,22.2,86,0.0,287
1,09/03/22,11:00,22.4,86,0.0,224
1,09/03/22,11:30,23.1,85,0.0,370
1,09/03/22,12:00,23.1,85,0.0,273
1,09/03/22,12:30,24.0,84,0.0,410
1,09/03/22,13:00,24.1,83,0.0,506
1,09/03/22,13:30,24.4,83,0.0,373
1,09/03/22,14:00,24.3,84,0.0,367
1,09/03/22,14:30,24.4,82,0.0,427
1,09/03/22,15:00,24.8,82,0.0,469
1,09/03/22,15:30,24.9,83,0.0,330
1,09/03/22,16:00,25.2,81,0.0,296
1,09/03/22,16:30,25.1,82,0.0,250
1,09/03/22,17:00,25.0,82,0.0,361
1,09/03/22,17:30,24.3,84,0.0,74
1,09/03/22,18:00,24.2,85,0.0,95
1,09/03/22,18:30,23.3,88,0.0,30
1,09/03/22,19:00,22.8,89,0.0,9
1,09/03/22,19:30,22.4,91,0.0,0
1,09/03/22,20:00,22.2,92,0.0,0
1,09/03/22,20:30,22.1,93,0.0,0
1,09/03/22,21:00,22.1,93,0.0,0
1,09/03/22,21:30,22.2,93,0.0,0
1,09/03/22,22:00,22.2,93,0.0,0
1,09/03/22,22:30,22.1,93,0.0,0
1,09/03/22,23:00,22.2,92,0.0,0
1,09/03/22,23:30,22.2,93,0.0,0
1,10/03/22,00:00,22.2,93,0.0,0
1,10/03/22,0:30,22.0,93,0.0,0
1,10/03/22,1:00,21.4,96,8.0,0
1,10/03/22,1:30,20.3,96,17.2,0
1,10/03/22,2:00,19.4,95,8.4,0
1,10/03/22,2:30,19.4,96,4.8,0
1,10/03/22,3:00,18.9,97,2.2,0
1,10/03/22,3:30,18.7,97,3.0,0
1,10/03/22,4:00,18.6,97,1.0,0
1,10/03/22,4:30,19.0,96,0.2,0
1,10/03/22,5:00,19.0,94,0.2,0
1,10/03/22,5:30,18.8,95,0.0,0
1,10/03/22,6:00,18.7,96,0.2,0
1,10/03/22,6:30,18.2,97,0.0,0
1,10/03/22,7:00,18.3,97,0.0,11
1,10/03/22,7:30,18.7,97,0.0,82
1,10/03/22,8:00,18.9,96,0.0,77
1,10/03/22,8:30,19.4,96,0.0,116
1,10/03/22,9:00,19.5,95,0.0,183
1,10/03/22,9:30,19.8,96,0.0,202
1,10/03/22,10:00,20.3,92,0.0,325
1,10/03/22,10:30,21.0,88,0.0,376
1,10/03/22,11:00,22.6,84,0.0,934
1,10/03/22,11:30,23.1,83,0.0,753
1,10/03/22,12:00,23.8,79,0.0,499
1,10/03/22,12:30,23.9,80,0.0,482
1,10/03/22,13:00,24.0,79,0.0,382
1,10/03/22,13:30,23.8,82,0.0,381
1,10/03/22,14:00,24.0,80,0.0,390
1,10/03/22,14:30,23.8,84,0.0,292
1,10/03/22,15:00,24.3,84,0.0,419
1,10/03/22,15:30,23.9,83,0.0,326
1,10/03/22,16:00,23.4,84,0.0,197
1,10/03/22,16:30,23.2,85,0.0,137
1,10/03/22,17:00,22.9,87,0.0,103
1,10/03/22,17:30,21.8,86,0.0,51
1,10/03/22,18:00,21.5,88,0.0,36
1,10/03/22,18:30,21.3,90,0.0,23
1,10/03/22,19:00,21.0,91,0.0,5
1,10/03/22,19:30,20.8,89,0.0,0
1,10/03/22,20:00,20.6,89,0.0,0
1,10/03/22,20:30,19.7,87,0.0,0
1,10/03/22,21:00,19.6,90,0.0,0
1,10/03/22,21:30,19.6,90,0.0,0
1,10/03/22,22:00,19.4,91,0.0,0
1,10/03/22,22:30,19.4,91,0.0,0
1,10/03/22,23:00,19.1,90,0.0,0
1,10/03/22,23:30,19.0,91,0.0,0
1,11/03/22,00:00,18.8,93,0.0,0
1,11/03/22,0:30,18.7,93,0.0,0
1,11/03/22,1:00,18.7,93,0.0,0
1,11/03/22,1:30,18.7,93,0.0,0
1,11/03/22,2:00,18.6,94,0.0,0
1,11/03/22,2:30,18.3,95,0.0,0
1,11/03/22,3:00,18.1,95,0.0,0
1,11/03/22,3:30,18.1,94,0.0,0
1,11/03/22,4:00,17.6,95,0.0,0
1,11/03/22,4:30,17.2,95,0.0,0
1,11/03/22,5:00,16.9,95,0.0,0
1,11/03/22,5:30,16.7,94,0.0,0
1,11/03/22,6:00,16.4,95,0.0,0
1,11/03/22,6:30,16.3,95,0.0,0
1,11/03/22,7:00,16.2,94,0.0,13
1,11/03/22,7:30,16.3,94,0.0,51
1,11/03/22,8:00,16.2,94,0.0,63
1,11/03/22,8:30,16.6,92,0.0,87
1,11/03/22,9:00,16.8,90,0.0,102
1,11/03/22,9:30,17.7,88,0.0,227
1,11/03/22,10:00,18.1,86,0.0,482
1,11/03/22,10:30,18.9,84,0.0,350
1,11/03/22,11:00,19.4,80,0.0,534
1,11/03/22,11:30,19.9,74,0.0,805
1,11/03/22,12:00,20.6,75,0.0,528
1,11/03/22,12:30,20.4,71,0.0,435
1,11/03/22,13:00,20.9,71,0.0,538
1,11/03/22,13:30,21.3,64,0.0,508
1,11/03/22,14:00,22.1,53,0.0,789
1,11/03/22,14:30,22.3,56,0.0,871
1,11/03/22,15:00,21.6,53,0.0,638
1,11/03/22,15:30,21.7,54,0.0,526
1,11/03/22,16:00,21.1,59,0.0,507
1,11/03/22,16:30,21.1,53,0.0,540
1,11/03/22,17:00,20.9,54,0.0,421
1,11/03/22,17:30,20.9,56,0.0,295
1,11/03/22,18:00,20.3,55,0.0,170
1,11/03/22,18:30,19.4,64,0.0,50
1,11/03/22,19:00,17.9,70,0.0,10
1,11/03/22,19:30,17.0,76,0.0,0
1,11/03/22,20:00,16.7,76,0.0,0
1,11/03/22,20:30,16.1,78,0.0,0
1,11/03/22,21:00,16.0,78,0.0,0
1,11/03/22,21:30,15.7,78,0.0,0
1,11/03/22,22:00,15.7,79,0.0,0
1,11/03/22,22:30,15.7,79,0.0,0
1,11/03/22,23:00,15.1,82,0.0,0
1,11/03/22,23:30,14.9,85,0.0,0
1,12/03/22,00:00,14.8,85,0.0,0
1,12/03/22,0:30,14.6,85,0.0,0
1,12/03/22,1:00,14.3,84,0.0,0
1,12/03/22,1:30,14.4,86,0.0,0
1,12/03/22,2:00,14.6,81,0.0,0
1,12/03/22,2:30,14.0,84,0.0,0
1,12/03/22,3:00,14.1,83,0.0,0
1,12/03/22,3:30,13.8,84,0.0,0
1,12/03/22,4:00,13.4,85,0.0,0
1,12/03/22,4:30,13.1,85,0.0,0
1,12/03/22,5:00,13.4,83,0.0,0
1,12/03/22,5:30,13.7,84,0.0,0
1,12/03/22,6:00,12.8,87,0.0,0
1,12/03/22,6:30,13.0,87,0.0,0
1,12/03/22,7:00,11.9,89,0.0,18
1,12/03/22,7:30,12.8,91,0.0,109
1,12/03/22,8:00,15.6,88,0.0,240
1,12/03/22,8:30,16.1,87,0.0,368
1,12/03/22,9:00,16.7,84,0.0,487
1,12/03/22,9:30,17.3,79,0.0,598
1,12/03/22,10:00,18.0,74,0.0,704
1,12/03/22,10:30,18.4,64,0.0,798
1,12/03/22,11:00,19.2,66,0.0,882
1,12/03/22,11:30,19.5,62,0.0,990
1,12/03/22,12:00,20.3,57,0.0,1060
1,12/03/22,12:30,20.2,58,0.0,1025
1,12/03/22,13:00,20.2,59,0.0,830
1,12/03/22,13:30,21.1,54,0.0,971
1,12/03/22,14:00,20.8,55,0.0,612
1,12/03/22,14:30,21.5,55,0.0,611
1,12/03/22,15:00,20.7,54,0.0,447
1,12/03/22,15:30,21.5,54,0.0,702
1,12/03/22,16:00,20.9,56,0.0,466
1,12/03/22,16:30,21.3,55,0.0,428
1,12/03/22,17:00,20.7,57,0.0,158
1,12/03/22,17:30,20.7,59,0.0,167
1,12/03/22,18:00,20.4,59,0.0,183
1,12/03/22,18:30,19.2,65,0.0,52
1,12/03/22,19:00,17.7,71,0.0,9
1,12/03/22,19:30,17.3,72,0.0,0
1,12/03/22,20:00,16.4,77,0.0,0
1,12/03/22,20:30,15.8,84,0.0,0
1,12/03/22,21:00,15.7,86,0.0,0
1,12/03/22,21:30,15.3,86,0.0,0
1,12/03/22,22:00,15.1,88,0.0,0
1,12/03/22,22:30,14.9,88,0.0,0
1,12/03/22,23:00,14.8,88,0.0,0
1,12/03/22,23:30,14.6,88,0.0,0
1,13/03/22,00:00,14.3,89,0.0,0
1,13/03/22,0:30,14.4,89,0.0,0
1,13/03/22,1:00,14.3,89,0.0,0
1,13/03/22,1:30,13.9,90,0.0,0
1,13/03/22,2:00,13.7,90,0.0,0
1,13/03/22,2:30,13.6,90,0.0,0
1,13/03/22,3:00,13.3,90,0.0,0
1,13/03/22,3:30,13.4,90,0.0,0
1,13/03/22,4:00,13.4,89,0.0,0
1,13/03/22,4:30,13.7,87,0.0,0
1,13/03/22,5:00,14.1,85,0.0,0
1,13/03/22,5:30,14.2,85,0.0,0
1,13/03/22,6:00,13.9,85,0.0,0
1,13/03/22,6:30,13.9,84,0.0,0
1,13/03/22,7:00,13.6,85,0.0,15
1,13/03/22,7:30,14.3,84,0.0,77
1,13/03/22,8:00,14.7,83,0.0,87
1,13/03/22,8:30,15.9,78,0.0,150
1,13/03/22,9:00,17.3,75,0.0,262
1,13/03/22,9:30,17.8,72,0.0,252
1,13/03/22,10:00,18.4,71,0.0,340
1,13/03/22,10:30,19.2,73,0.0,420
1,13/03/22,11:00,20.0,73,0.0,679
1,13/03/22,11:30,20.0,74,0.0,634
1,13/03/22,12:00,20.1,67,0.0,591
1,13/03/22,12:30,20.0,69,0.0,325
1,13/03/22,13:00,19.9,72,0.0,233
1,13/03/22,13:30,19.7,71,0.0,324
1,13/03/22,14:00,19.9,72,0.0,283
1,13/03/22,14:30,20.4,65,0.0,499
1,13/03/22,15:00,19.9,74,0.0,454
1,13/03/22,15:30,19.6,78,0.0,462
1,13/03/22,16:00,19.4,74,0.0,380
1,13/03/22,16:30,19.5,76,0.0,309
1,13/03/22,17:00,19.2,77,0.0,258
1,13/03/22,17:30,18.9,79,0.0,100
1,13/03/22,18:00,18.7,79,0.0,62
1,13/03/22,18:30,18.3,83,0.0,22
1,13/03/22,19:00,18.1,84,0.0,4
1,13/03/22,19:30,17.1,90,0.0,0
1,13/03/22,20:00,16.6,90,0.0,0
1,13/03/22,20:30,16.6,90,0.0,0
1,13/03/22,21:00,16.7,88,0.0,0
1,13/03/22,21:30,16.5,89,0.0,0
1,13/03/22,22:00,16.7,88,0.0,0
1,13/03/22,22:30,16.7,88,0.0,0
1,13/03/22,23:00,16.5,90,0.0,0
1,13/03/22,23:30,16.2,91,0.0,0
1,14/03/22,00:00,15.9,92,0.0,0
1,14/03/22,0:30,16.1,92,0.0,0
1,14/03/22,1:00,16.1,92,0.0,0
1,14/03/22,1:30,15.9,92,0.0,0
1,14/03/22,2:00,16.4,92,0.0,0
1,14/03/22,2:30,16.1,92,0.0,0
1,14/03/22,3:00,16.3,94,0.0,0
1,14/03/22,3:30,16.6,93,0.0,0
1,14/03/22,4:00,16.4,93,0.0,0
1,14/03/22,4:30,16.4,93,0.0,0
1,14/03/22,5:00,16.1,94,0.0,0
1,14/03/22,5:30,15.9,95,0.0,0
1,14/03/22,6:00,16.1,96,0.2,0
1,14/03/22,6:30,16.1,96,0.0,0
1,14/03/22,7:00,16.5,95,0.0,6
1,14/03/22,7:30,16.8,95,0.0,39
1,14/03/22,8:00,16.9,95,0.0,59
1,14/03/22,8:30,17.2,95,0.0,101
1,14/03/22,9:00,17.5,93,0.2,145
1,14/03/22,9:30,17.3,93,0.0,165
1,14/03/22,10:00,17.4,95,0.6,184
1,14/03/22,10:30,17.7,93,0.0,193
1,14/03/22,11:00,17.3,93,0.0,197
1,14/03/22,11:30,18.2,91,0.0,403
1,14/03/22,12:00,19.2,87,0.0,542
1,14/03/22,12:30,19.9,84,0.0,624
1,14/03/22,13:00,20.3,81,0.0,512
1,14/03/22,13:30,20.5,79,0.0,314
1,14/03/22,14:00,20.8,81,0.0,285
1,14/03/22,14:30,21.0,79,0.0,321
1,14/03/22,15:00,21.2,78,0.0,284
1,14/03/22,15:30,21.6,76,0.0,316
1,14/03/22,16:00,21.5,76,0.0,259
1,14/03/22,16:30,21.8,76,0.0,268
1,14/03/22,17:00,21.6,77,0.0,301
1,14/03/22,17:30,21.2,79,0.0,117
1,14/03/22,18:00,20.8,80,0.0,53
1,14/03/22,18:30,20.5,81,0.0,31
1,14/03/22,19:00,19.9,83,0.0,7
1,14/03/22,19:30,19.6,83,0.0,0
1,14/03/22,20:00,19.4,84,0.0,0
1,14/03/22,20:30,19.1,86,0.0,0
1,14/03/22,21:00,18.9,88,0.0,0
1,14/03/22,21:30,18.7,89,0.0,0
1,14/03/22,22:00,18.2,90,0.0,0
1,14/03/22,22:30,17.8,91,0.0,0
1,14/03/22,23:00,17.9,92,0.0,0
1,14/03/22,23:30,17.7,93,0.0,0
1,15/03/22,00:00,17.5,93,0.0,0
1,15/03/22,0:30,17.2,94,0.0,0
1,15/03/22,1:00,17.2,95,0.0,0
1,15/03/22,1:30,17.1,95,0.0,0
1,15/03/22,2:00,16.9,95,0.0,0
1,15/03/22,2:30,16.6,95,0.0,0
1,15/03/22,3:00,16.3,95,0.0,0
1,15/03/22,3:30,16.1,96,0.0,0
1,15/03/22,4:00,16.3,96,0.0,0
1,15/03/22,4:30,16.4,96,0.0,0
1,15/03/22,5:00,16.6,96,0.0,0
1,15/03/22,5:30,16.4,96,0.0,0
1,15/03/22,6:00,16.3,95,0.0,0
1,15/03/22,6:30,16.6,95,0.0,0
1,15/03/22,7:00,16.7,94,0.0,12
1,15/03/22,7:30,16.0,95,0.0,42
1,15/03/22,8:00,17.1,95,0.0,202
1,15/03/22,8:30,18.7,93,0.0,340
1,15/03/22,9:00,19.7,92,0.0,454
1,15/03/22,9:30,21.6,72,0.0,562
1,15/03/22,10:00,22.3,67,0.0,663
1,15/03/22,10:30,22.5,64,0.0,765
1,15/03/22,11:00,22.7,65,0.0,464
1,15/03/22,11:30,23.2,63,0.0,774
1,15/03/22,12:00,23.4,62,0.0,933
1,15/03/22,12:30,23.6,61,0.0,905
1,15/03/22,13:00,23.5,63,0.0,333
1,15/03/22,13:30,24.1,61,0.0,516
1,15/03/22,14:00,24.3,63,0.0,452
1,15/03/22,14:30,24.4,60,0.0,407
1,15/03/22,15:00,24.9,61,0.0,538
1,15/03/22,15:30,25.2,58,0.0,429
1,15/03/22,16:00,25.3,58,0.0,702
1,15/03/22,16:30,25.6,60,0.0,538
1,15/03/22,17:00,24.2,62,0.0,236
1,15/03/22,17:30,24.8,62,0.0,226
1,15/03/22,18:00,24.0,64,0.0,85
1,15/03/22,18:30,23.3,68,0.0,41
1,15/03/22,19:00,21.9,73,0.0,7
1,15/03/22,19:30,20.6,77,0.0,0
1,15/03/22,20:00,20.3,77,0.0,0
1,15/03/22,20:30,19.6,80,0.0,0
1,15/03/22,21:00,19.4,83,0.0,0
1,15/03/22,21:30,19.3,84,0.0,0
1,15/03/22,22:00,18.7,85,0.0,0
1,15/03/22,22:30,18.4,86,0.0,0
1,15/03/22,23:00,17.6,87,0.0,0
1,15/03/22,23:30,17.6,87,0.0,0
1,16/03/22,00:00,17.6,87,0.0,0
1,16/03/22,0:30,17.5,87,0.0,0
1,16/03/22,1:00,17.4,88,0.0,0
1,16/03/22,1:30,17.9,88,0.0,0
1,16/03/22,2:00,17.7,88,0.0,0
1,16/03/22,2:30,17.9,89,0.0,0
1,16/03/22,3:00,18.1,90,0.0,0
1,16/03/22,3:30,17.9,91,0.0,0
1,16/03/22,4:00,18.3,91,0.0,0
1,16/03/22,4:30,18.7,92,0.0,0
1,16/03/22,5:00,18.5,93,0.0,0
1,16/03/22,5:30,18.9,93,0.0,0
1,16/03/22,6:00,19.4,92,0.0,0
1,16/03/22,6:30,19.4,92,0.0,0
1,16/03/22,7:00,19.2,92,0.0,13
1,16/03/22,7:30,19.5,92,0.0,88
1,16/03/22,8:00,20.4,89,0.0,207
1,16/03/22,8:30,20.5,89,0.0,323
1,16/03/22,9:00,21.3,87,0.0,447
1,16/03/22,9:30,22.4,83,0.0,545
1,16/03/22,10:00,23.3,81,0.0,623
1,16/03/22,10:30,24.2,79,0.0,736
1,16/03/22,11:00,24.5,78,0.0,829
1,16/03/22,11:30,25.2,74,0.0,848
1,16/03/22,12:00,26.1,74,0.0,896
1,16/03/22,12:30,25.7,75,0.0,916
1,16/03/22,13:00,25.7,74,0.0,677
1,16/03/22,13:30,26.4,71,0.0,939
1,16/03/22,14:00,26.9,70,0.0,893
1,16/03/22,14:30,26.9,67,0.0,803
1,16/03/22,15:00,27.1,66,0.0,727
1,16/03/22,15:30,27.6,64,0.0,678
1,16/03/22,16:00,27.7,65,0.0,567
1,16/03/22,16:30,27.7,66,0.0,516
1,16/03/22,17:00,27.4,68,0.0,379
1,16/03/22,17:30,27.2,66,0.0,256
1,16/03/22,18:00,26.6,70,0.0,136
1,16/03/22,18:30,25.4,74,0.0,39
1,16/03/22,19:00,24.6,77,0.0,6
1,16/03/22,19:30,23.4,82,0.0,0
1,16/03/22,20:00,23.1,84,0.0,0
1,16/03/22,20:30,22.5,86,0.0,0
1,16/03/22,21:00,21.7,89,0.0,0
1,16/03/22,21:30,20.9,90,0.0,0
1,16/03/22,22:00,20.7,91,0.0,0
1,16/03/22,22:30,20.3,91,0.0,0
1,16/03/22,23:00,20.2,87,0.0,0
1,16/03/22,23:30,20.0,85,0.0,0
1,17/03/22,00:00,19.5,86,0.0,0
1,17/03/22,0:30,19.6,86,0.0,0
1,17/03/22,1:00,18.9,89,0.0,0
1,17/03/22,1:30,18.9,89,0.0,0
1,17/03/22,2:00,18.3,90,0.0,0
1,17/03/22,2:30,18.1,89,0.0,0
1,17/03/22,3:00,17.8,88,0.0,0
1,17/03/22,3:30,17.3,90,0.0,0
1,17/03/22,4:00,16.8,91,0.0,0
1,17/03/22,4:30,16.7,92,0.0,0
1,17/03/22,5:00,16.8,92,0.0,0
1,17/03/22,5:30,17.2,91,0.0,0
1,17/03/22,6:00,17.3,89,0.0,0
1,17/03/22,6:30,16.8,91,0.0,0
1,17/03/22,7:00,17.2,88,0.0,12
1,17/03/22,7:30,18.6,85,0.0,94
1,17/03/22,8:00,19.3,82,0.0,202
1,17/03/22,8:30,20.4,80,0.0,334
1,17/03/22,9:00,21.1,78,0.0,443
1,17/03/22,9:30,21.9,75,0.0,556
1,17/03/22,10:00,22.8,74,0.0,656
1,17/03/22,10:30,24.2,66,0.0,736
1,17/03/22,11:00,24.4,65,0.0,769
1,17/03/22,11:30,24.3,66,0.0,573
1,17/03/22,12:00,24.6,69,0.0,526
1,17/03/22,12:30,25.1,64,0.0,632
1,17/03/22,13:00,25.7,62,0.0,1027
1,17/03/22,13:30,26.3,61,0.0,1019
1,17/03/22,14:00,27.0,61,0.0,911
1,17/03/22,14:30,27.2,62,0.0,756
1,17/03/22,15:00,27.7,64,0.0,745
1,17/03/22,15:30,28.1,61,0.0,621
1,17/03/22,16:00,28.3,63,0.0,498
1,17/03/22,16:30,28.8,61,0.0,505
1,17/03/22,17:00,28.8,60,0.0,393
1,17/03/22,17:30,28.1,59,0.0,236
1,17/03/22,18:00,27.2,64,0.0,111
1,17/03/22,18:30,26.4,64,0.0,47
1,17/03/22,19:00,25.9,67,0.0,7
1,17/03/22,19:30,25.2,71,0.0,0
1,17/03/22,20:00,24.3,73,0.0,0
1,17/03/22,20:30,23.9,73,0.0,0
1,17/03/22,21:00,23.3,75,0.0,0
1,17/03/22,21:30,22.8,77,0.0,0
1,17/03/22,22:00,22.2,82,0.0,0
1,17/03/22,22:30,22.4,84,0.0,0
1,17/03/22,23:00,22.0,86,0.0,0
1,17/03/22,23:30,21.6,89,0.0,0
1,18/03/22,00:00,21.9,87,0.0,0
1,18/03/22,0:30,21.6,86,0.0,0
1,18/03/22,1:00,21.2,85,0.0,0
1,18/03/22,1:30,20.8,86,0.0,0
1,18/03/22,2:00,20.7,89,0.0,0
1,18/03/22,2:30,20.3,91,0.0,0
1,18/03/22,3:00,20.2,92,0.0,0
1,18/03/22,3:30,20.1,93,0.0,0
1,18/03/22,4:00,19.9,93,0.0,0
1,18/03/22,4:30,19.7,94,0.0,0
1,18/03/22,5:00,19.8,95,0.0,0
1,18/03/22,5:30,19.8,95,0.0,0
1,18/03/22,6:00,19.8,96,0.0,0
1,18/03/22,6:30,19.8,95,0.0,0
1,18/03/22,7:00,19.8,95,0.0,8
1,18/03/22,7:30,19.8,96,0.0,30
1,18/03/22,8:00,20.2,96,0.0,107
1,18/03/22,8:30,20.6,94,0.0,126
1,18/03/22,9:00,21.1,92,0.0,156
1,18/03/22,9:30,22.4,86,0.0,373
1,18/03/22,10:00,23.3,85,0.0,391
1,18/03/22,10:30,25.1,80,0.0,539
1,18/03/22,11:00,26.9,71,0.0,761
1,18/03/22,11:30,27.9,70,0.0,820
1,18/03/22,12:00,29.2,61,0.0,842
1,18/03/22,12:30,29.4,61,0.0,658
1,18/03/22,13:00,29.9,60,0.0,573
1,18/03/22,13:30,29.6,64,0.0,430
1,18/03/22,14:00,29.3,63,0.0,438
1,18/03/22,14:30,30.3,60,0.0,881
1,18/03/22,15:00,29.9,62,0.0,706
1,18/03/22,15:30,26.5,74,0.0,302
1,18/03/22,16:00,27.1,70,0.0,522
1,18/03/22,16:30,25.4,74,0.0,78
1,18/03/22,17:00,23.8,83,0.0,37
1,18/03/22,17:30,23.8,81,0.0,210
1,18/03/22,18:00,23.1,86,0.0,45
1,18/03/22,18:30,20.9,85,0.0,17
1,18/03/22,19:00,19.8,89,0.0,1
1,18/03/22,19:30,18.1,93,0.0,0
1,18/03/22,20:00,16.7,94,0.0,0
1,18/03/22,20:30,16.1,93,0.0,0
1,18/03/22,21:00,15.7,93,0.0,0
1,18/03/22,21:30,15.5,91,0.0,0
1,18/03/22,22:00,14.8,91,0.0,0
1,18/03/22,22:30,14.3,91,0.0,0
1,18/03/22,23:00,13.4,93,0.0,0
1,18/03/22,23:30,13.6,94,0.0,0
1,19/03/22,00:00,13.4,92,0.0,0
1,19/03/22,0:30,13.5,91,0.0,0
1,19/03/22,1:00,13.6,91,0.0,0
1,19/03/22,1:30,13.6,92,0.0,0
1,19/03/22,2:00,13.6,93,0.0,0
1,19/03/22,2:30,13.0,94,0.0,0
1,19/03/22,3:00,12.8,95,0.0,0
1,19/03/22,3:30,12.6,94,0.0,0
1,19/03/22,4:00,12.3,95,0.0,0
1,19/03/22,4:30,12.5,92,0.0,0
1,19/03/22,5:00,12.6,89,0.0,0
1,19/03/22,5:30,12.6,88,0.0,0
1,19/03/22,6:00,12.6,87,0.0,0
1,19/03/22,6:30,12.6,86,0.0,0
1,19/03/22,7:00,12.5,85,0.0,7
1,19/03/22,7:30,12.6,85,0.0,74
1,19/03/22,8:00,12.8,82,0.0,233
1,19/03/22,8:30,13.4,79,0.0,343
1,19/03/22,9:00,13.6,76,0.0,457
1,19/03/22,9:30,14.4,75,0.0,564
1,19/03/22,10:00,15.3,73,0.0,663
1,19/03/22,10:30,16.1,73,0.0,771
1,19/03/22,11:00,16.1,71,0.0,709
1,19/03/22,11:30,16.5,72,0.0,584
1,19/03/22,12:00,17.1,70,0.0,624
1,19/03/22,12:30,17.6,66,0.0,887
1,19/03/22,13:00,18.6,67,0.0,1032
1,19/03/22,13:30,19.0,64,0.0,790
1,19/03/22,14:00,19.2,62,0.0,773
1,19/03/22,14:30,18.7,61,0.0,542
1,19/03/22,15:00,18.4,60,0.0,547
1,19/03/22,15:30,18.7,60,0.0,677
1,19/03/22,16:00,18.3,60,0.0,451
1,19/03/22,16:30,18.0,61,0.0,329
1,19/03/22,17:00,17.9,65,0.0,286
1,19/03/22,17:30,17.4,69,0.0,120
1,19/03/22,18:00,17.2,70,0.0,125
1,19/03/22,18:30,16.6,72,0.0,62
1,19/03/22,19:00,14.9,80,0.0,6
1,19/03/22,19:30,14.7,81,0.0,0
1,19/03/22,20:00,14.2,82,0.0,0
1,19/03/22,20:30,13.8,82,0.0,0
1,19/03/22,21:00,13.3,82,0.0,0
1,19/03/22,21:30,12.9,81,0.0,0
1,19/03/22,22:00,12.6,81,0.0,0
1,19/03/22,22:30,12.3,80,0.0,0
1,19/03/22,23:00,12.1,80,0.0,0
1,19/03/22,23:30,11.9,80,0.0,0
1,20/03/22,00:00,11.8,80,0.0,0
1,20/03/22,0:30,11.6,81,0.0,0
1,20/03/22,1:00,11.4,81,0.0,0
1,20/03/22,1:30,11.4,81,0.0,0
1,20/03/22,2:00,11.2,81,0.0,0
1,20/03/22,2:30,11.0,82,0.0,0
1,20/03/22,3:00,10.7,83,0.0,0
1,20/03/22,3:30,10.7,83,0.0,0
1,20/03/22,4:00,10.8,84,0.0,0
1,20/03/22,4:30,10.8,85,0.0,0
1,20/03/22,5:00,10.6,85,0.0,0
1,20/03/22,5:30,10.5,86,0.0,0
1,20/03/22,6:00,10.5,87,0.0,0
1,20/03/22,6:30,10.5,87,0.0,0
1,20/03/22,7:00,10.6,87,0.0,9
1,20/03/22,7:30,11.7,85,0.0,82
1,20/03/22,8:00,13.1,80,0.0,209
1,20/03/22,8:30,14.3,78,0.0,330
1,20/03/22,9:00,14.8,73,0.0,445
1,20/03/22,9:30,15.5,73,0.0,553
1,20/03/22,10:00,15.7,71,0.0,651
1,20/03/22,10:30,16.4,70,0.0,735
1,20/03/22,11:00,17.0,64,0.0,806
1,20/03/22,11:30,17.2,64,0.0,863
1,20/03/22,12:00,17.7,60,0.0,898
1,20/03/22,12:30,18.1,59,0.0,920
1,20/03/22,13:00,18.6,58,0.0,930
1,20/03/22,13:30,18.7,56,0.0,897
1,20/03/22,14:00,19.1,53,0.0,887
1,20/03/22,14:30,18.9,54,0.0,857
1,20/03/22,15:00,18.6,53,0.0,763
1,20/03/22,15:30,18.9,55,0.0,613
1,20/03/22,16:00,18.4,55,0.0,512
1,20/03/22,16:30,18.7,55,0.0,492
1,20/03/22,17:00,18.1,55,0.0,365
1,20/03/22,17:30,17.7,50,0.0,246
1,20/03/22,18:00,16.8,51,0.0,122
1,20/03/22,18:30,15.4,48,0.0,29
1,20/03/22,19:00,13.9,56,0.0,4
1,20/03/22,19:30,13.0,60,0.0,0
1,20/03/22,20:00,12.7,65,0.0,0
1,20/03/22,20:30,12.9,74,0.0,0
1,20/03/22,21:00,12.7,79,0.0,0
1,20/03/22,21:30,12.4,81,0.0,0
1,20/03/22,22:00,11.8,83,0.0,0
1,20/03/22,22:30,11.3,87,0.0,0
1,20/03/22,23:00,10.9,89,0.0,0
1,20/03/22,23:30,11.0,89,0.0,0
1,21/03/22,00:00,11.1,91,0.0,0
1,21/03/22,0:30,11.3,90,0.0,0
1,21/03/22,1:00,11.3,91,0.0,0
1,21/03/22,1:30,11.4,91,0.0,0
1,21/03/22,2:00,11.8,91,0.0,0
1,21/03/22,2:30,12.2,90,0.0,0
1,21/03/22,3:00,11.9,90,0.0,0
1,21/03/22,3:30,12.2,90,0.0,0
1,21/03/22,4:00,12.3,89,0.0,0
1,21/03/22,4:30,12.5,88,0.0,0
1,21/03/22,5:00,12.6,88,0.0,0
1,21/03/22,5:30,12.9,86,0.0,0
1,21/03/22,6:00,13.1,85,0.0,0
1,21/03/22,6:30,13.4,82,0.0,0
1,21/03/22,7:00,13.3,83,0.0,9
1,21/03/22,7:30,14.1,80,0.0,74
1,21/03/22,8:00,15.2,78,0.0,200
1,21/03/22,8:30,16.3,75,0.0,322
1,21/03/22,9:00,17.3,72,0.0,435
1,21/03/22,9:30,18.2,69,0.0,544
1,21/03/22,10:00,19.0,69,0.0,639
1,21/03/22,10:30,19.7,66,0.0,730
1,21/03/22,11:00,20.2,65,0.0,787
1,21/03/22,11:30,20.6,64,0.0,855
1,21/03/22,12:00,21.0,64,0.0,904
1,21/03/22,12:30,21.4,64,0.0,925
1,21/03/22,13:00,22.1,64,0.0,1020
1,21/03/22,13:30,22.2,63,0.0,969
1,21/03/22,14:00,22.1,63,0.0,959
1,21/03/22,14:30,22.4,64,0.0,861
1,21/03/22,15:00,22.3,65,0.0,631
1,21/03/22,15:30,22.3,65,0.0,395
1,21/03/22,16:00,21.8,65,0.0,435
1,21/03/22,16:30,22.1,65,0.0,385
1,21/03/22,17:00,21.7,66,0.0,355
1,21/03/22,17:30,21.0,67,0.0,151
1,21/03/22,18:00,20.6,69,0.0,91
1,21/03/22,18:30,19.6,73,0.0,29
1,21/03/22,19:00,18.6,77,0.0,3
1,21/03/22,19:30,18.1,79,0.0,0
1,21/03/22,20:00,17.8,81,0.0,0
1,21/03/22,20:30,17.2,83,0.0,0
1,21/03/22,21:00,17.0,84,0.0,0
1,21/03/22,21:30,16.9,85,0.0,0
1,21/03/22,22:00,16.7,85,0.0,0
1,21/03/22,22:30,16.3,86,0.0,0
1,21/03/22,23:00,16.3,87,0.0,0
1,21/03/22,23:30,16.6,87,0.0,0
1,22/03/22,00:00,16.6,87,0.0,0
1,22/03/22,0:30,16.7,88,0.0,0
1,22/03/22,1:00,16.4,89,0.0,0
1,22/03/22,1:30,16.4,89,0.0,0
1,22/03/22,2:00,16.3,90,0.0,0
1,22/03/22,2:30,16.2,90,0.0,0
1,22/03/22,3:00,16.1,91,0.0,0
1,22/03/22,3:30,16.4,91,0.0,0
1,22/03/22,4:00,16.4,90,0.0,0
1,22/03/22,4:30,16.4,89,0.0,0
1,22/03/22,5:00,16.3,90,0.0,0
1,22/03/22,5:30,16.3,89,0.0,0
1,22/03/22,6:00,16.3,89,0.0,0
1,22/03/22,6:30,16.3,89,0.0,0
1,22/03/22,7:00,16.4,88,0.0,8
1,22/03/22,7:30,16.9,87,0.0,74
1,22/03/22,8:00,17.6,85,0.0,196
1,22/03/22,8:30,18.6,82,0.0,304
1,22/03/22,9:00,19.6,79,0.0,376
1,22/03/22,9:30,20.3,78,0.0,495
1,22/03/22,10:00,20.6,75,0.0,614
1,22/03/22,10:30,21.4,74,0.0,685
1,22/03/22,11:00,22.1,74,0.0,772
1,22/03/22,11:30,22.4,73,0.0,786
1,22/03/22,12:00,22.5,72,0.0,681
1,22/03/22,12:30,22.6,73,0.0,360
1,22/03/22,13:00,23.4,72,0.0,587
1,22/03/22,13:30,23.8,71,0.0,567
1,22/03/22,14:00,24.0,70,0.0,468
1,22/03/22,14:30,24.2,70,0.0,390
1,22/03/22,15:00,24.2,70,0.0,352
1,22/03/22,15:30,24.2,69,0.0,304
1,22/03/22,16:00,24.0,70,0.0,224
1,22/03/22,16:30,23.6,71,0.0,156
1,22/03/22,17:00,23.3,72,0.0,112
1,22/03/22,17:30,22.8,75,0.0,54
1,22/03/22,18:00,22.4,76,0.0,25
1,22/03/22,18:30,22.1,78,0.0,9
1,22/03/22,19:00,21.6,81,0.0,0
1,22/03/22,19:30,21.6,80,0.0,0
1,22/03/22,20:00,20.8,84,0.0,0
1,22/03/22,20:30,20.2,87,0.0,0
1,22/03/22,21:00,20.2,87,0.0,0
1,22/03/22,21:30,20.2,87,0.0,0
1,22/03/22,22:00,19.6,90,0.2,0
1,22/03/22,22:30,19.6,90,0.2,0
1,22/03/22,23:00,19.4,91,0.2,0
1,22/03/22,23:30,19.4,91,0.0,0
1,23/03/22,00:00,19.6,91,0.0,0
1,23/03/22,0:30,19.6,91,0.0,0
1,23/03/22,1:00,19.4,91,0.0,0
1,23/03/22,1:30,19.4,91,0.0,0
1,23/03/22,2:00,19.8,90,0.0,0
1,23/03/22,2:30,19.7,90,0.0,0
1,23/03/22,3:00,19.4,93,0.0,0
1,23/03/22,3:30,19.9,90,0.0,0
1,23/03/22,4:00,19.8,91,0.0,0
1,23/03/22,4:30,19.8,90,0.0,0
1,23/03/22,5:00,19.6,92,0.0,0
1,23/03/22,5:30,19.1,94,0.4,0
1,23/03/22,6:00,18.8,95,2.2,0
1,23/03/22,6:30,19.1,94,0.2,0
1,23/03/22,7:00,19.3,94,0.0,1
1,23/03/22,7:30,19.3,94,0.0,23
1,23/03/22,8:00,19.5,94,0.0,59
1,23/03/22,8:30,19.8,94,0.0,167
1,23/03/22,9:00,19.7,95,0.0,150
1,23/03/22,9:30,20.1,94,0.0,244
1,23/03/22,10:00,20.2,94,0.0,237
1,23/03/22,10:30,20.8,93,0.0,300
1,23/03/22,11:00,21.3,92,0.0,279
1,23/03/22,11:30,22.0,90,0.0,341
1,23/03/22,12:00,22.3,88,0.0,376
1,23/03/22,12:30,22.8,87,0.0,383
1,23/03/22,13:00,23.3,85,0.0,382
1,23/03/22,13:30,23.2,85,0.0,394
1,23/03/22,14:00,23.7,84,0.0,317
1,23/03/22,14:30,24.0,82,0.0,325
1,23/03/22,15:00,24.4,81,0.0,269
1,23/03/22,15:30,24.2,83,0.0,294
1,23/03/22,16:00,24.0,82,0.0,242
1,23/03/22,16:30,23.3,84,0.0,195
1,23/03/22,17:00,22.8,85,0.0,70
1,23/03/22,17:30,22.4,86,0.0,85
1,23/03/22,18:00,22.1,87,0.0,44
1,23/03/22,18:30,21.9,88,0.0,19
1,23/03/22,19:00,21.6,89,0.0,0
1,23/03/22,19:30,21.4,90,0.0,0
1,23/03/22,20:00,21.3,91,0.0,0
1,23/03/22,20:30,20.8,93,0.0,0
1,23/03/22,21:00,20.8,93,0.0,0
1,23/03/22,21:30,20.7,93,0.0,0
1,23/03/22,22:00,20.4,94,0.0,0
1,23/03/22,22:30,20.3,95,0.0,0
1,23/03/22,23:00,20.2,95,0.0,0
1,23/03/22,23:30,20.2,95,0.0,0
1,24/03/22,00:00,20.1,95,0.0,0
1,24/03/22,0:30,19.9,95,0.0,0
1,24/03/22,1:00,19.7,96,0.0,0
1,24/03/22,1:30,19.7,96,0.0,0
1,24/03/22,2:00,19.9,96,0.0,0
1,24/03/22,2:30,19.9,96,0.0,0
1,24/03/22,3:00,19.9,95,0.0,0
1,24/03/22,3:30,19.8,95,0.0,0
1,24/03/22,4:00,19.6,95,0.0,0
1,24/03/22,4:30,19.5,95,0.0,0
1,24/03/22,5:00,19.6,95,0.0,0
1,24/03/22,5:30,19.4,95,0.0,0
1,24/03/22,6:00,19.3,96,0.0,0
1,24/03/22,6:30,19.2,96,0.0,0
1,24/03/22,7:00,19.2,97,0.0,1
1,24/03/22,7:30,19.3,97,0.0,3
1,24/03/22,8:00,19.4,97,0.0,37
1,24/03/22,8:30,19.3,97,0.0,71
1,24/03/22,9:00,20.1,97,0.0,245
1,24/03/22,9:30,20.6,93,0.0,224
1,24/03/22,10:00,21.6,88,0.0,296
1,24/03/22,10:30,21.8,87,0.0,274
1,24/03/22,11:00,22.9,81,0.0,530
1,24/03/22,11:30,23.6,78,0.0,652
1,24/03/22,12:00,24.3,76,0.0,689
1,24/03/22,12:30,24.8,75,0.0,730
1,24/03/22,13:00,24.9,74,0.0,533
1,24/03/22,13:30,24.7,75,0.0,520
1,24/03/22,14:00,25.1,76,0.0,516
1,24/03/22,14:30,24.4,74,0.0,530
1,24/03/22,15:00,24.7,71,0.0,513
1,24/03/22,15:30,24.3,71,0.0,638
1,24/03/22,16:00,24.9,68,0.0,549
1,24/03/22,16:30,24.4,67,0.0,499
1,24/03/22,17:00,23.5,71,0.0,187
1,24/03/22,17:30,22.9,72,0.0,130
1,24/03/22,18:00,22.7,74,0.0,102
1,24/03/22,18:30,21.1,78,0.0,22
1,24/03/22,19:00,19.6,83,0.0,2
1,24/03/22,19:30,19.6,83,0.0,0
1,24/03/22,20:00,18.7,87,0.0,0
1,24/03/22,20:30,18.2,88,0.0,0
1,24/03/22,21:00,17.8,89,0.0,0
1,24/03/22,21:30,17.4,89,0.0,0
1,24/03/22,22:00,17.3,88,0.0,0
1,24/03/22,22:30,16.7,84,0.0,0
1,24/03/22,23:00,15.4,84,0.0,0
1,24/03/22,23:30,15.2,78,0.0,0
1,25/03/22,00:00,14.7,78,0.0,0
1,25/03/22,0:30,13.8,78,0.0,0
1,25/03/22,1:00,13.1,80,0.0,0
1,25/03/22,1:30,13.1,80,0.0,0
1,25/03/22,2:00,12.5,81,0.0,0
1,25/03/22,2:30,12.1,82,0.0,0
1,25/03/22,3:00,11.6,83,0.0,0
1,25/03/22,3:30,11.4,84,0.0,0
1,25/03/22,4:00,11.8,83,0.0,0
1,25/03/22,4:30,11.8,82,0.0,0
1,25/03/22,5:00,11.7,82,0.0,0
1,25/03/22,5:30,12.1,79,0.0,0
1,25/03/22,6:00,12.2,78,0.0,0
1,25/03/22,6:30,11.4,81,0.0,0
1,25/03/22,7:00,11.4,82,0.0,6
1,25/03/22,7:30,11.8,82,0.0,70
1,25/03/22,8:00,12.4,81,0.0,198
1,25/03/22,8:30,13.3,79,0.0,326
1,25/03/22,9:00,14.2,76,0.0,444
1,25/03/22,9:30,14.6,74,0.0,482
1,25/03/22,10:00,14.6,74,0.0,247
1,25/03/22,10:30,14.7,75,0.0,256
1,25/03/22,11:00,15.0,74,0.0,346
1,25/03/22,11:30,15.3,73,0.0,331
1,25/03/22,12:00,17.0,68,0.0,606
1,25/03/22,12:30,17.1,66,0.0,859
1,25/03/22,13:00,16.7,67,0.0,361
1,25/03/22,13:30,17.7,65,0.0,476
1,25/03/22,14:00,17.9,65,0.0,448
1,25/03/22,14:30,17.8,68,0.0,372
1,25/03/22,15:00,17.4,67,0.0,329
1,25/03/22,15:30,17.7,69,0.0,320
1,25/03/22,16:00,18.1,68,0.0,470
1,25/03/22,16:30,18.1,67,0.0,360
1,25/03/22,17:00,18.0,66,0.0,267
1,25/03/22,17:30,17.3,69,0.0,115
1,25/03/22,18:00,17.1,71,0.0,89
1,25/03/22,18:30,16.6,73,0.0,30
1,25/03/22,19:00,15.9,76,0.0,2
1,25/03/22,19:30,15.9,77,0.0,0
1,25/03/22,20:00,15.8,78,0.0,0
1,25/03/22,20:30,16.1,77,0.0,0
1,25/03/22,21:00,16.0,77,0.0,0
1,25/03/22,21:30,15.9,78,0.0,0
1,25/03/22,22:00,15.9,79,0.0,0
1,25/03/22,22:30,15.9,80,0.0,0
1,25/03/22,23:00,15.7,81,0.0,0
1,25/03/22,23:30,15.6,82,0.0,0
1,26/03/22,00:00,15.3,84,0.0,0
1,26/03/22,0:30,15.1,85,0.0,0
1,26/03/22,1:00,15.0,87,0.0,0
1,26/03/22,1:30,14.6,90,0.0,0
1,26/03/22,2:00,14.1,93,0.0,0
1,26/03/22,2:30,13.9,95,0.0,0
1,26/03/22,3:00,14.0,95,0.0,0
1,26/03/22,3:30,14.2,95,0.0,0
1,26/03/22,4:00,14.3,94,0.0,0
1,26/03/22,4:30,14.2,95,0.0,0
1,26/03/22,5:00,14.3,94,0.0,0
1,26/03/22,5:30,14.2,95,0.0,0
1,26/03/22,6:00,14.2,96,0.0,0
1,26/03/22,6:30,14.3,96,0.0,0
1,26/03/22,7:00,14.4,95,0.0,0
1,26/03/22,7:30,14.6,95,0.0,7
1,26/03/22,8:00,14.8,94,0.0,33
1,26/03/22,8:30,15.2,93,0.0,95
1,26/03/22,9:00,15.3,92,0.0,96
1,26/03/22,9:30,15.1,94,0.0,79
1,26/03/22,10:00,15.1,96,0.0,97
1,26/03/22,10:30,15.6,97,0.2,151
1,26/03/22,11:00,16.0,96,0.0,250
1,26/03/22,11:30,16.6,93,0.0,251
1,26/03/22,12:00,17.0,88,0.0,177
1,26/03/22,12:30,17.7,81,0.0,289
1,26/03/22,13:00,17.8,80,0.0,169
1,26/03/22,13:30,17.8,81,0.0,146
1,26/03/22,14:00,18.6,79,0.0,301
1,26/03/22,14:30,19.8,77,0.0,372
1,26/03/22,15:00,19.7,75,0.0,372
1,26/03/22,15:30,19.8,73,0.0,235
1,26/03/22,16:00,19.5,75,0.0,158
1,26/03/22,16:30,19.7,75,0.0,146
1,26/03/22,17:00,19.7,75,0.0,115
1,26/03/22,17:30,19.8,75,0.0,115
1,26/03/22,18:00,19.4,77,0.0,47
1,26/03/22,18:30,19.1,79,0.0,15
1,26/03/22,19:00,18.2,82,0.0,0
1,26/03/22,19:30,17.6,84,0.0,0
1,26/03/22,20:00,17.4,85,0.0,0
1,26/03/22,20:30,17.6,85,0.0,0
1,26/03/22,21:00,17.8,85,0.0,0
1,26/03/22,21:30,17.7,86,0.0,0
1,26/03/22,22:00,17.4,87,0.0,0
1,26/03/22,22:30,17.2,88,0.0,0
1,26/03/22,23:00,17.0,89,0.0,0
1,26/03/22,23:30,16.7,90,0.0,0
1,27/03/22,00:00,16.4,92,0.0,0
1,27/03/22,0:30,15.9,93,0.0,0
1,27/03/22,1:00,15.6,93,0.0,0
1,27/03/22,1:30,15.4,94,0.0,0
1,27/03/22,2:00,15.5,95,0.0,0
1,27/03/22,2:30,15.6,95,0.0,0
1,27/03/22,3:00,15.4,95,0.0,0
1,27/03/22,3:30,15.3,95,0.0,0
1,27/03/22,4:00,15.1,95,0.0,0
1,27/03/22,4:30,14.9,95,0.0,0
1,27/03/22,5:00,14.7,96,0.0,0
1,27/03/22,5:30,14.6,96,0.0,0
1,27/03/22,6:00,14.5,96,0.0,0
1,27/03/22,6:30,14.7,96,0.0,0
1,27/03/22,7:00,14.6,96,0.0,7
1,27/03/22,7:30,14.9,96,0.0,84
1,27/03/22,8:00,15.6,96,0.0,211
1,27/03/22,8:30,16.3,95,0.0,185
1,27/03/22,9:00,17.7,92,0.0,392
1,27/03/22,9:30,19.1,84,0.0,530
1,27/03/22,10:00,20.3,77,0.0,685
1,27/03/22,10:30,20.7,75,0.0,579
1,27/03/22,11:00,20.7,74,0.0,518
1,27/03/22,11:30,22.1,72,0.0,606
1,27/03/22,12:00,22.3,69,0.0,792
1,27/03/22,12:30,22.7,66,0.0,980
1,27/03/22,13:00,23.4,65,0.0,911
1,27/03/22,13:30,23.6,62,0.0,755
1,27/03/22,14:00,24.3,60,0.0,895
1,27/03/22,14:30,23.6,60,0.0,495
1,27/03/22,15:00,24.1,61,0.0,853
1,27/03/22,15:30,23.9,63,0.0,547
1,27/03/22,16:00,24.7,58,0.0,528
1,27/03/22,16:30,24.1,57,0.0,343
1,27/03/22,17:00,23.1,64,0.0,230
1,27/03/22,17:30,22.9,64,0.0,110
1,27/03/22,18:00,23.2,63,0.0,76
1,27/03/22,18:30,22.0,65,0.0,17
1,27/03/22,19:00,21.1,67,0.0,1
1,27/03/22,19:30,20.6,69,0.0,0
1,27/03/22,20:00,20.4,69,0.0,0
1,27/03/22,20:30,20.4,69,0.0,0
1,27/03/22,21:00,20.1,74,0.0,0
1,27/03/22,21:30,19.8,72,0.0,0
1,27/03/22,22:00,19.5,73,0.0,0
1,27/03/22,22:30,19.1,75,0.0,0
1,27/03/22,23:00,19.6,73,0.0,0
1,27/03/22,23:30,19.3,75,0.0,0
1,28/03/22,00:00,18.7,74,0.0,0
1,28/03/22,0:30,18.1,75,0.0,0
1,28/03/22,1:00,18.1,75,0.0,0
1,28/03/22,1:30,17.6,75,0.0,0
1,28/03/22,2:00,17.5,75,0.0,0
1,28/03/22,2:30,17.3,76,0.0,0
1,28/03/22,3:00,17.2,76,0.0,0
1,28/03/22,3:30,17.7,73,0.0,0
1,28/03/22,4:00,17.7,72,0.0,0
1,28/03/22,4:30,17.3,74,0.0,0
1,28/03/22,5:00,17.1,74,0.0,0
1,28/03/22,5:30,16.9,77,0.0,0
1,28/03/22,6:00,16.7,77,0.0,0
1,28/03/22,6:30,16.6,77,0.0,0
1,28/03/22,7:00,16.9,78,0.0,7
1,28/03/22,7:30,18.2,74,0.0,62
1,28/03/22,8:00,19.8,72,0.0,186
1,28/03/22,8:30,21.2,74,0.0,309
1,28/03/22,9:00,20.4,80,0.0,421
1,28/03/22,9:30,20.7,80,0.0,526
1,28/03/22,10:00,22.2,63,0.0,625
1,28/03/22,10:30,22.9,60,0.0,712
1,28/03/22,11:00,23.3,59,0.0,778
1,28/03/22,11:30,23.7,53,0.0,829
1,28/03/22,12:00,24.4,54,0.0,859
1,28/03/22,12:30,24.8,50,0.0,883
1,28/03/22,13:00,25.3,46,0.0,888
1,28/03/22,13:30,25.6,42,0.0,871
1,28/03/22,14:00,25.9,45,0.0,836
1,28/03/22,14:30,26.2,44,0.0,783
1,28/03/22,15:00,26.3,44,0.0,715
1,28/03/22,15:30,26.5,45,0.0,632
1,28/03/22,16:00,26.4,46,0.0,537
1,28/03/22,16:30,26.6,50,0.0,434
1,28/03/22,17:00,26.4,46,0.0,324
1,28/03/22,17:30,26.0,50,0.0,203
1,28/03/22,18:00,24.9,50,0.0,82
1,28/03/22,18:30,23.8,55,0.0,16
1,28/03/22,19:00,22.8,57,0.0,1
1,28/03/22,19:30,22.1,56,0.0,0
1,28/03/22,20:00,20.3,65,0.0,0
1,28/03/22,20:30,19.8,73,0.0,0
1,28/03/22,21:00,19.5,76,0.0,0
1,28/03/22,21:30,18.8,79,0.0,0
1,28/03/22,22:00,18.0,81,0.0,0
1,28/03/22,22:30,17.1,85,0.0,0
1,28/03/22,23:00,17.5,82,0.0,0
1,28/03/22,23:30,18.1,79,0.0,0
1,29/03/22,00:00,17.8,80,0.0,0
1,29/03/22,0:30,17.4,85,0.0,0
1,29/03/22,1:00,17.2,86,0.0,0
1,29/03/22,1:30,16.4,88,0.0,0
1,29/03/22,2:00,16.7,88,0.0,0
1,29/03/22,2:30,16.6,89,0.0,0
1,29/03/22,3:00,16.4,90,0.0,0
1,29/03/22,3:30,16.6,90,0.0,0
1,29/03/22,4:00,16.6,88,0.0,0
1,29/03/22,4:30,16.7,87,0.0,0
1,29/03/22,5:00,16.3,87,0.0,0
1,29/03/22,5:30,15.9,88,0.0,0
1,29/03/22,6:00,15.6,90,0.0,0
1,29/03/22,6:30,15.3,90,0.0,0
1,29/03/22,7:00,15.3,90,0.0,6
1,29/03/22,7:30,15.9,88,0.0,55
1,29/03/22,8:00,17.0,86,0.0,182
1,29/03/22,8:30,18.0,82,0.0,302
1,29/03/22,9:00,19.2,78,0.0,413
1,29/03/22,9:30,19.8,78,0.0,519
1,29/03/22,10:00,21.1,75,0.0,612
1,29/03/22,10:30,22.4,73,0.0,690
1,29/03/22,11:00,23.4,71,0.0,751
1,29/03/22,11:30,24.8,70,0.0,799
1,29/03/22,12:00,26.4,65,0.0,830
1,29/03/22,12:30,27.2,64,0.0,845
1,29/03/22,13:00,28.7,62,0.0,786
1,29/03/22,13:30,28.1,64,0.0,446
1,29/03/22,14:00,29.3,62,0.0,333
1,29/03/22,14:30,29.8,61,0.0,778
1,29/03/22,15:00,30.2,60,0.0,687
1,29/03/22,15:30,29.9,60,0.0,568
1,29/03/22,16:00,29.5,63,0.0,316
1,29/03/22,16:30,29.5,63,0.0,289
1,29/03/22,17:00,29.2,64,0.0,258
1,29/03/22,17:30,28.5,67,0.0,160
1,29/03/22,18:00,28.0,69,0.0,75
1,29/03/22,18:30,27.0,72,0.0,16
1,29/03/22,19:00,26.4,74,0.0,0
1,29/03/22,19:30,25.9,76,0.0,0
1,29/03/22,20:00,25.4,79,0.0,0
1,29/03/22,20:30,24.3,83,0.0,0
1,29/03/22,21:00,23.7,80,0.0,0
1,29/03/22,21:30,23.9,77,0.0,0
1,29/03/22,22:00,23.6,80,0.0,0
1,29/03/22,22:30,23.5,82,0.0,0
1,29/03/22,23:00,20.3,84,2.8,0
1,29/03/22,23:30,19.3,91,13.2,0
1,30/03/22,00:00,19.2,93,1.8,0
1,30/03/22,0:30,18.6,94,0.4,0
1,30/03/22,1:00,18.3,94,0.0,0
1,30/03/22,1:30,18.2,95,0.0,0
1,30/03/22,2:00,17.8,95,0.0,0
1,30/03/22,2:30,17.7,96,0.0,0
1,30/03/22,3:00,17.8,95,0.0,0
1,30/03/22,3:30,17.8,96,0.0,0
1,30/03/22,4:00,17.8,96,0.0,0
1,30/03/22,4:30,16.6,94,0.0,0
1,30/03/22,5:00,15.5,93,0.0,0
1,30/03/22,5:30,15.2,92,0.0,0
1,30/03/22,6:00,14.7,91,0.0,0
1,30/03/22,6:30,14.3,92,0.0,0
1,30/03/22,7:00,14.1,92,0.0,1
1,30/03/22,7:30,13.6,89,0.0,12
1,30/03/22,8:00,12.8,82,0.0,42
1,30/03/22,8:30,12.4,85,0.0,103
1,30/03/22,9:00,12.4,84,0.0,169
1,30/03/22,9:30,12.9,82,0.0,335
1,30/03/22,10:00,13.4,74,0.0,467
1,30/03/22,10:30,13.3,70,0.0,364
1,30/03/22,11:00,14.4,70,0.0,705
1,30/03/22,11:30,15.4,65,0.0,811
1,30/03/22,12:00,15.3,61,0.0,479
1,30/03/22,12:30,14.8,59,0.0,577
1,30/03/22,13:00,13.5,56,0.0,447
1,30/03/22,13:30,13.5,60,0.0,540
1,30/03/22,14:00,13.8,62,0.0,399
1,30/03/22,14:30,14.7,57,0.0,552
1,30/03/22,15:00,15.5,50,0.0,568
1,30/03/22,15:30,15.4,47,0.0,494
1,30/03/22,16:00,15.5,45,0.0,446
1,30/03/22,16:30,15.7,49,0.0,320
1,30/03/22,17:00,15.3,50,0.0,273
1,30/03/22,17:30,14.7,51,0.0,209
1,30/03/22,18:00,13.9,52,0.0,101
1,30/03/22,18:30,12.8,59,0.0,28
1,30/03/22,19:00,12.0,64,0.0,2
1,30/03/22,19:30,11.5,67,0.0,0
1,30/03/22,20:00,10.7,71,0.0,0
1,30/03/22,20:30,10.2,72,0.0,0
1,30/03/22,21:00,9.7,74,0.0,0
1,30/03/22,21:30,9.1,76,0.0,0
1,30/03/22,22:00,8.3,79,0.0,0
1,30/03/22,22:30,8.1,80,0.0,0
1,30/03/22,23:00,7.9,80,0.0,0
1,30/03/22,23:30,7.7,81,0.0,0
1,31/03/22,00:00,6.7,85,0.0,0
1,31/03/22,0:30,6.7,85,0.0,0
1,31/03/22,1:00,6.8,84,0.0,0
1,31/03/22,1:30,6.1,86,0.0,0
1,31/03/22,2:00,6.5,84,0.0,0
1,31/03/22,2:30,6.3,84,0.0,0
1,31/03/22,3:00,5.7,86,0.0,0
1,31/03/22,3:30,6.1,84,0.0,0
1,31/03/22,4:00,5.9,85,0.0,0
1,31/03/22,4:30,5.8,86,0.0,0
1,31/03/22,5:00,5.8,85,0.0,0
1,31/03/22,5:30,5.3,87,0.0,0
1,31/03/22,6:00,5.3,86,0.0,0
1,31/03/22,6:30,4.6,88,0.0,0
1,31/03/22,7:00,4.5,90,0.0,5
1,31/03/22,7:30,5.4,89,0.0,61
1,31/03/22,8:00,6.2,87,0.0,187
1,31/03/22,8:30,7.2,88,0.0,311
1,31/03/22,9:00,8.4,87,0.0,427
1,31/03/22,9:30,9.9,84,0.0,534
1,31/03/22,10:00,10.8,79,0.0,630
1,31/03/22,10:30,11.9,77,0.0,714
1,31/03/22,11:00,12.8,74,0.0,783
1,31/03/22,11:30,13.4,71,0.0,835
1,31/03/22,12:00,14.1,68,0.0,868
1,31/03/22,12:30,14.9,60,0.0,886
1,31/03/22,13:00,15.2,60,0.0,886
1,31/03/22,13:30,16.2,61,0.0,866
1,31/03/22,14:00,16.3,56,0.0,829
1,31/03/22,14:30,16.8,52,0.0,776
1,31/03/22,15:00,16.9,51,0.0,708
1,31/03/22,15:30,17.2,57,0.0,626
1,31/03/22,16:00,16.8,50,0.0,533
1,31/03/22,16:30,16.6,50,0.0,382
1,31/03/22,17:00,16.9,52,0.0,346
1,31/03/22,17:30,15.6,57,0.0,93
1,31/03/22,18:00,14.7,61,0.0,40
1,31/03/22,18:30,14.1,65,0.0,12
1,31/03/22,19:00,12.7,69,0.0,0
1,31/03/22,19:30,12.3,70,0.0,0
1,31/03/22,20:00,11.8,71,0.0,0
1,31/03/22,20:30,11.8,70,0.0,0
1,31/03/22,21:00,11.8,70,0.0,0
1,31/03/22,21:30,11.2,73,0.0,0
1,31/03/22,22:00,10.9,75,0.0,0
1,31/03/22,22:30,11.2,74,0.0,0
1,31/03/22,23:00,10.8,80,0.0,0
1,31/03/22,23:30,10.6,85,0.0,0
1,01/04/22,00:00,10.6,87,0.0,0
1,01/04/22,0:30,11.3,88,0.0,0
1,01/04/22,1:00,11.0,89,0.0,0
1,01/04/22,1:30,10.6,90,0.0,0
1,01/04/22,2:00,10.4,91,0.0,0
1,01/04/22,2:30,10.4,92,0.0,0
1,01/04/22,3:00,10.6,92,0.0,0
1,01/04/22,3:30,9.8,92,0.0,0
1,01/04/22,4:00,9.9,92,0.0,0
1,01/04/22,4:30,10.2,92,0.0,0
1,01/04/22,5:00,10.1,93,0.0,0
1,01/04/22,5:30,9.3,93,0.0,0
1,01/04/22,6:00,9.8,94,0.0,0
1,01/04/22,6:30,8.4,93,0.0,0
1,01/04/22,7:00,8.6,94,0.0,4
1,01/04/22,7:30,8.6,95,0.0,54
1,01/04/22,8:00,9.3,95,0.0,126
1,01/04/22,8:30,11.1,95,0.0,285
1,01/04/22,9:00,12.4,91,0.0,411
1,01/04/22,9:30,13.5,84,0.0,516
1,01/04/22,10:00,14.2,80,0.0,612
1,01/04/22,10:30,15.4,74,0.0,756
1,01/04/22,11:00,15.4,73,0.0,769
1,01/04/22,11:30,16.3,70,0.0,829
1,01/04/22,12:00,16.3,67,0.0,811
1,01/04/22,12:30,16.6,63,0.0,540
1,01/04/22,13:00,17.2,64,0.0,558
1,01/04/22,13:30,16.9,62,0.0,511
1,01/04/22,14:00,17.2,63,0.0,296
1,01/04/22,14:30,18.3,59,0.0,677
1,01/04/22,15:00,17.7,58,0.0,595
1,01/04/22,15:30,18.2,58,0.0,324
1,01/04/22,16:00,17.5,61,0.0,341
1,01/04/22,16:30,17.7,59,0.0,188
1,01/04/22,17:00,18.1,60,0.0,311
1,01/04/22,17:30,17.4,61,0.0,154
1,01/04/22,18:00,16.7,63,0.0,63
1,01/04/22,18:30,15.4,67,0.0,12
1,01/04/22,19:00,14.1,70,0.0,0
1,01/04/22,19:30,13.6,69,0.0,0
1,01/04/22,20:00,13.4,69,0.0,0
1,01/04/22,20:30,13.1,77,0.0,0
1,01/04/22,21:00,12.8,81,0.0,0
1,01/04/22,21:30,12.6,82,0.0,0
1,01/04/22,22:00,12.2,84,0.0,0
1,01/04/22,22:30,12.1,84,0.0,0
1,01/04/22,23:00,11.8,85,0.0,0
1,01/04/22,23:30,11.6,86,0.0,0
1,02/04/22,00:00,10.8,88,0.0,0
1,02/04/22,0:30,10.5,90,0.0,0
1,02/04/22,1:00,10.2,91,0.0,0
1,02/04/22,1:30,10.8,90,0.0,0
1,02/04/22,2:00,10.8,90,0.0,0
1,02/04/22,2:30,11.2,89,0.0,0
1,02/04/22,3:00,10.8,89,0.0,0
1,02/04/22,3:30,10.9,89,0.0,0
1,02/04/22,4:00,10.8,89,0.0,0
1,02/04/22,4:30,10.9,89,0.0,0
1,02/04/22,5:00,11.4,88,0.0,0
1,02/04/22,5:30,11.3,87,0.0,0
1,02/04/22,6:00,11.4,87,0.0,0
1,02/04/22,6:30,11.5,88,0.0,0
1,02/04/22,7:00,11.6,87,0.0,4
1,02/04/22,7:30,11.9,87,0.0,48
1,02/04/22,8:00,13.1,84,0.0,175
1,02/04/22,8:30,14.3,82,0.0,301
1,02/04/22,9:00,15.1,77,0.0,413
1,02/04/22,9:30,15.9,73,0.0,515
1,02/04/22,10:00,17.3,67,0.0,609
1,02/04/22,10:30,18.1,68,0.0,691
1,02/04/22,11:00,19.0,69,0.0,759
1,02/04/22,11:30,20.1,65,0.0,818
1,02/04/22,12:00,20.1,67,0.0,853
1,02/04/22,12:30,20.7,65,0.0,861
1,02/04/22,13:00,21.3,63,0.0,900
1,02/04/22,13:30,21.4,62,0.0,491
1,02/04/22,14:00,21.4,64,0.0,527
1,02/04/22,14:30,21.8,63,0.0,762
1,02/04/22,15:00,21.9,61,0.0,669
1,02/04/22,15:30,22.6,58,0.0,569
1,02/04/22,16:00,21.7,65,0.0,574
1,02/04/22,16:30,22.1,64,0.0,453
1,02/04/22,17:00,21.9,62,0.0,298
1,02/04/22,17:30,21.6,64,0.0,172
1,02/04/22,18:00,20.7,69,0.0,62
1,02/04/22,18:30,19.6,73,0.0,11
1,02/04/22,19:00,18.7,76,0.0,0
1,02/04/22,19:30,18.1,79,0.0,0
1,02/04/22,20:00,17.6,82,0.0,0
1,02/04/22,20:30,16.9,85,0.0,0
1,02/04/22,21:00,16.4,87,0.0,0
1,02/04/22,21:30,16.3,88,0.0,0
1,02/04/22,22:00,15.9,89,0.0,0
1,02/04/22,22:30,15.8,90,0.0,0
1,02/04/22,23:00,15.7,91,0.0,0
1,02/04/22,23:30,16.2,91,0.0,0
1,03/04/22,00:00,16.4,90,0.0,0
1,03/04/22,0:30,16.6,90,0.0,0
1,03/04/22,1:00,16.1,92,0.0,0
1,03/04/22,1:30,16.1,92,0.0,0
1,03/04/22,2:00,16.1,93,0.0,0
1,03/04/22,2:30,16.2,93,0.0,0
1,03/04/22,3:00,16.2,93,0.0,0
1,03/04/22,3:30,16.1,93,0.0,0
1,03/04/22,4:00,16.1,93,0.0,0
1,03/04/22,4:30,16.4,93,0.0,0
1,03/04/22,5:00,16.7,91,0.0,0
1,03/04/22,5:30,16.2,94,0.4,0
1,03/04/22,6:00,16.1,95,1.8,0
1,03/04/22,6:30,16.2,94,0.6,0
1,03/04/22,7:00,16.2,95,0.4,0
1,03/04/22,7:30,16.2,96,0.6,2
1,03/04/22,8:00,16.2,96,0.4,9
1,03/04/22,8:30,16.3,96,1.2,10
1,03/04/22,9:00,16.3,96,1.6,28
1,03/04/22,9:30,16.4,96,0.8,52
1,03/04/22,10:00,16.6,96,0.4,74
1,03/04/22,10:30,16.8,96,0.6,93
1,03/04/22,11:00,17.3,96,0.4,207
1,03/04/22,11:30,17.3,96,0.0,200
1,03/04/22,12:00,17.6,95,0.0,157
1,03/04/22,12:30,17.9,94,0.2,318
1,03/04/22,13:00,18.3,93,0.2,284
1,03/04/22,13:30,18.3,92,0.0,234
1,03/04/22,14:00,17.8,92,0.0,99
1,03/04/22,14:30,17.6,93,0.0,69
1,03/04/22,15:00,17.1,95,1.0,52
1,03/04/22,15:30,16.9,96,1.2,38
1,03/04/22,16:00,16.9,96,0.4,28
1,03/04/22,16:30,16.9,97,0.8,30
1,03/04/22,17:00,16.9,97,0.4,28
1,03/04/22,17:30,17.1,97,0.2,18
1,03/04/22,18:00,17.2,96,0.0,10
1,03/04/22,18:30,17.1,97,0.0,1
1,03/04/22,19:00,17.1,97,0.0,0
1,03/04/22,19:30,17.2,97,0.0,0
1,03/04/22,20:00,17.2,97,0.0,0
1,03/04/22,20:30,17.2,97,0.0,0
1,03/04/22,21:00,17.3,97,0.0,0
1,03/04/22,21:30,17.4,97,0.0,0
1,03/04/22,22:00,17.6,97,0.0,0
1,03/04/22,22:30,17.6,97,0.0,0
1,03/04/22,23:00,17.6,97,0.0,0
1,03/04/22,23:30,17.6,97,0.0,0
1,04/04/22,00:00,17.5,97,0.0,0
1,04/04/22,0:30,17.6,97,0.0,0
1,04/04/22,1:00,17.6,97,0.0,0
1,04/04/22,1:30,17.6,98,0.0,0
1,04/04/22,2:00,17.6,98,0.0,0
1,04/04/22,2:30,17.6,98,0.0,0
1,04/04/22,3:00,17.6,98,0.0,0
1,04/04/22,3:30,17.6,98,0.0,0
1,04/04/22,4:00,17.6,98,0.0,0
1,04/04/22,4:30,17.5,98,0.0,0
1,04/04/22,5:00,17.5,98,0.0,0
1,04/04/22,5:30,17.5,98,0.2,0
1,04/04/22,6:00,17.5,98,0.0,0
1,04/04/22,6:30,17.5,98,0.0,0
1,04/04/22,7:00,17.5,98,0.0,0
1,04/04/22,7:30,17.6,99,0.0,18
1,04/04/22,8:00,17.8,98,0.0,56
1,04/04/22,8:30,18.1,98,0.2,79
1,04/04/22,9:00,18.0,98,0.0,144
1,04/04/22,9:30,18.5,96,0.0,235
1,04/04/22,10:00,19.2,92,0.0,255
1,04/04/22,10:30,19.8,88,0.0,450
1,04/04/22,11:00,20.6,84,0.0,547
1,04/04/22,11:30,18.6,91,0.0,132
1,04/04/22,12:00,18.8,91,0.0,178
1,04/04/22,12:30,19.1,91,0.0,273
1,04/04/22,13:00,19.6,89,0.0,361
1,04/04/22,13:30,20.5,84,0.0,388
1,04/04/22,14:00,19.6,88,0.0,269
1,04/04/22,14:30,18.5,93,0.0,208
1,04/04/22,15:00,18.5,91,0.0,146
1,04/04/22,15:30,18.5,93,0.0,160
1,04/04/22,16:00,18.8,90,0.0,223
1,04/04/22,16:30,18.7,91,0.0,134
1,04/04/22,17:00,18.7,90,0.0,135
1,04/04/22,17:30,18.3,91,0.0,59
1,04/04/22,18:00,18.3,90,0.0,34
1,04/04/22,18:30,18.2,88,0.0,5
1,04/04/22,19:00,18.1,89,0.0,0
1,04/04/22,19:30,18.1,89,0.0,0
1,04/04/22,20:00,17.9,90,0.0,0
1,04/04/22,20:30,17.9,90,0.0,0
1,04/04/22,21:00,17.9,91,0.0,0
1,04/04/22,21:30,17.8,92,0.0,0
1,04/04/22,22:00,17.8,93,0.0,0
1,04/04/22,22:30,16.9,92,0.0,0
1,04/04/22,23:00,16.3,91,0.0,0
1,04/04/22,23:30,15.5,93,0.0,0
1,05/04/22,00:00,15.3,94,0.0,0
1,05/04/22,0:30,15.4,94,0.0,0
1,05/04/22,1:00,14.9,92,0.0,0
1,05/04/22,1:30,14.4,93,0.0,0
1,05/04/22,2:00,14.5,92,0.0,0
1,05/04/22,2:30,14.5,92,0.0,0
1,05/04/22,3:00,14.4,92,0.0,0
1,05/04/22,3:30,14.5,92,0.0,0
1,05/04/22,4:00,13.8,92,0.0,0
1,05/04/22,4:30,13.3,93,0.0,0
1,05/04/22,5:00,13.2,93,0.0,0
1,05/04/22,5:30,13.0,93,0.0,0
1,05/04/22,6:00,12.7,93,0.0,0
1,05/04/22,6:30,12.8,92,0.0,0
1,05/04/22,7:00,12.9,90,0.0,4
1,05/04/22,7:30,13.3,88,0.0,43
1,05/04/22,8:00,14.2,86,0.0,157
1,05/04/22,8:30,15.7,82,0.0,280
1,05/04/22,9:00,16.6,77,0.0,392
1,05/04/22,9:30,16.8,76,0.0,384
1,05/04/22,10:00,17.6,74,0.0,392
1,05/04/22,10:30,18.4,74,0.0,502
1,05/04/22,11:00,19.4,76,0.0,719
1,05/04/22,11:30,20.1,73,0.0,787
1,05/04/22,12:00,20.8,72,0.0,824
1,05/04/22,12:30,21.3,73,0.0,868
1,05/04/22,13:00,21.9,71,0.0,890
1,05/04/22,13:30,21.7,69,0.0,836
1,05/04/22,14:00,21.7,70,0.0,343
1,05/04/22,14:30,22.6,70,0.0,500
1,05/04/22,15:00,22.6,69,0.0,522
1,05/04/22,15:30,22.4,65,0.0,491
1,05/04/22,16:00,23.3,65,0.0,366
1,05/04/22,16:30,22.3,66,0.0,384
1,05/04/22,17:00,22.6,67,0.0,222
1,05/04/22,17:30,22.5,68,0.0,153
1,05/04/22,18:00,21.4,72,0.0,51
1,05/04/22,18:30,20.4,75,0.0,9
1,05/04/22,19:00,19.2,79,0.0,0
1,05/04/22,19:30,18.1,83,0.0,0
1,05/04/22,20:00,17.9,82,0.0,0
1,05/04/22,20:30,17.4,83,0.0,0
1,05/04/22,21:00,17.6,82,0.0,0
1,05/04/22,21:30,17.1,84,0.0,0
1,05/04/22,22:00,16.7,85,0.0,0
1,05/04/22,22:30,15.9,88,0.0,0
1,05/04/22,23:00,15.8,88,0.0,0
1,05/04/22,23:30,15.7,87,0.0,0
1,06/04/22,00:00,14.9,89,0.0,0
1,06/04/22,0:30,14.9,88,0.0,0
1,06/04/22,1:00,15.6,83,0.0,0
1,06/04/22,1:30,14.3,87,0.0,0
1,06/04/22,2:00,14.5,87,0.0,0
1,06/04/22,2:30,14.7,85,0.0,0
1,06/04/22,3:00,14.5,86,0.0,0
1,06/04/22,3:30,14.2,86,0.0,0
1,06/04/22,4:00,13.8,87,0.0,0
1,06/04/22,4:30,13.9,87,0.0,0
1,06/04/22,5:00,13.3,88,0.0,0
1,06/04/22,5:30,13.1,90,0.0,0
1,06/04/22,6:00,12.8,91,0.0,0
1,06/04/22,6:30,13.0,91,0.0,0
1,06/04/22,7:00,12.8,93,0.0,3
1,06/04/22,7:30,13.8,91,0.0,42
1,06/04/22,8:00,14.6,90,0.0,158
1,06/04/22,8:30,16.0,88,0.0,285
1,06/04/22,9:00,17.3,84,0.0,396
1,06/04/22,9:30,18.3,83,0.0,499
1,06/04/22,10:00,19.1,80,0.0,591
1,06/04/22,10:30,19.8,81,0.0,673
1,06/04/22,11:00,20.8,75,0.0,741
1,06/04/22,11:30,21.6,74,0.0,791
1,06/04/22,12:00,21.9,74,0.0,824
1,06/04/22,12:30,22.5,73,0.0,837
1,06/04/22,13:00,22.9,70,0.0,834
1,06/04/22,13:30,23.5,70,0.0,814
1,06/04/22,14:00,23.8,65,0.0,779
1,06/04/22,14:30,24.4,60,0.0,730
1,06/04/22,15:00,24.8,55,0.0,654
1,06/04/22,15:30,24.9,56,0.0,580
1,06/04/22,16:00,24.9,62,0.0,444
1,06/04/22,16:30,24.9,58,0.0,344
1,06/04/22,17:00,24.6,57,0.0,265
1,06/04/22,17:30,23.8,59,0.0,158
1,06/04/22,18:00,22.6,65,0.0,49
1,06/04/22,18:30,21.2,66,0.0,9
1,06/04/22,19:00,20.3,68,0.0,0
1,06/04/22,19:30,19.5,70,0.0,0
1,06/04/22,20:00,19.1,70,0.0,0
1,06/04/22,20:30,18.6,73,0.0,0
1,06/04/22,21:00,18.2,76,0.0,0
1,06/04/22,21:30,17.8,79,0.0,0
1,06/04/22,22:00,17.8,80,0.0,0
1,06/04/22,22:30,17.4,83,0.0,0
1,06/04/22,23:00,17.0,85,0.0,0
1,06/04/22,23:30,16.6,87,0.0,0
1,07/04/22,00:00,16.1,90,0.0,0
1,07/04/22,0:30,15.8,91,0.0,0
1,07/04/22,1:00,15.8,92,0.0,0
1,07/04/22,1:30,15.7,93,0.0,0
1,07/04/22,2:00,15.3,94,0.0,0
1,07/04/22,2:30,15.1,96,0.0,0
1,07/04/22,3:00,15.2,97,0.0,0
1,07/04/22,3:30,15.2,97,0.0,0
1,07/04/22,4:00,15.0,97,0.0,0
1,07/04/22,4:30,14.8,97,0.0,0
1,07/04/22,5:00,14.2,97,0.0,0
1,07/04/22,5:30,13.7,97,0.0,0
1,07/04/22,6:00,13.6,97,0.0,0
1,07/04/22,6:30,14.3,97,0.0,0
1,07/04/22,7:00,13.9,97,0.0,1
1,07/04/22,7:30,14.1,98,0.0,25
1,07/04/22,8:00,14.2,97,0.0,78
1,07/04/22,8:30,14.8,98,0.0,140
1,07/04/22,9:00,15.8,97,0.0,214
1,07/04/22,9:30,16.9,97,0.0,257
1,07/04/22,10:00,17.4,94,0.0,256
1,07/04/22,10:30,19.3,90,0.0,354
1,07/04/22,11:00,20.7,85,0.0,379
1,07/04/22,11:30,21.2,85,0.0,424
1,07/04/22,12:00,22.1,83,0.0,411
1,07/04/22,12:30,23.1,79,0.0,491
1,07/04/22,13:00,23.6,74,0.0,510
1,07/04/22,13:30,23.5,71,0.0,423
1,07/04/22,14:00,23.7,70,0.0,409
1,07/04/22,14:30,23.5,69,0.0,333
1,07/04/22,15:00,23.1,72,0.0,282
1,07/04/22,15:30,22.3,75,0.0,175
1,07/04/22,16:00,21.6,76,0.0,105
1,07/04/22,16:30,21.3,79,0.0,66
1,07/04/22,17:00,21.0,79,0.0,44
1,07/04/22,17:30,20.7,81,0.0,36
1,07/04/22,18:00,20.6,84,0.0,9
1,07/04/22,18:30,20.4,86,0.0,0
1,07/04/22,19:00,20.1,88,0.0,0
1,07/04/22,19:30,20.0,88,0.0,0
1,07/04/22,20:00,19.3,92,0.0,0
1,07/04/22,20:30,19.0,94,0.0,0
1,07/04/22,21:00,18.8,95,0.0,0
1,07/04/22,21:30,18.7,95,0.0,0
1,07/04/22,22:00,18.7,94,0.0,0
1,07/04/22,22:30,18.5,94,0.0,0
1,07/04/22,23:00,18.6,95,0.0,0
1,07/04/22,23:30,18.6,94,0.0,0
1,08/04/22,00:00,18.7,94,0.0,0
1,08/04/22,0:30,18.5,95,0.0,0
1,08/04/22,1:00,18.4,95,0.0,0
1,08/04/22,1:30,18.3,96,0.0,0
1,08/04/22,2:00,18.3,96,0.0,0
1,08/04/22,2:30,18.4,96,0.0,0
1,08/04/22,3:00,18.3,96,0.0,0
1,08/04/22,3:30,18.1,96,0.0,0
1,08/04/22,4:00,18.0,97,0.0,0
1,08/04/22,4:30,18.1,97,0.0,0
1,08/04/22,5:00,18.0,96,0.0,0
1,08/04/22,5:30,18.1,96,0.0,0
1,08/04/22,6:00,17.9,96,0.0,0
1,08/04/22,6:30,17.8,97,0.0,0
1,08/04/22,7:00,18.0,97,0.0,0
1,08/04/22,7:30,18.2,97,0.0,18
1,08/04/22,8:00,18.3,97,0.0,21
1,08/04/22,8:30,18.6,96,0.0,30
1,08/04/22,9:00,19.1,96,0.0,81
1,08/04/22,9:30,19.2,95,0.0,116
1,08/04/22,10:00,19.7,95,0.0,257
1,08/04/22,10:30,20.5,92,0.0,272
1,08/04/22,11:00,21.0,88,0.0,260
1,08/04/22,11:30,21.6,84,0.0,642
1,08/04/22,12:00,23.1,74,0.0,812
1,08/04/22,12:30,24.0,70,0.0,908
1,08/04/22,13:00,24.3,69,0.0,549
1,08/04/22,13:30,23.9,68,0.0,311
1,08/04/22,14:00,25.1,64,0.0,821
1,08/04/22,14:30,24.6,63,0.0,538
1,08/04/22,15:00,26.0,62,0.0,553
1,08/04/22,15:30,25.7,62,0.0,604
1,08/04/22,16:00,25.3,63,0.0,499
1,08/04/22,16:30,25.7,61,0.0,419
1,08/04/22,17:00,24.9,65,0.0,262
1,08/04/22,17:30,23.8,69,0.0,68
1,08/04/22,18:00,23.1,77,0.0,44
1,08/04/22,18:30,22.0,82,0.0,4
1,08/04/22,19:00,21.2,85,0.0,0
1,08/04/22,19:30,20.9,85,0.0,0
1,08/04/22,20:00,20.7,86,0.0,0
1,08/04/22,20:30,20.3,87,0.0,0
1,08/04/22,21:00,19.7,89,0.0,0
1,08/04/22,21:30,19.7,90,0.0,0
1,08/04/22,22:00,19.3,90,0.0,0
1,08/04/22,22:30,18.9,89,0.0,0
1,08/04/22,23:00,18.6,88,0.0,0
1,08/04/22,23:30,17.9,89,0.0,0
1,09/04/22,00:00,17.4,90,0.0,0
1,09/04/22,0:30,17.2,91,0.0,0
1,09/04/22,1:00,16.8,91,0.0,0
1,09/04/22,1:30,16.6,92,0.0,0
1,09/04/22,2:00,16.5,93,0.0,0
1,09/04/22,2:30,15.7,93,0.0,0
1,09/04/22,3:00,15.8,94,0.0,0
1,09/04/22,3:30,15.8,94,0.0,0
1,09/04/22,4:00,17.2,91,0.0,0
1,09/04/22,4:30,16.6,92,0.0,0
1,09/04/22,5:00,15.7,93,0.0,0
1,09/04/22,5:30,16.9,91,0.0,0
1,09/04/22,6:00,16.7,91,0.0,0
1,09/04/22,6:30,16.4,90,0.0,0
1,09/04/22,7:00,16.3,90,0.0,2
1,09/04/22,7:30,16.1,91,0.0,38
1,09/04/22,8:00,17.1,89,0.0,144
1,09/04/22,8:30,18.2,87,0.0,269
1,09/04/22,9:00,18.8,85,0.0,380
1,09/04/22,9:30,19.7,85,0.0,479
1,09/04/22,10:00,20.6,82,0.0,573
1,09/04/22,10:30,21.8,81,0.0,658
1,09/04/22,11:00,22.2,78,0.0,600
1,09/04/22,11:30,22.7,74,0.0,639
1,09/04/22,12:00,22.3,79,0.0,466
1,09/04/22,12:30,22.3,78,0.0,288
1,09/04/22,13:00,22.9,74,0.0,697
1,09/04/22,13:30,23.5,72,0.0,830
1,09/04/22,14:00,22.8,75,0.0,524
1,09/04/22,14:30,23.3,76,0.0,461
1,09/04/22,15:00,23.5,75,0.0,391
1,09/04/22,15:30,24.1,71,0.0,644
1,09/04/22,16:00,23.8,75,0.0,559
1,09/04/22,16:30,24.2,72,0.0,448
1,09/04/22,17:00,23.3,73,0.0,273
1,09/04/22,17:30,22.1,79,0.0,87
1,09/04/22,18:00,22.1,79,0.0,40
1,09/04/22,18:30,21.1,82,0.0,6
1,09/04/22,19:00,20.3,85,0.0,0
1,09/04/22,19:30,19.7,87,0.0,0
1,09/04/22,20:00,19.1,90,0.0,0
1,09/04/22,20:30,18.9,90,0.0,0
1,09/04/22,21:00,18.4,91,0.0,0
1,09/04/22,21:30,18.3,91,0.0,0
1,09/04/22,22:00,18.1,92,0.0,0
1,09/04/22,22:30,17.8,92,0.0,0
1,09/04/22,23:00,17.4,93,0.0,0
1,09/04/22,23:30,16.9,94,0.0,0
1,10/04/22,00:00,17.1,94,0.0,0
1,10/04/22,0:30,17.2,94,0.0,0
1,10/04/22,1:00,16.9,94,0.0,0
1,10/04/22,1:30,16.8,95,0.0,0
1,10/04/22,2:00,16.9,96,0.0,0
1,10/04/22,2:30,17.3,94,0.0,0
1,10/04/22,3:00,17.2,94,0.0,0
1,10/04/22,3:30,17.3,95,0.0,0
1,10/04/22,4:00,17.8,94,0.0,0
1,10/04/22,4:30,17.9,94,0.0,0
1,10/04/22,5:00,18.1,94,0.0,0
1,10/04/22,5:30,18.1,94,0.0,0
1,10/04/22,6:00,18.2,94,0.0,0
1,10/04/22,6:30,18.0,93,0.0,0
1,10/04/22,7:00,17.7,94,0.0,2
1,10/04/22,7:30,18.2,93,0.0,35
1,10/04/22,8:00,18.6,92,0.0,141
1,10/04/22,8:30,18.8,92,0.0,212
1,10/04/22,9:00,19.3,90,0.0,185
1,10/04/22,9:30,19.8,88,0.0,238
1,10/04/22,10:00,20.1,89,0.0,282
1,10/04/22,10:30,20.2,87,0.0,278
1,10/04/22,11:00,20.6,85,0.0,295
1,10/04/22,11:30,21.7,82,0.0,483
1,10/04/22,12:00,23.0,78,0.0,694
1,10/04/22,12:30,23.3,78,0.0,819
1,10/04/22,13:00,23.3,77,0.0,621
1,10/04/22,13:30,23.4,75,0.0,328
1,10/04/22,14:00,24.3,72,0.0,516
1,10/04/22,14:30,24.3,72,0.0,726
1,10/04/22,15:00,24.8,72,0.0,465
1,10/04/22,15:30,24.2,73,0.0,300
1,10/04/22,16:00,23.8,74,0.0,237
1,10/04/22,16:30,23.6,75,0.0,170
1,10/04/22,17:00,23.2,76,0.0,127
1,10/04/22,17:30,22.8,78,0.0,80
1,10/04/22,18:00,22.2,80,0.0,33
1,10/04/22,18:30,21.6,83,0.0,3
1,10/04/22,19:00,21.4,84,0.0,0
1,10/04/22,19:30,20.9,87,0.0,0
1,10/04/22,20:00,20.4,89,0.0,0
1,10/04/22,20:30,19.9,91,0.0,0
1,10/04/22,21:00,19.9,91,0.0,0
1,10/04/22,21:30,19.9,91,0.0,0
1,10/04/22,22:00,19.6,92,0.0,0
1,10/04/22,22:30,19.3,92,0.0,0
1,10/04/22,23:00,19.6,92,0.0,0
1,10/04/22,23:30,19.3,92,0.0,0
1,11/04/22,00:00,19.3,93,0.0,0
1,11/04/22,0:30,18.9,94,0.0,0
1,11/04/22,1:00,19.0,94,0.0,0
1,11/04/22,1:30,19.2,94,0.0,0
1,11/04/22,2:00,19.2,93,0.0,0
1,11/04/22,2:30,18.9,94,0.0,0
1,11/04/22,3:00,18.9,94,0.0,0
1,11/04/22,3:30,19.0,95,0.0,0
1,11/04/22,4:00,19.0,95,0.0,0
1,11/04/22,4:30,19.3,95,0.0,0
1,11/04/22,5:00,19.7,94,0.0,0
1,11/04/22,5:30,19.4,95,0.2,0
1,11/04/22,6:00,19.4,96,0.0,0
1,11/04/22,6:30,19.4,96,0.0,0
1,11/04/22,7:00,19.3,96,0.0,0
1,11/04/22,7:30,19.1,96,0.0,9
1,11/04/22,8:00,19.1,96,0.0,56
1,11/04/22,8:30,18.9,96,0.0,62
1,11/04/22,9:00,18.8,96,0.0,111
1,11/04/22,9:30,19.0,94,0.2,137
1,11/04/22,10:00,19.1,94,0.0,142
1,11/04/22,10:30,19.3,93,0.0,186
1,11/04/22,11:00,20.9,89,0.0,564
1,11/04/22,11:30,22.1,85,0.0,726
1,11/04/22,12:00,22.2,79,0.0,384
1,11/04/22,12:30,21.6,81,0.0,176
1,11/04/22,13:00,21.8,81,0.0,122
1,11/04/22,13:30,22.2,79,0.0,170
1,11/04/22,14:00,20.8,87,0.0,102
1,11/04/22,14:30,21.1,86,0.0,128
1,11/04/22,15:00,21.4,85,0.0,86
1,11/04/22,15:30,21.1,88,0.0,101
1,11/04/22,16:00,22.6,81,0.0,197
1,11/04/22,16:30,22.7,79,0.0,188
1,11/04/22,17:00,22.6,79,0.0,154
1,11/04/22,17:30,21.9,79,0.0,123
1,11/04/22,18:00,21.2,83,0.0,33
1,11/04/22,18:30,20.6,85,0.0,3
1,11/04/22,19:00,20.3,86,0.0,0
1,11/04/22,19:30,20.2,86,0.0,0
1,11/04/22,20:00,20.4,85,0.0,0
1,11/04/22,20:30,19.6,88,0.0,0
1,11/04/22,21:00,19.3,90,0.0,0
1,11/04/22,21:30,19.6,90,0.0,0
1,11/04/22,22:00,19.7,89,0.0,0
1,11/04/22,22:30,19.5,90,0.0,0
1,11/04/22,23:00,19.6,89,0.0,0
1,11/04/22,23:30,19.3,90,0.0,0
1,12/04/22,00:00,19.2,91,0.0,0
1,12/04/22,0:30,18.9,91,0.0,0
1,12/04/22,1:00,19.0,92,0.0,0
1,12/04/22,1:30,19.1,92,0.0,0
1,12/04/22,2:00,19.1,92,0.0,0
1,12/04/22,2:30,19.0,92,0.0,0
1,12/04/22,3:00,19.0,92,0.0,0
1,12/04/22,3:30,18.9,93,0.0,0
1,12/04/22,4:00,18.7,92,0.0,0
1,12/04/22,4:30,17.9,94,0.0,0
1,12/04/22,5:00,17.3,95,0.0,0
1,12/04/22,5:30,17.6,96,0.0,0
1,12/04/22,6:00,17.9,96,0.0,0
1,12/04/22,6:30,17.8,95,0.0,0
1,12/04/22,7:00,17.4,95,0.0,1
1,12/04/22,7:30,16.9,94,0.0,24
1,12/04/22,8:00,17.3,94,0.0,129
1,12/04/22,8:30,18.4,89,0.0,245
1,12/04/22,9:00,19.4,84,0.0,354
1,12/04/22,9:30,19.9,81,0.0,452
1,12/04/22,10:00,20.3,80,0.0,510
1,12/04/22,10:30,20.7,80,0.0,492
1,12/04/22,11:00,21.0,81,0.0,436
1,12/04/22,11:30,21.5,79,0.0,531
1,12/04/22,12:00,22.1,75,0.0,753
1,12/04/22,12:30,22.3,76,0.0,836
1,12/04/22,13:00,22.3,76,0.0,837
1,12/04/22,13:30,22.7,72,0.0,790
1,12/04/22,14:00,22.9,73,0.0,743
1,12/04/22,14:30,22.8,70,0.0,656
1,12/04/22,15:00,22.9,71,0.0,352
1,12/04/22,15:30,22.6,72,0.0,328
1,12/04/22,16:00,22.3,71,0.0,201
1,12/04/22,16:30,22.1,71,0.0,141
1,12/04/22,17:00,22.0,71,0.0,115
1,12/04/22,17:30,21.7,73,0.0,82
1,12/04/22,18:00,21.1,76,0.0,45
1,12/04/22,18:30,20.4,77,0.0,2
1,12/04/22,19:00,19.9,80,0.0,0
1,12/04/22,19:30,19.3,82,0.0,0
1,12/04/22,20:00,18.7,83,0.0,0
1,12/04/22,20:30,18.1,83,0.0,0
1,12/04/22,21:00,17.7,85,0.0,0
1,12/04/22,21:30,17.6,85,0.0,0
1,12/04/22,22:00,17.5,89,0.0,0
1,12/04/22,22:30,17.3,91,0.0,0
1,12/04/22,23:00,17.2,91,0.0,0
1,12/04/22,23:30,16.9,92,0.0,0
1,13/04/22,00:00,16.6,93,0.0,0
1,13/04/22,0:30,16.4,93,0.0,0
1,13/04/22,1:00,16.5,93,0.0,0
1,13/04/22,1:30,16.4,94,0.0,0
1,13/04/22,2:00,16.2,94,0.0,0
1,13/04/22,2:30,15.8,95,0.0,0
1,13/04/22,3:00,16.0,95,0.0,0
1,13/04/22,3:30,15.8,96,0.0,0
1,13/04/22,4:00,15.9,96,0.0,0
1,13/04/22,4:30,15.8,96,0.0,0
1,13/04/22,5:00,15.7,96,0.0,0
1,13/04/22,5:30,15.6,96,0.0,0
1,13/04/22,6:00,15.3,96,0.0,0
1,13/04/22,6:30,15.3,97,0.0,0
1,13/04/22,7:00,15.4,97,0.0,0
1,13/04/22,7:30,15.4,96,0.0,10
1,13/04/22,8:00,15.6,95,0.0,39
1,13/04/22,8:30,15.9,93,0.0,101
1,13/04/22,9:00,16.8,89,0.0,209
1,13/04/22,9:30,17.4,83,0.0,259
1,13/04/22,10:00,18.6,74,0.0,586
1,13/04/22,10:30,18.6,71,0.0,390
1,13/04/22,11:00,19.0,71,0.0,453
1,13/04/22,11:30,19.7,67,0.0,721
1,13/04/22,12:00,19.2,68,0.0,274
1,13/04/22,12:30,19.9,65,0.0,826
1,13/04/22,13:00,20.1,68,0.0,398
1,13/04/22,13:30,21.2,68,0.0,861
1,13/04/22,14:00,20.5,68,0.0,582
1,13/04/22,14:30,19.1,73,0.0,210
1,13/04/22,15:00,19.4,69,0.0,265
1,13/04/22,15:30,20.2,68,0.0,400
1,13/04/22,16:00,20.0,69,0.0,244
1,13/04/22,16:30,19.8,68,0.0,333
1,13/04/22,17:00,19.3,66,0.0,259
1,13/04/22,17:30,18.6,68,0.0,54
1,13/04/22,18:00,18.6,66,0.0,29
1,13/04/22,18:30,17.6,71,0.0,7
1,13/04/22,19:00,16.6,67,0.0,0
1,13/04/22,19:30,15.6,66,0.0,0
1,13/04/22,20:00,15.1,64,0.0,0
1,13/04/22,20:30,14.4,66,0.0,0
1,13/04/22,21:00,13.9,64,0.0,0
1,13/04/22,21:30,13.9,61,0.0,0
1,13/04/22,22:00,13.1,64,0.0,0
1,13/04/22,22:30,12.8,66,0.0,0
1,13/04/22,23:00,12.3,68,0.0,0
1,13/04/22,23:30,11.8,70,0.0,0
1,14/04/22,00:00,11.3,75,0.0,0
1,14/04/22,0:30,11.1,77,0.0,0
1,14/04/22,1:00,10.7,79,0.0,0
1,14/04/22,1:30,10.3,83,0.0,0
1,14/04/22,2:00,10.6,84,0.0,0
1,14/04/22,2:30,9.8,86,0.0,0
1,14/04/22,3:00,9.4,86,0.0,0
1,14/04/22,3:30,8.4,88,0.0,0
1,14/04/22,4:00,7.9,90,0.0,0
1,14/04/22,4:30,8.1,90,0.0,0
1,14/04/22,5:00,8.3,89,0.0,0
1,14/04/22,5:30,7.6,90,0.0,0
1,14/04/22,6:00,7.5,91,0.0,0
1,14/04/22,6:30,7.1,92,0.0,0
1,14/04/22,7:00,6.9,92,0.0,2
1,14/04/22,7:30,7.6,94,0.0,33
1,14/04/22,8:00,8.3,92,0.0,138
1,14/04/22,8:30,8.1,93,0.0,257
1,14/04/22,9:00,9.3,93,0.0,375
1,14/04/22,9:30,10.7,90,0.0,477
1,14/04/22,10:00,12.8,83,0.0,568
1,14/04/22,10:30,14.1,76,0.0,647
1,14/04/22,11:00,15.8,67,0.0,712
1,14/04/22,11:30,16.3,63,0.0,763
1,14/04/22,12:00,16.9,60,0.0,798
1,14/04/22,12:30,17.2,53,0.0,824
1,14/04/22,13:00,17.9,56,0.0,814
1,14/04/22,13:30,17.9,51,0.0,785
1,14/04/22,14:00,18.3,47,0.0,747
1,14/04/22,14:30,18.5,46,0.0,693
1,14/04/22,15:00,18.9,49,0.0,626
1,14/04/22,15:30,18.9,49,0.0,540
1,14/04/22,16:00,18.8,44,0.0,447
1,14/04/22,16:30,18.4,44,0.0,346
1,14/04/22,17:00,18.3,43,0.0,235
1,14/04/22,17:30,17.8,46,0.0,114
1,14/04/22,18:00,16.6,54,0.0,28
1,14/04/22,18:30,14.9,60,0.0,4
1,14/04/22,19:00,14.6,61,0.0,0
1,14/04/22,19:30,14.4,59,0.0,0
1,14/04/22,20:00,14.2,57,0.0,0
1,14/04/22,20:30,13.7,59,0.0,0
1,14/04/22,21:00,12.6,61,0.0,0
1,14/04/22,21:30,12.4,62,0.0,0
1,14/04/22,22:00,11.5,75,0.0,0
1,14/04/22,22:30,10.9,83,0.0,0
1,14/04/22,23:00,10.7,86,0.0,0
1,14/04/22,23:30,10.5,88,0.0,0
1,15/04/22,00:00,9.9,89,0.0,0
1,15/04/22,0:30,9.8,88,0.0,0
1,15/04/22,1:00,9.4,89,0.0,0
1,15/04/22,1:30,9.0,89,0.0,0
1,15/04/22,2:00,9.1,89,0.0,0
1,15/04/22,2:30,8.6,89,0.0,0
1,15/04/22,3:00,8.4,90,0.0,0
1,15/04/22,3:30,7.9,91,0.0,0
1,15/04/22,4:00,7.8,92,0.0,0
1,15/04/22,4:30,7.3,92,0.0,0
1,15/04/22,5:00,7.1,93,0.0,0
1,15/04/22,5:30,7.1,94,0.0,0
1,15/04/22,6:00,6.9,94,0.0,0
1,15/04/22,6:30,6.5,95,0.0,0
1,15/04/22,7:00,6.8,95,0.0,1
1,15/04/22,7:30,6.6,95,0.0,21
1,15/04/22,8:00,6.3,95,0.0,64
1,15/04/22,8:30,6.9,96,0.0,120
1,15/04/22,9:00,7.9,96,0.0,193
1,15/04/22,9:30,9.1,96,0.0,310
1,15/04/22,10:00,11.3,96,0.0,547
1,15/04/22,10:30,14.1,88,0.0,635
1,15/04/22,11:00,16.1,80,0.0,389
1,15/04/22,11:30,16.8,77,0.0,265
1,15/04/22,12:00,17.3,77,0.0,359
1,15/04/22,12:30,17.7,73,0.0,569
1,15/04/22,13:00,18.5,72,0.0,466
1,15/04/22,13:30,19.0,69,0.0,422
1,15/04/22,14:00,19.0,68,0.0,422
1,15/04/22,14:30,19.1,66,0.0,391
1,15/04/22,15:00,19.3,64,0.0,358
1,15/04/22,15:30,19.5,63,0.0,358
1,15/04/22,16:00,19.5,61,0.0,206
1,15/04/22,16:30,19.1,65,0.0,176
1,15/04/22,17:00,18.6,65,0.0,111
1,15/04/22,17:30,18.9,64,0.0,122
1,15/04/22,18:00,17.6,72,0.0,42
1,15/04/22,18:30,17.0,75,0.0,3
1,15/04/22,19:00,15.9,78,0.0,0
1,15/04/22,19:30,15.4,78,0.0,0
1,15/04/22,20:00,14.9,80,0.0,0
1,15/04/22,20:30,14.5,83,0.0,0
1,15/04/22,21:00,13.8,85,0.0,0
1,15/04/22,21:30,13.2,86,0.0,0
1,15/04/22,22:00,12.9,87,0.0,0
1,15/04/22,22:30,12.9,87,0.0,0
1,15/04/22,23:00,12.2,89,0.0,0
1,15/04/22,23:30,11.9,91,0.0,0
1,16/04/22,00:00,12.0,90,0.0,0
1,16/04/22,0:30,12.1,91,0.0,0
1,16/04/22,1:00,11.8,92,0.0,0
1,16/04/22,1:30,11.7,92,0.0,0
1,16/04/22,2:00,11.6,92,0.0,0
1,16/04/22,2:30,11.4,93,0.0,0
1,16/04/22,3:00,11.1,92,0.0,0
1,16/04/22,3:30,10.8,92,0.0,0
1,16/04/22,4:00,10.2,92,0.0,0
1,16/04/22,4:30,10.2,93,0.0,0
1,16/04/22,5:00,9.9,93,0.0,0
1,16/04/22,5:30,10.6,94,0.0,0
1,16/04/22,6:00,10.6,91,0.0,0
1,16/04/22,6:30,10.6,91,0.0,0
1,16/04/22,7:00,10.9,89,0.0,1
1,16/04/22,7:30,8.7,92,0.0,21
1,16/04/22,8:00,11.2,94,0.0,120
1,16/04/22,8:30,11.8,89,0.0,244
1,16/04/22,9:00,15.4,84,0.0,357
1,16/04/22,9:30,17.1,76,0.0,458
1,16/04/22,10:00,17.5,70,0.0,548
1,16/04/22,10:30,18.2,70,0.0,667
1,16/04/22,11:00,17.5,70,0.0,510
1,16/04/22,11:30,18.2,67,0.0,363
1,16/04/22,12:00,18.3,66,0.0,379
1,16/04/22,12:30,18.5,64,0.0,451
1,16/04/22,13:00,19.1,62,0.0,438
1,16/04/22,13:30,19.5,61,0.0,778
1,16/04/22,14:00,19.1,61,0.0,564
1,16/04/22,14:30,20.1,59,0.0,683
1,16/04/22,15:00,20.2,57,0.0,639
1,16/04/22,15:30,19.7,59,0.0,401
1,16/04/22,16:00,19.8,57,0.0,445
1,16/04/22,16:30,20.3,57,0.0,242
1,16/04/22,17:00,19.6,59,0.0,257
1,16/04/22,17:30,19.2,61,0.0,84
1,16/04/22,18:00,18.4,63,0.0,30
1,16/04/22,18:30,16.8,68,0.0,3
1,16/04/22,19:00,15.9,73,0.0,0
1,16/04/22,19:30,15.7,74,0.0,0
1,16/04/22,20:00,15.2,76,0.0,0
1,16/04/22,20:30,14.9,80,0.0,0
1,16/04/22,21:00,14.6,83,0.0,0
1,16/04/22,21:30,14.1,85,0.0,0
1,16/04/22,22:00,13.8,87,0.0,0
1,16/04/22,22:30,13.6,88,0.0,0
1,16/04/22,23:00,13.7,89,0.0,0
1,16/04/22,23:30,13.4,90,0.0,0
1,17/04/22,00:00,13.5,90,0.0,0
1,17/04/22,0:30,13.3,90,0.0,0
1,17/04/22,1:00,13.3,91,0.0,0
1,17/04/22,1:30,13.3,91,0.0,0
1,17/04/22,2:00,13.7,91,0.0,0
1,17/04/22,2:30,14.6,91,0.0,0
1,17/04/22,3:00,14.7,91,0.0,0
1,17/04/22,3:30,14.7,92,0.0,0
1,17/04/22,4:00,14.1,93,0.0,0
1,17/04/22,4:30,14.3,94,0.0,0
1,17/04/22,5:00,14.3,94,0.0,0
1,17/04/22,5:30,13.9,95,0.0,0
1,17/04/22,6:00,13.8,95,0.0,0
1,17/04/22,6:30,13.3,95,0.0,0
1,17/04/22,7:00,13.4,96,0.0,2
1,17/04/22,7:30,14.0,95,0.0,27
1,17/04/22,8:00,14.8,95,0.0,103
1,17/04/22,8:30,15.2,93,0.0,173
1,17/04/22,9:00,15.9,92,0.0,276
1,17/04/22,9:30,17.2,87,0.0,386
1,17/04/22,10:00,17.6,83,0.0,457
1,17/04/22,10:30,18.7,79,0.0,616
1,17/04/22,11:00,18.7,71,0.0,441
1,17/04/22,11:30,19.6,66,0.0,425
1,17/04/22,12:00,19.9,65,0.0,497
1,17/04/22,12:30,19.6,69,0.0,361
1,17/04/22,13:00,20.0,68,0.0,509
1,17/04/22,13:30,19.7,69,0.0,317
1,17/04/22,14:00,19.9,67,0.0,307
1,17/04/22,14:30,20.1,69,0.0,381
1,17/04/22,15:00,20.1,69,0.0,313
1,17/04/22,15:30,20.1,68,0.0,272
1,17/04/22,16:00,19.8,67,0.0,176
1,17/04/22,16:30,19.5,69,0.0,96
1,17/04/22,17:00,19.4,70,0.0,95
1,17/04/22,17:30,18.8,71,0.0,72
1,17/04/22,18:00,18.5,72,0.0,31
1,17/04/22,18:30,17.7,76,0.0,1
1,17/04/22,19:00,17.2,78,0.0,0
1,17/04/22,19:30,16.7,80,0.0,0
1,17/04/22,20:00,16.4,82,0.0,0
1,17/04/22,20:30,16.3,84,0.0,0
1,17/04/22,21:00,16.2,86,0.0,0
1,17/04/22,21:30,16.0,88,0.0,0
1,17/04/22,22:00,15.8,90,0.0,0
1,17/04/22,22:30,16.0,90,0.0,0
1,17/04/22,23:00,15.9,90,0.0,0
1,17/04/22,23:30,15.7,91,0.0,0
1,18/04/22,00:00,15.4,92,0.0,0
1,18/04/22,0:30,15.4,93,0.0,0
1,18/04/22,1:00,15.4,93,0.0,0
1,18/04/22,1:30,15.3,93,0.0,0
1,18/04/22,2:00,15.1,94,0.0,0
1,18/04/22,2:30,14.9,94,0.0,0
1,18/04/22,3:00,14.8,95,0.0,0
1,18/04/22,3:30,14.7,95,0.0,0
1,18/04/22,4:00,14.5,95,0.0,0
1,18/04/22,4:30,14.6,94,0.0,0
1,18/04/22,5:00,14.5,94,0.0,0
1,18/04/22,5:30,14.4,94,0.0,0
1,18/04/22,6:00,14.7,94,0.0,0
1,18/04/22,6:30,14.8,94,0.0,0
1,18/04/22,7:00,14.6,94,0.0,0
1,18/04/22,7:30,14.8,94,0.0,30
1,18/04/22,8:00,15.2,93,0.0,47
1,18/04/22,8:30,15.7,92,0.0,163
1,18/04/22,9:00,15.9,93,0.0,86
1,18/04/22,9:30,17.7,89,0.0,349
1,18/04/22,10:00,18.8,85,0.0,542
1,18/04/22,10:30,19.4,80,0.0,527
1,18/04/22,11:00,20.2,77,0.0,771
1,18/04/22,11:30,20.7,77,0.0,350
1,18/04/22,12:00,21.8,72,0.0,820
1,18/04/22,12:30,22.0,68,0.0,729
1,18/04/22,13:00,21.5,68,0.0,471
1,18/04/22,13:30,21.9,69,0.0,442
1,18/04/22,14:00,22.6,66,0.0,728
1,18/04/22,14:30,23.6,62,0.0,788
1,18/04/22,15:00,22.9,60,0.0,694
1,18/04/22,15:30,23.1,61,0.0,600
1,18/04/22,16:00,22.8,60,0.0,431
1,18/04/22,16:30,22.8,62,0.0,341
1,18/04/22,17:00,22.6,61,0.0,212
1,18/04/22,17:30,22.2,65,0.0,92
1,18/04/22,18:00,20.9,67,0.0,20
1,18/04/22,18:30,19.6,70,0.0,1
1,18/04/22,19:00,18.8,75,0.0,0
1,18/04/22,19:30,18.1,81,0.0,0
1,18/04/22,20:00,17.8,81,0.0,0
1,18/04/22,20:30,17.2,84,0.0,0
1,18/04/22,21:00,16.8,86,0.0,0
1,18/04/22,21:30,16.7,87,0.0,0
1,18/04/22,22:00,16.4,88,0.0,0
1,18/04/22,22:30,15.9,89,0.0,0
1,18/04/22,23:00,15.5,90,0.0,0
1,18/04/22,23:30,15.2,91,0.0,0
1,19/04/22,00:00,15.2,91,0.0,0
1,19/04/22,0:30,15.7,90,0.0,0
1,19/04/22,1:00,15.7,89,0.0,0
1,19/04/22,1:30,15.5,89,0.0,0
1,19/04/22,2:00,15.4,89,0.0,0
1,19/04/22,2:30,15.1,90,0.0,0
1,19/04/22,3:00,15.2,88,0.0,0
1,19/04/22,3:30,15.3,87,0.0,0
1,19/04/22,4:00,15.3,86,0.0,0
1,19/04/22,4:30,15.5,85,0.0,0
1,19/04/22,5:00,15.3,85,0.0,0
1,19/04/22,5:30,15.2,85,0.0,0
1,19/04/22,6:00,15.0,87,0.0,0
1,19/04/22,6:30,14.8,87,0.0,0
1,19/04/22,7:00,15.1,88,0.0,1
1,19/04/22,7:30,15.6,86,0.0,23
1,19/04/22,8:00,16.3,84,0.0,112
1,19/04/22,8:30,16.9,84,0.0,231
1,19/04/22,9:00,18.2,81,0.0,338
1,19/04/22,9:30,19.5,78,0.0,437
1,19/04/22,10:00,20.4,76,0.0,526
1,19/04/22,10:30,21.4,70,0.0,604
1,19/04/22,11:00,21.9,66,0.0,667
1,19/04/22,11:30,22.8,59,0.0,716
1,19/04/22,12:00,23.8,50,0.0,748
1,19/04/22,12:30,24.0,44,0.0,762
1,19/04/22,13:00,24.2,50,0.0,758
1,19/04/22,13:30,24.7,46,0.0,736
1,19/04/22,14:00,24.8,45,0.0,701
1,19/04/22,14:30,24.9,42,0.0,657
1,19/04/22,15:00,25.1,44,0.0,634
1,19/04/22,15:30,25.0,53,0.0,578
1,19/04/22,16:00,24.9,46,0.0,479
1,19/04/22,16:30,24.9,48,0.0,330
1,19/04/22,17:00,24.4,51,0.0,213
1,19/04/22,17:30,23.6,58,0.0,88
1,19/04/22,18:00,22.1,64,0.0,20
1,19/04/22,18:30,21.0,68,0.0,1
1,19/04/22,19:00,20.2,70,0.0,0
1,19/04/22,19:30,19.6,73,0.0,0
1,19/04/22,20:00,19.0,75,0.0,0
1,19/04/22,20:30,18.8,77,0.0,0
1,19/04/22,21:00,18.7,77,0.0,0
1,19/04/22,21:30,18.2,80,0.0,0
1,19/04/22,22:00,17.6,82,0.0,0
1,19/04/22,22:30,17.2,83,0.0,0
1,19/04/22,23:00,16.8,85,0.0,0
1,19/04/22,23:30,16.6,85,0.0,0
1,20/04/22,00:00,16.2,86,0.0,0
1,20/04/22,0:30,16.5,85,0.0,0
1,20/04/22,1:00,16.3,85,0.0,0
1,20/04/22,1:30,16.1,85,0.0,0
1,20/04/22,2:00,15.8,87,0.0,0
1,20/04/22,2:30,15.6,88,0.0,0
1,20/04/22,3:00,15.6,90,0.0,0
1,20/04/22,3:30,15.6,91,0.0,0
1,20/04/22,4:00,15.6,91,0.0,0
1,20/04/22,4:30,15.6,91,0.0,0
1,20/04/22,5:00,15.3,91,0.0,0
1,20/04/22,5:30,15.3,91,0.0,0
1,20/04/22,6:00,15.0,90,0.0,0
1,20/04/22,6:30,14.7,91,0.0,0
1,20/04/22,7:00,14.4,90,0.0,1
1,20/04/22,7:30,14.7,90,0.0,23
1,20/04/22,8:00,15.3,88,0.0,113
1,20/04/22,8:30,16.4,87,0.0,232
1,20/04/22,9:00,15.5,92,0.0,340
1,20/04/22,9:30,15.6,92,0.0,440
1,20/04/22,10:00,15.6,91,0.0,529
1,20/04/22,10:30,16.8,88,0.0,603
1,20/04/22,11:00,18.3,84,0.0,665
1,20/04/22,11:30,19.7,80,0.0,713
1,20/04/22,12:00,21.1,74,0.0,743
1,20/04/22,12:30,22.3,68,0.0,758
1,20/04/22,13:00,22.8,67,0.0,754
1,20/04/22,13:30,23.4,66,0.0,732
1,20/04/22,14:00,23.8,60,0.0,696
1,20/04/22,14:30,24.1,57,0.0,644
1,20/04/22,15:00,24.2,56,0.0,577
1,20/04/22,15:30,24.6,54,0.0,496
1,20/04/22,16:00,24.5,56,0.0,406
1,20/04/22,16:30,24.2,54,0.0,311
1,20/04/22,17:00,23.9,52,0.0,200
1,20/04/22,17:30,23.3,57,0.0,86
1,20/04/22,18:00,21.8,63,0.0,19
1,20/04/22,18:30,20.7,63,0.0,1
1,20/04/22,19:00,20.2,62,0.0,0
1,20/04/22,19:30,19.7,62,0.0,0
1,20/04/22,20:00,19.5,64,0.0,0
1,20/04/22,20:30,18.9,71,0.0,0
1,20/04/22,21:00,16.9,78,0.0,0
1,20/04/22,21:30,16.6,83,0.0,0
1,20/04/22,22:00,16.9,83,0.0,0
1,20/04/22,22:30,16.1,86,0.0,0
1,20/04/22,23:00,16.1,87,0.0,0
1,20/04/22,23:30,15.9,88,0.0,0
1,21/04/22,00:00,15.8,89,0.0,0
1,21/04/22,0:30,15.5,91,0.0,0
1,21/04/22,1:00,15.5,92,0.0,0
1,21/04/22,1:30,15.1,93,0.0,0
1,21/04/22,2:00,15.1,94,0.0,0
1,21/04/22,2:30,14.9,94,0.0,0
1,21/04/22,3:00,14.7,94,0.0,0
1,21/04/22,3:30,14.5,95,0.0,0
1,21/04/22,4:00,14.6,95,0.0,0
1,21/04/22,4:30,14.6,96,0.0,0
1,21/04/22,5:00,14.5,96,0.0,0
1,21/04/22,5:30,14.4,96,0.0,0
1,21/04/22,6:00,14.0,96,0.0,0
1,21/04/22,6:30,13.8,97,0.0,0
1,21/04/22,7:00,13.7,97,0.0,0
1,21/04/22,7:30,13.6,97,0.0,15
1,21/04/22,8:00,14.0,97,0.0,78
1,21/04/22,8:30,14.7,98,0.0,231
1,21/04/22,9:00,16.1,98,0.0,392
1,21/04/22,9:30,16.7,95,0.0,372
1,21/04/22,10:00,16.9,92,0.0,309
1,21/04/22,10:30,17.9,85,0.0,429
1,21/04/22,11:00,18.9,84,0.0,376
1,21/04/22,11:30,20.4,75,0.0,542
1,21/04/22,12:00,21.9,70,0.0,577
1,21/04/22,12:30,22.6,63,0.0,695
1,21/04/22,13:00,22.8,63,0.0,590
1,21/04/22,13:30,23.0,63,0.0,702
1,21/04/22,14:00,23.1,64,0.0,670
1,21/04/22,14:30,23.7,61,0.0,620
1,21/04/22,15:00,23.8,61,0.0,549
1,21/04/22,15:30,24.2,59,0.0,407
1,21/04/22,16:00,24.1,55,0.0,318
1,21/04/22,16:30,24.1,56,0.0,295
1,21/04/22,17:00,24.4,52,0.0,187
1,21/04/22,17:30,23.8,56,0.0,80
1,21/04/22,18:00,22.4,60,0.0,18
1,21/04/22,18:30,21.4,63,0.0,1
1,21/04/22,19:00,21.3,63,0.0,0
1,21/04/22,19:30,21.1,64,0.0,0
1,21/04/22,20:00,20.3,67,0.0,0
1,21/04/22,20:30,20.2,68,0.0,0
1,21/04/22,21:00,20.0,69,0.0,0
1,21/04/22,21:30,19.8,69,0.0,0
1,21/04/22,22:00,18.9,71,0.0,0
1,21/04/22,22:30,19.3,69,0.0,0
1,21/04/22,23:00,19.1,70,0.0,0
1,21/04/22,23:30,19.4,69,0.0,0
1,22/04/22,00:00,18.3,74,0.0,0
1,22/04/22,0:30,17.9,74,0.0,0
1,22/04/22,1:00,17.7,77,0.0,0
1,22/04/22,1:30,16.6,81,0.0,0
1,22/04/22,2:00,17.3,78,0.0,0
1,22/04/22,2:30,17.3,77,0.0,0
1,22/04/22,3:00,17.4,77,0.0,0
1,22/04/22,3:30,17.2,79,0.0,0
1,22/04/22,4:00,16.4,82,0.0,0
1,22/04/22,4:30,16.6,80,0.0,0
1,22/04/22,5:00,16.3,82,0.0,0
1,22/04/22,5:30,16.3,83,0.0,0
1,22/04/22,6:00,16.3,84,0.0,0
1,22/04/22,6:30,16.0,84,0.0,0
1,22/04/22,7:00,15.2,86,0.0,1
1,22/04/22,7:30,15.1,88,0.0,30
1,22/04/22,8:00,15.7,89,0.0,125
1,22/04/22,8:30,15.6,89,0.0,88
1,22/04/22,9:00,16.6,89,0.0,199
1,22/04/22,9:30,17.6,86,0.0,436
1,22/04/22,10:00,17.4,89,0.0,233
1,22/04/22,10:30,17.3,89,0.0,241
1,22/04/22,11:00,17.9,87,0.0,327
1,22/04/22,11:30,18.0,88,0.0,319
1,22/04/22,12:00,18.2,88,0.0,324
1,22/04/22,12:30,18.9,86,0.0,387
1,22/04/22,13:00,19.9,83,0.0,522
1,22/04/22,13:30,20.0,83,0.0,336
1,22/04/22,14:00,21.0,81,0.0,474
1,22/04/22,14:30,21.3,77,0.0,480
1,22/04/22,15:00,21.1,78,0.0,294
1,22/04/22,15:30,22.2,76,0.0,412
1,22/04/22,16:00,22.1,72,0.0,281
1,22/04/22,16:30,22.3,72,0.0,286
1,22/04/22,17:00,21.7,75,0.0,102
1,22/04/22,17:30,21.1,75,0.0,25
1,22/04/22,18:00,18.7,87,6.4,0
1,22/04/22,18:30,17.9,92,3.8,0
1,22/04/22,19:00,17.6,94,0.4,0
1,22/04/22,19:30,17.0,92,0.6,0
1,22/04/22,20:00,17.3,92,0.8,0
1,22/04/22,20:30,16.4,94,4.6,0
1,22/04/22,21:00,14.9,95,25.2,0
1,22/04/22,21:30,14.5,94,2.8,0
1,22/04/22,22:00,14.5,94,0.0,0
1,22/04/22,22:30,14.2,94,0.0,0
1,22/04/22,23:00,13.9,96,0.0,0
1,22/04/22,23:30,13.8,96,0.0,0
1,23/04/22,00:00,13.7,97,0.0,0
1,23/04/22,0:30,13.7,97,0.0,0
1,23/04/22,1:00,13.1,97,0.0,0
1,23/04/22,1:30,12.9,97,0.0,0
1,23/04/22,2:00,12.9,97,0.0,0
1,23/04/22,2:30,12.7,97,0.0,0
1,23/04/22,3:00,12.6,96,0.0,0
1,23/04/22,3:30,12.2,95,0.0,0
1,23/04/22,4:00,11.9,92,0.0,0
1,23/04/22,4:30,11.9,93,0.0,0
1,23/04/22,5:00,11.6,93,0.0,0
1,23/04/22,5:30,11.4,93,0.0,0
1,23/04/22,6:00,11.3,94,0.0,0
1,23/04/22,6:30,10.8,94,0.0,0
1,23/04/22,7:00,10.6,94,0.0,0
1,23/04/22,7:30,10.6,94,0.0,16
1,23/04/22,8:00,10.7,94,0.0,31
1,23/04/22,8:30,10.7,94,0.0,55
1,23/04/22,9:00,10.8,94,0.0,65
1,23/04/22,9:30,11.2,93,0.0,148
1,23/04/22,10:00,11.6,91,0.0,188
1,23/04/22,10:30,12.2,87,0.0,258
1,23/04/22,11:00,12.8,86,0.0,367
1,23/04/22,11:30,13.3,80,0.0,536
1,23/04/22,12:00,14.3,77,0.0,638
1,23/04/22,12:30,15.2,74,0.0,886
1,23/04/22,13:00,15.9,72,0.0,753
1,23/04/22,13:30,15.6,70,0.0,717
1,23/04/22,14:00,16.4,66,0.0,659
1,23/04/22,14:30,16.8,66,0.0,644
1,23/04/22,15:00,17.1,65,0.0,578
1,23/04/22,15:30,17.0,64,0.0,501
1,23/04/22,16:00,17.1,63,0.0,401
1,23/04/22,16:30,17.0,61,0.0,302
1,23/04/22,17:00,16.7,62,0.0,187
1,23/04/22,17:30,16.2,64,0.0,75
1,23/04/22,18:00,15.2,68,0.0,16
1,23/04/22,18:30,14.4,70,0.0,1
1,23/04/22,19:00,13.9,71,0.0,0
1,23/04/22,19:30,13.3,74,0.0,0
1,23/04/22,20:00,13.6,73,0.0,0
1,23/04/22,20:30,13.1,74,0.0,0
1,23/04/22,21:00,12.4,76,0.0,0
1,23/04/22,21:30,12.3,75,0.0,0
1,23/04/22,22:00,12.6,74,0.0,0
1,23/04/22,22:30,12.7,72,0.0,0
1,23/04/22,23:00,12.0,76,0.0,0
1,23/04/22,23:30,11.8,77,0.0,0
1,24/04/22,00:00,11.7,77,0.0,0
1,24/04/22,0:30,11.7,78,0.0,0
1,24/04/22,1:00,11.8,77,0.0,0
1,24/04/22,1:30,11.7,78,0.0,0
1,24/04/22,2:00,11.6,79,0.0,0
1,24/04/22,2:30,11.8,79,0.0,0
1,24/04/22,3:00,11.7,79,0.0,0
1,24/04/22,3:30,11.6,77,0.0,0
1,24/04/22,4:00,11.2,79,0.0,0
1,24/04/22,4:30,11.0,81,0.0,0
1,24/04/22,5:00,10.3,84,0.0,0
1,24/04/22,5:30,9.9,85,0.0,0
1,24/04/22,6:00,10.6,84,0.0,0
1,24/04/22,6:30,10.8,82,0.0,0
1,24/04/22,7:00,9.7,87,0.0,0
1,24/04/22,7:30,8.2,91,0.0,20
1,24/04/22,8:00,10.7,87,0.0,105
1,24/04/22,8:30,12.0,84,0.0,224
1,24/04/22,9:00,12.7,82,0.0,332
1,24/04/22,9:30,13.7,78,0.0,433
1,24/04/22,10:00,14.6,80,0.0,521
1,24/04/22,10:30,14.9,74,0.0,598
1,24/04/22,11:00,16.3,74,0.0,662
1,24/04/22,11:30,17.5,70,0.0,709
1,24/04/22,12:00,19.0,68,0.0,740
1,24/04/22,12:30,20.3,67,0.0,755
1,24/04/22,13:00,21.6,57,0.0,749
1,24/04/22,13:30,22.2,53,0.0,728
1,24/04/22,14:00,22.4,53,0.0,689
1,24/04/22,14:30,23.1,46,0.0,636
1,24/04/22,15:00,23.4,39,0.0,569
1,24/04/22,15:30,23.6,45,0.0,489
1,24/04/22,16:00,23.6,43,0.0,398
1,24/04/22,16:30,23.3,47,0.0,297
1,24/04/22,17:00,22.9,49,0.0,185
1,24/04/22,17:30,22.1,53,0.0,74
1,24/04/22,18:00,20.8,56,0.0,15
1,24/04/22,18:30,19.6,62,0.0,1
1,24/04/22,19:00,18.8,64,0.0,0
1,24/04/22,19:30,18.4,64,0.0,0
1,24/04/22,20:00,18.1,66,0.0,0
1,24/04/22,20:30,17.9,67,0.0,0
1,24/04/22,21:00,18.1,67,0.0,0
1,24/04/22,21:30,18.3,67,0.0,0
1,24/04/22,22:00,18.2,68,0.0,0
1,24/04/22,22:30,18.4,68,0.0,0
1,24/04/22,23:00,18.4,69,0.0,0
1,24/04/22,23:30,18.1,71,0.0,0
1,25/04/22,00:00,18.0,73,0.0,0
1,25/04/22,0:30,17.8,74,0.0,0
1,25/04/22,1:00,17.6,76,0.0,0
1,25/04/22,1:30,17.0,78,0.0,0
1,25/04/22,2:00,17.3,77,0.0,0
1,25/04/22,2:30,16.4,80,0.0,0
1,25/04/22,3:00,16.5,80,0.0,0
1,25/04/22,3:30,16.5,80,0.0,0
1,25/04/22,4:00,16.7,80,0.0,0
1,25/04/22,4:30,17.3,78,0.0,0
1,25/04/22,5:00,17.0,79,0.0,0
1,25/04/22,5:30,16.5,82,0.0,0
1,25/04/22,6:00,16.4,82,0.0,0
1,25/04/22,6:30,17.1,82,0.0,0
1,25/04/22,7:00,17.4,82,0.0,0
1,25/04/22,7:30,17.9,82,0.0,4
1,25/04/22,8:00,18.2,82,0.0,11
1,25/04/22,8:30,18.2,83,0.0,11
1,25/04/22,9:00,18.8,82,0.0,12
1,25/04/22,9:30,16.9,86,0.0,9
1,25/04/22,10:00,18.8,85,0.0,5
1,25/04/22,10:30,18.4,89,0.8,0
1,25/04/22,11:00,17.9,94,4.6,0
1,25/04/22,11:30,18.2,95,4.4,3
1,25/04/22,12:00,18.7,96,4.2,7
1,25/04/22,12:30,18.9,96,5.6,8
1,25/04/22,13:00,18.7,96,5.0,5
1,25/04/22,13:30,18.4,96,5.0,4
1,25/04/22,14:00,18.3,97,5.4,2
1,25/04/22,14:30,18.4,97,4.4,3
1,25/04/22,15:00,18.3,97,3.6,4
1,25/04/22,15:30,18.3,96,4.0,2
1,25/04/22,16:00,17.5,95,3.2,0
1,25/04/22,16:30,17.1,93,2.6,0
1,25/04/22,17:00,17.2,94,2.2,0
1,25/04/22,17:30,17.3,94,2.0,0
1,25/04/22,18:00,17.4,90,1.4,0
1,25/04/22,18:30,17.6,88,1.6,0
1,25/04/22,19:00,17.2,89,0.4,0
1,25/04/22,19:30,16.6,92,0.6,0
1,25/04/22,20:00,16.4,93,0.6,0
1,25/04/22,20:30,16.4,93,0.6,0
1,25/04/22,21:00,16.2,94,1.6,0
1,25/04/22,21:30,16.0,96,1.8,0
1,25/04/22,22:00,16.2,95,0.2,0
1,25/04/22,22:30,15.8,96,0.2,0
1,25/04/22,23:00,16.1,95,0.0,0
1,25/04/22,23:30,16.3,95,0.0,0
1,26/04/22,00:00,16.6,94,0.0,0
1,26/04/22,0:30,17.1,92,0.0,0
1,26/04/22,1:00,17.0,92,0.0,0
1,26/04/22,1:30,16.7,94,0.0,0
1,26/04/22,2:00,16.5,94,0.0,0
1,26/04/22,2:30,16.6,94,0.0,0
1,26/04/22,3:00,16.5,95,0.0,0
1,26/04/22,3:30,16.8,94,0.0,0
1,26/04/22,4:00,16.3,94,0.0,0
1,26/04/22,4:30,16.3,95,0.0,0
1,26/04/22,5:00,16.2,96,0.0,0
1,26/04/22,5:30,16.2,96,0.0,0
1,26/04/22,6:00,16.2,97,0.0,0
1,26/04/22,6:30,16.2,97,0.0,0
1,26/04/22,7:00,16.2,97,0.0,0
1,26/04/22,7:30,16.3,97,0.0,19
1,26/04/22,8:00,16.8,96,0.0,62
1,26/04/22,8:30,17.1,95,0.0,93
1,26/04/22,9:00,18.3,92,0.0,353
1,26/04/22,9:30,18.2,91,0.0,243
1,26/04/22,10:00,19.1,88,0.0,218
1,26/04/22,10:30,19.9,86,0.0,333
1,26/04/22,11:00,21.4,82,0.0,615
1,26/04/22,11:30,22.2,80,0.0,676
1,26/04/22,12:00,22.4,81,0.0,705
1,26/04/22,12:30,22.9,82,0.0,716
1,26/04/22,13:00,23.7,80,0.0,711
1,26/04/22,13:30,24.3,80,0.0,692
1,26/04/22,14:00,24.8,77,0.0,655
1,26/04/22,14:30,25.4,76,0.0,618
1,26/04/22,15:00,25.4,77,0.0,509
1,26/04/22,15:30,24.5,79,0.0,403
1,26/04/22,16:00,23.8,81,0.0,196
1,26/04/22,16:30,22.7,85,0.0,54
1,26/04/22,17:00,21.9,86,0.0,30
1,26/04/22,17:30,21.6,88,0.0,8
1,26/04/22,18:00,21.4,90,0.0,0
1,26/04/22,18:30,21.1,92,0.0,0
1,26/04/22,19:00,20.8,94,0.2,0
1,26/04/22,19:30,20.8,95,0.2,0
1,26/04/22,20:00,20.7,95,0.0,0
1,26/04/22,20:30,20.3,96,0.0,0
1,26/04/22,21:00,20.2,96,0.0,0
1,26/04/22,21:30,20.3,95,0.2,0
1,26/04/22,22:00,20.3,95,0.0,0
1,26/04/22,22:30,20.2,95,0.0,0
1,26/04/22,23:00,20.3,95,0.0,0
1,26/04/22,23:30,20.3,96,0.0,0
1,27/04/22,00:00,20.1,95,0.0,0
1,27/04/22,0:30,19.9,96,0.0,0
1,27/04/22,1:00,19.7,97,0.0,0
1,27/04/22,1:30,19.5,97,0.0,0
1,27/04/22,2:00,19.4,97,0.0,0
1,27/04/22,2:30,19.4,97,0.0,0
1,27/04/22,3:00,19.3,97,0.0,0
1,27/04/22,3:30,19.4,97,0.0,0
1,27/04/22,4:00,19.6,97,0.0,0
1,27/04/22,4:30,19.6,96,0.0,0
1,27/04/22,5:00,19.5,96,0.0,0
1,27/04/22,5:30,19.7,96,0.0,0
1,27/04/22,6:00,19.7,95,0.0,0
1,27/04/22,6:30,20.1,94,0.0,0
1,27/04/22,7:00,21.4,91,0.0,2
1,27/04/22,7:30,22.2,88,0.0,8
1,27/04/22,8:00,22.7,87,0.0,37
1,27/04/22,8:30,22.7,86,0.0,82
1,27/04/22,9:00,23.2,86,0.0,184
1,27/04/22,9:30,24.6,83,0.0,230
1,27/04/22,10:00,26.3,77,0.0,314
1,27/04/22,10:30,26.8,75,0.0,293
1,27/04/22,11:00,26.9,74,0.0,237
1,27/04/22,11:30,22.6,81,0.0,91
1,27/04/22,12:00,17.8,88,0.0,76
1,27/04/22,12:30,16.4,94,0.2,81
1,27/04/22,13:00,16.0,93,0.4,145
1,27/04/22,13:30,16.3,93,0.0,175
1,27/04/22,14:00,16.1,92,0.0,159
1,27/04/22,14:30,15.7,94,3.0,65
1,27/04/22,15:00,15.8,94,0.2,90
1,27/04/22,15:30,15.7,95,0.6,51
1,27/04/22,16:00,15.8,94,0.0,55
1,27/04/22,16:30,15.8,95,1.8,29
1,27/04/22,17:00,16.2,94,0.0,31
1,27/04/22,17:30,16.3,94,0.0,30
1,27/04/22,18:00,16.4,94,0.0,6
1,27/04/22,18:30,16.3,94,0.0,0
1,27/04/22,19:00,16.3,94,0.0,0
1,27/04/22,19:30,17.3,90,0.0,0
1,27/04/22,20:00,16.4,94,0.0,0
1,27/04/22,20:30,16.7,95,0.0,0
1,27/04/22,21:00,16.7,95,0.0,0
1,27/04/22,21:30,17.1,94,0.0,0
1,27/04/22,22:00,17.0,94,0.0,0
1,27/04/22,22:30,17.1,93,0.0,0
1,27/04/22,23:00,17.2,92,0.0,0
1,27/04/22,23:30,16.9,93,0.6,0
1,28/04/22,00:00,17.1,92,0.0,0
1,28/04/22,0:30,17.2,90,6.0,0
1,28/04/22,1:00,16.5,94,9.2,0
1,28/04/22,1:30,16.7,95,2.4,0
1,28/04/22,2:00,16.5,96,3.8,0
1,28/04/22,2:30,16.5,96,0.2,0
1,28/04/22,3:00,16.4,96,6.0,0
1,28/04/22,3:30,16.6,96,1.0,0
1,28/04/22,4:00,16.4,96,1.8,0
1,28/04/22,4:30,16.4,96,0.4,0
1,28/04/22,5:00,16.3,96,0.8,0
1,28/04/22,5:30,16.0,96,2.2,0
1,28/04/22,6:00,16.0,97,1.4,0
1,28/04/22,6:30,16.1,96,0.6,0
1,28/04/22,7:00,15.9,96,1.8,0
1,28/04/22,7:30,16.0,95,1.0,0
1,28/04/22,8:00,16.0,95,1.4,0
1,28/04/22,8:30,15.7,95,2.4,0
1,28/04/22,9:00,14.8,91,2.8,0
1,28/04/22,9:30,14.4,93,2.2,10
1,28/04/22,10:00,13.8,92,2.6,11
1,28/04/22,10:30,13.9,93,1.4,44
1,28/04/22,11:00,14.4,94,0.0,74
1,28/04/22,11:30,15.2,94,0.0,168
1,28/04/22,12:00,15.9,92,0.0,285
1,28/04/22,12:30,16.2,91,0.0,336
1,28/04/22,13:00,16.3,89,0.0,254
1,28/04/22,13:30,17.2,88,0.0,321
1,28/04/22,14:00,18.1,85,0.0,525
1,28/04/22,14:30,17.8,84,0.0,248
1,28/04/22,15:00,17.8,84,0.0,223
1,28/04/22,15:30,18.4,81,0.0,425
1,28/04/22,16:00,18.6,80,0.0,333
1,28/04/22,16:30,18.1,81,0.0,264
1,28/04/22,17:00,18.5,79,0.0,131
1,28/04/22,17:30,17.4,79,0.0,67
1,28/04/22,18:00,16.3,81,0.0,13
1,28/04/22,18:30,15.3,83,0.0,0
1,28/04/22,19:00,15.2,82,0.0,0
1,28/04/22,19:30,14.9,83,0.0,0
1,28/04/22,20:00,14.8,83,0.0,0
1,28/04/22,20:30,14.4,85,0.0,0
1,28/04/22,21:00,14.1,86,0.0,0
1,28/04/22,21:30,13.8,87,0.0,0
1,28/04/22,22:00,13.4,89,0.0,0
1,28/04/22,22:30,13.1,90,0.0,0
1,28/04/22,23:00,12.8,89,0.0,0
1,28/04/22,23:30,12.2,88,0.0,0
1,29/04/22,00:00,13.4,79,0.0,0
1,29/04/22,0:30,13.1,78,0.0,0
1,29/04/22,1:00,12.5,79,0.0,0
1,29/04/22,1:30,10.6,84,0.0,0
1,29/04/22,2:00,9.8,79,0.0,0
1,29/04/22,2:30,9.3,76,0.0,0
1,29/04/22,3:00,8.9,77,0.0,0
1,29/04/22,3:30,8.5,77,0.0,0
1,29/04/22,4:00,8.2,78,0.0,0
1,29/04/22,4:30,8.1,77,0.0,0
1,29/04/22,5:00,8.1,76,0.0,0
1,29/04/22,5:30,7.6,79,0.0,0
1,29/04/22,6:00,6.9,81,0.0,0
1,29/04/22,6:30,6.6,83,0.0,0
1,29/04/22,7:00,6.2,84,0.0,0
1,29/04/22,7:30,6.3,83,0.0,16
1,29/04/22,8:00,6.8,82,0.0,94
1,29/04/22,8:30,8.9,75,0.0,215
1,29/04/22,9:00,9.6,73,0.0,329
1,29/04/22,9:30,10.4,72,0.0,427
1,29/04/22,10:00,10.9,69,0.0,517
1,29/04/22,10:30,11.6,63,0.0,593
1,29/04/22,11:00,12.8,56,0.0,655
1,29/04/22,11:30,12.8,55,0.0,701
1,29/04/22,12:00,13.5,55,0.0,730
1,29/04/22,12:30,13.9,58,0.0,740
1,29/04/22,13:00,14.5,58,0.0,734
1,29/04/22,13:30,14.8,53,0.0,713
1,29/04/22,14:00,15.1,58,0.0,676
1,29/04/22,14:30,15.6,53,0.0,623
1,29/04/22,15:00,15.7,53,0.0,555
1,29/04/22,15:30,15.8,48,0.0,474
1,29/04/22,16:00,15.8,47,0.0,383
1,29/04/22,16:30,15.4,44,0.0,279
1,29/04/22,17:00,15.1,50,0.0,162
1,29/04/22,17:30,14.3,56,0.0,59
1,29/04/22,18:00,12.6,63,0.0,13
1,29/04/22,18:30,11.2,68,0.0,0
1,29/04/22,19:00,10.8,69,0.0,0
1,29/04/22,19:30,10.4,69,0.0,0
1,29/04/22,20:00,10.5,68,0.0,0
1,29/04/22,20:30,10.0,69,0.0,0
1,29/04/22,21:00,10.2,71,0.0,0
1,29/04/22,21:30,9.8,75,0.0,0
1,29/04/22,22:00,9.4,77,0.0,0
1,29/04/22,22:30,9.8,77,0.0,0
1,29/04/22,23:00,9.8,77,0.0,0
1,29/04/22,23:30,9.6,77,0.0,0
1,30/04/22,00:00,9.4,78,0.0,0
1,30/04/22,0:30,9.2,82,0.0,0
1,30/04/22,1:00,9.1,83,0.0,0
1,30/04/22,1:30,8.9,83,0.0,0
1,30/04/22,2:00,8.7,83,0.0,0
1,30/04/22,2:30,8.4,85,0.0,0
1,30/04/22,3:00,8.7,84,0.0,0
1,30/04/22,3:30,8.8,84,0.0,0
1,30/04/22,4:00,8.6,87,0.0,0
1,30/04/22,4:30,8.7,87,0.0,0
1,30/04/22,5:00,8.6,87,0.0,0
1,30/04/22,5:30,8.4,88,0.0,0
1,30/04/22,6:00,8.3,89,0.0,0
1,30/04/22,6:30,8.2,90,0.0,0
1,30/04/22,7:00,8.2,90,0.0,0
1,30/04/22,7:30,8.8,89,0.0,16
1,30/04/22,8:00,10.1,85,0.0,84
1,30/04/22,8:30,11.2,83,0.0,195
1,30/04/22,9:00,12.2,83,0.0,304
1,30/04/22,9:30,12.8,79,0.0,402
1,30/04/22,10:00,13.3,78,0.0,487
1,30/04/22,10:30,14.2,76,0.0,563
1,30/04/22,11:00,14.6,74,0.0,626
1,30/04/22,11:30,15.3,74,0.0,670
1,30/04/22,12:00,15.8,72,0.0,698
1,30/04/22,12:30,16.4,70,0.0,709
1,30/04/22,13:00,16.8,70,0.0,705
1,30/04/22,13:30,17.3,68,0.0,683
1,30/04/22,14:00,17.6,66,0.0,646
1,30/04/22,14:30,18.1,67,0.0,594
1,30/04/22,15:00,18.2,66,0.0,524
1,30/04/22,15:30,17.5,67,0.0,347
1,30/04/22,16:00,17.5,67,0.0,236
1,30/04/22,16:30,17.2,69,0.0,135
1,30/04/22,17:00,16.7,72,0.0,74
1,30/04/22,17:30,16.2,74,0.0,26
1,30/04/22,18:00,15.7,75,0.0,4
1,30/04/22,18:30,15.2,76,0.0,0
1,30/04/22,19:00,14.9,78,0.0,0
1,30/04/22,19:30,14.6,79,0.0,0
1,30/04/22,20:00,14.3,80,0.0,0
1,30/04/22,20:30,14.0,82,0.0,0
1,30/04/22,21:00,13.7,82,0.0,0
1,30/04/22,21:30,13.6,83,0.0,0
1,30/04/22,22:00,13.4,83,0.0,0
1,30/04/22,22:30,13.4,83,0.0,0
1,30/04/22,23:00,13.3,84,0.0,0
1,30/04/22,23:30,12.8,87,0.0,0
1,01/05/22,00:00,12.8,87,0.0,0
1,01/05/22,0:30,12.9,87,0.0,0
1,01/05/22,1:00,12.9,87,0.0,0
1,01/05/22,1:30,13.0,86,0.0,0
1,01/05/22,2:00,12.7,88,0.0,0
1,01/05/22,2:30,12.4,90,0.0,0
1,01/05/22,3:00,12.6,89,0.0,0
1,01/05/22,3:30,12.5,90,0.0,0
1,01/05/22,4:00,12.2,91,0.0,0
1,01/05/22,4:30,12.2,91,0.0,0
1,01/05/22,5:00,12.2,91,0.0,0
1,01/05/22,5:30,11.8,92,0.0,0
1,01/05/22,6:00,12.2,92,0.0,0
1,01/05/22,6:30,12.3,92,0.0,0
1,01/05/22,7:00,11.9,92,0.0,0
1,01/05/22,7:30,12.3,92,0.0,15
1,01/05/22,8:00,13.4,91,0.0,80
1,01/05/22,8:30,14.0,89,0.0,158
1,01/05/22,9:00,15.1,87,0.0,277
1,01/05/22,9:30,15.7,86,0.0,374
1,01/05/22,10:00,15.9,85,0.0,489
1,01/05/22,10:30,16.7,83,0.0,548
1,01/05/22,11:00,17.4,83,0.0,560
1,01/05/22,11:30,17.8,82,0.0,527
1,01/05/22,12:00,17.7,80,0.0,387
1,01/05/22,12:30,17.7,82,0.0,393
1,01/05/22,13:00,18.4,76,0.0,686
1,01/05/22,13:30,18.8,74,0.0,650
1,01/05/22,14:00,19.4,69,0.0,664
1,01/05/22,14:30,19.3,63,0.0,594
1,01/05/22,15:00,19.7,63,0.0,525
1,01/05/22,15:30,19.5,64,0.0,446
1,01/05/22,16:00,19.5,64,0.0,354
1,01/05/22,16:30,19.3,64,0.0,259
1,01/05/22,17:00,19.1,63,0.0,149
1,01/05/22,17:30,18.1,65,0.0,51
1,01/05/22,18:00,16.7,70,0.0,10
1,01/05/22,18:30,15.3,75,0.0,0
1,01/05/22,19:00,14.4,79,0.0,0
1,01/05/22,19:30,14.3,82,0.0,0
1,01/05/22,20:00,13.9,82,0.0,0
1,01/05/22,20:30,13.9,86,0.0,0
1,01/05/22,21:00,13.7,86,0.0,0
1,01/05/22,21:30,13.0,88,0.0,0
1,01/05/22,22:00,12.8,83,0.0,0
1,01/05/22,22:30,12.6,79,0.0,0
1,01/05/22,23:00,12.0,80,0.0,0
1,01/05/22,23:30,12.1,86,0.0,0
1,02/05/22,00:00,11.7,88,0.0,0
1,02/05/22,0:30,11.6,89,0.0,0
1,02/05/22,1:00,11.8,89,0.0,0
1,02/05/22,1:30,11.8,90,0.0,0
1,02/05/22,2:00,11.4,90,0.0,0
1,02/05/22,2:30,10.9,89,0.0,0
1,02/05/22,3:00,11.1,88,0.0,0
1,02/05/22,3:30,10.6,87,0.0,0
1,02/05/22,4:00,10.3,85,0.0,0
1,02/05/22,4:30,10.0,86,0.0,0
1,02/05/22,5:00,9.9,87,0.0,0
1,02/05/22,5:30,9.8,90,0.0,0
1,02/05/22,6:00,9.6,91,0.0,0
1,02/05/22,6:30,9.6,92,0.0,0
1,02/05/22,7:00,9.8,92,0.0,0
1,02/05/22,7:30,10.1,92,0.0,6
1,02/05/22,8:00,10.3,92,0.0,31
1,02/05/22,8:30,10.5,91,0.0,77
1,02/05/22,9:00,10.9,90,0.0,98
1,02/05/22,9:30,11.4,89,0.0,138
1,02/05/22,10:00,12.2,87,0.0,191
1,02/05/22,10:30,12.9,82,0.0,349
1,02/05/22,11:00,14.1,76,0.0,553
1,02/05/22,11:30,14.1,73,0.0,293
1,02/05/22,12:00,14.5,72,0.0,315
1,02/05/22,12:30,15.4,72,0.0,525
1,02/05/22,13:00,15.3,73,0.0,453
1,02/05/22,13:30,15.2,71,0.0,363
1,02/05/22,14:00,15.6,70,0.0,389
1,02/05/22,14:30,16.4,69,0.0,452
1,02/05/22,15:00,15.7,70,0.0,201
1,02/05/22,15:30,15.8,70,0.0,154
1,02/05/22,16:00,16.0,71,0.0,261
1,02/05/22,16:30,15.7,73,0.0,113
1,02/05/22,17:00,15.4,74,0.0,45
1,02/05/22,17:30,15.1,78,0.0,45
1,02/05/22,18:00,14.7,82,0.0,9
1,02/05/22,18:30,14.2,85,0.0,0
1,02/05/22,19:00,14.1,86,0.0,0
1,02/05/22,19:30,14.2,87,0.0,0
1,02/05/22,20:00,14.1,87,0.0,0
1,02/05/22,20:30,13.9,88,0.0,0
1,02/05/22,21:00,13.4,89,0.0,0
1,02/05/22,21:30,13.4,90,0.0,0
1,02/05/22,22:00,13.1,90,0.0,0
1,02/05/22,22:30,13.1,90,0.0,0
1,02/05/22,23:00,12.6,92,0.0,0
1,02/05/22,23:30,12.6,92,0.0,0
1,03/05/22,00:00,12.6,93,0.0,0
1,03/05/22,0:30,12.4,93,0.0,0
1,03/05/22,1:00,12.3,93,0.0,0
1,03/05/22,1:30,12.4,93,0.0,0
1,03/05/22,2:00,12.3,93,0.0,0
1,03/05/22,2:30,12.4,93,0.0,0
1,03/05/22,3:00,12.5,94,0.0,0
1,03/05/22,3:30,12.6,94,0.0,0
1,03/05/22,4:00,12.7,94,0.0,0
1,03/05/22,4:30,12.8,92,0.0,0
1,03/05/22,5:00,12.9,90,0.0,0
1,03/05/22,5:30,12.9,90,0.0,0
1,03/05/22,6:00,12.8,89,0.0,0
1,03/05/22,6:30,13.0,88,0.0,0
1,03/05/22,7:00,13.1,87,0.0,0
1,03/05/22,7:30,12.8,88,0.0,1
1,03/05/22,8:00,12.9,88,0.0,15
1,03/05/22,8:30,13.1,88,0.0,58
1,03/05/22,9:00,13.1,87,0.0,74
1,03/05/22,9:30,13.3,86,0.0,146
1,03/05/22,10:00,13.5,84,0.0,162
1,03/05/22,10:30,13.4,86,0.0,135
1,03/05/22,11:00,13.3,88,0.0,194
1,03/05/22,11:30,13.2,89,0.0,177
1,03/05/22,12:00,12.9,91,1.0,178
1,03/05/22,12:30,13.0,92,1.0,246
1,03/05/22,13:00,13.2,91,0.0,224
1,03/05/22,13:30,13.5,89,0.0,201
1,03/05/22,14:00,13.7,88,0.0,213
1,03/05/22,14:30,13.3,90,0.0,116
1,03/05/22,15:00,13.3,92,0.0,87
1,03/05/22,15:30,13.3,91,0.0,65
1,03/05/22,16:00,13.2,91,0.2,58
1,03/05/22,16:30,13.3,93,0.2,41
1,03/05/22,17:00,13.3,94,0.6,32
1,03/05/22,17:30,13.4,94,0.2,12
1,03/05/22,18:00,13.5,94,0.2,1
1,03/05/22,18:30,13.6,95,0.0,0
1,03/05/22,19:00,13.8,94,0.2,0
1,03/05/22,19:30,13.8,94,0.2,0
1,03/05/22,20:00,13.8,94,0.0,0
1,03/05/22,20:30,13.8,94,0.0,0
1,03/05/22,21:00,14.1,94,0.0,0
1,03/05/22,21:30,14.2,93,0.0,0
1,03/05/22,22:00,14.2,93,0.0,0
1,03/05/22,22:30,14.3,93,0.0,0
1,03/05/22,23:00,14.1,93,0.0,0
1,03/05/22,23:30,14.0,93,0.0,0
1,04/05/22,00:00,14.2,93,0.0,0
1,04/05/22,0:30,14.3,93,0.0,0
1,04/05/22,1:00,14.3,93,0.0,0
1,04/05/22,1:30,14.3,93,0.0,0
1,04/05/22,2:00,14.3,94,0.0,0
1,04/05/22,2:30,14.3,94,0.0,0
1,04/05/22,3:00,14.3,95,0.0,0
1,04/05/22,3:30,14.3,95,0.0,0
1,04/05/22,4:00,14.2,94,0.0,0
1,04/05/22,4:30,14.3,94,0.0,0
1,04/05/22,5:00,14.5,94,0.0,0
1,04/05/22,5:30,14.4,93,0.0,0
1,04/05/22,6:00,14.4,93,0.0,0
1,04/05/22,6:30,14.7,92,0.0,0
1,04/05/22,7:00,14.7,92,0.0,0
1,04/05/22,7:30,14.8,91,0.0,3
1,04/05/22,8:00,14.9,91,0.0,57
1,04/05/22,8:30,15.1,91,0.0,102
1,04/05/22,9:00,15.4,90,0.0,201
1,04/05/22,9:30,15.7,89,0.0,223
1,04/05/22,10:00,15.8,88,0.0,187
1,04/05/22,10:30,16.7,85,0.0,294
1,04/05/22,11:00,16.8,83,0.0,449
1,04/05/22,11:30,17.6,80,0.0,453
1,04/05/22,12:00,17.4,80,0.0,492
1,04/05/22,12:30,18.2,77,0.0,407
1,04/05/22,13:00,18.1,77,0.0,433
1,04/05/22,13:30,18.2,77,0.0,319
1,04/05/22,14:00,18.1,74,0.0,321
1,04/05/22,14:30,16.9,83,0.0,235
1,04/05/22,15:00,17.8,77,0.0,208
1,04/05/22,15:30,17.7,76,0.0,207
1,04/05/22,16:00,17.7,75,0.0,178
1,04/05/22,16:30,17.6,76,0.0,128
1,04/05/22,17:00,17.3,77,0.0,97
1,04/05/22,17:30,16.7,78,0.0,54
1,04/05/22,18:00,15.6,80,0.0,10
1,04/05/22,18:30,14.5,83,0.0,0
1,04/05/22,19:00,13.6,85,0.0,0
1,04/05/22,19:30,13.3,85,0.0,0
1,04/05/22,20:00,12.6,87,0.0,0
1,04/05/22,20:30,13.1,86,0.0,0
1,04/05/22,21:00,12.4,86,0.0,0
1,04/05/22,21:30,12.5,86,0.0,0
1,04/05/22,22:00,12.9,86,0.0,0
1,04/05/22,22:30,12.3,88,0.0,0
1,04/05/22,23:00,12.2,90,0.0,0
1,04/05/22,23:30,12.0,91,0.0,0
1,05/05/22,00:00,12.1,92,0.0,0
1,05/05/22,0:30,12.7,93,0.0,0
1,05/05/22,1:00,12.6,93,0.0,0
1,05/05/22,1:30,12.6,93,0.0,0
1,05/05/22,2:00,12.3,94,0.0,0
1,05/05/22,2:30,12.5,94,0.0,0
1,05/05/22,3:00,12.5,94,0.0,0
1,05/05/22,3:30,12.3,94,0.0,0
1,05/05/22,4:00,12.5,95,0.0,0
1,05/05/22,4:30,12.3,95,0.0,0
1,05/05/22,5:00,12.4,96,0.0,0
1,05/05/22,5:30,12.0,96,0.0,0
1,05/05/22,6:00,11.9,96,0.0,0
1,05/05/22,6:30,11.9,97,0.0,0
1,05/05/22,7:00,11.8,97,0.0,0
1,05/05/22,7:30,11.8,97,0.0,11
1,05/05/22,8:00,12.6,96,0.0,85
1,05/05/22,8:30,13.5,95,0.0,188
1,05/05/22,9:00,14.9,93,0.0,294
1,05/05/22,9:30,15.9,88,0.0,393
1,05/05/22,10:00,16.1,84,0.0,455
1,05/05/22,10:30,16.7,83,0.0,354
1,05/05/22,11:00,16.3,80,0.0,411
1,05/05/22,11:30,17.4,72,0.0,475
1,05/05/22,12:00,18.7,69,0.0,793
1,05/05/22,12:30,18.8,68,0.0,801
1,05/05/22,13:00,18.2,68,0.0,572
1,05/05/22,13:30,18.4,67,0.0,391
1,05/05/22,14:00,18.9,67,0.0,616
1,05/05/22,14:30,19.1,64,0.0,417
1,05/05/22,15:00,18.8,66,0.0,418
1,05/05/22,15:30,19.3,64,0.0,214
1,05/05/22,16:00,19.2,62,0.0,360
1,05/05/22,16:30,19.1,65,0.0,243
1,05/05/22,17:00,18.5,68,0.0,145
1,05/05/22,17:30,17.4,70,0.0,39
1,05/05/22,18:00,15.9,76,0.0,8
1,05/05/22,18:30,15.1,80,0.0,0
1,05/05/22,19:00,14.7,79,0.0,0
1,05/05/22,19:30,14.4,80,0.0,0
1,05/05/22,20:00,14.1,81,0.0,0
1,05/05/22,20:30,13.9,80,0.0,0
1,05/05/22,21:00,14.1,79,0.0,0
1,05/05/22,21:30,14.1,78,0.0,0
1,05/05/22,22:00,14.6,77,0.0,0
1,05/05/22,22:30,14.5,77,0.0,0
1,05/05/22,23:00,13.9,80,0.0,0
1,05/05/22,23:30,13.6,81,0.0,0
1,06/05/22,00:00,13.3,83,0.0,0
1,06/05/22,0:30,13.0,84,0.0,0
1,06/05/22,1:00,12.8,84,0.0,0
1,06/05/22,1:30,12.5,85,0.0,0
1,06/05/22,2:00,12.7,85,0.0,0
1,06/05/22,2:30,12.7,86,0.0,0
1,06/05/22,3:00,12.5,87,0.0,0
1,06/05/22,3:30,12.4,88,0.0,0
1,06/05/22,4:00,12.2,90,0.0,0
1,06/05/22,4:30,12.1,91,0.0,0
1,06/05/22,5:00,12.1,91,0.0,0
1,06/05/22,5:30,12.0,92,0.0,0
1,06/05/22,6:00,11.9,92,0.0,0
1,06/05/22,6:30,11.9,93,0.0,0
1,06/05/22,7:00,11.9,93,0.0,0
1,06/05/22,7:30,12.2,93,0.0,10
1,06/05/22,8:00,12.8,91,0.0,72
1,06/05/22,8:30,13.7,90,0.0,178
1,06/05/22,9:00,14.2,89,0.0,289
1,06/05/22,9:30,14.8,87,0.0,385
1,06/05/22,10:00,15.4,84,0.0,471
1,06/05/22,10:30,16.5,80,0.0,545
1,06/05/22,11:00,17.6,74,0.0,607
1,06/05/22,11:30,18.1,72,0.0,668
1,06/05/22,12:00,18.4,70,0.0,704
1,06/05/22,12:30,18.7,67,0.0,615
1,06/05/22,13:00,18.4,67,0.0,448
1,06/05/22,13:30,19.3,66,0.0,649
1,06/05/22,14:00,19.5,65,0.0,533
1,06/05/22,14:30,19.7,63,0.0,516
1,06/05/22,15:00,19.5,64,0.0,419
1,06/05/22,15:30,19.7,64,0.0,351
1,06/05/22,16:00,20.1,63,0.0,359
1,06/05/22,16:30,20.2,65,0.0,240
1,06/05/22,17:00,19.3,66,0.0,124
1,06/05/22,17:30,17.8,70,0.0,24
1,06/05/22,18:00,16.9,71,0.0,5
1,06/05/22,18:30,16.7,71,0.0,0
1,06/05/22,19:00,16.6,72,0.0,0
1,06/05/22,19:30,15.9,75,0.0,0
1,06/05/22,20:00,15.7,75,0.0,0
1,06/05/22,20:30,14.6,80,0.0,0
1,06/05/22,21:00,14.8,80,0.0,0
1,06/05/22,21:30,14.6,80,0.0,0
1,06/05/22,22:00,14.7,80,0.0,0
1,06/05/22,22:30,14.5,79,0.0,0
1,06/05/22,23:00,13.4,84,0.0,0
1,06/05/22,23:30,13.3,86,0.0,0
1,07/05/22,00:00,13.4,84,0.0,0
1,07/05/22,0:30,13.3,84,0.0,0
1,07/05/22,1:00,13.3,84,0.0,0
1,07/05/22,1:30,12.4,87,0.0,0
1,07/05/22,2:00,12.8,88,0.0,0
1,07/05/22,2:30,13.2,88,0.0,0
1,07/05/22,3:00,12.7,87,0.0,0
1,07/05/22,3:30,12.9,87,0.0,0
1,07/05/22,4:00,13.4,87,0.0,0
1,07/05/22,4:30,12.3,90,0.0,0
1,07/05/22,5:00,12.9,88,0.0,0
1,07/05/22,5:30,12.7,87,0.0,0
1,07/05/22,6:00,12.3,87,0.0,0
1,07/05/22,6:30,11.7,87,0.0,0
1,07/05/22,7:00,12.2,85,0.0,0
1,07/05/22,7:30,11.1,89,0.0,9
1,07/05/22,8:00,13.2,86,0.0,74
1,07/05/22,8:30,13.3,84,0.0,179
1,07/05/22,9:00,14.7,83,0.0,292
1,07/05/22,9:30,15.7,79,0.0,388
1,07/05/22,10:00,16.1,78,0.0,473
1,07/05/22,10:30,16.4,75,0.0,547
1,07/05/22,11:00,17.2,76,0.0,606
1,07/05/22,11:30,17.9,75,0.0,649
1,07/05/22,12:00,18.5,73,0.0,677
1,07/05/22,12:30,19.2,71,0.0,688
1,07/05/22,13:00,19.3,71,0.0,683
1,07/05/22,13:30,19.9,67,0.0,664
1,07/05/22,14:00,20.1,70,0.0,623
1,07/05/22,14:30,20.1,68,0.0,572
1,07/05/22,15:00,20.4,67,0.0,504
1,07/05/22,15:30,20.5,67,0.0,425
1,07/05/22,16:00,20.5,69,0.0,338
1,07/05/22,16:30,20.2,69,0.0,240
1,07/05/22,17:00,19.7,72,0.0,129
1,07/05/22,17:30,18.6,75,0.0,39
1,07/05/22,18:00,17.3,80,0.0,7
1,07/05/22,18:30,16.9,81,0.0,0
1,07/05/22,19:00,16.6,79,0.0,0
1,07/05/22,19:30,16.3,81,0.0,0
1,07/05/22,20:00,15.9,81,0.0,0
1,07/05/22,20:30,15.3,82,0.0,0
1,07/05/22,21:00,15.8,80,0.0,0
1,07/05/22,21:30,15.4,82,0.0,0
1,07/05/22,22:00,15.2,78,0.0,0
1,07/05/22,22:30,14.8,77,0.0,0
1,07/05/22,23:00,13.9,77,0.0,0
1,07/05/22,23:30,14.1,78,0.0,0
1,08/05/22,00:00,13.1,82,0.0,0
1,08/05/22,0:30,12.6,86,0.0,0
1,08/05/22,1:00,12.1,89,0.0,0
1,08/05/22,1:30,11.8,91,0.0,0
1,08/05/22,2:00,11.7,93,0.0,0
1,08/05/22,2:30,11.8,93,0.0,0
1,08/05/22,3:00,11.7,93,0.0,0
1,08/05/22,3:30,11.6,94,0.0,0
1,08/05/22,4:00,11.1,95,0.0,0
1,08/05/22,4:30,11.3,95,0.0,0
1,08/05/22,5:00,11.3,95,0.0,0
1,08/05/22,5:30,11.6,96,0.0,0
1,08/05/22,6:00,11.6,96,0.0,0
1,08/05/22,6:30,11.6,96,0.0,0
1,08/05/22,7:00,11.7,97,0.0,0
1,08/05/22,7:30,11.7,97,0.0,6
1,08/05/22,8:00,11.9,97,0.0,32
1,08/05/22,8:30,12.3,97,0.0,101
1,08/05/22,9:00,12.6,97,0.0,190
1,08/05/22,9:30,13.7,97,0.0,377
1,08/05/22,10:00,14.6,94,0.0,481
1,08/05/22,10:30,16.2,87,0.0,546
1,08/05/22,11:00,16.8,84,0.0,604
1,08/05/22,11:30,17.7,81,0.0,645
1,08/05/22,12:00,17.4,81,0.0,672
1,08/05/22,12:30,18.2,79,0.0,685
1,08/05/22,13:00,18.9,75,0.0,679
1,08/05/22,13:30,19.8,73,0.0,659
1,08/05/22,14:00,19.9,72,0.0,621
1,08/05/22,14:30,20.4,72,0.0,568
1,08/05/22,15:00,20.8,73,0.0,502
1,08/05/22,15:30,20.8,71,0.0,423
1,08/05/22,16:00,21.1,70,0.0,334
1,08/05/22,16:30,21.0,69,0.0,236
1,08/05/22,17:00,20.5,69,0.0,126
1,08/05/22,17:30,19.6,77,0.0,37
1,08/05/22,18:00,18.4,78,0.0,6
1,08/05/22,18:30,17.8,78,0.0,0
1,08/05/22,19:00,17.1,79,0.0,0
1,08/05/22,19:30,17.1,80,0.0,0
1,08/05/22,20:00,16.6,81,0.0,0
1,08/05/22,20:30,16.5,79,0.0,0
1,08/05/22,21:00,16.4,80,0.0,0
1,08/05/22,21:30,16.3,81,0.0,0
1,08/05/22,22:00,15.9,82,0.0,0
1,08/05/22,22:30,15.4,84,0.0,0
1,08/05/22,23:00,14.7,87,0.0,0
1,08/05/22,23:30,14.0,90,0.0,0
1,09/05/22,00:00,13.7,91,0.0,0
1,09/05/22,0:30,12.9,92,0.0,0
1,09/05/22,1:00,12.2,93,0.0,0
1,09/05/22,1:30,12.8,93,0.0,0
1,09/05/22,2:00,12.8,92,0.0,0
1,09/05/22,2:30,12.5,91,0.0,0
1,09/05/22,3:00,12.6,92,0.0,0
1,09/05/22,3:30,12.8,93,0.0,0
1,09/05/22,4:00,11.8,93,0.0,0
1,09/05/22,4:30,12.3,94,0.0,0
1,09/05/22,5:00,12.6,94,0.0,0
1,09/05/22,5:30,12.7,95,0.0,0
1,09/05/22,6:00,12.8,95,0.0,0
1,09/05/22,6:30,12.9,95,0.0,0
1,09/05/22,7:00,12.8,95,0.0,0
1,09/05/22,7:30,12.8,95,0.0,8
1,09/05/22,8:00,13.4,94,0.0,71
1,09/05/22,8:30,14.2,92,0.0,172
1,09/05/22,9:00,15.7,90,0.0,277
1,09/05/22,9:30,16.8,87,0.0,371
1,09/05/22,10:00,16.8,86,0.0,455
1,09/05/22,10:30,17.4,86,0.0,527
1,09/05/22,11:00,17.9,81,0.0,587
1,09/05/22,11:30,19.0,79,0.0,631
1,09/05/22,12:00,19.4,76,0.0,660
1,09/05/22,12:30,20.3,74,0.0,674
1,09/05/22,13:00,20.8,66,0.0,669
1,09/05/22,13:30,21.1,67,0.0,648
1,09/05/22,14:00,21.6,65,0.0,613
1,09/05/22,14:30,21.6,63,0.0,561
1,09/05/22,15:00,21.9,62,0.0,495
1,09/05/22,15:30,21.9,61,0.0,417
1,09/05/22,16:00,21.8,60,0.0,323
1,09/05/22,16:30,21.8,62,0.0,231
1,09/05/22,17:00,21.3,66,0.0,112
1,09/05/22,17:30,19.7,73,0.0,34
1,09/05/22,18:00,18.6,75,0.0,7
1,09/05/22,18:30,18.2,78,0.0,0
1,09/05/22,19:00,18.0,79,0.0,0
1,09/05/22,19:30,17.1,83,0.0,0
1,09/05/22,20:00,17.2,84,0.0,0
1,09/05/22,20:30,17.2,87,0.0,0
1,09/05/22,21:00,17.5,88,0.0,0
1,09/05/22,21:30,17.4,89,0.0,0
1,09/05/22,22:00,17.3,89,0.0,0
1,09/05/22,22:30,16.9,89,0.0,0
1,09/05/22,23:00,17.1,88,0.0,0
1,09/05/22,23:30,17.0,87,0.0,0
1,10/05/22,00:00,16.8,87,0.0,0
1,10/05/22,0:30,16.4,89,0.0,0
1,10/05/22,1:00,15.8,90,0.0,0
1,10/05/22,1:30,15.4,91,0.0,0
1,10/05/22,2:00,15.2,92,0.0,0
1,10/05/22,2:30,15.2,92,0.0,0
1,10/05/22,3:00,14.9,92,0.0,0
1,10/05/22,3:30,14.8,92,0.0,0
1,10/05/22,4:00,15.3,90,0.0,0
1,10/05/22,4:30,15.8,85,0.0,0
1,10/05/22,5:00,16.2,82,0.0,0
1,10/05/22,5:30,15.9,84,0.0,0
1,10/05/22,6:00,15.8,83,0.0,0
1,10/05/22,6:30,15.9,82,0.0,0
1,10/05/22,7:00,14.7,89,0.0,0
1,10/05/22,7:30,15.3,86,0.0,4
1,10/05/22,8:00,15.4,86,0.0,22
1,10/05/22,8:30,15.6,87,0.0,26
1,10/05/22,9:00,15.2,90,0.2,24
1,10/05/22,9:30,14.7,91,1.0,21
1,10/05/22,10:00,14.8,94,1.6,39
1,10/05/22,10:30,14.8,94,0.0,49
1,10/05/22,11:00,15.2,95,0.0,80
1,10/05/22,11:30,15.5,94,0.2,126
1,10/05/22,12:00,16.1,93,0.0,205
1,10/05/22,12:30,16.2,92,0.0,138
1,10/05/22,13:00,16.6,91,0.0,192
1,10/05/22,13:30,16.7,90,0.0,220
1,10/05/22,14:00,17.0,88,0.0,237
1,10/05/22,14:30,17.3,88,0.0,281
1,10/05/22,15:00,17.8,89,0.0,326
1,10/05/22,15:30,17.8,86,0.0,342
1,10/05/22,16:00,17.7,87,0.0,233
1,10/05/22,16:30,17.3,89,0.0,121
1,10/05/22,17:00,16.6,92,0.0,58
1,10/05/22,17:30,16.0,93,0.0,21
1,10/05/22,18:00,15.8,94,0.0,4
1,10/05/22,18:30,15.7,94,0.0,0
1,10/05/22,19:00,15.6,94,0.0,0
1,10/05/22,19:30,15.3,95,0.0,0
1,10/05/22,20:00,15.2,95,0.0,0
1,10/05/22,20:30,14.9,96,0.0,0
1,10/05/22,21:00,14.7,96,0.0,0
1,10/05/22,21:30,14.7,96,0.0,0
1,10/05/22,22:00,14.6,97,0.0,0
1,10/05/22,22:30,14.5,97,0.0,0
1,10/05/22,23:00,14.6,97,0.0,0
1,10/05/22,23:30,14.3,96,0.0,0
1,11/05/22,00:00,14.0,96,0.0,0
1,11/05/22,0:30,14.1,97,0.0,0
1,11/05/22,1:00,14.1,97,0.0,0
1,11/05/22,1:30,14.1,96,0.0,0
1,11/05/22,2:00,13.7,96,0.0,0
1,11/05/22,2:30,13.3,97,0.0,0
1,11/05/22,3:00,13.1,97,0.0,0
1,11/05/22,3:30,13.2,97,0.0,0
1,11/05/22,4:00,13.4,97,0.0,0
1,11/05/22,4:30,13.6,98,0.0,0
1,11/05/22,5:00,13.6,98,0.0,0
1,11/05/22,5:30,13.8,98,0.0,0
1,11/05/22,6:00,13.8,98,0.0,0
1,11/05/22,6:30,13.6,98,0.0,0
1,11/05/22,7:00,12.5,98,0.0,0
1,11/05/22,7:30,12.1,97,0.0,0
1,11/05/22,8:00,12.2,96,0.0,9
1,11/05/22,8:30,12.1,96,0.0,24
1,11/05/22,9:00,12.5,96,0.0,120
1,11/05/22,9:30,13.6,93,0.0,320
1,11/05/22,10:00,14.1,90,0.0,366
1,11/05/22,10:30,14.0,88,0.0,204
1,11/05/22,11:00,14.4,87,0.0,277
1,11/05/22,11:30,14.2,87,0.0,209
1,11/05/22,12:00,13.8,90,0.0,138
1,11/05/22,12:30,13.6,92,0.0,126
1,11/05/22,13:00,13.9,92,0.0,196
1,11/05/22,13:30,14.7,88,0.0,355
1,11/05/22,14:00,14.9,88,0.0,193
1,11/05/22,14:30,15.1,88,0.0,135
1,11/05/22,15:00,15.4,87,0.0,174
1,11/05/22,15:30,15.4,86,0.0,207
1,11/05/22,16:00,16.3,82,0.0,187
1,11/05/22,16:30,16.3,82,0.0,213
1,11/05/22,17:00,15.6,84,0.0,77
1,11/05/22,17:30,14.9,86,0.0,24
1,11/05/22,18:00,14.4,88,0.0,7
1,11/05/22,18:30,14.3,89,0.0,0
1,11/05/22,19:00,14.1,90,0.2,0
1,11/05/22,19:30,13.4,93,0.8,0
1,11/05/22,20:00,13.1,93,0.0,0
1,11/05/22,20:30,13.3,94,0.0,0
1,11/05/22,21:00,13.1,94,0.0,0
1,11/05/22,21:30,12.9,95,0.0,0
1,11/05/22,22:00,12.4,95,0.0,0
1,11/05/22,22:30,12.2,94,0.0,0
1,11/05/22,23:00,12.2,95,0.0,0
1,11/05/22,23:30,11.9,95,0.0,0
1,12/05/22,00:00,12.2,94,0.0,0
1,12/05/22,0:30,12.2,94,0.0,0
1,12/05/22,1:00,11.8,94,0.0,0
1,12/05/22,1:30,11.6,95,0.0,0
1,12/05/22,2:00,11.9,94,0.0,0
1,12/05/22,2:30,11.8,95,0.0,0
1,12/05/22,3:00,11.7,95,0.0,0
1,12/05/22,3:30,11.8,95,0.0,0
1,12/05/22,4:00,11.6,94,0.0,0
1,12/05/22,4:30,11.1,94,0.0,0
1,12/05/22,5:00,11.2,92,0.0,0
1,12/05/22,5:30,10.8,92,0.0,0
1,12/05/22,6:00,10.6,93,0.0,0
1,12/05/22,6:30,10.7,93,0.0,0
1,12/05/22,7:00,10.2,93,0.0,0
1,12/05/22,7:30,10.3,94,0.0,10
1,12/05/22,8:00,10.6,94,0.0,84
1,12/05/22,8:30,10.9,93,0.0,169
1,12/05/22,9:00,11.3,92,0.0,219
1,12/05/22,9:30,11.8,91,0.0,302
1,12/05/22,10:00,13.1,87,0.0,455
1,12/05/22,10:30,14.0,81,0.0,544
1,12/05/22,11:00,14.4,74,0.0,601
1,12/05/22,11:30,14.6,74,0.0,404
1,12/05/22,12:00,14.8,73,0.0,262
1,12/05/22,12:30,15.2,71,0.0,272
1,12/05/22,13:00,15.8,68,0.0,546
1,12/05/22,13:30,16.2,59,0.0,503
1,12/05/22,14:00,15.6,58,0.0,334
1,12/05/22,14:30,16.9,57,0.0,474
1,12/05/22,15:00,15.9,62,0.0,196
1,12/05/22,15:30,16.9,60,0.0,262
1,12/05/22,17:00,15.8,63,0.0,132
1,12/05/22,17:30,14.9,67,0.0,37
1,12/05/22,18:00,13.4,72,0.0,6
1,12/05/22,18:30,12.7,74,0.0,0
1,12/05/22,19:00,12.7,72,0.0,0
1,12/05/22,19:30,11.9,74,0.0,0
1,12/05/22,20:00,12.0,74,0.0,0
1,12/05/22,20:30,11.7,77,0.0,0
1,12/05/22,21:00,11.6,78,0.0,0
1,12/05/22,21:30,11.5,80,0.0,0
1,12/05/22,22:00,11.5,81,0.0,0
1,12/05/22,22:30,11.2,87,0.0,0
1,12/05/22,23:00,11.2,89,0.0,0
1,12/05/22,23:30,11.2,90,0.0,0
1,13/05/22,00:00,11.1,91,0.0,0
1,13/05/22,0:30,11.0,91,0.0,0
1,13/05/22,1:00,10.9,91,0.0,0
1,13/05/22,1:30,10.9,91,0.0,0
1,13/05/22,2:00,10.4,92,0.0,0
1,13/05/22,2:30,10.3,92,0.0,0
1,13/05/22,3:00,10.3,92,0.0,0
1,13/05/22,3:30,10.4,91,0.0,0
1,13/05/22,4:00,9.8,93,0.0,0
1,13/05/22,4:30,10.1,93,0.0,0
1,13/05/22,5:00,10.2,93,0.0,0
1,13/05/22,5:30,10.4,91,0.0,0
1,13/05/22,6:00,10.3,92,0.0,0
1,13/05/22,6:30,10.3,92,0.0,0
1,13/05/22,7:00,10.3,92,0.0,0
1,13/05/22,7:30,10.2,92,0.0,10
1,13/05/22,8:00,10.9,92,0.0,62
1,13/05/22,8:30,12.3,88,0.0,166
1,13/05/22,9:00,12.9,86,0.0,212
1,13/05/22,9:30,13.7,83,0.0,323
1,13/05/22,10:00,14.3,81,0.0,410
1,13/05/22,10:30,14.9,77,0.0,487
1,13/05/22,11:00,15.6,73,0.0,557
1,13/05/22,11:30,16.2,69,0.0,577
1,13/05/22,12:00,16.6,65,0.0,614
1,13/05/22,12:30,17.2,66,0.0,660
1,13/05/22,13:00,17.3,65,0.0,581
1,13/05/22,13:30,17.6,64,0.0,603
1,13/05/22,14:00,18.1,63,0.0,568
1,13/05/22,14:30,17.8,64,0.0,532
1,13/05/22,15:00,18.1,64,0.0,468
1,13/05/22,15:30,18.1,67,0.0,391
1,13/05/22,16:00,17.9,67,0.0,330
1,13/05/22,16:30,17.1,70,0.0,173
1,13/05/22,17:00,17.0,71,0.0,128
1,13/05/22,17:30,16.0,74,0.0,58
1,13/05/22,18:00,14.8,79,0.0,5
1,13/05/22,18:30,14.2,80,0.0,0
1,13/05/22,19:00,13.8,81,0.0,0
1,13/05/22,19:30,13.5,82,0.0,0
1,13/05/22,20:00,13.4,82,0.0,0
1,13/05/22,20:30,12.8,84,0.0,0
1,13/05/22,21:00,12.5,86,0.0,0
1,13/05/22,21:30,12.5,85,0.0,0
1,13/05/22,22:00,12.3,85,0.0,0
1,13/05/22,22:30,12.2,86,0.0,0
1,13/05/22,23:00,12.1,86,0.0,0
1,13/05/22,23:30,12.1,90,0.0,0
1,14/05/22,00:00,11.6,91,0.0,0
1,14/05/22,0:30,11.7,92,0.0,0
1,14/05/22,1:00,11.7,92,0.0,0
1,14/05/22,1:30,11.8,93,0.0,0
1,14/05/22,2:00,11.8,93,0.0,0
1,14/05/22,2:30,11.9,92,0.0,0
1,14/05/22,3:00,11.3,93,0.0,0
1,14/05/22,3:30,11.7,93,0.0,0
1,14/05/22,4:00,12.2,92,0.0,0
1,14/05/22,4:30,12.1,92,0.0,0
1,14/05/22,5:00,12.1,93,0.0,0
1,14/05/22,5:30,11.9,93,0.0,0
1,14/05/22,6:00,11.9,94,0.0,0
1,14/05/22,6:30,12.3,94,0.0,0
1,14/05/22,7:00,11.9,94,0.0,0
1,14/05/22,7:30,12.2,94,0.0,1
1,14/05/22,8:00,12.5,94,0.0,17
1,14/05/22,8:30,12.9,94,0.0,30
1,14/05/22,9:00,13.4,93,0.0,70
1,14/05/22,9:30,13.9,92,0.0,78
1,14/05/22,10:00,14.1,93,0.0,110
1,14/05/22,10:30,14.6,92,0.0,179
1,14/05/22,11:00,15.4,90,0.0,247
1,14/05/22,11:30,15.2,89,0.0,222
1,14/05/22,12:00,15.5,89,0.0,231
1,14/05/22,12:30,16.0,89,0.0,274
1,14/05/22,13:00,16.2,87,0.0,303
1,14/05/22,13:30,16.5,86,0.0,241
1,14/05/22,14:00,17.2,85,0.0,278
1,14/05/22,14:30,17.3,85,0.0,340
1,14/05/22,15:00,17.4,84,0.0,234
1,14/05/22,15:30,17.7,83,0.0,217
1,14/05/22,16:00,17.9,83,0.0,315
1,14/05/22,16:30,17.9,82,0.0,251
1,14/05/22,17:00,17.4,83,0.0,92
1,14/05/22,17:30,16.9,84,0.0,33
1,14/05/22,18:00,16.5,86,0.0,6
1,14/05/22,18:30,16.0,88,0.0,0
1,14/05/22,19:00,15.6,91,0.0,0
1,14/05/22,19:30,15.5,92,0.0,0
1,14/05/22,20:00,15.2,93,0.0,0
1,14/05/22,20:30,15.0,94,0.0,0
1,14/05/22,21:00,14.9,95,0.0,0
1,14/05/22,21:30,14.9,95,0.0,0
1,14/05/22,22:00,15.1,95,0.0,0
1,14/05/22,22:30,14.7,95,0.0,0
1,14/05/22,23:00,14.7,95,0.0,0
1,14/05/22,23:30,14.6,95,0.0,0
1,15/05/22,00:00,14.7,95,0.0,0
1,15/05/22,0:30,14.8,95,0.0,0
1,15/05/22,1:00,14.8,96,0.0,0
1,15/05/22,1:30,14.7,96,0.0,0
1,15/05/22,2:00,14.7,97,0.0,0
1,15/05/22,2:30,14.8,97,0.0,0
1,15/05/22,3:00,14.7,96,0.0,0
1,15/05/22,3:30,14.8,95,0.0,0
1,15/05/22,4:00,14.4,94,0.0,0
1,15/05/22,4:30,14.5,95,0.0,0
1,15/05/22,5:00,14.6,95,0.0,0
1,15/05/22,5:30,14.3,95,0.0,0
1,15/05/22,6:00,14.4,96,0.0,0
1,15/05/22,6:30,14.5,94,0.0,0
1,15/05/22,7:00,13.9,95,0.0,0
1,15/05/22,7:30,13.6,95,0.0,7
1,15/05/22,8:00,13.8,95,0.0,41
1,15/05/22,8:30,14.0,93,0.0,76
1,15/05/22,9:00,13.7,94,0.0,52
1,15/05/22,9:30,14.2,92,0.0,162
1,15/05/22,10:00,14.6,90,0.0,176
1,15/05/22,10:30,14.3,88,0.0,233
1,15/05/22,11:00,14.5,88,0.0,165
1,15/05/22,11:30,14.7,87,0.0,181
1,15/05/22,12:00,14.6,88,0.0,215
1,15/05/22,12:30,14.6,86,0.0,225
1,15/05/22,13:00,14.7,85,0.0,328
1,15/05/22,13:30,14.9,85,0.0,228
1,15/05/22,14:00,15.4,80,0.0,354
1,15/05/22,14:30,14.7,80,0.0,215
1,15/05/22,15:00,14.8,80,0.0,226
1,15/05/22,15:30,14.8,80,0.0,175
1,15/05/22,16:00,14.8,73,0.0,186
1,15/05/22,16:30,14.6,75,0.0,168
1,15/05/22,17:00,14.3,78,0.0,98
1,15/05/22,17:30,13.3,78,0.0,53
1,15/05/22,18:00,12.1,81,0.0,3
1,15/05/22,18:30,11.3,83,0.0,0
1,15/05/22,19:00,10.6,85,0.0,0
1,15/05/22,19:30,9.9,86,0.0,0
1,15/05/22,20:00,9.6,86,0.0,0
1,15/05/22,20:30,9.3,87,0.0,0
1,15/05/22,21:00,9.2,87,0.0,0
1,15/05/22,21:30,8.7,88,0.0,0
1,15/05/22,22:00,8.2,88,0.0,0
1,15/05/22,22:30,7.9,89,0.0,0
1,15/05/22,23:00,7.3,90,0.0,0
1,15/05/22,23:30,6.8,91,0.0,0
1,16/05/22,00:00,6.5,91,0.0,0
1,16/05/22,0:30,6.2,90,0.0,0
1,16/05/22,1:00,5.9,88,0.0,0
1,16/05/22,1:30,5.4,89,0.0,0
1,16/05/22,2:00,5.3,88,0.0,0
1,16/05/22,2:30,4.8,88,0.0,0
1,16/05/22,3:00,4.3,90,0.0,0
1,16/05/22,3:30,4.2,91,0.0,0
1,16/05/22,4:00,4.2,91,0.0,0
1,16/05/22,4:30,4.1,92,0.0,0
1,16/05/22,5:00,4.0,92,0.0,0
1,16/05/22,5:30,3.9,91,0.0,0
1,16/05/22,6:00,4.2,90,0.0,0
1,16/05/22,6:30,4.4,89,0.0,0
1,16/05/22,7:00,4.9,88,0.0,0
1,16/05/22,7:30,5.2,88,0.0,0
1,16/05/22,8:00,5.4,89,0.0,11
1,16/05/22,8:30,5.9,90,0.0,32
1,16/05/22,9:00,6.3,90,0.0,43
1,16/05/22,9:30,6.6,89,0.0,57
1,16/05/22,10:00,6.9,90,0.0,69
1,16/05/22,10:30,7.3,90,0.0,77
1,16/05/22,11:00,7.9,89,0.0,97
1,16/05/22,11:30,8.5,88,0.0,106
1,16/05/22,12:00,8.8,89,0.0,77
1,16/05/22,12:30,9.6,83,0.0,112
1,16/05/22,13:00,9.9,81,0.0,163
1,16/05/22,13:30,10.1,82,0.0,157
1,16/05/22,14:00,10.1,83,0.0,190
1,16/05/22,14:30,10.4,81,0.0,190
1,16/05/22,15:00,9.8,89,0.0,171
1,16/05/22,15:30,10.6,86,0.0,235
1,16/05/22,16:00,10.0,90,0.0,119
1,16/05/22,16:30,9.1,92,0.0,34
1,16/05/22,17:00,9.2,92,0.0,50
1,16/05/22,17:30,9.0,94,1.2,6
1,16/05/22,18:00,9.0,95,0.2,2
1,16/05/22,18:30,9.1,96,0.0,0
1,16/05/22,19:00,9.1,95,0.2,0
1,16/05/22,19:30,9.1,94,0.0,0
1,16/05/22,20:00,9.2,94,0.0,0
1,16/05/22,20:30,9.3,93,0.0,0
1,16/05/22,21:00,9.3,93,0.0,0
1,16/05/22,21:30,9.2,94,0.0,0
1,16/05/22,22:00,9.2,94,0.0,0
1,16/05/22,22:30,9.2,94,0.0,0
1,16/05/22,23:00,9.1,94,0.0,0
1,16/05/22,23:30,9.0,95,0.0,0
1,17/05/22,00:00,9.1,94,0.0,0
1,17/05/22,0:30,9.1,93,0.0,0
1,17/05/22,1:00,9.1,93,0.0,0
1,17/05/22,1:30,8.9,93,0.0,0
1,17/05/22,2:00,8.3,95,0.0,0
1,17/05/22,2:30,7.9,96,0.4,0
1,17/05/22,3:00,7.7,95,0.0,0
1,17/05/22,3:30,7.6,93,0.0,0
1,17/05/22,4:00,7.6,92,0.0,0
1,17/05/22,4:30,7.6,91,0.0,0
1,17/05/22,5:00,7.4,91,0.0,0
1,17/05/22,5:30,7.2,91,0.0,0
1,17/05/22,6:00,6.9,92,0.0,0
1,17/05/22,6:30,6.7,92,0.0,0
1,17/05/22,7:00,6.5,92,0.0,0
1,17/05/22,7:30,6.3,94,0.2,0
1,17/05/22,8:00,6.3,95,0.0,8
1,17/05/22,8:30,6.2,96,0.6,16
1,17/05/22,9:00,6.4,96,0.0,19
1,17/05/22,9:30,6.8,97,0.2,37
1,17/05/22,10:00,6.9,97,0.0,55
1,17/05/22,10:30,7.3,97,0.0,59
1,17/05/22,11:00,7.8,96,0.0,82
1,17/05/22,11:30,7.8,96,0.0,92
1,17/05/22,12:00,7.9,96,0.0,88
1,17/05/22,12:30,8.2,97,0.0,77
1,17/05/22,13:00,8.6,97,0.0,117
1,17/05/22,13:30,8.8,97,1.6,73
1,17/05/22,14:00,8.8,96,1.0,81
1,17/05/22,14:30,8.7,96,2.6,30
1,17/05/22,15:00,8.7,97,2.8,38
1,17/05/22,15:30,8.8,97,2.2,34
1,17/05/22,16:00,9.1,97,1.0,39
1,17/05/22,16:30,10.1,98,1.2,32
1,17/05/22,17:00,10.7,98,1.6,15
1,17/05/22,17:30,11.2,98,1.0,2
1,17/05/22,18:00,11.6,98,1.0,0
1,17/05/22,18:30,11.6,97,3.6,0
1,17/05/22,19:00,11.6,97,5.0,0
1,17/05/22,19:30,11.7,97,0.4,0
1,17/05/22,20:00,11.5,97,0.4,0
1,17/05/22,20:30,11.4,97,1.4,0
1,17/05/22,21:00,11.4,97,0.8,0
1,17/05/22,21:30,11.3,97,0.2,0
1,17/05/22,22:00,11.2,97,0.4,0
1,17/05/22,22:30,11.1,97,1.0,0
1,17/05/22,23:00,10.9,97,0.0,0
1,17/05/22,23:30,10.8,97,0.2,0
1,18/05/22,00:00,10.8,97,0.4,0
1,18/05/22,0:30,10.7,97,0.4,0
1,18/05/22,1:00,10.6,97,0.8,0
1,18/05/22,1:30,10.6,98,0.6,0
1,18/05/22,2:00,10.6,98,0.4,0
1,18/05/22,2:30,10.6,98,0.4,0
1,18/05/22,3:00,10.6,98,0.4,0
1,18/05/22,3:30,10.8,98,0.6,0
1,18/05/22,4:00,10.8,98,0.4,0
1,18/05/22,4:30,10.8,98,0.4,0
1,18/05/22,5:00,11.2,98,0.0,0
1,18/05/22,5:30,11.4,98,0.2,0
1,18/05/22,6:00,11.6,98,0.0,0
1,18/05/22,6:30,11.6,98,1.0,0
1,18/05/22,7:00,11.7,98,0.6,0
1,18/05/22,7:30,11.6,98,0.0,0
1,18/05/22,8:00,11.7,98,0.0,11
1,18/05/22,8:30,11.8,98,1.2,23
1,18/05/22,9:00,11.8,98,1.2,41
1,18/05/22,9:30,12.1,97,0.0,75
1,18/05/22,10:00,12.7,96,0.0,124
1,18/05/22,10:30,12.7,94,0.2,176
1,18/05/22,11:00,12.3,95,0.0,134
1,18/05/22,11:30,12.7,94,0.0,170
1,18/05/22,12:00,12.3,95,0.2,142
1,18/05/22,12:30,12.9,92,0.0,196
1,18/05/22,13:00,13.7,89,0.0,239
1,18/05/22,13:30,14.2,84,0.0,328
1,18/05/22,14:00,14.4,85,0.0,288
1,18/05/22,14:30,14.7,74,0.0,508
1,18/05/22,15:00,14.4,76,0.0,307
1,18/05/22,15:30,14.3,79,0.0,410
1,18/05/22,16:00,14.1,79,0.0,256
1,18/05/22,16:30,12.0,90,0.0,95
1,18/05/22,17:00,12.5,89,0.0,72
1,18/05/22,17:30,12.4,82,0.0,28
1,18/05/22,18:00,12.1,83,0.0,3
1,18/05/22,18:30,11.6,85,0.0,0
1,18/05/22,19:00,11.4,86,0.0,0
1,18/05/22,19:30,11.3,88,0.0,0
1,18/05/22,20:00,11.4,88,0.0,0
1,18/05/22,20:30,10.7,92,0.0,0
1,18/05/22,21:00,11.1,92,0.0,0
1,18/05/22,21:30,11.1,92,0.0,0
1,18/05/22,22:00,11.1,91,0.0,0
1,18/05/22,22:30,10.7,93,0.0,0
1,18/05/22,23:00,10.8,93,0.0,0
1,18/05/22,23:30,10.7,93,0.0,0
1,19/05/22,00:00,10.8,92,0.0,0
1,19/05/22,0:30,10.6,92,0.0,0
1,19/05/22,1:00,10.5,93,0.0,0
1,19/05/22,1:30,10.4,93,0.0,0
1,19/05/22,2:00,10.4,93,0.0,0
1,19/05/22,2:30,10.3,93,0.0,0
1,19/05/22,3:00,10.2,94,0.0,0
1,19/05/22,3:30,9.7,95,0.0,0
1,19/05/22,4:00,9.6,96,0.0,0
1,19/05/22,4:30,9.4,96,0.0,0
1,19/05/22,5:00,9.2,96,0.0,0
1,19/05/22,5:30,9.1,97,0.0,0
1,19/05/22,6:00,8.9,97,0.0,0
1,19/05/22,6:30,8.8,97,0.0,0
1,19/05/22,7:00,8.7,97,0.0,0
1,19/05/22,7:30,8.4,97,0.0,0
1,19/05/22,8:00,8.4,97,0.0,10
1,19/05/22,8:30,8.6,98,0.0,28
1,19/05/22,9:00,8.7,98,0.0,49
1,19/05/22,9:30,8.9,98,0.0,76
1,19/05/22,10:00,9.0,98,0.0,89
1,19/05/22,10:30,9.2,98,0.0,122
1,19/05/22,11:00,9.6,98,0.0,204
1,19/05/22,11:30,9.9,98,0.0,189
1,19/05/22,12:00,9.9,98,0.0,213
1,19/05/22,12:30,10.5,98,0.0,244
1,19/05/22,13:00,10.5,97,0.0,255
1,19/05/22,13:30,11.2,97,0.0,262
1,19/05/22,14:00,12.6,91,0.0,471
1,19/05/22,14:30,13.3,84,0.0,470
1,19/05/22,15:00,13.9,82,0.0,412
1,19/05/22,15:30,14.3,79,0.0,466
1,19/05/22,16:00,14.2,76,0.0,333
1,19/05/22,16:30,14.3,76,0.0,214
1,19/05/22,17:00,13.9,77,0.0,112
1,19/05/22,17:30,13.2,80,0.0,29
1,19/05/22,18:00,11.9,84,0.0,4
1,19/05/22,18:30,11.4,84,0.0,0
1,19/05/22,19:00,11.3,85,0.0,0
1,19/05/22,19:30,10.8,86,0.0,0
1,19/05/22,20:00,10.8,87,0.0,0
1,19/05/22,20:30,10.6,87,0.0,0
1,19/05/22,21:00,10.2,88,0.0,0
1,19/05/22,21:30,10.0,89,0.0,0
1,19/05/22,22:00,9.9,89,0.0,0
1,19/05/22,22:30,9.9,89,0.0,0
1,19/05/22,23:00,9.8,89,0.0,0
1,19/05/22,23:30,9.7,89,0.0,0
1,20/05/22,00:00,9.6,90,0.0,0
1,20/05/22,0:30,9.4,90,0.0,0
1,20/05/22,1:00,9.4,89,0.0,0
1,20/05/22,1:30,8.7,91,0.0,0
1,20/05/22,2:00,8.3,91,0.0,0
1,20/05/22,2:30,8.5,91,0.0,0
1,20/05/22,3:00,8.4,92,0.0,0
1,20/05/22,3:30,8.5,91,0.0,0
1,20/05/22,4:00,8.3,91,0.0,0
1,20/05/22,4:30,8.0,91,0.0,0
1,20/05/22,5:00,8.1,91,0.0,0
1,20/05/22,5:30,7.8,92,0.0,0
1,20/05/22,6:00,7.6,92,0.0,0
1,20/05/22,6:30,7.7,93,0.0,0
1,20/05/22,7:00,7.4,93,0.0,0
1,20/05/22,7:30,7.3,94,0.0,3
1,20/05/22,8:00,7.7,94,0.0,44
1,20/05/22,8:30,8.6,94,0.0,134
1,20/05/22,9:00,8.7,94,0.0,240
1,20/05/22,9:30,9.2,93,0.0,344
1,20/05/22,10:00,10.3,93,0.0,428
1,20/05/22,10:30,11.3,87,0.0,505
1,20/05/22,11:00,11.9,82,0.0,558
1,20/05/22,11:30,12.5,80,0.0,604
1,20/05/22,12:00,13.2,75,0.0,640
1,20/05/22,12:30,13.7,74,0.0,656
1,20/05/22,13:00,13.9,72,0.0,645
1,20/05/22,13:30,14.6,71,0.0,641
1,20/05/22,14:00,14.7,69,0.0,587
1,20/05/22,14:30,15.1,67,0.0,528
1,20/05/22,15:00,15.4,67,0.0,463
1,20/05/22,15:30,15.4,64,0.0,388
1,20/05/22,16:00,15.3,66,0.0,302
1,20/05/22,16:30,15.4,65,0.0,202
1,20/05/22,17:00,14.9,68,0.0,96
1,20/05/22,17:30,13.8,72,0.0,23
1,20/05/22,18:00,12.7,75,0.0,4
1,20/05/22,18:30,12.1,77,0.0,0
1,20/05/22,19:00,11.8,78,0.0,0
1,20/05/22,19:30,11.1,79,0.0,0
1,20/05/22,20:00,10.7,80,0.0,0
1,20/05/22,20:30,10.1,82,0.0,0
1,20/05/22,21:00,10.2,82,0.0,0
1,20/05/22,21:30,9.7,83,0.0,0
1,20/05/22,22:00,9.4,85,0.0,0
1,20/05/22,22:30,9.2,86,0.0,0
1,20/05/22,23:00,9.7,86,0.0,0
1,20/05/22,23:30,9.4,86,0.0,0
1,21/05/22,00:00,9.6,86,0.0,0
1,21/05/22,0:30,9.2,87,0.0,0
1,21/05/22,1:00,9.1,88,0.0,0
1,21/05/22,1:30,9.2,87,0.0,0
1,21/05/22,2:00,9.2,88,0.0,0
1,21/05/22,2:30,8.9,88,0.0,0
1,21/05/22,3:00,9.1,89,0.0,0
1,21/05/22,3:30,8.7,89,0.0,0
1,21/05/22,4:00,9.1,88,0.0,0
1,21/05/22,4:30,9.2,88,0.0,0
1,21/05/22,5:00,9.3,88,0.0,0
1,21/05/22,5:30,8.1,90,0.0,0
1,21/05/22,6:00,8.3,91,0.0,0
1,21/05/22,6:30,8.1,91,0.0,0
1,21/05/22,7:00,8.4,91,0.0,0
1,21/05/22,7:30,8.6,90,0.0,3
1,21/05/22,8:00,9.0,89,0.0,41
1,21/05/22,8:30,10.0,88,0.0,136
1,21/05/22,9:00,10.8,86,0.0,236
1,21/05/22,9:30,11.3,86,0.0,327
1,21/05/22,10:00,12.2,86,0.0,429
1,21/05/22,10:30,13.2,83,0.0,519
1,21/05/22,11:00,14.0,80,0.0,501
1,21/05/22,11:30,14.5,77,0.0,490
1,21/05/22,12:00,15.1,72,0.0,612
1,21/05/22,12:30,15.7,71,0.0,641
1,21/05/22,13:00,16.1,70,0.0,629
1,21/05/22,13:30,16.3,68,0.0,591
1,21/05/22,14:00,16.6,70,0.0,553
1,21/05/22,14:30,16.7,67,0.0,512
1,21/05/22,15:00,16.9,68,0.0,434
1,21/05/22,15:30,17.2,67,0.0,379
1,21/05/22,16:00,17.5,66,0.0,311
1,21/05/22,16:30,16.9,71,0.0,180
1,21/05/22,17:00,15.4,74,0.0,78
1,21/05/22,17:30,14.5,79,0.0,33
1,21/05/22,18:00,13.7,80,0.0,2
1,21/05/22,18:30,13.1,82,0.0,0
1,21/05/22,19:00,12.9,83,0.0,0
1,21/05/22,19:30,12.8,82,0.0,0
1,21/05/22,20:00,12.6,82,0.0,0
1,21/05/22,20:30,12.2,85,0.0,0
1,21/05/22,21:00,12.4,84,0.0,0
1,21/05/22,21:30,12.3,84,0.0,0
1,21/05/22,22:00,11.8,85,0.0,0
1,21/05/22,22:30,11.3,88,0.0,0
1,21/05/22,23:00,11.8,87,0.0,0
1,21/05/22,23:30,11.2,88,0.0,0
1,22/05/22,00:00,11.1,89,0.0,0
1,22/05/22,0:30,11.3,88,0.0,0
1,22/05/22,1:00,11.4,88,0.0,0
1,22/05/22,1:30,11.7,86,0.0,0
1,22/05/22,2:00,11.6,86,0.0,0
1,22/05/22,2:30,11.7,86,0.0,0
1,22/05/22,3:00,11.3,87,0.0,0
1,22/05/22,3:30,11.4,88,0.0,0
1,22/05/22,4:00,11.3,89,0.0,0
1,22/05/22,4:30,10.5,89,0.0,0
1,22/05/22,5:00,10.8,88,0.0,0
1,22/05/22,5:30,10.4,90,0.0,0
1,22/05/22,6:00,10.5,90,0.0,0
1,22/05/22,6:30,10.4,90,0.0,0
1,22/05/22,7:00,10.5,90,0.0,0
1,22/05/22,7:30,10.8,88,0.0,1
1,22/05/22,8:00,10.2,91,0.0,25
1,22/05/22,8:30,11.6,89,0.0,129
1,22/05/22,9:00,11.1,89,0.0,170
1,22/05/22,9:30,11.8,89,0.0,327
1,22/05/22,10:00,12.9,87,0.0,411
1,22/05/22,10:30,14.3,82,0.0,483
1,22/05/22,11:00,14.9,80,0.0,542
1,22/05/22,11:30,14.9,79,0.0,584
1,22/05/22,12:00,15.5,76,0.0,614
1,22/05/22,12:30,16.1,71,0.0,627
1,22/05/22,13:00,16.3,70,0.0,622
1,22/05/22,13:30,16.7,68,0.0,601
1,22/05/22,14:00,17.1,67,0.0,566
1,22/05/22,14:30,17.6,68,0.0,514
1,22/05/22,15:00,17.5,69,0.0,451
1,22/05/22,15:30,18.4,67,0.0,373
1,22/05/22,16:00,18.3,65,0.0,289
1,22/05/22,16:30,17.8,68,0.0,191
1,22/05/22,17:00,17.3,72,0.0,88
1,22/05/22,17:30,16.4,75,0.0,22
1,22/05/22,18:00,15.1,79,0.0,3
1,22/05/22,18:30,14.9,80,0.0,0
1,22/05/22,19:00,14.4,81,0.0,0
1,22/05/22,19:30,14.3,82,0.0,0
1,22/05/22,20:00,14.2,82,0.0,0
1,22/05/22,20:30,13.7,83,0.0,0
1,22/05/22,21:00,13.7,84,0.0,0
1,22/05/22,21:30,13.8,84,0.0,0
1,22/05/22,22:00,13.4,84,0.0,0
1,22/05/22,22:30,12.6,87,0.0,0
1,22/05/22,23:00,12.2,89,0.0,0
1,22/05/22,23:30,12.2,89,0.0,0
1,23/05/22,00:00,11.6,89,0.0,0
1,23/05/22,0:30,10.7,91,0.0,0
1,23/05/22,1:00,10.8,93,0.0,0
1,23/05/22,1:30,10.9,93,0.0,0
1,23/05/22,2:00,10.8,94,0.0,0
1,23/05/22,2:30,10.5,95,0.0,0
1,23/05/22,3:00,10.3,95,0.0,0
1,23/05/22,3:30,10.2,96,0.0,0
1,23/05/22,4:00,10.4,96,0.0,0
1,23/05/22,4:30,9.7,96,0.0,0
1,23/05/22,5:00,9.2,96,0.0,0
1,23/05/22,5:30,9.5,97,0.0,0
1,23/05/22,6:00,9.0,96,0.0,0
1,23/05/22,6:30,9.3,96,0.0,0
1,23/05/22,7:00,9.6,95,0.0,0
1,23/05/22,7:30,9.4,95,0.0,6
1,23/05/22,8:00,9.9,94,0.0,56
1,23/05/22,8:30,10.8,93,0.0,139
1,23/05/22,9:00,11.9,90,0.0,253
1,23/05/22,9:30,13.0,88,0.0,317
1,23/05/22,10:00,14.2,86,0.0,364
1,23/05/22,10:30,15.0,80,0.0,481
1,23/05/22,11:00,15.8,79,0.0,524
1,23/05/22,11:30,15.9,76,0.0,577
1,23/05/22,12:00,16.6,74,0.0,607
1,23/05/22,12:30,17.5,70,0.0,622
1,23/05/22,13:00,17.6,70,0.0,578
1,23/05/22,13:30,18.0,69,0.0,594
1,23/05/22,14:00,18.3,66,0.0,565
1,23/05/22,14:30,18.6,67,0.0,490
1,23/05/22,15:00,18.7,66,0.0,405
1,23/05/22,15:30,18.8,68,0.0,355
1,23/05/22,16:00,18.7,69,0.0,289
1,23/05/22,16:30,18.3,69,0.0,152
1,23/05/22,17:00,18.1,71,0.0,86
1,23/05/22,17:30,16.7,76,0.0,29
1,23/05/22,18:00,16.1,77,0.0,4
1,23/05/22,18:30,15.6,78,0.0,0
1,23/05/22,19:00,15.3,78,0.0,0
1,23/05/22,19:30,14.9,77,0.0,0
1,23/05/22,20:00,15.3,75,0.0,0
1,23/05/22,20:30,15.3,73,0.0,0
1,23/05/22,21:00,15.2,74,0.0,0
1,23/05/22,21:30,14.3,78,0.0,0
1,23/05/22,22:00,13.1,83,0.0,0
1,23/05/22,22:30,13.1,84,0.0,0
1,23/05/22,23:00,13.2,86,0.0,0
1,23/05/22,23:30,13.1,88,0.0,0
1,24/05/22,00:00,13.0,90,0.0,0
1,24/05/22,0:30,12.9,91,0.0,0
1,24/05/22,1:00,13.0,92,0.0,0
1,24/05/22,1:30,13.3,93,0.0,0
1,24/05/22,2:00,13.2,93,0.0,0
1,24/05/22,2:30,12.6,94,0.0,0
1,24/05/22,3:00,12.9,93,0.0,0
1,24/05/22,3:30,12.8,92,0.0,0
1,24/05/22,4:00,12.6,91,0.0,0
1,24/05/22,4:30,12.4,92,0.0,0
1,24/05/22,5:00,12.3,91,0.0,0
1,24/05/22,5:30,12.0,92,0.0,0
1,24/05/22,6:00,12.0,91,0.0,0
1,24/05/22,6:30,11.4,93,0.0,0
1,24/05/22,7:00,11.6,92,0.0,0
1,24/05/22,7:30,12.4,91,0.0,3
1,24/05/22,8:00,13.3,90,0.0,35
1,24/05/22,8:30,14.1,90,0.0,118
1,24/05/22,9:00,14.3,88,0.0,223
1,24/05/22,9:30,15.3,88,0.0,315
1,24/05/22,10:00,15.8,87,0.0,389
1,24/05/22,10:30,16.5,84,0.0,465
1,24/05/22,11:00,17.3,83,0.0,523
1,24/05/22,11:30,18.1,80,0.0,567
1,24/05/22,12:00,19.0,76,0.0,596
1,24/05/22,12:30,20.2,72,0.0,607
1,24/05/22,13:00,20.7,72,0.0,608
1,24/05/22,13:30,21.6,72,0.0,576
1,24/05/22,14:00,22.1,70,0.0,545
1,24/05/22,14:30,21.6,73,0.0,494
1,24/05/22,15:00,22.3,69,0.0,429
1,24/05/22,15:30,22.9,66,0.0,349
1,24/05/22,16:00,22.8,66,0.0,273
1,24/05/22,16:30,22.6,64,0.0,160
1,24/05/22,17:00,21.4,72,0.0,97
1,24/05/22,17:30,20.1,77,0.0,33
1,24/05/22,18:00,18.8,79,0.0,3
1,24/05/22,18:30,18.1,83,0.0,0
1,24/05/22,19:00,17.8,84,0.0,0
1,24/05/22,19:30,17.2,86,0.0,0
1,24/05/22,20:00,17.0,85,0.0,0
1,24/05/22,20:30,16.7,86,0.0,0
1,24/05/22,21:00,16.6,86,0.0,0
1,24/05/22,21:30,16.2,87,0.0,0
1,24/05/22,22:00,15.9,87,0.0,0
1,24/05/22,22:30,15.9,87,0.0,0
1,24/05/22,23:00,15.7,87,0.0,0
1,24/05/22,23:30,15.2,88,0.0,0
1,25/05/22,00:00,15.4,88,0.0,0
1,25/05/22,0:30,15.1,89,0.0,0
1,25/05/22,1:00,15.9,85,0.0,0
1,25/05/22,1:30,14.1,91,0.0,0
1,25/05/22,2:00,14.8,92,0.0,0
1,25/05/22,2:30,15.5,88,0.0,0
1,25/05/22,3:00,15.2,88,0.0,0
1,25/05/22,3:30,15.6,87,0.0,0
1,25/05/22,4:00,15.8,87,0.0,0
1,25/05/22,4:30,15.8,86,0.0,0
1,25/05/22,5:00,15.6,87,0.0,0
1,25/05/22,5:30,16.1,86,0.0,0
1,25/05/22,6:00,15.7,88,0.0,0
1,25/05/22,6:30,15.9,87,0.0,0
1,25/05/22,7:00,15.4,88,0.0,0
1,25/05/22,7:30,14.8,89,0.0,9
1,25/05/22,8:00,14.5,90,0.0,47
1,25/05/22,8:30,14.5,91,0.0,101
1,25/05/22,9:00,15.8,89,0.0,195
1,25/05/22,9:30,16.6,86,0.0,265
1,25/05/22,10:00,16.0,88,0.0,241
1,25/05/22,10:30,16.5,87,0.0,272
1,25/05/22,11:00,17.0,83,0.0,167
1,25/05/22,11:30,17.1,83,0.0,94
1,25/05/22,12:00,16.9,87,0.0,126
1,25/05/22,12:30,17.4,86,0.0,278
1,25/05/22,13:00,17.4,84,0.0,243
1,25/05/22,13:30,17.8,83,0.0,255
1,25/05/22,14:00,17.6,83,0.0,252
1,25/05/22,14:30,17.3,85,0.0,145
1,25/05/22,15:00,16.8,87,0.0,84
1,25/05/22,15:30,16.1,90,0.0,36
1,25/05/22,16:00,15.9,91,0.0,24
1,25/05/22,16:30,15.7,92,1.2,11
1,25/05/22,17:00,15.3,93,2.2,2
1,25/05/22,17:30,15.3,94,1.6,0
1,25/05/22,18:00,15.2,95,1.6,0
1,25/05/22,18:30,15.1,95,0.6,0
1,25/05/22,19:00,14.8,95,1.0,0
1,25/05/22,19:30,14.8,96,1.4,0
1,25/05/22,20:00,15.3,97,2.6,0
1,25/05/22,20:30,15.6,97,1.0,0
1,25/05/22,21:00,15.8,95,0.6,0
1,25/05/22,21:30,15.7,95,3.4,0
1,25/05/22,22:00,15.4,96,1.0,0
1,25/05/22,22:30,15.3,97,0.0,0
1,25/05/22,23:00,15.4,97,0.0,0
1,25/05/22,23:30,15.6,96,0.0,0
1,26/05/22,00:00,15.4,97,0.0,0
1,26/05/22,0:30,15.4,97,0.0,0
1,26/05/22,1:00,15.3,97,0.0,0
1,26/05/22,1:30,15.4,97,0.2,0
1,26/05/22,2:00,15.4,97,0.0,0
1,26/05/22,2:30,15.4,97,0.0,0
1,26/05/22,3:00,15.6,97,0.0,0
1,26/05/22,3:30,14.2,97,0.0,0
1,26/05/22,4:00,13.6,97,0.0,0
1,26/05/22,4:30,13.3,97,0.0,0
1,26/05/22,5:00,13.4,96,0.0,0
1,26/05/22,5:30,13.3,96,0.2,0
1,26/05/22,6:00,13.3,96,0.0,0
1,26/05/22,6:30,13.2,96,0.0,0
1,26/05/22,7:00,12.9,95,0.0,0
1,26/05/22,7:30,12.9,95,0.0,0
1,26/05/22,8:00,12.6,96,0.0,3
1,26/05/22,8:30,12.6,96,0.0,20
1,26/05/22,9:00,12.8,95,0.0,33
1,26/05/22,9:30,12.8,94,0.0,37
1,26/05/22,10:00,12.8,94,0.0,50
1,26/05/22,10:30,12.7,95,0.0,66
1,26/05/22,11:00,12.7,95,0.0,80
1,26/05/22,11:30,12.8,95,0.0,93
1,26/05/22,12:00,12.9,94,0.0,99
1,26/05/22,12:30,13.2,94,0.0,116
1,26/05/22,13:00,13.5,94,0.0,180
1,26/05/22,13:30,13.5,94,0.0,211
1,26/05/22,14:00,13.7,93,0.0,223
1,26/05/22,14:30,14.0,92,0.0,175
1,26/05/22,15:00,14.1,92,0.0,135
1,26/05/22,15:30,14.0,92,0.0,108
1,26/05/22,16:00,14.1,92,0.0,126
1,26/05/22,16:30,14.1,92,0.0,70
1,26/05/22,17:00,13.9,93,0.0,27
1,26/05/22,17:30,13.7,94,0.0,7
1,26/05/22,18:00,13.6,95,0.0,0
1,26/05/22,18:30,13.8,95,0.0,0
1,26/05/22,19:00,13.8,95,0.0,0
1,26/05/22,19:30,13.7,95,0.6,0
1,26/05/22,20:00,13.6,96,0.8,0
1,26/05/22,20:30,13.8,96,0.0,0
1,26/05/22,21:00,13.9,96,0.0,0
1,26/05/22,21:30,13.9,96,0.0,0
1,26/05/22,22:00,14.1,96,0.0,0
1,26/05/22,22:30,14.2,96,0.0,0
1,26/05/22,23:00,14.1,96,0.0,0
1,26/05/22,23:30,14.0,96,0.0,0
1,27/05/22,00:00,14.2,97,0.0,0
1,27/05/22,0:30,14.3,97,0.0,0
1,27/05/22,1:00,14.6,97,0.0,0
1,27/05/22,1:30,14.7,97,0.0,0
1,27/05/22,2:00,14.7,97,0.0,0
1,27/05/22,2:30,14.5,97,0.2,0
1,27/05/22,3:00,14.6,98,2.2,0
1,27/05/22,3:30,14.7,98,2.2,0
1,27/05/22,4:00,14.9,98,1.4,0
1,27/05/22,4:30,14.9,98,0.8,0
1,27/05/22,5:00,15.0,98,0.4,0
1,27/05/22,5:30,14.8,98,0.2,0
1,27/05/22,6:00,14.9,98,0.0,0
1,27/05/22,6:30,14.9,98,1.0,0
1,27/05/22,7:00,14.9,98,3.6,0
1,27/05/22,7:30,15.1,98,4.4,0
1,27/05/22,8:00,15.1,98,3.6,0
1,27/05/22,8:30,15.2,98,0.4,11
1,27/05/22,9:00,15.3,98,0.2,36
1,27/05/22,9:30,15.7,98,0.0,77
1,27/05/22,10:00,15.9,98,0.0,142
1,27/05/22,10:30,16.1,98,0.0,130
1,27/05/22,11:00,16.4,97,0.0,101
1,27/05/22,11:30,16.4,96,0.0,94
1,27/05/22,12:00,16.5,96,0.0,72
1,27/05/22,12:30,16.8,96,0.0,71
1,27/05/22,13:00,17.1,95,0.0,122
1,27/05/22,13:30,17.3,94,0.0,120
1,27/05/22,14:00,17.6,94,0.0,129
1,27/05/22,14:30,17.8,94,0.0,123
1,27/05/22,15:00,17.9,93,0.0,106
1,27/05/22,15:30,17.7,93,0.0,56
1,27/05/22,16:00,17.3,94,0.0,32
1,27/05/22,16:30,17.1,96,0.0,28
1,27/05/22,17:00,16.8,97,0.0,19
1,27/05/22,17:30,16.7,97,0.0,2
1,27/05/22,18:00,16.5,97,0.0,0
1,27/05/22,18:30,16.1,98,0.0,0
1,27/05/22,19:00,15.4,98,0.2,0
1,27/05/22,19:30,15.0,98,0.2,0
1,27/05/22,20:00,14.7,98,0.0,0
1,27/05/22,20:30,14.6,98,0.0,0
1,27/05/22,21:00,14.7,98,0.0,0
1,27/05/22,21:30,14.4,97,0.0,0
1,27/05/22,22:00,14.1,97,0.0,0
1,27/05/22,22:30,13.9,97,0.0,0
1,27/05/22,23:00,13.6,97,0.0,0
1,27/05/22,23:30,13.7,96,0.0,0
1,28/05/22,00:00,13.9,96,0.0,0
1,28/05/22,0:30,13.7,96,0.0,0
1,28/05/22,1:00,13.5,95,0.0,0
1,28/05/22,1:30,13.4,96,0.0,0
1,28/05/22,2:00,13.1,96,0.0,0
1,28/05/22,2:30,12.9,97,0.0,0
1,28/05/22,3:00,12.8,97,0.0,0
1,28/05/22,3:30,12.6,97,0.0,0
1,28/05/22,4:00,12.3,97,0.0,0
1,28/05/22,4:30,12.2,97,0.0,0
1,28/05/22,5:00,12.1,97,0.0,0
1,28/05/22,5:30,12.0,97,0.0,0
1,28/05/22,6:00,12.1,96,0.0,0
1,28/05/22,6:30,12.0,96,0.0,0
1,28/05/22,7:00,12.0,96,0.0,0
1,28/05/22,7:30,12.0,96,0.0,0
1,28/05/22,8:00,12.2,96,0.0,9
1,28/05/22,8:30,12.2,96,0.0,31
1,28/05/22,9:00,12.9,95,0.0,190
1,28/05/22,9:30,13.8,93,0.0,322
1,28/05/22,10:00,13.4,94,0.0,172
1,28/05/22,10:30,14.3,93,0.0,265
1,28/05/22,11:00,14.3,93,0.0,254
1,28/05/22,11:30,14.5,93,0.0,287
1,28/05/22,12:00,14.4,94,0.0,249
1,28/05/22,12:30,14.1,95,0.0,121
1,28/05/22,13:00,13.8,95,0.0,123
1,28/05/22,13:30,14.2,95,0.0,234
1,28/05/22,14:00,14.4,95,0.0,236
1,28/05/22,14:30,14.6,95,0.0,243
1,28/05/22,15:00,14.6,94,0.0,150
1,28/05/22,15:30,14.3,94,0.0,95
1,28/05/22,16:00,13.9,95,0.2,47
1,28/05/22,16:30,13.6,96,0.2,25
1,28/05/22,17:00,13.4,97,1.0,21
1,28/05/22,17:30,13.4,97,0.6,3
1,28/05/22,18:00,13.5,97,0.0,0
1,28/05/22,18:30,13.4,97,0.0,0
1,28/05/22,19:00,13.4,97,0.0,0
1,28/05/22,19:30,13.4,97,0.0,0
1,28/05/22,20:00,13.4,97,0.0,0
1,28/05/22,20:30,13.5,97,0.0,0
1,28/05/22,21:00,13.5,97,0.0,0
1,28/05/22,21:30,13.6,96,0.0,0
1,28/05/22,22:00,13.4,97,0.0,0
1,28/05/22,22:30,13.5,97,0.0,0
1,28/05/22,23:00,13.7,97,0.0,0
1,28/05/22,23:30,13.7,97,0.6,0
1,29/05/22,00:00,13.6,97,0.6,0
1,29/05/22,0:30,13.6,97,0.6,0
1,29/05/22,1:00,13.6,97,0.0,0
1,29/05/22,1:30,13.6,97,0.2,0
1,29/05/22,2:00,13.7,97,0.0,0
1,29/05/22,2:30,13.7,97,0.0,0
1,29/05/22,3:00,13.6,97,0.0,0
1,29/05/22,3:30,13.6,97,0.0,0
1,29/05/22,4:00,13.7,97,0.0,0
1,29/05/22,4:30,13.6,97,0.0,0
1,29/05/22,5:00,13.5,98,0.0,0
1,29/05/22,5:30,13.5,98,0.0,0
1,29/05/22,6:00,13.3,98,0.0,0
1,29/05/22,6:30,13.3,98,0.0,0
1,29/05/22,7:00,13.3,98,0.0,0
1,29/05/22,7:30,13.1,98,0.0,0
1,29/05/22,8:00,12.8,98,0.0,8
1,29/05/22,8:30,12.8,98,0.0,40
1,29/05/22,9:00,12.6,98,0.0,48
1,29/05/22,9:30,12.6,98,0.0,85
1,29/05/22,10:00,12.5,98,0.0,95
1,29/05/22,10:30,12.9,97,0.0,163
1,29/05/22,11:00,12.8,91,0.0,197
1,29/05/22,11:30,12.4,91,0.0,119
1,29/05/22,12:00,12.5,90,0.0,120
1,29/05/22,12:30,13.4,87,0.0,299
1,29/05/22,13:00,13.1,85,0.0,288
1,29/05/22,13:30,13.1,82,0.0,327
1,29/05/22,14:00,13.4,81,0.0,326
1,29/05/22,14:30,13.6,77,0.0,333
1,29/05/22,15:00,13.9,75,0.0,393
1,29/05/22,15:30,13.8,74,0.0,256
1,29/05/22,16:00,14.0,76,0.0,205
1,29/05/22,16:30,13.8,76,0.0,204
1,29/05/22,17:00,12.9,76,0.0,74
1,29/05/22,17:30,12.2,80,0.0,20
1,29/05/22,18:00,10.9,84,0.0,2
1,29/05/22,18:30,10.4,83,0.0,0
1,29/05/22,19:00,10.1,85,0.0,0
1,29/05/22,19:30,10.7,82,0.0,0
1,29/05/22,20:00,9.6,85,0.0,0
1,29/05/22,20:30,9.4,86,0.0,0
1,29/05/22,21:00,9.8,81,0.0,0
1,29/05/22,21:30,8.7,85,0.0,0
1,29/05/22,22:00,8.3,87,0.0,0
1,29/05/22,22:30,7.9,89,0.0,0
1,29/05/22,23:00,7.2,88,0.0,0
1,29/05/22,23:30,6.9,86,0.0,0
1,30/05/22,00:00,6.3,86,0.0,0
1,30/05/22,0:30,6.3,82,0.0,0
1,30/05/22,1:00,5.5,84,0.0,0
1,30/05/22,1:30,5.5,88,0.0,0
1,30/05/22,2:00,4.8,90,0.0,0
1,30/05/22,2:30,4.7,87,0.0,0
1,30/05/22,3:00,4.2,88,0.0,0
1,30/05/22,3:30,4.1,88,0.0,0
1,30/05/22,4:00,4.1,90,0.0,0
1,30/05/22,4:30,3.8,92,0.0,0
1,30/05/22,5:00,3.4,93,0.0,0
1,30/05/22,5:30,2.8,94,0.0,0
1,30/05/22,6:00,2.8,95,0.0,0
1,30/05/22,6:30,3.1,95,0.0,0
1,30/05/22,7:00,2.3,95,0.0,0
1,30/05/22,7:30,2.1,95,0.0,1
1,30/05/22,8:00,2.1,95,0.0,28
1,30/05/22,8:30,2.6,95,0.0,105
1,30/05/22,9:00,3.1,96,0.0,189
1,30/05/22,9:30,3.8,96,0.0,282
1,30/05/22,10:00,4.7,92,0.0,397
1,30/05/22,10:30,5.8,83,0.0,471
1,30/05/22,11:00,6.3,79,0.0,531
1,30/05/22,11:30,6.9,76,0.0,581
1,30/05/22,12:00,7.1,70,0.0,603
1,30/05/22,12:30,7.7,69,0.0,616
1,30/05/22,13:00,8.6,67,0.0,597
1,30/05/22,13:30,8.7,66,0.0,672
1,30/05/22,14:00,9.1,65,0.0,640
1,30/05/22,14:30,8.5,65,0.0,532
1,30/05/22,15:00,9.0,67,0.0,447
1,30/05/22,15:30,9.0,65,0.0,384
1,30/05/22,16:00,8.8,63,0.0,286
1,30/05/22,16:30,8.5,65,0.0,183
1,30/05/22,17:00,7.8,67,0.0,81
1,30/05/22,17:30,6.8,73,0.0,18
1,30/05/22,18:00,5.8,76,0.0,2
1,30/05/22,18:30,5.4,77,0.0,0
1,30/05/22,19:00,5.2,77,0.0,0
1,30/05/22,19:30,4.6,80,0.0,0
1,30/05/22,20:00,4.4,80,0.0,0
1,30/05/22,20:30,4.0,81,0.0,0
1,30/05/22,21:00,3.9,81,0.0,0
1,30/05/22,21:30,3.8,82,0.0,0
1,30/05/22,22:00,3.4,83,0.0,0
1,30/05/22,22:30,3.3,83,0.0,0
1,30/05/22,23:00,2.9,85,0.0,0
1,30/05/22,23:30,3.1,84,0.0,0
1,31/05/22,00:00,3.0,84,0.0,0
1,31/05/22,0:30,2.7,85,0.0,0
1,31/05/22,1:00,2.3,86,0.0,0
1,31/05/22,1:30,2.2,87,0.0,0
1,31/05/22,2:00,2.1,88,0.0,0
1,31/05/22,2:30,1.8,88,0.0,0
1,31/05/22,3:00,1.7,89,0.0,0
1,31/05/22,3:30,1.7,90,0.0,0
1,31/05/22,4:00,1.6,91,0.0,0
1,31/05/22,4:30,1.7,91,0.0,0
1,31/05/22,5:00,1.4,90,0.0,0
1,31/05/22,5:30,1.5,90,0.0,0
1,31/05/22,6:00,1.2,90,0.0,0
1,31/05/22,6:30,1.1,91,0.0,0
1,31/05/22,7:00,1.3,91,0.0,0
1,31/05/22,7:30,1.1,91,0.0,1
1,31/05/22,8:00,1.1,92,0.0,29
1,31/05/22,8:30,2.1,91,0.0,119
1,31/05/22,9:00,2.7,90,0.0,226
1,31/05/22,9:30,3.4,92,0.0,322
1,31/05/22,10:00,4.8,88,0.0,397
1,31/05/22,10:30,5.7,85,0.0,400
1,31/05/22,11:00,7.3,80,0.0,480
1,31/05/22,11:30,8.0,73,0.0,579
1,31/05/22,12:00,8.7,74,0.0,670
1,31/05/22,12:30,7.7,70,0.0,318
1,31/05/22,13:00,8.4,66,0.0,467
1,31/05/22,13:30,9.3,63,0.0,656
1,31/05/22,14:00,8.9,64,0.0,395
1,31/05/22,14:30,8.8,64,0.0,414
1,31/05/22,15:00,9.2,62,0.0,515
1,31/05/22,15:30,9.1,64,0.0,385
1,31/05/22,16:00,8.2,68,0.0,193
1,31/05/22,16:30,7.7,67,0.0,138
1,31/05/22,17:00,7.5,72,0.0,77
1,31/05/22,17:30,6.9,73,0.0,34
1,31/05/22,18:00,5.8,76,0.0,3
1,31/05/22,18:30,4.8,80,0.0,0
1,31/05/22,19:00,4.8,79,0.0,0
1,31/05/22,19:30,4.6,80,0.0,0
1,31/05/22,20:00,4.7,79,0.0,0
1,31/05/22,20:30,4.3,81,0.0,0
1,31/05/22,21:00,4.6,79,0.0,0
1,31/05/22,21:30,4.5,80,0.0,0
1,31/05/22,22:00,4.7,78,0.0,0
1,31/05/22,22:30,4.7,76,0.0,0
1,31/05/22,23:00,4.2,77,0.0,0
1,31/05/22,23:30,4.0,78,0.0,0
1,01/06/22,00:00,3.8,79,0.0,0
1,01/06/22,0:30,3.6,80,0.0,0
1,01/06/22,1:00,3.7,81,0.0,0
1,01/06/22,1:30,3.3,82,0.0,0
1,01/06/22,2:00,3.7,80,0.0,0
1,01/06/22,2:30,3.5,79,0.0,0
1,01/06/22,3:00,3.1,80,0.0,0
1,01/06/22,3:30,3.1,81,0.0,0
1,01/06/22,4:00,3.2,82,0.0,0
1,01/06/22,4:30,3.3,82,0.0,0
1,01/06/22,5:00,3.4,81,0.0,0
1,01/06/22,5:30,3.4,80,0.0,0
1,01/06/22,6:00,3.4,80,0.0,0
1,01/06/22,6:30,3.0,82,0.0,0
1,01/06/22,7:00,3.2,82,0.0,0
1,01/06/22,7:30,3.2,81,0.0,1
1,01/06/22,8:00,3.7,78,0.0,27
1,01/06/22,8:30,4.4,77,0.0,65
1,01/06/22,9:00,4.8,77,0.0,110
1,01/06/22,9:30,5.6,75,0.0,199
1,01/06/22,10:00,6.3,73,0.0,198
1,01/06/22,10:30,6.9,71,0.0,281
1,01/06/22,11:00,7.6,67,0.0,385
1,01/06/22,11:30,7.7,70,0.0,300
1,01/06/22,12:00,7.8,67,0.0,367
1,01/06/22,12:30,8.3,66,0.0,323
1,01/06/22,13:00,8.7,66,0.0,442
1,01/06/22,13:30,8.8,67,0.0,374
1,01/06/22,14:00,9.2,66,0.0,511
1,01/06/22,14:30,9.5,61,0.0,506
1,01/06/22,15:00,9.9,62,0.0,445
1,01/06/22,15:30,10.1,54,0.0,365
1,01/06/22,16:00,10.2,52,0.0,279
1,01/06/22,16:30,10.1,55,0.0,179
1,01/06/22,17:00,9.7,56,0.0,79
1,01/06/22,17:30,8.6,63,0.0,19
1,01/06/22,18:00,6.7,68,0.0,2
1,01/06/22,18:30,6.8,68,0.0,0
1,01/06/22,19:00,6.3,72,0.0,0
1,01/06/22,19:30,5.4,76,0.0,0
1,01/06/22,20:00,5.1,78,0.0,0
1,01/06/22,20:30,4.8,80,0.0,0
1,01/06/22,21:00,4.1,82,0.0,0
1,01/06/22,21:30,3.8,83,0.0,0
1,01/06/22,22:00,4.2,81,0.0,0
1,01/06/22,22:30,4.7,80,0.0,0
1,01/06/22,23:00,4.3,83,0.0,0
1,01/06/22,23:30,5.1,81,0.0,0
1,02/06/22,00:00,4.7,82,0.0,0
1,02/06/22,0:30,4.7,81,0.0,0
1,02/06/22,1:00,4.8,80,0.0,0
1,02/06/22,1:30,4.3,82,0.0,0
1,02/06/22,2:00,4.4,81,0.0,0
1,02/06/22,2:30,5.2,79,0.0,0
1,02/06/22,3:00,5.2,78,0.0,0
1,02/06/22,3:30,4.2,80,0.0,0
1,02/06/22,4:00,3.7,82,0.0,0
1,02/06/22,4:30,3.8,81,0.0,0
1,02/06/22,5:00,4.1,77,0.0,0
1,02/06/22,5:30,3.5,78,0.0,0
1,02/06/22,6:00,3.8,76,0.0,0
1,02/06/22,6:30,3.6,79,0.0,0
1,02/06/22,7:00,3.4,81,0.0,0
1,02/06/22,7:30,3.4,82,0.0,0
1,02/06/22,8:00,3.1,82,0.0,14
1,02/06/22,8:30,2.9,84,0.0,37
1,02/06/22,9:00,3.6,83,0.0,147
1,02/06/22,9:30,5.1,83,0.0,267
1,02/06/22,10:00,7.7,73,0.0,382
1,02/06/22,10:30,8.9,69,0.0,448
1,02/06/22,11:00,9.2,66,0.0,508
1,02/06/22,11:30,9.8,64,0.0,553
1,02/06/22,12:00,10.1,61,0.0,586
1,02/06/22,12:30,10.7,63,0.0,592
1,02/06/22,13:00,10.7,62,0.0,581
1,02/06/22,13:30,10.8,63,0.0,572
1,02/06/22,14:00,11.4,60,0.0,534
1,02/06/22,14:30,11.3,61,0.0,491
1,02/06/22,15:00,11.3,63,0.0,435
1,02/06/22,15:30,11.4,62,0.0,382
1,02/06/22,16:00,10.8,64,0.0,285
1,02/06/22,16:30,10.8,66,0.0,137
1,02/06/22,17:00,10.4,65,0.0,96
1,02/06/22,17:30,9.2,72,0.0,23
1,02/06/22,18:00,7.7,76,0.0,2
1,02/06/22,18:30,7.4,79,0.0,0
1,02/06/22,19:00,7.3,81,0.0,0
1,02/06/22,19:30,7.0,83,0.0,0
1,02/06/22,20:00,7.2,83,0.0,0
1,02/06/22,20:30,6.8,83,0.0,0
1,02/06/22,21:00,6.6,85,0.0,0
1,02/06/22,21:30,5.7,87,0.0,0
1,02/06/22,22:00,6.3,86,0.0,0
1,02/06/22,22:30,6.1,86,0.0,0
1,02/06/22,23:00,5.2,88,0.0,0
1,02/06/22,23:30,5.4,89,0.0,0
1,03/06/22,00:00,4.8,90,0.0,0
1,03/06/22,0:30,4.2,90,0.0,0
1,03/06/22,1:00,4.3,89,0.0,0
1,03/06/22,1:30,4.3,90,0.0,0
1,03/06/22,2:00,3.9,89,0.0,0
1,03/06/22,2:30,4.1,89,0.0,0
1,03/06/22,3:00,3.3,89,0.0,0
1,03/06/22,3:30,3.0,90,0.0,0
1,03/06/22,4:00,2.5,87,0.0,0
1,03/06/22,4:30,2.1,90,0.0,0
1,03/06/22,5:00,2.5,90,0.0,0
1,03/06/22,5:30,2.6,89,0.0,0
1,03/06/22,6:00,2.9,87,0.0,0
1,03/06/22,6:30,2.6,86,0.0,0
1,03/06/22,7:00,1.9,87,0.0,0
1,03/06/22,7:30,1.1,89,0.0,1
1,03/06/22,8:00,2.0,89,0.0,24
1,03/06/22,8:30,2.6,87,0.0,107
1,03/06/22,9:00,3.6,88,0.0,192
1,03/06/22,9:30,4.1,88,0.0,162
1,03/06/22,10:00,5.1,89,0.0,330
1,03/06/22,10:30,5.8,88,0.0,356
1,03/06/22,11:00,7.8,86,0.0,458
1,03/06/22,11:30,9.6,81,0.0,529
1,03/06/22,12:00,10.7,71,0.0,592
1,03/06/22,12:30,11.3,66,0.0,605
1,03/06/22,13:00,11.7,66,0.0,597
1,03/06/22,13:30,12.1,67,0.0,579
1,03/06/22,14:00,12.6,65,0.0,547
1,03/06/22,14:30,12.6,61,0.0,497
1,03/06/22,15:00,12.8,64,0.0,442
1,03/06/22,15:30,13.0,64,0.0,385
1,03/06/22,16:00,12.7,63,0.0,246
1,03/06/22,16:30,12.3,61,0.0,164
1,03/06/22,17:00,11.8,67,0.0,78
1,03/06/22,17:30,10.8,71,0.0,20
1,03/06/22,18:00,9.6,76,0.0,2
1,03/06/22,18:30,9.3,79,0.0,0
1,03/06/22,19:00,8.7,83,0.0,0
1,03/06/22,19:30,8.5,87,0.0,0
1,03/06/22,20:00,8.3,89,0.0,0
1,03/06/22,20:30,7.9,92,0.0,0
1,03/06/22,21:00,7.9,93,0.0,0
1,03/06/22,21:30,8.1,93,0.0,0
1,03/06/22,22:00,7.9,94,0.0,0
1,03/06/22,22:30,8.0,95,0.0,0
1,03/06/22,23:00,7.9,95,0.0,0
1,03/06/22,23:30,8.1,95,0.0,0
1,04/06/22,00:00,8.2,93,0.0,0
1,04/06/22,0:30,7.8,93,0.0,0
1,04/06/22,1:00,7.8,93,0.0,0
1,04/06/22,1:30,8.1,91,0.0,0
1,04/06/22,2:00,8.2,90,0.0,0
1,04/06/22,2:30,8.1,90,0.0,0
1,04/06/22,3:00,8.2,90,0.0,0
1,04/06/22,3:30,8.2,89,0.0,0
1,04/06/22,4:00,8.3,88,0.0,0
1,04/06/22,4:30,8.3,87,0.0,0
1,04/06/22,5:00,8.4,87,0.0,0
1,04/06/22,5:30,8.1,88,0.0,0
1,04/06/22,6:00,7.9,89,0.0,0
1,04/06/22,6:30,7.8,88,0.0,0
1,04/06/22,7:00,7.9,88,0.0,0
1,04/06/22,7:30,8.3,87,0.0,1
1,04/06/22,8:00,8.4,86,0.0,26
1,04/06/22,8:30,8.9,85,0.0,101
1,04/06/22,9:00,9.9,83,0.0,198
1,04/06/22,9:30,10.8,81,0.0,293
1,04/06/22,10:00,12.4,77,0.0,362
1,04/06/22,10:30,13.1,76,0.0,409
1,04/06/22,11:00,13.7,75,0.0,487
1,04/06/22,11:30,14.6,72,0.0,531
1,04/06/22,12:00,15.2,71,0.0,559
1,04/06/22,12:30,15.3,71,0.0,570
1,04/06/22,13:00,15.8,71,0.0,572
1,04/06/22,13:30,16.2,70,0.0,545
1,04/06/22,14:00,16.3,70,0.0,496
1,04/06/22,14:30,15.9,74,0.0,413
1,04/06/22,15:00,16.3,73,0.0,315
1,04/06/22,15:30,16.2,73,0.0,301
1,04/06/22,16:00,15.4,77,0.0,119
1,04/06/22,16:30,15.3,77,0.0,74
1,04/06/22,17:00,14.8,79,0.0,57
1,04/06/22,17:30,14.5,81,0.0,13
1,04/06/22,18:00,14.1,83,0.0,0
1,04/06/22,18:30,13.9,84,0.0,0
1,04/06/22,19:00,13.4,84,0.0,0
1,04/06/22,19:30,12.6,87,0.0,0
1,04/06/22,20:00,12.6,89,0.0,0
1,04/06/22,20:30,12.8,88,0.0,0
1,04/06/22,21:00,12.6,89,0.0,0
1,04/06/22,21:30,12.7,89,0.0,0
1,04/06/22,22:00,13.1,88,0.0,0
1,04/06/22,22:30,13.1,88,0.0,0
1,04/06/22,23:00,13.0,89,0.0,0
1,04/06/22,23:30,13.0,89,0.0,0
1,05/06/22,00:00,13.2,88,0.0,0
1,05/06/22,0:30,13.1,90,0.0,0
1,05/06/22,1:00,13.2,89,0.0,0
1,05/06/22,1:30,13.2,89,0.0,0
1,05/06/22,2:00,13.3,88,0.0,0
1,05/06/22,2:30,13.6,88,0.0,0
1,05/06/22,3:00,13.6,87,0.0,0
1,05/06/22,3:30,13.4,88,0.0,0
1,05/06/22,4:00,13.5,87,0.0,0
1,05/06/22,4:30,13.6,87,0.0,0
1,05/06/22,5:00,13.4,88,0.0,0
1,05/06/22,5:30,13.4,88,0.0,0
1,05/06/22,6:00,13.7,88,0.0,0
1,05/06/22,6:30,13.3,90,0.0,0
1,05/06/22,7:00,13.1,92,0.0,0
1,05/06/22,7:30,13.1,94,0.0,0
1,05/06/22,8:00,13.3,93,0.0,8
1,05/06/22,8:30,13.6,92,0.0,15
1,05/06/22,9:00,13.5,93,0.0,33
1,05/06/22,9:30,13.5,94,0.0,28
1,05/06/22,10:00,13.6,93,0.0,44
1,05/06/22,10:30,13.3,94,0.0,43
1,05/06/22,11:00,12.9,95,0.6,57
1,05/06/22,11:30,13.6,96,0.0,148
1,05/06/22,12:00,13.7,96,0.0,100
1,05/06/22,12:30,14.1,96,0.0,163
1,05/06/22,13:00,14.6,96,0.0,181
1,05/06/22,13:30,15.2,96,0.0,266
1,05/06/22,14:00,15.3,96,0.0,161
1,05/06/22,14:30,15.4,95,0.0,134
1,05/06/22,15:00,15.4,96,0.0,107
1,05/06/22,15:30,15.4,95,0.0,96
1,05/06/22,16:00,15.3,95,0.0,56
1,05/06/22,16:30,15.1,96,0.0,26
1,05/06/22,17:00,15.0,96,0.0,12
1,05/06/22,17:30,14.9,96,0.0,3
1,05/06/22,18:00,14.7,96,0.0,0
1,05/06/22,18:30,14.6,97,0.0,0
1,05/06/22,19:00,14.6,97,0.0,0
1,05/06/22,19:30,14.6,97,0.0,0
1,05/06/22,20:00,14.6,97,0.0,0
1,05/06/22,20:30,14.6,97,0.2,0
1,05/06/22,21:00,14.4,97,0.0,0
1,05/06/22,21:30,14.4,97,0.2,0
1,05/06/22,22:00,14.4,97,0.0,0
1,05/06/22,22:30,14.4,98,0.0,0
1,05/06/22,23:00,14.4,98,0.0,0
1,05/06/22,23:30,14.4,98,0.6,0
1,06/06/22,00:00,14.4,98,0.0,0
1,06/06/22,0:30,14.4,98,0.0,0
1,06/06/22,1:00,14.3,98,0.0,0
1,06/06/22,1:30,14.3,98,0.0,0
1,06/06/22,2:00,14.3,98,0.2,0
1,06/06/22,2:30,14.3,98,1.6,0
1,06/06/22,3:00,14.3,98,0.4,0
1,06/06/22,3:30,14.3,98,0.0,0
1,06/06/22,4:00,14.6,98,0.0,0
1,06/06/22,4:30,14.5,98,0.0,0
1,06/06/22,5:00,14.6,98,0.0,0
1,06/06/22,5:30,14.7,98,0.0,0
1,06/06/22,6:00,14.6,98,0.0,0
1,06/06/22,6:30,14.6,98,0.0,0
1,06/06/22,7:00,14.6,98,0.0,0
1,06/06/22,7:30,14.5,98,0.0,0
1,06/06/22,8:00,14.2,98,0.0,1
1,06/06/22,8:30,14.2,98,0.0,15
1,06/06/22,9:00,14.2,97,0.0,35
1,06/06/22,9:30,14.4,97,0.0,48
1,06/06/22,10:00,14.5,96,0.0,66
1,06/06/22,10:30,14.5,96,0.0,61
1,06/06/22,11:00,14.6,95,0.0,91
1,06/06/22,11:30,14.6,95,0.0,76
1,06/06/22,12:00,14.4,95,0.0,131
1,06/06/22,12:30,14.4,95,0.0,118
1,06/06/22,13:00,14.3,95,0.0,91
1,06/06/22,13:30,14.3,95,0.0,108
1,06/06/22,14:00,14.3,95,0.0,117
1,06/06/22,14:30,14.3,96,0.0,121
1,06/06/22,15:00,14.3,96,0.0,118
1,06/06/22,15:30,14.5,95,0.0,62
1,06/06/22,16:00,14.3,95,0.0,50
1,06/06/22,16:30,14.1,95,0.0,43
1,06/06/22,17:00,13.8,95,0.0,22
1,06/06/22,17:30,13.6,96,0.0,7
1,06/06/22,18:00,13.3,97,0.0,0
1,06/06/22,18:30,13.2,97,0.0,0
1,06/06/22,19:00,13.0,97,0.0,0
1,06/06/22,19:30,12.8,97,0.0,0
1,06/06/22,20:00,12.8,97,0.0,0
1,06/06/22,20:30,12.5,97,0.0,0
1,06/06/22,21:00,12.3,97,0.0,0
1,06/06/22,21:30,12.2,97,0.0,0
1,06/06/22,22:00,12.3,96,0.0,0
1,06/06/22,22:30,12.3,96,0.0,0
1,06/06/22,23:00,12.1,96,0.0,0
1,06/06/22,23:30,11.9,96,0.0,0
1,07/06/22,00:00,11.4,97,0.0,0
1,07/06/22,0:30,11.3,97,0.0,0
1,07/06/22,1:00,11.3,97,0.0,0
1,07/06/22,1:30,11.2,97,0.0,0
1,07/06/22,2:00,11.2,97,0.0,0
1,07/06/22,2:30,11.2,97,0.0,0
1,07/06/22,3:00,11.1,97,0.0,0
1,07/06/22,3:30,11.1,97,0.0,0
1,07/06/22,4:00,11.0,97,0.0,0
1,07/06/22,4:30,10.7,97,0.0,0
1,07/06/22,5:00,10.4,97,0.0,0
1,07/06/22,5:30,10.2,97,0.0,0
1,07/06/22,6:00,9.7,97,0.0,0
1,07/06/22,6:30,9.4,97,0.0,0
1,07/06/22,7:00,9.4,97,0.0,0
1,07/06/22,7:30,9.7,97,0.0,0
1,07/06/22,8:00,10.0,97,0.0,9
1,07/06/22,8:30,10.3,97,0.0,32
1,07/06/22,9:00,10.6,96,0.0,62
1,07/06/22,9:30,10.9,95,0.0,93
1,07/06/22,10:00,11.3,94,0.0,143
1,07/06/22,10:30,12.2,93,0.0,212
1,07/06/22,11:00,13.1,90,0.0,257
1,07/06/22,11:30,13.8,89,0.0,372
1,07/06/22,12:00,14.5,89,0.0,358
1,07/06/22,12:30,15.2,86,0.0,365
1,07/06/22,13:00,16.0,86,0.0,562
1,07/06/22,13:30,15.9,85,0.0,418
1,07/06/22,14:00,15.9,85,0.0,222
1,07/06/22,14:30,15.4,87,0.0,166
1,07/06/22,15:00,15.4,88,0.0,130
1,07/06/22,15:30,15.1,90,0.0,81
1,07/06/22,16:00,15.1,90,0.0,112
1,07/06/22,16:30,15.1,90,0.0,104
1,07/06/22,17:00,14.8,91,0.0,36
1,07/06/22,17:30,14.6,92,0.0,15
1,07/06/22,18:00,14.3,93,0.0,0
1,07/06/22,18:30,14.2,93,0.0,0
1,07/06/22,19:00,14.1,92,0.0,0
1,07/06/22,19:30,13.9,91,0.0,0
1,07/06/22,20:00,13.7,92,0.0,0
1,07/06/22,20:30,13.7,93,0.0,0
1,07/06/22,21:00,13.7,93,0.0,0
1,07/06/22,21:30,13.6,94,0.0,0
1,07/06/22,22:00,13.2,94,0.0,0
1,07/06/22,22:30,12.9,94,0.0,0
1,07/06/22,23:00,12.8,94,0.0,0
1,07/06/22,23:30,12.8,95,0.0,0
1,08/06/22,00:00,13.1,95,0.0,0
1,08/06/22,0:30,13.1,95,0.0,0
1,08/06/22,1:00,13.0,95,0.0,0
1,08/06/22,1:30,12.9,95,0.0,0
1,08/06/22,2:00,12.9,95,0.0,0
1,08/06/22,2:30,12.9,95,0.0,0
1,08/06/22,3:00,12.8,96,0.0,0
1,08/06/22,3:30,12.7,95,0.0,0
1,08/06/22,4:00,12.3,95,0.0,0
1,08/06/22,4:30,12.2,96,0.0,0
1,08/06/22,5:00,12.2,95,0.0,0
1,08/06/22,5:30,12.3,95,0.0,0
1,08/06/22,6:00,12.3,94,0.0,0
1,08/06/22,6:30,12.2,94,0.0,0
1,08/06/22,7:00,12.2,94,0.0,0
1,08/06/22,7:30,12.2,94,0.0,0
1,08/06/22,8:00,12.3,94,0.0,10
1,08/06/22,8:30,12.4,94,0.0,31
1,08/06/22,9:00,12.7,94,0.0,64
1,08/06/22,9:30,13.3,93,0.0,106
1,08/06/22,10:00,13.9,92,0.0,174
1,08/06/22,10:30,14.6,88,0.0,245
1,08/06/22,11:00,16.1,86,0.0,453
1,08/06/22,11:30,16.7,81,0.0,531
1,08/06/22,12:00,16.9,81,0.0,557
1,08/06/22,12:30,17.2,81,0.0,570
1,08/06/22,13:00,17.9,80,0.0,570
1,08/06/22,13:30,18.3,79,0.0,562
1,08/06/22,14:00,18.8,76,0.0,488
1,08/06/22,14:30,19.4,74,0.0,578
1,08/06/22,15:00,19.4,74,0.0,506
1,08/06/22,15:30,20.1,73,0.0,401
1,08/06/22,16:00,20.1,73,0.0,339
1,08/06/22,16:30,19.7,73,0.0,232
1,08/06/22,17:00,19.1,75,0.0,129
1,08/06/22,17:30,18.1,78,0.0,26
1,08/06/22,18:00,17.7,80,0.0,0
1,08/06/22,18:30,17.1,82,0.0,0
1,08/06/22,19:00,15.8,87,0.0,0
1,08/06/22,19:30,15.7,87,0.0,0
1,08/06/22,20:00,15.3,89,0.0,0
1,08/06/22,20:30,15.2,89,0.0,0
1,08/06/22,21:00,14.6,90,0.0,0
1,08/06/22,21:30,13.7,92,0.0,0
1,08/06/22,22:00,13.5,92,0.0,0
1,08/06/22,22:30,12.9,94,0.0,0
1,08/06/22,23:00,13.1,94,0.0,0
1,08/06/22,23:30,13.3,94,0.0,0
1,09/06/22,00:00,13.7,93,0.0,0
1,09/06/22,0:30,13.6,92,0.0,0
1,09/06/22,1:00,13.5,92,0.0,0
1,09/06/22,1:30,12.4,94,0.0,0
1,09/06/22,2:00,12.6,95,0.0,0
1,09/06/22,2:30,12.3,96,0.0,0
1,09/06/22,3:00,12.2,97,0.0,0
1,09/06/22,3:30,12.2,97,0.0,0
1,09/06/22,4:00,12.0,97,0.0,0
1,09/06/22,4:30,12.0,97,0.0,0
1,09/06/22,5:00,11.8,97,0.0,0
1,09/06/22,5:30,11.8,97,0.0,0
1,09/06/22,6:00,11.8,97,0.0,0
1,09/06/22,6:30,12.0,98,0.0,0
1,09/06/22,7:00,12.1,98,0.0,0
1,09/06/22,7:30,12.0,98,0.0,2
1,09/06/22,8:00,12.1,98,0.0,15
1,09/06/22,8:30,12.2,98,0.0,61
1,09/06/22,9:00,12.2,98,0.0,102
1,09/06/22,9:30,12.3,97,0.0,169
1,09/06/22,10:00,13.1,98,0.0,298
1,09/06/22,10:30,14.6,96,0.0,402
1,09/06/22,11:00,16.6,85,0.0,492
1,09/06/22,11:30,17.7,80,0.0,515
1,09/06/22,12:00,18.1,77,0.0,565
1,09/06/22,12:30,18.8,72,0.0,594
1,09/06/22,13:00,19.1,72,0.0,585
1,09/06/22,13:30,19.2,70,0.0,535
1,09/06/22,14:00,19.7,70,0.0,375
1,09/06/22,14:30,19.0,76,0.0,427
1,09/06/22,15:00,18.3,77,0.0,294
1,09/06/22,15:30,17.6,80,0.0,223
1,09/06/22,16:00,17.8,81,0.0,225
1,09/06/22,16:30,17.0,83,0.0,157
1,09/06/22,17:00,16.7,85,0.0,80
1,09/06/22,17:30,15.3,87,0.0,28
1,09/06/22,18:00,14.4,90,0.0,2
1,09/06/22,18:30,14.2,91,0.0,0
1,09/06/22,19:00,13.7,92,0.0,0
1,09/06/22,19:30,13.3,94,0.0,0
1,09/06/22,20:00,12.9,95,0.0,0
1,09/06/22,20:30,12.7,95,0.0,0
1,09/06/22,21:00,12.6,96,0.0,0
1,09/06/22,21:30,12.4,96,0.0,0
1,09/06/22,22:00,12.5,96,0.0,0
1,09/06/22,22:30,12.4,97,0.0,0
1,09/06/22,23:00,12.3,97,0.0,0
1,09/06/22,23:30,11.9,97,0.0,0
1,10/06/22,00:00,11.8,97,0.0,0
1,10/06/22,0:30,11.8,97,0.2,0
1,10/06/22,1:00,11.8,97,0.0,0
1,10/06/22,1:30,11.8,97,0.0,0
1,10/06/22,2:00,11.8,98,0.0,0
1,10/06/22,2:30,11.8,98,0.0,0
1,10/06/22,3:00,11.9,98,0.0,0
1,10/06/22,3:30,12.0,98,0.2,0
1,10/06/22,4:00,12.1,98,0.0,0
1,10/06/22,4:30,11.9,98,0.0,0
1,10/06/22,5:00,11.6,98,0.0,0
1,10/06/22,5:30,11.2,97,0.0,0
1,10/06/22,6:00,9.9,96,0.0,0
1,10/06/22,6:30,9.3,97,0.0,0
1,10/06/22,7:00,9.2,97,0.0,0
1,10/06/22,7:30,8.7,97,0.0,0
1,10/06/22,8:00,8.6,94,0.0,3
1,10/06/22,8:30,8.4,92,0.0,32
1,10/06/22,9:00,8.2,92,0.0,74
1,10/06/22,9:30,8.8,89,0.0,179
1,10/06/22,10:00,8.7,84,0.0,150
1,10/06/22,10:30,9.2,81,0.0,286
1,10/06/22,11:00,9.4,75,0.0,496
1,10/06/22,11:30,9.4,73,0.0,541
1,10/06/22,12:00,9.3,66,0.0,573
1,10/06/22,12:30,9.3,66,0.0,604
1,10/06/22,13:00,9.8,64,0.0,595
1,10/06/22,13:30,9.9,63,0.0,574
1,10/06/22,14:00,9.8,56,0.0,541
1,10/06/22,14:30,9.5,57,0.0,495
1,10/06/22,15:00,9.6,58,0.0,434
1,10/06/22,15:30,9.6,58,0.0,358
1,10/06/22,16:00,9.4,56,0.0,272
1,10/06/22,16:30,8.8,59,0.0,171
1,10/06/22,17:00,8.1,61,0.0,74
1,10/06/22,17:30,7.2,65,0.0,19
1,10/06/22,18:00,5.5,71,0.0,2
1,10/06/22,18:30,4.8,73,0.0,0
1,10/06/22,19:00,3.8,75,0.0,0
1,10/06/22,19:30,3.4,79,0.0,0
1,10/06/22,20:00,3.3,80,0.0,0
1,10/06/22,20:30,3.4,81,0.0,0
1,10/06/22,21:00,3.8,81,0.0,0
1,10/06/22,21:30,3.4,83,0.0,0
1,10/06/22,22:00,2.7,85,0.0,0
1,10/06/22,22:30,2.5,86,0.0,0
1,10/06/22,23:00,2.7,86,0.0,0
1,10/06/22,23:30,2.1,88,0.0,0
1,11/06/22,00:00,1.8,89,0.0,0
1,11/06/22,0:30,1.3,89,0.0,0
1,11/06/22,1:00,0.9,90,0.0,0
1,11/06/22,1:30,0.7,91,0.0,0
1,11/06/22,2:00,0.6,90,0.0,0
1,11/06/22,2:30,0.4,89,0.0,0
1,11/06/22,3:00,0.4,88,0.0,0
1,11/06/22,3:30,0.4,88,0.0,0
1,11/06/22,4:00,0.1,88,0.0,0
1,11/06/22,4:30,-0.2,88,0.0,0
1,11/06/22,5:00,-0.1,87,0.0,0
1,11/06/22,5:30,-0.2,88,0.0,0
1,11/06/22,6:00,0.0,85,0.0,0
1,11/06/22,6:30,-0.2,86,0.0,0
1,11/06/22,7:00,-0.4,85,0.0,0
1,11/06/22,7:30,-0.8,86,0.0,0
1,11/06/22,8:00,-0.4,87,0.0,19
1,11/06/22,8:30,-0.3,88,0.0,88
1,11/06/22,9:00,1.2,88,0.0,196
1,11/06/22,9:30,3.1,84,0.0,292
1,11/06/22,10:00,3.8,76,0.0,374
1,11/06/22,10:30,4.7,72,0.0,445
1,11/06/22,11:00,5.6,71,0.0,503
1,11/06/22,11:30,6.8,72,0.0,545
1,11/06/22,12:00,7.2,68,0.0,574
1,11/06/22,12:30,8.4,67,0.0,586
1,11/06/22,13:00,8.8,63,0.0,586
1,11/06/22,13:30,9.2,60,0.0,567
1,11/06/22,14:00,9.4,54,0.0,534
1,11/06/22,14:30,9.9,57,0.0,486
1,11/06/22,15:00,10.1,48,0.0,425
1,11/06/22,15:30,10.2,47,0.0,351
1,11/06/22,16:00,10.3,47,0.0,270
1,11/06/22,16:30,10.1,49,0.0,172
1,11/06/22,17:00,9.4,53,0.0,74
1,11/06/22,17:30,8.1,56,0.0,17
1,11/06/22,18:00,6.7,61,0.0,2
1,11/06/22,18:30,6.2,62,0.0,0
1,11/06/22,19:00,4.9,66,0.0,0
1,11/06/22,19:30,4.9,66,0.0,0
1,11/06/22,20:00,3.9,71,0.0,0
1,11/06/22,20:30,4.6,69,0.0,0
1,11/06/22,21:00,4.1,71,0.0,0
1,11/06/22,21:30,4.2,71,0.0,0
1,11/06/22,22:00,3.7,74,0.0,0
1,11/06/22,22:30,3.6,74,0.0,0
1,11/06/22,23:00,3.5,76,0.0,0
1,11/06/22,23:30,3.3,77,0.0,0
1,12/06/22,00:00,3.3,78,0.0,0
1,12/06/22,0:30,3.0,80,0.0,0
1,12/06/22,1:00,2.8,81,0.0,0
1,12/06/22,1:30,2.4,83,0.0,0
1,12/06/22,2:00,3.4,80,0.0,0
1,12/06/22,2:30,2.7,82,0.0,0
1,12/06/22,3:00,2.2,84,0.0,0
1,12/06/22,3:30,2.3,84,0.0,0
1,12/06/22,4:00,1.7,85,0.0,0
1,12/06/22,4:30,1.0,88,0.0,0
1,12/06/22,5:00,1.4,89,0.0,0
1,12/06/22,5:30,1.3,89,0.0,0
1,12/06/22,6:00,1.3,89,0.0,0
1,12/06/22,6:30,1.1,88,0.0,0
1,12/06/22,7:00,1.3,88,0.0,0
1,12/06/22,7:30,0.6,89,0.0,0
1,12/06/22,8:00,1.2,88,0.0,20
1,12/06/22,8:30,1.6,88,0.0,93
1,12/06/22,9:00,2.3,87,0.0,192
1,12/06/22,9:30,3.8,87,0.0,288
1,12/06/22,10:00,5.2,83,0.0,369
1,12/06/22,10:30,6.9,78,0.0,438
1,12/06/22,11:00,8.3,70,0.0,496
1,12/06/22,11:30,9.6,65,0.0,539
1,12/06/22,12:00,10.4,63,0.0,566
1,12/06/22,12:30,11.2,59,0.0,579
1,12/06/22,13:00,11.4,59,0.0,577
1,12/06/22,13:30,12.6,54,0.0,559
1,12/06/22,14:00,13.3,54,0.0,526
1,12/06/22,14:30,13.6,50,0.0,480
1,12/06/22,15:00,13.7,53,0.0,419
1,12/06/22,15:30,13.7,54,0.0,346
1,12/06/22,16:00,13.8,56,0.0,265
1,12/06/22,16:30,13.4,58,0.0,169
1,12/06/22,17:00,12.7,61,0.0,73
1,12/06/22,17:30,11.8,64,0.0,16
1,12/06/22,18:00,10.4,68,0.0,2
1,12/06/22,18:30,10.2,68,0.0,0
1,12/06/22,19:00,10.1,68,0.0,0
1,12/06/22,19:30,10.4,67,0.0,0
1,12/06/22,20:00,10.5,67,0.0,0
1,12/06/22,20:30,9.3,70,0.0,0
1,12/06/22,21:00,9.8,69,0.0,0
1,12/06/22,21:30,9.0,72,0.0,0
1,12/06/22,22:00,8.4,75,0.0,0
1,12/06/22,22:30,8.6,73,0.0,0
1,12/06/22,23:00,8.3,73,0.0,0
1,12/06/22,23:30,7.8,74,0.0,0
1,13/06/22,00:00,7.7,74,0.0,0
1,13/06/22,0:30,7.2,75,0.0,0
1,13/06/22,1:00,6.8,79,0.0,0
1,13/06/22,1:30,6.7,77,0.0,0
1,13/06/22,2:00,6.7,78,0.0,0
1,13/06/22,2:30,6.8,77,0.0,0
1,13/06/22,3:00,6.8,77,0.0,0
1,13/06/22,3:30,6.5,78,0.0,0
1,13/06/22,4:00,6.5,79,0.0,0
1,13/06/22,4:30,6.4,77,0.0,0
1,13/06/22,5:00,6.4,77,0.0,0
1,13/06/22,5:30,6.4,77,0.0,0
1,13/06/22,6:00,6.5,76,0.0,0
1,13/06/22,6:30,6.3,77,0.0,0
1,13/06/22,7:00,5.9,78,0.0,0
1,13/06/22,7:30,6.4,85,0.0,0
1,13/06/22,8:00,6.6,84,0.0,18
1,13/06/22,8:30,7.9,84,0.0,84
1,13/06/22,9:00,8.9,83,0.0,184
1,13/06/22,9:30,8.9,86,0.0,280
1,13/06/22,10:00,9.8,85,0.0,363
1,13/06/22,10:30,11.1,82,0.0,433
1,13/06/22,11:00,13.2,81,0.0,490
1,13/06/22,11:30,14.2,78,0.0,487
1,13/06/22,12:00,13.8,80,0.0,338
1,13/06/22,12:30,13.8,79,0.0,366
1,13/06/22,13:00,14.0,79,0.0,332
1,13/06/22,13:30,15.3,76,0.0,609
1,13/06/22,14:00,15.4,75,0.0,527
1,13/06/22,14:30,15.8,75,0.0,494
1,13/06/22,15:00,15.9,75,0.0,423
1,13/06/22,15:30,16.0,75,0.0,352
1,13/06/22,16:00,16.2,74,0.0,274
1,13/06/22,16:30,16.1,75,0.0,171
1,13/06/22,17:00,15.8,76,0.0,82
1,13/06/22,17:30,15.2,79,0.0,37
1,13/06/22,18:00,14.1,82,0.0,2
1,13/06/22,18:30,13.4,84,0.0,0
1,13/06/22,19:00,12.9,84,0.0,0
1,13/06/22,19:30,12.5,86,0.0,0
1,13/06/22,20:00,11.7,88,0.0,0
1,13/06/22,20:30,11.0,90,0.0,0
1,13/06/22,21:00,10.8,90,0.0,0
1,13/06/22,21:30,10.7,91,0.0,0
1,13/06/22,22:00,10.7,90,0.0,0
1,13/06/22,22:30,11.1,90,0.0,0
1,13/06/22,23:00,11.1,89,0.0,0
1,13/06/22,23:30,11.1,88,0.0,0
1,14/06/22,00:00,11.4,87,0.0,0
1,14/06/22,0:30,11.3,87,0.0,0
1,14/06/22,1:00,11.3,87,0.0,0
1,14/06/22,1:30,11.3,87,0.0,0
1,14/06/22,2:00,11.1,88,0.0,0
1,14/06/22,2:30,10.7,89,0.0,0
1,14/06/22,3:00,10.4,90,0.0,0
1,14/06/22,3:30,10.3,91,0.0,0
1,14/06/22,4:00,10.1,92,0.0,0
1,14/06/22,4:30,10.1,93,0.0,0
1,14/06/22,5:00,10.2,94,0.0,0
1,14/06/22,5:30,10.0,94,0.0,0
1,14/06/22,6:00,9.6,94,0.0,0
1,14/06/22,6:30,9.4,95,0.0,0
1,14/06/22,7:00,9.3,95,0.0,0
1,14/06/22,7:30,9.2,95,0.0,0
1,14/06/22,8:00,9.7,96,0.0,17
1,14/06/22,8:30,9.7,96,0.0,77
1,14/06/22,9:00,10.2,96,0.0,145
1,14/06/22,9:30,10.4,96,0.0,173
1,14/06/22,10:00,10.6,96,0.0,249
1,14/06/22,10:30,10.4,95,0.0,261
1,14/06/22,11:00,10.9,95,0.0,307
1,14/06/22,11:30,11.4,93,0.0,365
1,14/06/22,12:00,12.2,89,0.0,588
1,14/06/22,12:30,12.8,88,0.0,591
1,14/06/22,13:00,13.6,87,0.0,584
1,14/06/22,13:30,14.0,85,0.0,568
1,14/06/22,14:00,14.8,82,0.0,535
1,14/06/22,14:30,15.3,79,0.0,488
1,14/06/22,15:00,15.8,76,0.0,426
1,14/06/22,15:30,16.2,74,0.0,353
1,14/06/22,16:00,16.3,73,0.0,270
1,14/06/22,16:30,15.7,76,0.0,171
1,14/06/22,17:00,15.2,79,0.0,73
1,14/06/22,17:30,14.2,82,0.0,18
1,14/06/22,18:00,13.3,84,0.0,2
1,14/06/22,18:30,13.3,84,0.0,0
1,14/06/22,19:00,13.2,85,0.0,0
1,14/06/22,19:30,12.8,86,0.0,0
1,14/06/22,20:00,12.5,87,0.0,0
1,14/06/22,20:30,12.2,88,0.0,0
1,14/06/22,21:00,12.3,87,0.0,0
1,14/06/22,21:30,12.4,87,0.0,0
1,14/06/22,22:00,12.3,87,0.0,0
1,14/06/22,22:30,11.6,90,0.0,0
1,14/06/22,23:00,11.8,91,0.0,0
1,14/06/22,23:30,11.6,92,0.0,0
1,15/06/22,00:00,11.2,93,0.0,0
1,15/06/22,0:30,11.1,94,0.0,0
1,15/06/22,1:00,10.7,95,0.0,0
1,15/06/22,1:30,10.4,96,0.0,0
1,15/06/22,2:00,9.3,96,0.0,0
1,15/06/22,2:30,10.6,97,0.0,0
1,15/06/22,3:00,10.2,97,0.0,0
1,15/06/22,3:30,9.8,97,0.0,0
1,15/06/22,4:00,9.7,97,0.0,0
1,15/06/22,4:30,10.3,95,0.0,0
1,15/06/22,5:00,10.3,92,0.0,0
1,15/06/22,5:30,10.2,90,0.0,0
1,15/06/22,6:00,10.1,91,0.0,0
1,15/06/22,6:30,9.9,91,0.0,0
1,15/06/22,7:00,9.8,92,0.0,0
1,15/06/22,7:30,10.4,91,0.0,0
1,15/06/22,8:00,10.3,92,0.0,17
1,15/06/22,8:30,10.8,91,0.0,87
1,15/06/22,9:00,11.8,91,0.0,188
1,15/06/22,9:30,13.0,87,0.0,286
1,15/06/22,10:00,13.9,85,0.0,368
1,15/06/22,10:30,15.1,81,0.0,439
1,15/06/22,11:00,16.1,75,0.0,496
1,15/06/22,11:30,17.0,72,0.0,540
1,15/06/22,12:00,17.8,73,0.0,567
1,15/06/22,12:30,18.7,69,0.0,581
1,15/06/22,13:00,19.7,62,0.0,578
1,15/06/22,13:30,19.9,67,0.0,560
1,15/06/22,14:00,19.6,66,0.0,528
1,15/06/22,14:30,19.6,69,0.0,500
1,15/06/22,15:00,19.1,71,0.0,247
1,15/06/22,15:30,19.2,71,0.0,266
1,15/06/22,16:00,19.3,69,0.0,300
1,15/06/22,16:30,18.6,72,0.0,150
1,15/06/22,17:00,17.6,75,0.0,57
1,15/06/22,17:30,16.7,79,0.0,27
1,15/06/22,18:00,15.8,81,0.0,3
1,15/06/22,18:30,15.1,82,0.0,0
1,15/06/22,19:00,14.7,83,0.0,0
1,15/06/22,19:30,14.1,84,0.0,0
1,15/06/22,20:00,14.2,84,0.0,0
1,15/06/22,20:30,13.9,83,0.0,0
1,15/06/22,21:00,13.2,85,0.0,0
1,15/06/22,21:30,13.0,87,0.0,0
1,15/06/22,22:00,12.2,89,0.0,0
1,15/06/22,22:30,12.3,90,0.0,0
1,15/06/22,23:00,12.3,90,0.0,0
1,15/06/22,23:30,12.3,92,0.0,0
1,16/06/22,00:00,12.4,93,0.0,0
1,16/06/22,0:30,12.6,92,0.0,0
1,16/06/22,1:00,12.7,91,0.0,0
1,16/06/22,1:30,12.8,90,0.0,0
1,16/06/22,2:00,12.3,90,0.0,0
1,16/06/22,2:30,12.3,91,0.0,0
1,16/06/22,3:00,12.0,91,0.0,0
1,16/06/22,3:30,12.4,90,0.0,0
1,16/06/22,4:00,12.3,90,0.0,0
1,16/06/22,4:30,12.1,90,0.0,0
1,16/06/22,5:00,12.4,88,0.0,0
1,16/06/22,5:30,12.2,87,0.0,0
1,16/06/22,6:00,12.3,86,0.0,0
1,16/06/22,6:30,12.1,86,0.0,0
1,16/06/22,7:00,11.8,84,0.0,0
1,16/06/22,7:30,11.1,89,0.0,1
1,16/06/22,8:00,11.4,88,0.0,14
1,16/06/22,8:30,11.2,90,0.0,62
1,16/06/22,9:00,11.8,89,0.0,139
1,16/06/22,9:30,12.9,88,0.0,246
1,16/06/22,10:00,13.1,87,0.0,281
1,16/06/22,10:30,13.9,85,0.0,362
1,16/06/22,11:00,14.7,84,0.0,463
1,16/06/22,11:30,15.4,82,0.0,384
1,16/06/22,12:00,16.9,78,0.0,436
1,16/06/22,12:30,17.7,78,0.0,330
1,16/06/22,13:00,17.8,76,0.0,241
1,16/06/22,13:30,18.2,76,0.0,309
1,16/06/22,14:00,18.6,75,0.0,256
1,16/06/22,14:30,17.7,77,0.0,211
1,16/06/22,15:00,17.4,78,0.0,153
1,16/06/22,15:30,17.0,83,0.0,71
1,16/06/22,16:00,16.6,80,0.0,42
1,16/06/22,16:30,16.1,84,0.0,36
1,16/06/22,17:00,15.8,86,0.0,29
1,16/06/22,17:30,15.4,86,0.0,19
1,16/06/22,18:00,15.3,86,0.0,0
1,16/06/22,18:30,15.3,85,0.0,0
1,16/06/22,19:00,14.8,88,0.0,0
1,16/06/22,19:30,14.8,87,0.0,0
1,16/06/22,20:00,14.3,90,0.0,0
1,16/06/22,20:30,14.7,88,0.0,0
1,16/06/22,21:00,14.4,90,0.0,0
1,16/06/22,21:30,14.5,90,0.0,0
1,16/06/22,22:00,13.7,93,1.2,0
1,16/06/22,22:30,13.7,94,1.2,0
1,16/06/22,23:00,13.6,94,5.0,0
1,16/06/22,23:30,13.7,95,2.6,0
1,17/06/22,00:00,13.7,96,4.8,0
1,17/06/22,0:30,13.6,96,5.8,0
1,17/06/22,1:00,13.7,96,3.6,0
1,17/06/22,1:30,13.7,96,6.8,0
1,17/06/22,2:00,13.7,97,0.4,0
1,17/06/22,2:30,13.1,96,0.8,0
1,17/06/22,3:00,12.6,96,4.8,0
1,17/06/22,3:30,12.5,96,0.0,0
1,17/06/22,4:00,12.4,95,0.0,0
1,17/06/22,4:30,12.5,95,0.0,0
1,17/06/22,5:00,12.3,96,0.0,0
1,17/06/22,5:30,12.4,96,0.0,0
1,17/06/22,6:00,12.4,96,0.0,0
1,17/06/22,6:30,12.4,96,0.0,0
1,17/06/22,7:00,12.4,96,0.0,0
1,17/06/22,7:30,12.4,96,0.0,0
1,17/06/22,8:00,12.4,97,0.0,0
1,17/06/22,8:30,12.4,97,0.0,4
1,17/06/22,9:00,12.3,97,0.0,21
1,17/06/22,9:30,12.3,97,0.0,13
1,17/06/22,10:00,12.2,97,0.2,24
1,17/06/22,10:30,12.1,97,0.0,38
1,17/06/22,11:00,12.1,97,0.0,89
1,17/06/22,11:30,11.8,96,0.0,51
1,17/06/22,12:00,12.2,97,0.0,84
1,17/06/22,12:30,12.2,96,0.0,119
1,17/06/22,13:00,12.2,96,0.0,110
1,17/06/22,13:30,12.0,94,0.0,173
1,17/06/22,14:00,12.9,91,0.0,305
1,17/06/22,14:30,12.6,93,0.0,137
1,17/06/22,15:00,12.8,93,0.0,117
1,17/06/22,15:30,12.8,92,0.0,85
1,17/06/22,16:00,12.4,91,0.0,130
1,17/06/22,16:30,12.1,88,0.0,114
1,17/06/22,17:00,11.2,84,0.0,75
1,17/06/22,17:30,10.3,86,0.0,25
1,17/06/22,18:00,9.7,85,0.0,2
1,17/06/22,18:30,8.8,88,0.0,0
1,17/06/22,19:00,8.1,89,0.0,0
1,17/06/22,19:30,8.6,87,0.0,0
1,17/06/22,20:00,8.7,84,0.0,0
1,17/06/22,20:30,8.1,87,0.0,0
1,17/06/22,21:00,8.3,83,0.0,0
1,17/06/22,21:30,7.7,82,0.0,0
1,17/06/22,22:00,7.1,81,0.0,0
1,17/06/22,22:30,6.2,82,0.0,0
1,17/06/22,23:00,5.7,82,0.0,0
1,17/06/22,23:30,5.3,81,0.0,0
1,18/06/22,00:00,4.9,81,0.0,0
1,18/06/22,0:30,4.5,82,0.0,0
1,18/06/22,1:00,4.2,83,0.0,0
1,18/06/22,1:30,3.6,85,0.0,0
1,18/06/22,2:00,3.2,87,0.0,0
1,18/06/22,2:30,2.9,88,0.0,0
1,18/06/22,3:00,2.9,87,0.0,0
1,18/06/22,3:30,2.4,88,0.0,0
1,18/06/22,4:00,2.3,88,0.0,0
1,18/06/22,4:30,2.1,89,0.0,0
1,18/06/22,5:00,1.6,89,0.0,0
1,18/06/22,5:30,1.7,90,0.0,0
1,18/06/22,6:00,1.8,90,0.0,0
1,18/06/22,6:30,1.9,90,0.0,0
1,18/06/22,7:00,1.4,90,0.0,0
1,18/06/22,7:30,1.3,90,0.0,0
1,18/06/22,8:00,1.3,89,0.0,18
1,18/06/22,8:30,1.6,88,0.0,85
1,18/06/22,9:00,1.9,87,0.0,187
1,18/06/22,9:30,2.5,88,0.0,285
1,18/06/22,10:00,4.1,85,0.0,366
1,18/06/22,10:30,5.3,80,0.0,438
1,18/06/22,11:00,6.1,75,0.0,498
1,18/06/22,11:30,6.7,74,0.0,542
1,18/06/22,12:00,7.7,73,0.0,572
1,18/06/22,12:30,7.7,68,0.0,586
1,18/06/22,13:00,8.4,66,0.0,583
1,18/06/22,13:30,8.9,62,0.0,566
1,18/06/22,14:00,8.8,63,0.0,534
1,18/06/22,14:30,9.5,62,0.0,486
1,18/06/22,15:00,9.4,60,0.0,425
1,18/06/22,15:30,9.4,59,0.0,352
1,18/06/22,16:00,9.2,59,0.0,270
1,18/06/22,16:30,9.0,60,0.0,172
1,18/06/22,17:00,8.5,64,0.0,76
1,18/06/22,17:30,7.1,69,0.0,18
1,18/06/22,18:00,6.1,70,0.0,2
1,18/06/22,18:30,5.7,72,0.0,0
1,18/06/22,19:00,5.1,74,0.0,0
1,18/06/22,19:30,5.3,73,0.0,0
1,18/06/22,20:00,4.7,75,0.0,0
1,18/06/22,20:30,4.8,75,0.0,0
1,18/06/22,21:00,5.1,73,0.0,0
1,18/06/22,21:30,5.1,74,0.0,0
1,18/06/22,22:00,4.9,73,0.0,0
1,18/06/22,22:30,5.2,72,0.0,0
1,18/06/22,23:00,4.8,73,0.0,0
1,18/06/22,23:30,4.3,76,0.0,0
1,19/06/22,00:00,4.2,77,0.0,0
1,19/06/22,0:30,4.3,78,0.0,0
1,19/06/22,1:00,4.3,78,0.0,0
1,19/06/22,1:30,4.4,78,0.0,0
1,19/06/22,2:00,4.7,77,0.0,0
1,19/06/22,2:30,4.4,78,0.0,0
1,19/06/22,3:00,4.3,79,0.0,0
1,19/06/22,3:30,4.1,79,0.0,0
1,19/06/22,4:00,4.1,78,0.0,0
1,19/06/22,4:30,4.5,79,0.0,0
1,19/06/22,5:00,4.2,77,0.0,0
1,19/06/22,5:30,5.1,75,0.0,0
1,19/06/22,6:00,5.2,74,0.0,0
1,19/06/22,6:30,4.5,76,0.0,0
1,19/06/22,7:00,3.2,81,0.0,0
1,19/06/22,7:30,3.1,81,0.0,0
1,19/06/22,8:00,3.4,81,0.0,17
1,19/06/22,8:30,3.2,82,0.0,84
1,19/06/22,9:00,5.0,79,0.0,187
1,19/06/22,9:30,5.9,77,0.0,289
1,19/06/22,10:00,7.0,76,0.0,370
1,19/06/22,10:30,7.9,74,0.0,443
1,19/06/22,11:00,9.2,65,0.0,501
1,19/06/22,11:30,10.1,64,0.0,546
1,19/06/22,12:00,10.9,63,0.0,575
1,19/06/22,12:30,11.9,60,0.0,590
1,19/06/22,13:00,13.6,50,0.0,588
1,19/06/22,13:30,13.6,52,0.0,570
1,19/06/22,14:00,14.1,49,0.0,538
1,19/06/22,14:30,14.9,44,0.0,491
1,19/06/22,15:00,15.1,41,0.0,432
1,19/06/22,15:30,15.0,42,0.0,362
1,19/06/22,16:00,14.9,41,0.0,280
1,19/06/22,16:30,15.1,44,0.0,178
1,19/06/22,17:00,14.5,45,0.0,79
1,19/06/22,17:30,12.3,49,0.0,18
1,19/06/22,18:00,11.4,62,0.0,2
1,19/06/22,18:30,11.2,56,0.0,0
1,19/06/22,19:00,10.6,56,0.0,0
1,19/06/22,19:30,10.8,58,0.0,0
1,19/06/22,20:00,10.5,63,0.0,0
1,19/06/22,20:30,9.9,65,0.0,0
1,19/06/22,21:00,10.3,65,0.0,0
1,19/06/22,21:30,10.1,69,0.0,0
1,19/06/22,22:00,9.9,69,0.0,0
1,19/06/22,22:30,10.1,69,0.0,0
1,19/06/22,23:00,10.1,68,0.0,0
1,19/06/22,23:30,9.8,68,0.0,0
1,20/06/22,00:00,9.5,67,0.0,0
1,20/06/22,0:30,9.6,66,0.0,0
1,20/06/22,1:00,9.6,64,0.0,0
1,20/06/22,1:30,9.1,66,0.0,0
1,20/06/22,2:00,8.2,72,0.0,0
1,20/06/22,2:30,8.2,73,0.0,0
1,20/06/22,3:00,8.3,72,0.0,0
1,20/06/22,3:30,8.0,72,0.0,0
1,20/06/22,4:00,7.8,73,0.0,0
1,20/06/22,4:30,7.8,73,0.0,0
1,20/06/22,5:00,7.7,73,0.0,0
1,20/06/22,5:30,7.8,73,0.0,0
1,20/06/22,6:00,7.8,72,0.0,0
1,20/06/22,6:30,7.9,72,0.0,0
1,20/06/22,7:00,7.8,72,0.0,0
1,20/06/22,7:30,8.7,71,0.0,0
1,20/06/22,8:00,9.3,69,0.0,16
1,20/06/22,8:30,9.3,71,0.0,83
1,20/06/22,9:00,9.8,73,0.0,182
1,20/06/22,9:30,10.8,72,0.0,281
1,20/06/22,10:00,11.7,72,0.0,363
1,20/06/22,10:30,12.7,70,0.0,432
1,20/06/22,11:00,13.7,65,0.0,488
1,20/06/22,11:30,14.3,66,0.0,531
1,20/06/22,12:00,14.9,65,0.0,558
1,20/06/22,12:30,15.4,62,0.0,570
1,20/06/22,13:00,15.9,56,0.0,568
1,20/06/22,13:30,16.3,56,0.0,550
1,20/06/22,14:00,16.7,60,0.0,515
1,20/06/22,14:30,17.0,57,0.0,467
1,20/06/22,15:00,16.8,59,0.0,384
1,20/06/22,15:30,17.1,60,0.0,274
1,20/06/22,16:00,16.7,57,0.0,277
1,20/06/22,16:30,16.6,62,0.0,180
1,20/06/22,17:00,15.8,65,0.0,80
1,20/06/22,17:30,14.2,66,0.0,16
1,20/06/22,18:00,13.0,65,0.0,1
1,20/06/22,18:30,12.2,70,0.0,0
1,20/06/22,19:00,12.4,68,0.0,0
1,20/06/22,19:30,11.8,72,0.0,0
1,20/06/22,20:00,11.8,73,0.0,0
1,20/06/22,20:30,11.0,77,0.0,0
1,20/06/22,21:00,10.7,78,0.0,0
1,20/06/22,21:30,10.1,81,0.0,0
1,20/06/22,22:00,10.1,81,0.0,0
1,20/06/22,22:30,10.1,82,0.0,0
1,20/06/22,23:00,9.9,82,0.0,0
1,20/06/22,23:30,9.6,84,0.0,0
1,21/06/22,00:00,10.3,82,0.0,0
1,21/06/22,0:30,10.3,82,0.0,0
1,21/06/22,1:00,10.8,82,0.0,0
1,21/06/22,1:30,11.4,80,0.0,0
1,21/06/22,2:00,10.8,84,0.0,0
1,21/06/22,2:30,11.1,84,0.0,0
1,21/06/22,3:00,11.0,84,0.0,0
1,21/06/22,3:30,10.7,85,0.0,0
1,21/06/22,4:00,10.6,86,0.0,0
1,21/06/22,4:30,10.8,86,0.0,0
1,21/06/22,5:00,10.9,86,0.0,0
1,21/06/22,5:30,11.7,83,0.0,0
1,21/06/22,6:00,11.7,84,0.0,0
1,21/06/22,6:30,11.9,83,0.0,0
1,21/06/22,7:00,11.8,84,0.0,0
1,21/06/22,7:30,12.3,83,0.0,0
1,21/06/22,8:00,11.8,85,0.0,4
1,21/06/22,8:30,12.1,84,0.0,24
1,21/06/22,9:00,12.7,83,0.0,32
1,21/06/22,9:30,13.2,83,0.0,73
1,21/06/22,10:00,13.3,83,0.0,109
1,21/06/22,10:30,13.3,84,0.0,96
1,21/06/22,11:00,13.1,87,0.0,78
1,21/06/22,11:30,13.1,84,0.0,65
1,21/06/22,12:00,13.0,87,0.0,39
1,21/06/22,12:30,13.4,87,0.0,57
1,21/06/22,13:00,13.4,88,0.0,50
1,21/06/22,13:30,14.4,89,0.0,157
1,21/06/22,14:00,14.8,89,0.0,223
1,21/06/22,14:30,15.2,88,0.0,187
1,21/06/22,15:00,14.8,88,0.0,130
1,21/06/22,15:30,14.6,89,0.0,110
1,21/06/22,16:00,13.9,90,0.0,36
1,21/06/22,16:30,13.7,92,0.0,12
1,21/06/22,17:00,13.7,94,0.0,17
1,21/06/22,17:30,13.6,94,0.0,15
1,21/06/22,18:00,13.3,95,0.2,0
1,21/06/22,18:30,13.2,95,1.6,0
1,21/06/22,19:00,13.4,96,5.8,0
1,21/06/22,19:30,13.6,96,0.4,0
1,21/06/22,20:00,13.6,96,0.2,0
1,21/06/22,20:30,13.7,97,0.2,0
1,21/06/22,21:00,13.4,97,0.2,0
1,21/06/22,21:30,13.0,96,0.0,0
1,21/06/22,22:00,12.6,96,0.2,0
1,21/06/22,22:30,12.4,95,0.2,0
1,21/06/22,23:00,12.2,95,0.2,0
1,21/06/22,23:30,12.2,95,0.0,0
1,22/06/22,00:00,12.2,96,0.0,0
1,22/06/22,0:30,12.2,95,0.0,0
1,22/06/22,1:00,12.2,95,0.0,0
1,22/06/22,1:30,12.1,95,0.0,0
1,22/06/22,2:00,11.8,95,0.0,0
1,22/06/22,2:30,11.8,95,0.0,0
1,22/06/22,3:00,11.7,94,0.0,0
1,22/06/22,3:30,11.6,94,0.0,0
1,22/06/22,4:00,11.3,94,0.0,0
1,22/06/22,4:30,11.2,94,0.0,0
1,22/06/22,5:00,11.0,95,0.0,0
1,22/06/22,5:30,11.0,95,0.0,0
1,22/06/22,6:00,10.9,96,0.0,0
1,22/06/22,6:30,10.8,96,0.0,0
1,22/06/22,7:00,10.8,96,0.0,0
1,22/06/22,7:30,10.7,97,0.0,0
1,22/06/22,8:00,10.6,97,0.0,11
1,22/06/22,8:30,10.5,96,0.0,47
1,22/06/22,9:00,10.6,96,0.0,65
1,22/06/22,9:30,10.8,96,0.0,67
1,22/06/22,10:00,10.9,96,0.0,59
1,22/06/22,10:30,11.3,96,0.0,81
1,22/06/22,11:00,11.5,95,0.0,90
1,22/06/22,11:30,11.8,94,0.0,119
1,22/06/22,12:00,12.2,93,0.0,190
1,22/06/22,12:30,12.6,93,0.0,301
1,22/06/22,13:00,12.3,93,0.0,244
1,22/06/22,13:30,11.9,94,0.0,213
1,22/06/22,14:00,11.6,95,0.0,171
1,22/06/22,14:30,11.6,96,0.0,96
1,22/06/22,15:00,11.6,96,0.0,73
1,22/06/22,15:30,11.6,96,0.6,68
1,22/06/22,16:00,11.2,95,1.0,28
1,22/06/22,16:30,10.9,96,0.4,14
1,22/06/22,17:00,10.8,96,0.2,10
1,22/06/22,17:30,10.8,95,0.6,1
1,22/06/22,18:00,10.8,96,1.0,0
1,22/06/22,18:30,11.1,95,0.0,0
1,22/06/22,19:00,10.9,95,0.8,0
1,22/06/22,19:30,10.8,95,0.2,0
1,22/06/22,20:00,10.7,96,1.2,0
1,22/06/22,20:30,10.9,95,1.2,0
1,22/06/22,21:00,10.7,95,1.0,0
1,22/06/22,21:30,11.0,95,0.0,0
1,22/06/22,22:00,10.8,95,0.0,0
1,22/06/22,22:30,10.9,95,0.0,0
1,22/06/22,23:00,11.0,95,0.0,0
1,22/06/22,23:30,10.9,96,0.0,0
1,23/06/22,00:00,10.8,96,0.0,0
1,23/06/22,0:30,11.0,95,0.0,0
1,23/06/22,1:00,10.7,95,0.0,0
1,23/06/22,1:30,10.6,96,0.0,0
1,23/06/22,2:00,10.2,96,1.6,0
1,23/06/22,2:30,10.2,96,0.0,0
1,23/06/22,3:00,10.0,96,0.0,0
1,23/06/22,3:30,9.9,95,0.2,0
1,23/06/22,4:00,9.8,96,0.0,0
1,23/06/22,4:30,9.8,96,0.4,0
1,23/06/22,5:00,9.7,96,0.0,0
1,23/06/22,5:30,9.9,95,0.0,0
1,23/06/22,6:00,9.9,95,0.0,0
1,23/06/22,6:30,10.0,94,0.0,0
1,23/06/22,7:00,10.0,94,0.0,0
1,23/06/22,7:30,10.1,94,0.0,0
1,23/06/22,8:00,10.1,94,0.0,10
1,23/06/22,8:30,10.1,94,0.0,47
1,23/06/22,9:00,10.2,93,0.0,60
1,23/06/22,9:30,10.1,91,0.0,82
1,23/06/22,10:00,10.7,89,0.0,147
1,23/06/22,10:30,11.2,88,0.0,264
1,23/06/22,11:00,11.6,86,0.0,315
1,23/06/22,11:30,11.9,85,0.0,371
1,23/06/22,12:00,12.5,84,0.0,538
1,23/06/22,12:30,12.4,86,0.0,434
1,23/06/22,13:00,12.3,87,0.0,272
1,23/06/22,13:30,12.2,87,0.0,186
1,23/06/22,14:00,12.4,87,0.0,173
1,23/06/22,14:30,12.0,88,0.0,164
1,23/06/22,15:00,11.9,89,0.0,119
1,23/06/22,15:30,11.9,90,0.0,115
1,23/06/22,16:00,11.8,90,0.0,70
1,23/06/22,16:30,11.9,90,0.0,62
1,23/06/22,17:00,11.8,91,0.0,42
1,23/06/22,17:30,11.7,91,0.0,15
1,23/06/22,18:00,11.4,92,0.0,0
1,23/06/22,18:30,11.4,93,0.0,0
1,23/06/22,19:00,11.3,93,0.0,0
1,23/06/22,19:30,11.3,92,0.0,0
1,23/06/22,20:00,11.1,93,0.0,0
1,23/06/22,20:30,11.1,93,0.0,0
1,23/06/22,21:00,11.1,93,0.0,0
1,23/06/22,21:30,11.0,93,0.0,0
1,23/06/22,22:00,10.9,94,0.0,0
1,23/06/22,22:30,10.7,95,0.0,0
1,23/06/22,23:00,10.7,95,0.0,0
1,23/06/22,23:30,10.7,95,0.0,0
1,24/06/22,00:00,10.5,96,0.0,0
1,24/06/22,0:30,10.4,96,0.0,0
1,24/06/22,1:00,10.3,95,0.0,0
1,24/06/22,1:30,10.3,96,0.0,0
1,24/06/22,2:00,10.4,96,0.0,0
1,24/06/22,2:30,10.4,95,0.0,0
1,24/06/22,3:00,10.4,94,0.0,0
1,24/06/22,3:30,10.2,94,0.0,0
1,24/06/22,4:00,10.3,93,0.0,0
1,24/06/22,4:30,10.4,93,0.0,0
1,24/06/22,5:00,10.4,94,0.0,0
1,24/06/22,5:30,10.6,94,0.0,0
1,24/06/22,6:00,10.6,95,0.0,0
1,24/06/22,6:30,10.5,95,0.0,0
1,24/06/22,7:00,10.7,95,0.0,0
1,24/06/22,7:30,10.7,95,0.0,0
1,24/06/22,8:00,10.7,95,0.0,8
1,24/06/22,8:30,10.9,94,0.0,32
1,24/06/22,9:00,11.3,94,0.0,57
1,24/06/22,9:30,11.7,93,0.0,155
1,24/06/22,10:00,12.2,92,0.0,211
1,24/06/22,10:30,12.6,92,0.0,242
1,24/06/22,11:00,12.6,91,0.0,279
1,24/06/22,11:30,12.5,90,0.0,201
1,24/06/22,12:00,12.3,90,0.0,124
1,24/06/22,12:30,12.4,90,0.0,108
1,24/06/22,13:00,12.4,91,0.0,122
1,24/06/22,13:30,12.4,91,0.0,110
1,24/06/22,14:00,12.6,91,0.0,152
1,24/06/22,14:30,12.2,91,0.0,125
1,24/06/22,15:00,12.1,91,0.0,60
1,24/06/22,15:30,12.0,91,0.0,87
1,24/06/22,16:00,11.7,93,0.0,87
1,24/06/22,16:30,11.4,93,0.0,86
1,24/06/22,17:00,11.2,92,0.0,32
1,24/06/22,17:30,10.8,94,0.0,6
1,24/06/22,18:00,10.6,94,0.0,0
1,24/06/22,18:30,10.4,94,0.0,0
1,24/06/22,19:00,10.3,95,0.0,0
1,24/06/22,19:30,10.3,94,0.0,0
1,24/06/22,20:00,10.2,94,0.0,0
1,24/06/22,20:30,10.1,94,0.0,0
1,24/06/22,21:00,9.7,94,0.0,0
1,24/06/22,21:30,9.3,94,0.0,0
1,24/06/22,22:00,9.3,91,0.0,0
1,24/06/22,22:30,9.1,92,0.0,0
1,24/06/22,23:00,9.1,92,0.0,0
1,24/06/22,23:30,8.9,92,0.0,0
1,25/06/22,00:00,8.9,92,0.0,0
1,25/06/22,0:30,8.8,92,0.0,0
1,25/06/22,1:00,8.8,92,0.0,0
1,25/06/22,1:30,8.4,92,0.0,0
1,25/06/22,2:00,8.2,93,0.0,0
1,25/06/22,2:30,7.7,92,0.0,0
1,25/06/22,3:00,7.3,92,0.0,0
1,25/06/22,3:30,6.9,93,0.0,0
1,25/06/22,4:00,6.6,93,0.0,0
1,25/06/22,4:30,6.2,93,0.0,0
1,25/06/22,5:00,6.0,94,0.0,0
1,25/06/22,5:30,5.8,94,0.0,0
1,25/06/22,6:00,5.7,94,0.0,0
1,25/06/22,6:30,5.7,93,0.0,0
1,25/06/22,7:00,5.5,94,0.0,0
1,25/06/22,7:30,5.4,93,0.0,0
1,25/06/22,8:00,5.3,93,0.0,14
1,25/06/22,8:30,5.4,93,0.0,53
1,25/06/22,9:00,6.0,93,0.0,141
1,25/06/22,9:30,6.6,92,0.0,149
1,25/06/22,10:00,7.2,90,0.0,185
1,25/06/22,10:30,8.2,86,0.0,394
1,25/06/22,11:00,8.8,81,0.0,489
1,25/06/22,11:30,8.8,80,0.0,491
1,25/06/22,12:00,9.6,77,0.0,530
1,25/06/22,12:30,10.2,78,0.0,524
1,25/06/22,13:00,10.3,76,0.0,478
1,25/06/22,13:30,10.6,76,0.0,533
1,25/06/22,14:00,10.8,76,0.0,494
1,25/06/22,14:30,10.8,73,0.0,434
1,25/06/22,15:00,11.0,73,0.0,300
1,25/06/22,15:30,11.0,75,0.0,299
1,25/06/22,16:00,10.8,74,0.0,254
1,25/06/22,16:30,10.2,77,0.0,138
1,25/06/22,17:00,9.4,79,0.0,57
1,25/06/22,17:30,8.7,80,0.0,23
1,25/06/22,18:00,7.9,82,0.0,2
1,25/06/22,18:30,7.2,84,0.0,0
1,25/06/22,19:00,6.8,86,0.0,0
1,25/06/22,19:30,6.3,88,0.0,0
1,25/06/22,20:00,5.9,90,0.0,0
1,25/06/22,20:30,5.7,90,0.0,0
1,25/06/22,21:00,5.3,92,0.0,0
1,25/06/22,21:30,5.9,93,0.0,0
1,25/06/22,22:00,5.9,92,0.0,0
1,25/06/22,22:30,5.8,92,0.0,0
1,25/06/22,23:00,5.3,92,0.0,0
1,25/06/22,23:30,4.9,92,0.0,0
1,26/06/22,00:00,4.3,92,0.0,0
1,26/06/22,0:30,4.3,90,0.0,0
1,26/06/22,1:00,4.3,89,0.0,0
1,26/06/22,1:30,4.3,90,0.0,0
1,26/06/22,2:00,4.1,91,0.0,0
1,26/06/22,2:30,4.2,91,0.0,0
1,26/06/22,3:00,4.2,91,0.0,0
1,26/06/22,3:30,4.3,91,0.0,0
1,26/06/22,4:00,4.1,92,0.0,0
1,26/06/22,4:30,4.2,92,0.0,0
1,26/06/22,5:00,4.3,92,0.0,0
1,26/06/22,5:30,4.4,91,0.0,0
1,26/06/22,6:00,4.3,91,0.0,0
1,26/06/22,6:30,4.1,92,0.0,0
1,26/06/22,7:00,4.2,91,0.0,0
1,26/06/22,7:30,4.4,90,0.0,0
1,26/06/22,8:00,4.7,90,0.0,12
1,26/06/22,8:30,4.9,89,0.0,32
1,26/06/22,9:00,5.2,90,0.0,60
1,26/06/22,9:30,5.7,88,0.0,156
1,26/06/22,10:00,6.1,88,0.0,174
1,26/06/22,10:30,6.7,86,0.0,288
1,26/06/22,11:00,7.3,83,0.0,424
1,26/06/22,11:30,7.7,82,0.0,388
1,26/06/22,12:00,7.9,80,0.0,294
1,26/06/22,12:30,8.2,81,0.0,289
1,26/06/22,13:00,8.2,81,0.0,231
1,26/06/22,13:30,8.4,81,0.0,257
1,26/06/22,14:00,8.7,81,0.0,241
1,26/06/22,14:30,8.6,82,0.0,200
1,26/06/22,15:00,8.3,83,0.0,125
1,26/06/22,15:30,8.2,84,0.0,111
1,26/06/22,16:00,8.3,84,0.0,120
1,26/06/22,16:30,8.0,84,0.0,89
1,26/06/22,17:00,7.7,85,0.0,44
1,26/06/22,17:30,7.3,86,0.0,20
1,26/06/22,18:00,6.9,88,0.0,0
1,26/06/22,18:30,6.8,88,0.0,0
1,26/06/22,19:00,6.8,88,0.0,0
1,26/06/22,19:30,6.8,89,0.0,0
1,26/06/22,20:00,6.8,89,0.0,0
1,26/06/22,20:30,6.7,90,0.0,0
1,26/06/22,21:00,6.8,90,0.0,0
1,26/06/22,21:30,7.0,90,0.0,0
1,26/06/22,22:00,7.4,89,0.0,0
1,26/06/22,22:30,7.5,88,0.0,0
1,26/06/22,23:00,7.8,89,0.0,0
1,26/06/22,23:30,7.9,90,0.0,0
1,27/06/22,00:00,7.7,91,0.0,0
1,27/06/22,0:30,7.7,91,0.0,0
1,27/06/22,1:00,7.6,92,0.0,0
1,27/06/22,1:30,8.3,90,0.0,0
1,27/06/22,2:00,7.9,91,0.0,0
1,27/06/22,2:30,8.1,91,0.0,0
1,27/06/22,3:00,8.3,91,0.0,0
1,27/06/22,3:30,8.4,92,0.0,0
1,27/06/22,4:00,8.5,92,0.0,0
1,27/06/22,4:30,8.7,92,0.0,0
1,27/06/22,5:00,8.9,92,0.0,0
1,27/06/22,5:30,8.8,93,0.0,0
1,27/06/22,6:00,8.8,93,0.0,0
1,27/06/22,6:30,8.6,93,0.0,0
1,27/06/22,7:00,8.4,94,0.0,0
1,27/06/22,7:30,8.3,94,0.0,0
1,27/06/22,8:00,8.4,95,0.0,1
1,27/06/22,8:30,8.7,95,0.0,7
1,27/06/22,9:00,8.9,94,0.0,25
1,27/06/22,9:30,9.2,94,0.0,47
1,27/06/22,10:00,9.3,94,0.0,80
1,27/06/22,10:30,9.6,94,0.0,86
1,27/06/22,11:00,10.0,94,0.0,101
1,27/06/22,11:30,10.6,94,0.0,62
1,27/06/22,12:00,10.5,94,0.0,44
1,27/06/22,12:30,10.7,95,0.0,66
1,27/06/22,13:00,11.6,96,0.0,116
1,27/06/22,13:30,11.7,96,0.0,63
1,27/06/22,14:00,12.1,96,0.0,57
1,27/06/22,14:30,11.7,95,0.0,52
1,27/06/22,15:00,12.0,96,0.0,35
1,27/06/22,15:30,12.1,96,0.6,31
1,27/06/22,16:00,12.2,96,0.0,25
1,27/06/22,16:30,12.2,97,0.0,28
1,27/06/22,17:00,11.8,97,0.0,20
1,27/06/22,17:30,11.3,97,0.0,4
1,27/06/22,18:00,11.1,97,0.0,0
1,27/06/22,18:30,11.2,98,0.0,0
1,27/06/22,19:00,11.3,98,0.0,0
1,27/06/22,19:30,11.4,98,0.0,0
1,27/06/22,20:00,11.6,98,0.0,0
1,27/06/22,20:30,11.7,98,0.0,0
1,27/06/22,21:00,11.8,98,0.0,0
1,27/06/22,21:30,11.7,98,0.0,0
1,27/06/22,22:00,11.7,98,0.0,0
1,27/06/22,22:30,11.7,98,0.0,0
1,27/06/22,23:00,11.8,98,0.0,0
1,27/06/22,23:30,11.9,98,0.0,0
1,28/06/22,00:00,12.1,98,0.0,0
1,28/06/22,0:30,12.3,98,0.0,0
1,28/06/22,1:00,12.9,98,0.0,0
1,28/06/22,1:30,13.2,98,1.4,0
1,28/06/22,2:00,13.5,98,2.8,0
1,28/06/22,2:30,13.6,98,1.6,0
1,28/06/22,3:00,14.3,98,0.6,0
1,28/06/22,3:30,13.1,98,4.0,0
1,28/06/22,4:00,13.9,98,1.4,0
1,28/06/22,4:30,14.2,99,1.0,0
1,28/06/22,5:00,14.1,99,1.0,0
1,28/06/22,5:30,14.2,98,0.4,0
1,28/06/22,6:00,14.4,99,4.4,0
1,28/06/22,6:30,13.4,98,4.0,0
1,28/06/22,7:00,12.2,98,11.0,0
1,28/06/22,7:30,11.7,98,2.8,0
1,28/06/22,8:00,11.2,97,1.4,0
1,28/06/22,8:30,10.9,97,1.2,5
1,28/06/22,9:00,10.9,97,3.0,14
1,28/06/22,9:30,10.9,96,1.4,13
1,28/06/22,10:00,10.8,96,0.6,36
1,28/06/22,10:30,10.9,96,0.2,37
1,28/06/22,11:00,11.0,96,0.4,63
1,28/06/22,11:30,11.1,96,0.2,118
1,28/06/22,12:00,11.2,96,0.0,53
1,28/06/22,12:30,11.1,95,0.6,26
1,28/06/22,13:00,10.9,96,1.8,31
1,28/06/22,13:30,10.8,96,1.6,42
1,28/06/22,14:00,10.9,96,1.0,71
1,28/06/22,14:30,10.4,96,7.4,34
1,28/06/22,15:00,9.9,96,0.2,45
1,28/06/22,15:30,9.7,96,0.0,31
1,28/06/22,16:00,9.4,96,0.4,19
1,28/06/22,16:30,8.7,96,1.4,19
1,28/06/22,17:00,8.4,96,0.2,10
1,28/06/22,17:30,7.9,96,0.4,1
1,28/06/22,18:00,7.6,96,0.8,0
1,28/06/22,18:30,7.5,96,1.8,0
1,28/06/22,19:00,7.4,97,1.6,0
1,28/06/22,19:30,7.5,97,0.2,0
1,28/06/22,20:00,7.6,97,0.2,0
1,28/06/22,20:30,7.7,97,0.0,0
1,28/06/22,21:00,7.7,97,0.0,0
1,28/06/22,21:30,7.4,97,0.4,0
1,28/06/22,22:00,7.3,98,0.2,0
1,28/06/22,22:30,7.0,97,0.0,0
1,28/06/22,23:00,7.1,97,0.6,0
1,28/06/22,23:30,7.1,98,0.6,0
1,29/06/22,00:00,7.1,98,0.2,0
1,29/06/22,0:30,7.2,98,0.2,0
1,29/06/22,1:00,7.3,98,0.2,0
1,29/06/22,1:30,7.3,98,0.4,0
1,29/06/22,2:00,7.4,98,0.2,0
1,29/06/22,2:30,7.4,98,0.0,0
1,29/06/22,3:00,7.7,98,0.0,0
1,29/06/22,3:30,7.7,98,0.0,0
1,29/06/22,4:00,7.6,98,0.0,0
1,29/06/22,4:30,7.4,98,0.0,0
1,29/06/22,5:00,7.1,98,0.0,0
1,29/06/22,5:30,7.0,97,0.0,0
1,29/06/22,6:00,6.3,97,0.0,0
1,29/06/22,6:30,6.4,97,0.0,0
1,29/06/22,7:00,5.9,97,0.0,0
1,29/06/22,7:30,5.8,97,0.0,0
1,29/06/22,8:00,5.8,97,0.0,6
1,29/06/22,8:30,5.9,97,0.0,25
1,29/06/22,9:00,5.9,97,0.0,63
1,29/06/22,9:30,6.2,97,0.0,103
1,29/06/22,10:00,7.0,97,0.0,307
1,29/06/22,10:30,7.4,95,0.0,364
1,29/06/22,11:00,7.8,94,0.0,334
1,29/06/22,11:30,8.6,93,0.0,489
1,29/06/22,12:00,9.3,90,0.0,534
1,29/06/22,12:30,10.4,88,0.0,569
1,29/06/22,13:00,11.5,86,0.0,572
1,29/06/22,13:30,11.5,83,0.0,558
1,29/06/22,14:00,12.3,81,0.0,515
1,29/06/22,14:30,12.8,78,0.0,477
1,29/06/22,15:00,13.2,76,0.0,416
1,29/06/22,15:30,13.4,75,0.0,350
1,29/06/22,16:00,13.6,75,0.0,269
1,29/06/22,16:30,13.4,74,0.0,176
1,29/06/22,17:00,13.2,77,0.0,81
1,29/06/22,17:30,12.2,79,0.0,20
1,29/06/22,18:00,11.4,80,0.0,3
1,29/06/22,18:30,11.1,80,0.0,0
1,29/06/22,19:00,11.1,80,0.0,0
1,29/06/22,19:30,11.1,78,0.0,0
1,29/06/22,20:00,10.6,81,0.0,0
1,29/06/22,20:30,10.0,82,0.0,0
1,29/06/22,21:00,9.6,83,0.0,0
1,29/06/22,21:30,9.2,85,0.0,0
1,29/06/22,22:00,8.8,88,0.0,0
1,29/06/22,22:30,8.6,89,0.0,0
1,29/06/22,23:00,8.7,89,0.0,0
1,29/06/22,23:30,8.2,91,0.0,0
1,30/06/22,00:00,8.2,90,0.0,0
1,30/06/22,0:30,7.9,92,0.0,0
1,30/06/22,1:00,8.1,91,0.0,0
1,30/06/22,1:30,8.4,88,0.0,0
1,30/06/22,2:00,8.6,84,0.0,0
1,30/06/22,2:30,8.5,84,0.0,0
1,30/06/22,3:00,8.4,86,0.0,0
1,30/06/22,3:30,7.9,87,0.0,0
1,30/06/22,4:00,6.9,91,0.0,0
1,30/06/22,4:30,7.2,92,0.0,0
1,30/06/22,5:00,7.3,92,0.0,0
1,30/06/22,5:30,7.2,92,0.0,0
1,30/06/22,6:00,7.4,92,0.0,0
1,30/06/22,6:30,7.1,91,0.0,0
1,30/06/22,7:00,4.5,87,0.0,0
1,30/06/22,7:30,4.8,95,0.0,0
1,30/06/22,8:00,7.3,95,0.0,16
1,30/06/22,8:30,7.4,92,0.0,57
1,30/06/22,9:00,7.5,93,0.0,154
1,30/06/22,9:30,8.2,91,0.0,232
1,30/06/22,10:00,8.8,92,0.0,351
1,30/06/22,10:30,9.6,93,0.0,431
1,30/06/22,11:00,10.3,91,0.0,329
1,30/06/22,11:30,10.8,90,0.0,402
1,30/06/22,12:00,11.2,89,0.0,238
1,30/06/22,12:30,11.9,87,0.0,225
1,30/06/22,13:00,12.3,87,0.0,247
1,30/06/22,13:30,13.4,82,0.0,466
1,30/06/22,14:00,13.9,81,0.0,538
1,30/06/22,14:30,14.3,78,0.0,488
1,30/06/22,15:00,14.7,76,0.0,379
1,30/06/22,15:30,15.2,74,0.0,336
1,30/06/22,16:00,15.3,74,0.0,271
1,30/06/22,16:30,15.1,74,0.0,177
1,30/06/22,17:00,14.3,79,0.0,96
1,30/06/22,17:30,13.3,84,0.0,33
1,30/06/22,18:00,12.2,87,0.0,4
1,30/06/22,18:30,11.6,88,0.0,0
1,30/06/22,19:00,11.0,89,0.0,0
1,30/06/22,19:30,10.7,90,0.0,0
1,30/06/22,20:00,10.2,91,0.0,0
1,30/06/22,20:30,10.0,91,0.0,0
1,30/06/22,21:00,9.7,92,0.0,0
1,30/06/22,21:30,9.8,90,0.0,0
1,30/06/22,22:00,8.9,92,0.0,0
1,30/06/22,22:30,8.9,92,0.0,0
1,30/06/22,23:00,8.8,93,0.0,0
1,30/06/22,23:30,9.0,91,0.0,0
1,01/07/22,00:00,9.1,89,0.0,0
1,01/07/22,0:30,8.6,91,0.0,0
1,01/07/22,1:00,8.5,94,0.0,0
1,01/07/22,1:30,8.7,94,0.0,0
1,01/07/22,2:00,8.7,93,0.0,0
1,01/07/22,2:30,8.1,87,0.0,0
1,01/07/22,3:00,7.6,92,0.0,0
1,01/07/22,3:30,7.5,92,0.0,0
1,01/07/22,4:00,7.3,91,0.0,0
1,01/07/22,4:30,7.4,91,0.0,0
1,01/07/22,5:00,7.2,90,0.0,0
1,01/07/22,5:30,6.9,91,0.0,0
1,01/07/22,6:00,7.1,89,0.0,0
1,01/07/22,6:30,6.4,91,0.0,0
1,01/07/22,7:00,6.2,91,0.0,0
1,01/07/22,7:30,5.7,92,0.0,0
1,01/07/22,8:00,6.2,92,0.0,13
1,01/07/22,8:30,6.7,90,0.0,77
1,01/07/22,9:00,7.6,89,0.0,178
1,01/07/22,9:30,8.5,89,0.0,276
1,01/07/22,10:00,9.3,88,0.0,358
1,01/07/22,10:30,9.2,91,0.0,205
1,01/07/22,11:00,10.2,91,0.0,198
1,01/07/22,11:30,10.8,88,0.0,291
1,01/07/22,12:00,12.0,83,0.0,472
1,01/07/22,12:30,13.1,81,0.0,568
1,01/07/22,13:00,13.8,77,0.0,556
1,01/07/22,13:30,14.0,77,0.0,482
1,01/07/22,14:00,14.2,77,0.0,344
1,01/07/22,14:30,14.7,76,0.0,490
1,01/07/22,15:00,14.8,77,0.0,383
1,01/07/22,15:30,15.3,77,0.0,301
1,01/07/22,16:00,14.7,79,0.0,153
1,01/07/22,16:30,14.6,81,0.0,111
1,01/07/22,17:00,14.6,81,0.0,40
1,01/07/22,17:30,14.4,81,0.0,14
1,01/07/22,18:00,14.2,81,0.0,2
1,01/07/22,18:30,13.9,82,0.0,0
1,01/07/22,19:00,13.8,82,0.0,0
1,01/07/22,19:30,13.9,82,0.0,0
1,01/07/22,20:00,13.6,84,0.0,0
1,01/07/22,20:30,13.6,84,0.0,0
1,01/07/22,21:00,13.6,84,0.0,0
1,01/07/22,21:30,13.2,86,0.0,0
1,01/07/22,22:00,12.4,89,0.0,0
1,01/07/22,22:30,12.3,89,0.0,0
1,01/07/22,23:00,12.3,89,0.0,0
1,01/07/22,23:30,12.6,89,0.0,0
1,02/07/22,00:00,12.9,88,0.0,0
1,02/07/22,0:30,13.1,88,0.0,0
1,02/07/22,1:00,13.4,87,0.0,0
1,02/07/22,1:30,13.4,87,0.0,0
1,02/07/22,2:00,13.9,86,0.0,0
1,02/07/22,2:30,14.3,85,0.0,0
1,02/07/22,3:00,15.1,84,0.0,0
1,02/07/22,3:30,15.6,83,0.0,0
1,02/07/22,4:00,15.1,84,0.0,0
1,02/07/22,4:30,14.8,85,0.0,0
1,02/07/22,5:00,15.1,85,0.0,0
1,02/07/22,5:30,16.7,82,0.0,0
1,02/07/22,6:00,17.6,79,0.0,0
1,02/07/22,6:30,17.2,82,0.0,0
1,02/07/22,7:00,16.6,86,0.0,0
1,02/07/22,7:30,15.8,89,0.0,0
1,02/07/22,8:00,15.4,90,0.0,6
1,02/07/22,8:30,15.0,91,0.0,20
1,02/07/22,9:00,14.4,92,0.0,12
1,02/07/22,9:30,13.9,94,0.0,29
1,02/07/22,10:00,13.2,95,0.0,25
1,02/07/22,10:30,12.8,96,0.0,27
1,02/07/22,11:00,12.7,96,0.0,20
1,02/07/22,11:30,12.7,97,0.0,45
1,02/07/22,12:00,12.6,97,0.0,36
1,02/07/22,12:30,12.5,97,0.0,47
1,02/07/22,13:00,12.6,97,0.0,56
1,02/07/22,13:30,12.6,97,0.0,65
1,02/07/22,14:00,12.6,98,0.0,55
1,02/07/22,14:30,12.8,98,0.0,122
1,02/07/22,15:00,12.9,98,0.0,83
1,02/07/22,15:30,12.9,98,0.0,119
1,02/07/22,16:00,13.2,97,0.0,96
1,02/07/22,16:30,13.2,95,0.0,85
1,02/07/22,17:00,12.8,96,0.0,36
1,02/07/22,17:30,12.6,96,0.0,9
1,02/07/22,18:00,12.5,95,0.0,0
1,02/07/22,18:30,12.3,95,0.0,0
1,02/07/22,19:00,11.2,94,0.0,0
1,02/07/22,19:30,11.7,95,0.0,0
1,02/07/22,20:00,11.7,95,0.0,0
1,02/07/22,20:30,11.6,94,0.0,0
1,02/07/22,21:00,11.2,95,0.0,0
1,02/07/22,21:30,11.2,95,0.0,0
1,02/07/22,22:00,11.1,96,0.0,0
1,02/07/22,22:30,10.9,96,0.0,0
1,02/07/22,23:00,11.2,96,0.0,0
1,02/07/22,23:30,11.1,96,0.0,0
1,03/07/22,00:00,11.1,97,0.0,0
1,03/07/22,0:30,11.1,97,0.0,0
1,03/07/22,1:00,10.9,97,0.0,0
1,03/07/22,1:30,10.9,96,0.0,0
1,03/07/22,2:00,10.8,95,0.0,0
1,03/07/22,2:30,10.7,95,0.0,0
1,03/07/22,3:00,10.5,94,0.0,0
1,03/07/22,3:30,10.1,94,0.0,0
1,03/07/22,4:00,9.9,94,0.0,0
1,03/07/22,4:30,9.7,94,0.0,0
1,03/07/22,5:00,9.7,93,0.0,0
1,03/07/22,5:30,9.8,93,0.0,0
1,03/07/22,6:00,9.8,93,0.0,0
1,03/07/22,6:30,9.8,93,0.0,0
1,03/07/22,7:00,9.8,94,0.0,0
1,03/07/22,7:30,9.6,96,0.0,0
1,03/07/22,8:00,9.3,96,0.0,5
1,03/07/22,8:30,9.2,96,0.0,35
1,03/07/22,9:00,9.4,96,0.0,58
1,03/07/22,9:30,9.6,96,0.0,72
1,03/07/22,10:00,9.7,94,0.0,143
1,03/07/22,10:30,11.1,90,0.0,351
1,03/07/22,11:00,11.6,85,0.0,427
1,03/07/22,11:30,12.3,83,0.0,472
1,03/07/22,12:00,12.9,80,0.0,519
1,03/07/22,12:30,13.7,75,0.0,509
1,03/07/22,13:00,13.4,77,0.0,345
1,03/07/22,13:30,13.4,77,0.0,287
1,03/07/22,14:00,13.3,77,0.0,257
1,03/07/22,14:30,13.3,77,0.0,229
1,03/07/22,15:00,13.2,77,0.0,156
1,03/07/22,15:30,12.9,71,0.0,120
1,03/07/22,16:00,12.8,72,0.0,72
1,03/07/22,16:30,12.8,74,0.0,55
1,03/07/22,17:00,12.5,74,0.0,54
1,03/07/22,17:30,12.4,83,0.0,13
1,03/07/22,18:00,12.3,87,0.0,1
1,03/07/22,18:30,12.2,88,0.0,0
1,03/07/22,19:00,12.2,89,0.0,0
1,03/07/22,19:30,11.9,90,0.0,0
1,03/07/22,20:00,11.7,91,0.0,0
1,03/07/22,20:30,11.5,91,0.0,0
1,03/07/22,21:00,11.3,92,0.0,0
1,03/07/22,21:30,11.2,92,0.0,0
1,03/07/22,22:00,11.1,92,0.0,0
1,03/07/22,22:30,11.2,92,0.0,0
1,03/07/22,23:00,11.2,92,0.0,0
1,03/07/22,23:30,11.3,92,0.0,0
1,04/07/22,00:00,11.4,92,0.0,0
1,04/07/22,0:30,11.5,93,0.0,0
1,04/07/22,1:00,11.6,93,0.0,0
1,04/07/22,1:30,11.7,93,0.0,0
1,04/07/22,2:00,11.9,94,0.0,0
1,04/07/22,2:30,12.0,95,0.0,0
1,04/07/22,3:00,12.0,95,0.0,0
1,04/07/22,3:30,12.2,96,0.0,0
1,04/07/22,4:00,12.2,96,0.0,0
1,04/07/22,4:30,12.2,97,0.0,0
1,04/07/22,5:00,12.4,97,0.0,0
1,04/07/22,5:30,12.6,97,0.0,0
1,04/07/22,6:00,12.7,97,0.0,0
1,04/07/22,6:30,12.9,97,0.0,0
1,04/07/22,7:00,13.1,97,0.0,0
1,04/07/22,7:30,12.9,97,0.0,0
1,04/07/22,8:00,12.9,97,0.0,1
1,04/07/22,8:30,13.2,97,0.0,15
1,04/07/22,9:00,13.3,98,0.0,27
1,04/07/22,9:30,13.8,97,0.0,53
1,04/07/22,10:00,14.2,97,0.0,61
1,04/07/22,10:30,14.5,96,0.0,116
1,04/07/22,11:00,13.9,96,1.0,63
1,04/07/22,11:30,14.1,97,1.2,52
1,04/07/22,12:00,14.6,97,1.2,78
1,04/07/22,12:30,14.7,97,3.0,71
1,04/07/22,13:00,15.3,98,0.4,79
1,04/07/22,13:30,15.6,98,11.6,17
1,04/07/22,14:00,16.2,98,12.2,9
1,04/07/22,14:30,16.3,98,0.0,39
1,04/07/22,15:00,16.5,98,0.0,90
1,04/07/22,15:30,16.8,98,0.2,116
1,04/07/22,16:00,16.9,98,0.0,114
1,04/07/22,16:30,16.8,97,0.0,21
1,04/07/22,17:00,16.8,97,0.0,24
1,04/07/22,17:30,16.8,96,0.0,22
1,04/07/22,18:00,16.7,97,0.0,5
1,04/07/22,18:30,16.6,97,0.0,0
1,04/07/22,19:00,16.7,97,0.0,0
1,04/07/22,19:30,16.6,96,0.0,0
1,04/07/22,20:00,16.6,97,0.0,0
1,04/07/22,20:30,16.9,97,0.0,0
1,04/07/22,21:00,16.5,97,0.0,0
1,04/07/22,21:30,16.4,98,0.0,0
1,04/07/22,22:00,16.7,97,0.0,0
1,04/07/22,22:30,16.6,97,0.0,0
1,04/07/22,23:00,16.6,97,1.8,0
1,04/07/22,23:30,16.7,97,1.6,0
1,05/07/22,00:00,16.8,98,4.0,0
1,05/07/22,0:30,16.7,98,0.0,0
1,05/07/22,1:00,16.6,98,0.0,0
1,05/07/22,1:30,16.5,98,0.0,0
1,05/07/22,2:00,16.1,98,0.0,0
1,05/07/22,2:30,15.9,98,0.0,0
1,05/07/22,3:00,15.3,98,0.0,0
1,05/07/22,3:30,14.8,98,1.8,0
1,05/07/22,4:00,14.8,98,3.0,0
1,05/07/22,4:30,14.4,98,1.0,0
1,05/07/22,5:00,14.3,98,1.6,0
1,05/07/22,5:30,14.3,98,0.8,0
1,05/07/22,6:00,14.2,99,0.0,0
1,05/07/22,6:30,14.2,99,0.0,0
1,05/07/22,7:00,14.1,99,0.0,0
1,05/07/22,7:30,13.8,99,0.0,0
1,05/07/22,8:00,13.8,99,0.0,1
1,05/07/22,8:30,13.8,99,0.2,13
1,05/07/22,9:00,13.9,99,0.0,17
1,05/07/22,9:30,13.8,99,0.0,36
1,05/07/22,10:00,13.1,99,0.0,38
1,05/07/22,10:30,13.0,99,0.0,97
1,05/07/22,11:00,13.1,99,0.0,120
1,05/07/22,11:30,13.0,99,0.0,98
1,05/07/22,12:00,13.4,99,0.0,157
1,05/07/22,12:30,13.4,98,0.0,142
1,05/07/22,13:00,13.1,98,0.0,34
1,05/07/22,13:30,13.1,97,1.6,22
1,05/07/22,14:00,13.3,98,1.2,50
1,05/07/22,14:30,13.5,97,0.2,34
1,05/07/22,15:00,13.4,97,0.0,31
1,05/07/22,15:30,13.4,97,0.0,26
1,05/07/22,16:00,13.3,97,3.6,15
1,05/07/22,16:30,13.1,97,3.6,37
1,05/07/22,17:00,13.1,96,0.0,22
1,05/07/22,17:30,12.9,96,0.0,3
1,05/07/22,18:00,12.8,96,0.0,0
1,05/07/22,18:30,12.6,96,0.0,0
1,05/07/22,19:00,12.6,96,0.0,0
1,05/07/22,19:30,12.5,96,0.0,0
1,05/07/22,20:00,12.5,97,0.2,0
1,05/07/22,20:30,12.7,96,0.0,0
1,05/07/22,21:00,12.8,96,0.0,0
1,05/07/22,21:30,12.7,96,0.0,0
1,05/07/22,22:00,12.8,96,0.0,0
1,05/07/22,22:30,12.8,96,0.0,0
1,05/07/22,23:00,12.7,95,0.0,0
1,05/07/22,23:30,12.8,95,0.0,0
1,06/07/22,00:00,12.8,95,0.0,0
1,06/07/22,0:30,12.8,95,0.0,0
1,06/07/22,1:00,12.7,95,0.0,0
1,06/07/22,1:30,12.7,96,0.0,0
1,06/07/22,2:00,12.7,96,0.0,0
1,06/07/22,2:30,12.8,96,0.0,0
1,06/07/22,3:00,12.9,96,0.0,0
1,06/07/22,3:30,12.8,95,0.0,0
1,06/07/22,4:00,12.9,96,0.0,0
1,06/07/22,4:30,12.9,96,0.0,0
1,06/07/22,5:00,13.0,96,0.0,0
1,06/07/22,5:30,13.3,96,0.0,0
1,06/07/22,6:00,12.9,96,0.0,0
1,06/07/22,6:30,12.8,96,0.0,0
1,06/07/22,7:00,12.7,97,0.0,0
1,06/07/22,7:30,12.8,97,0.0,0
1,06/07/22,8:00,13.0,97,0.0,5
1,06/07/22,8:30,13.4,97,0.0,24
1,06/07/22,9:00,13.7,97,0.0,27
1,06/07/22,9:30,14.0,97,0.0,73
1,06/07/22,10:00,14.2,97,0.0,34
1,06/07/22,10:30,13.7,97,6.8,11
1,06/07/22,11:00,13.8,97,2.4,4
1,06/07/22,11:30,14.3,97,0.6,84
1,06/07/22,12:00,14.3,98,0.2,68
1,06/07/22,12:30,14.9,97,0.0,82
1,06/07/22,13:00,15.3,94,0.2,143
1,06/07/22,13:30,15.7,95,0.0,425
1,06/07/22,14:00,16.3,93,0.0,298
1,06/07/22,14:30,16.4,93,0.0,157
1,06/07/22,15:00,17.0,92,0.0,170
1,06/07/22,15:30,17.2,92,0.0,149
1,06/07/22,16:00,17.4,93,0.0,108
1,06/07/22,16:30,18.2,92,0.0,68
1,06/07/22,17:00,18.2,92,0.0,31
1,06/07/22,17:30,18.1,91,0.0,16
1,06/07/22,18:00,17.9,91,0.0,2
1,06/07/22,18:30,17.8,90,0.0,0
1,06/07/22,19:00,18.2,88,0.0,0
1,06/07/22,19:30,18.2,88,0.0,0
1,06/07/22,20:00,18.9,84,0.0,0
1,06/07/22,20:30,18.4,86,0.0,0
1,06/07/22,21:00,18.2,87,0.0,0
1,06/07/22,21:30,18.4,84,0.0,0
1,06/07/22,22:00,17.9,86,0.0,0
1,06/07/22,22:30,17.8,86,0.0,0
1,06/07/22,23:00,17.7,84,0.0,0
1,06/07/22,23:30,17.2,85,0.0,0
1,07/07/22,00:00,17.6,83,0.0,0
1,07/07/22,0:30,17.4,83,0.0,0
1,07/07/22,1:00,17.3,82,0.0,0
1,07/07/22,1:30,19.0,74,0.0,0
1,07/07/22,2:00,18.8,74,0.0,0
1,07/07/22,2:30,18.5,75,0.0,0
1,07/07/22,3:00,19.2,72,0.0,0
1,07/07/22,3:30,17.8,79,1.8,0
1,07/07/22,4:00,18.1,76,0.0,0
1,07/07/22,4:30,18.3,75,0.0,0
1,07/07/22,5:00,17.6,79,0.0,0
1,07/07/22,5:30,18.2,76,0.0,0
1,07/07/22,6:00,17.8,78,0.0,0
1,07/07/22,6:30,17.0,82,0.0,0
1,07/07/22,7:00,16.2,85,0.0,0
1,07/07/22,7:30,15.6,87,0.0,0
1,07/07/22,8:00,15.8,87,0.0,11
1,07/07/22,8:30,16.2,88,0.0,23
1,07/07/22,9:00,16.2,90,0.0,25
1,07/07/22,9:30,16.1,93,0.0,20
1,07/07/22,10:00,15.9,94,0.0,33
1,07/07/22,10:30,16.1,94,0.0,72
1,07/07/22,11:00,16.2,94,0.0,113
1,07/07/22,11:30,16.2,92,0.0,176
1,07/07/22,12:00,16.3,91,0.0,280
1,07/07/22,12:30,16.4,89,0.0,271
1,07/07/22,13:00,16.5,87,0.0,274
1,07/07/22,13:30,15.4,90,0.0,135
1,07/07/22,14:00,14.8,91,0.0,85
1,07/07/22,14:30,14.4,92,0.0,99
1,07/07/22,15:00,15.0,90,0.2,179
1,07/07/22,15:30,15.2,89,0.0,157
1,07/07/22,16:00,15.7,88,0.0,158
1,07/07/22,16:30,15.3,88,0.0,59
1,07/07/22,17:00,15.4,87,0.0,61
1,07/07/22,17:30,15.1,84,0.0,29
1,07/07/22,18:00,13.7,83,0.0,7
1,07/07/22,18:30,12.9,83,0.0,0
1,07/07/22,19:00,12.7,83,0.0,0
1,07/07/22,19:30,12.2,84,0.0,0
1,07/07/22,20:00,11.7,84,0.0,0
1,07/07/22,20:30,10.9,84,0.0,0
1,07/07/22,21:00,10.7,74,0.0,0
1,07/07/22,21:30,10.1,71,0.0,0
1,07/07/22,22:00,9.7,71,0.0,0
1,07/07/22,22:30,9.8,70,0.0,0
1,07/07/22,23:00,9.3,72,0.0,0
1,07/07/22,23:30,9.2,73,0.0,0
1,08/07/22,00:00,8.8,73,0.0,0
1,08/07/22,0:30,8.5,75,0.0,0
1,08/07/22,1:00,7.9,76,0.0,0
1,08/07/22,1:30,7.9,75,0.0,0
1,08/07/22,2:00,7.9,73,0.0,0
1,08/07/22,2:30,7.8,72,0.0,0
1,08/07/22,3:00,7.6,71,0.0,0
1,08/07/22,3:30,7.1,73,0.0,0
1,08/07/22,4:00,6.5,74,0.0,0
1,08/07/22,4:30,6.8,71,0.0,0
1,08/07/22,5:00,6.6,71,0.0,0
1,08/07/22,5:30,6.2,73,0.0,0
1,08/07/22,6:00,6.2,72,0.0,0
1,08/07/22,6:30,6.3,66,0.0,0
1,08/07/22,7:00,5.9,69,0.0,0
1,08/07/22,7:30,6.2,69,0.0,0
1,08/07/22,8:00,6.1,71,0.0,11
1,08/07/22,8:30,6.8,73,0.0,77
1,08/07/22,9:00,7.5,71,0.0,171
1,08/07/22,9:30,8.5,65,0.0,242
1,08/07/22,10:00,8.3,65,0.0,176
1,08/07/22,10:30,9.6,60,0.0,384
1,08/07/22,11:00,10.1,59,0.0,377
1,08/07/22,11:30,10.2,61,0.0,345
1,08/07/22,12:00,10.4,59,0.0,253
1,08/07/22,12:30,10.8,64,0.0,250
1,08/07/22,13:00,11.4,63,0.0,354
1,08/07/22,13:30,11.4,64,0.0,271
1,08/07/22,14:00,12.1,70,0.0,453
1,08/07/22,14:30,12.4,71,0.0,441
1,08/07/22,15:00,12.5,66,0.0,288
1,08/07/22,15:30,12.3,68,0.0,188
1,08/07/22,16:00,12.5,69,0.0,255
1,08/07/22,16:30,12.1,73,0.0,163
1,08/07/22,17:00,11.9,75,0.0,64
1,08/07/22,17:30,11.4,74,0.0,8
1,08/07/22,18:00,11.1,74,0.0,0
1,08/07/22,18:30,10.8,74,0.0,0
1,08/07/22,19:00,10.8,72,0.0,0
1,08/07/22,19:30,10.2,76,0.0,0
1,08/07/22,20:00,9.5,81,0.8,0
1,08/07/22,20:30,9.7,77,0.0,0
1,08/07/22,21:00,9.8,79,0.0,0
1,08/07/22,21:30,10.0,82,0.0,0
1,08/07/22,22:00,10.5,86,0.0,0
1,08/07/22,22:30,10.9,87,0.0,0
1,08/07/22,23:00,11.1,87,0.0,0
1,08/07/22,23:30,11.3,87,0.0,0
1,09/07/22,00:00,11.4,87,0.0,0
1,09/07/22,0:30,11.3,89,0.0,0
1,09/07/22,1:00,11.3,90,0.0,0
1,09/07/22,1:30,11.1,91,0.0,0
1,09/07/22,2:00,11.6,91,0.0,0
1,09/07/22,2:30,11.9,91,0.0,0
1,09/07/22,3:00,12.2,91,0.0,0
1,09/07/22,3:30,12.4,90,0.0,0
1,09/07/22,4:00,12.7,90,0.0,0
1,09/07/22,4:30,12.9,90,0.0,0
1,09/07/22,5:00,13.3,89,0.0,0
1,09/07/22,5:30,12.8,92,1.0,0
1,09/07/22,6:00,12.8,94,0.2,0
1,09/07/22,6:30,12.6,94,1.4,0
1,09/07/22,7:00,12.4,95,4.4,0
1,09/07/22,7:30,12.9,96,9.6,0
1,09/07/22,8:00,13.0,95,8.0,0
1,09/07/22,8:30,14.0,93,2.4,0
1,09/07/22,9:00,15.4,89,0.4,0
1,09/07/22,9:30,14.3,92,3.6,11
1,09/07/22,10:00,14.2,92,0.0,21
1,09/07/22,10:30,14.4,93,0.0,40
1,09/07/22,11:00,14.8,93,0.0,101
1,09/07/22,11:30,15.3,94,0.2,211
1,09/07/22,12:00,16.6,90,0.0,591
1,09/07/22,12:30,17.3,88,0.0,508
1,09/07/22,13:00,18.0,87,0.0,526
1,09/07/22,13:30,18.8,84,0.0,500
1,09/07/22,14:00,18.0,88,0.2,193
1,09/07/22,14:30,18.2,86,0.2,176
1,09/07/22,15:00,17.8,86,0.0,149
1,09/07/22,15:30,18.2,84,0.0,100
1,09/07/22,16:00,17.9,86,0.0,87
1,09/07/22,16:30,17.4,89,0.0,77
1,09/07/22,17:00,17.0,90,0.0,39
1,09/07/22,17:30,16.0,92,0.0,16
1,09/07/22,18:00,15.9,92,0.0,2
1,09/07/22,18:30,15.8,91,0.0,0
1,09/07/22,19:00,15.6,92,0.0,0
1,09/07/22,19:30,15.4,92,0.0,0
1,09/07/22,20:00,15.1,92,0.0,0
1,09/07/22,20:30,15.6,91,0.0,0
1,09/07/22,21:00,15.6,92,0.0,0
1,09/07/22,21:30,15.8,92,0.0,0
1,09/07/22,22:00,15.7,90,0.0,0
1,09/07/22,22:30,15.6,91,0.0,0
1,09/07/22,23:00,16.1,89,0.0,0
1,09/07/22,23:30,15.6,91,0.0,0
1,10/07/22,00:00,15.9,91,0.0,0
1,10/07/22,0:30,16.1,90,0.0,0
1,10/07/22,1:00,14.9,94,0.0,0
1,10/07/22,1:30,15.1,94,0.0,0
1,10/07/22,2:00,15.1,94,0.0,0
1,10/07/22,2:30,14.8,94,0.0,0
1,10/07/22,3:00,14.6,95,0.0,0
1,10/07/22,3:30,14.7,95,0.0,0
1,10/07/22,4:00,15.1,93,0.0,0
1,10/07/22,4:30,15.1,94,0.0,0
1,10/07/22,5:00,14.9,94,0.0,0
1,10/07/22,5:30,14.5,95,0.0,0
1,10/07/22,6:00,14.3,96,0.0,0
1,10/07/22,6:30,14.1,96,0.0,0
1,10/07/22,7:00,14.1,96,0.0,0
1,10/07/22,7:30,14.2,96,0.0,0
1,10/07/22,8:00,14.4,96,0.0,10
1,10/07/22,8:30,14.8,95,0.0,55
1,10/07/22,9:00,15.5,93,0.0,156
1,10/07/22,9:30,16.1,90,0.0,211
1,10/07/22,10:00,17.2,88,0.0,277
1,10/07/22,10:30,18.4,84,0.0,400
1,10/07/22,11:00,19.1,82,0.0,399
1,10/07/22,11:30,20.3,78,0.0,387
1,10/07/22,12:00,21.3,76,0.0,428
1,10/07/22,12:30,22.6,72,0.0,523
1,10/07/22,13:00,23.3,69,0.0,498
1,10/07/22,13:30,23.5,68,0.0,470
1,10/07/22,14:00,23.7,68,0.0,394
1,10/07/22,14:30,23.9,68,0.0,421
1,10/07/22,15:00,23.9,68,0.0,318
1,10/07/22,15:30,23.7,68,0.0,237
1,10/07/22,16:00,22.9,70,0.0,153
1,10/07/22,16:30,22.8,70,0.0,103
1,10/07/22,17:00,21.9,74,0.0,60
1,10/07/22,17:30,21.6,76,0.0,24
1,10/07/22,18:00,20.7,80,0.0,2
1,10/07/22,18:30,20.1,82,0.0,0
1,10/07/22,19:00,19.9,83,0.0,0
1,10/07/22,19:30,19.9,82,0.0,0
1,10/07/22,20:00,19.8,82,0.0,0
1,10/07/22,20:30,20.0,81,0.0,0
1,10/07/22,21:00,20.2,79,0.0,0
1,10/07/22,21:30,20.3,78,0.0,0
1,10/07/22,22:00,20.2,78,0.0,0
1,10/07/22,22:30,19.8,79,0.0,0
1,10/07/22,23:00,19.7,79,0.0,0
1,10/07/22,23:30,20.3,77,0.0,0
1,11/07/22,00:00,20.4,76,0.0,0
1,11/07/22,0:30,19.8,79,0.0,0
1,11/07/22,1:00,19.6,79,0.0,0
1,11/07/22,1:30,19.0,81,0.0,0
1,11/07/22,2:00,18.2,84,0.0,0
1,11/07/22,2:30,18.6,83,0.0,0
1,11/07/22,3:00,18.7,82,0.0,0
1,11/07/22,3:30,18.4,84,0.0,0
1,11/07/22,4:00,18.2,87,0.0,0
1,11/07/22,4:30,18.9,82,0.0,0
1,11/07/22,5:00,18.8,82,0.0,0
1,11/07/22,5:30,18.6,83,0.0,0
1,11/07/22,6:00,18.2,85,0.0,0
1,11/07/22,6:30,18.6,82,0.0,0
1,11/07/22,7:00,18.6,82,0.0,0
1,11/07/22,7:30,18.1,84,0.0,0
1,11/07/22,8:00,18.3,83,0.0,14
1,11/07/22,8:30,18.4,82,0.0,65
1,11/07/22,9:00,18.8,81,0.0,122
1,11/07/22,9:30,19.7,79,0.0,198
1,11/07/22,10:00,19.6,79,0.0,229
1,11/07/22,10:30,19.6,81,0.0,138
1,11/07/22,11:00,21.4,75,0.0,239
1,11/07/22,11:30,20.1,80,0.0,114
1,11/07/22,12:00,20.4,79,0.0,140
1,11/07/22,12:30,20.3,81,0.0,115
1,11/07/22,13:00,20.3,80,0.0,186
1,11/07/22,13:30,18.3,89,0.2,25
1,11/07/22,14:00,17.8,94,2.0,56
1,11/07/22,14:30,16.2,95,0.6,41
1,11/07/22,15:00,15.1,95,0.4,31
1,11/07/22,15:30,14.1,96,0.0,23
1,11/07/22,16:00,13.5,95,1.4,0
1,11/07/22,16:30,12.2,96,12.4,0
1,11/07/22,17:00,11.4,96,1.6,3
1,11/07/22,17:30,11.2,96,1.2,1
1,11/07/22,18:00,11.6,96,3.8,0
1,11/07/22,18:30,12.3,96,2.2,0
1,11/07/22,19:00,12.6,95,0.6,0
1,11/07/22,19:30,12.2,95,1.2,0
1,11/07/22,20:00,12.3,93,0.4,0
1,11/07/22,20:30,12.2,93,0.0,0
1,11/07/22,21:00,11.8,94,0.2,0
1,11/07/22,21:30,11.8,93,0.0,0
1,11/07/22,22:00,11.7,93,0.0,0
1,11/07/22,22:30,11.6,93,0.0,0
1,11/07/22,23:00,11.7,94,0.0,0
1,11/07/22,23:30,10.0,95,0.4,0
1,12/07/22,00:00,9.2,96,0.2,0
1,12/07/22,0:30,8.7,96,0.2,0
1,12/07/22,1:00,8.1,96,0.2,0
1,12/07/22,1:30,7.9,96,0.0,0
1,12/07/22,2:00,7.8,96,0.0,0
1,12/07/22,2:30,7.3,96,1.8,0
1,12/07/22,3:00,6.9,96,1.4,0
1,12/07/22,3:30,6.8,96,1.2,0
1,12/07/22,4:00,6.8,96,1.0,0
1,12/07/22,4:30,6.7,97,0.8,0
1,12/07/22,5:00,6.3,96,0.0,0
1,12/07/22,5:30,6.4,96,0.0,0
1,12/07/22,6:00,6.5,96,0.0,0
1,12/07/22,6:30,6.7,96,0.0,0
1,12/07/22,7:00,6.9,96,0.0,0
1,12/07/22,7:30,6.9,95,0.0,0
1,12/07/22,8:00,6.8,94,0.0,3
1,12/07/22,8:30,6.7,91,0.0,16
1,12/07/22,9:00,6.8,90,0.0,45
1,12/07/22,9:30,7.1,89,0.0,80
1,12/07/22,10:00,7.2,89,0.0,105
1,12/07/22,10:30,7.4,90,0.0,164
1,12/07/22,11:00,8.2,83,0.0,375
1,12/07/22,11:30,8.9,83,0.0,378
1,12/07/22,12:00,8.6,81,0.0,297
1,12/07/22,12:30,8.0,84,0.0,235
1,12/07/22,13:00,8.7,78,0.0,283
1,12/07/22,13:30,8.5,83,0.0,190
1,12/07/22,14:00,8.4,82,0.0,191
1,12/07/22,14:30,8.9,78,0.0,248
1,12/07/22,15:00,9.2,77,0.0,239
1,12/07/22,15:30,8.6,80,0.0,228
1,12/07/22,16:00,8.4,79,0.0,123
1,12/07/22,16:30,8.3,81,0.0,108
1,12/07/22,17:00,8.6,77,0.0,142
1,12/07/22,17:30,7.3,82,0.0,35
1,12/07/22,18:00,7.2,80,0.0,4
1,12/07/22,18:30,6.4,84,0.0,0
1,12/07/22,19:00,5.8,84,0.0,0
1,12/07/22,19:30,5.4,85,0.0,0
1,12/07/22,20:00,5.3,86,0.0,0
1,12/07/22,20:30,5.1,86,0.0,0
1,12/07/22,21:00,5.1,87,0.0,0
1,12/07/22,21:30,5.2,86,0.0,0
1,12/07/22,22:00,5.0,87,0.0,0
1,12/07/22,22:30,4.2,89,0.0,0
1,12/07/22,23:00,4.1,93,0.0,0
1,12/07/22,23:30,4.3,91,0.0,0
1,13/07/22,00:00,4.7,91,0.0,0
1,13/07/22,0:30,4.8,90,0.0,0
1,13/07/22,1:00,4.7,90,0.0,0
1,13/07/22,1:30,4.6,91,0.0,0
1,13/07/22,2:00,4.3,91,0.0,0
1,13/07/22,2:30,4.4,91,0.0,0
1,13/07/22,3:00,4.3,91,0.0,0
1,13/07/22,3:30,4.2,92,0.0,0
1,13/07/22,4:00,3.6,93,0.0,0
1,13/07/22,4:30,3.5,94,0.0,0
1,13/07/22,5:00,3.3,94,0.0,0
1,13/07/22,5:30,3.3,94,0.0,0
1,13/07/22,6:00,3.4,94,0.0,0
1,13/07/22,6:30,3.5,94,0.0,0
1,13/07/22,7:00,3.6,94,0.0,0
1,13/07/22,7:30,3.6,93,0.0,0
1,13/07/22,8:00,3.5,93,0.0,19
1,13/07/22,8:30,4.0,92,0.0,94
1,13/07/22,9:00,5.0,90,0.0,195
1,13/07/22,9:30,6.3,88,0.0,293
1,13/07/22,10:00,7.3,85,0.0,378
1,13/07/22,10:30,8.5,81,0.0,451
1,13/07/22,11:00,9.2,79,0.0,512
1,13/07/22,11:30,9.8,80,0.0,558
1,13/07/22,12:00,9.9,83,0.0,590
1,13/07/22,12:30,10.4,81,0.0,607
1,13/07/22,13:00,11.4,74,0.0,608
1,13/07/22,13:30,12.2,71,0.0,593
1,13/07/22,14:00,13.0,66,0.0,562
1,13/07/22,14:30,13.6,66,0.0,517
1,13/07/22,15:00,13.7,56,0.0,459
1,13/07/22,15:30,13.6,59,0.0,387
1,13/07/22,16:00,13.6,59,0.0,306
1,13/07/22,16:30,13.2,60,0.0,213
1,13/07/22,17:00,12.8,64,0.0,107
1,13/07/22,17:30,11.9,65,0.0,30
1,13/07/22,18:00,10.7,73,0.0,6
1,13/07/22,18:30,9.7,76,0.0,0
1,13/07/22,19:00,9.3,80,0.0,0
1,13/07/22,19:30,9.1,83,0.0,0
1,13/07/22,20:00,8.6,85,0.0,0
1,13/07/22,20:30,8.6,86,0.0,0
1,13/07/22,21:00,8.1,89,0.0,0
1,13/07/22,21:30,8.2,90,0.0,0
1,13/07/22,22:00,8.5,90,0.0,0
1,13/07/22,22:30,8.4,91,0.0,0
1,13/07/22,23:00,8.2,92,0.0,0
1,13/07/22,23:30,8.4,91,0.0,0
1,14/07/22,00:00,8.1,92,0.0,0
1,14/07/22,0:30,8.8,91,0.0,0
1,14/07/22,1:00,8.4,92,0.0,0
1,14/07/22,1:30,8.9,92,0.0,0
1,14/07/22,2:00,9.6,93,0.0,0
1,14/07/22,2:30,9.6,92,0.0,0
1,14/07/22,3:00,10.3,92,0.0,0
1,14/07/22,3:30,11.2,89,0.0,0
1,14/07/22,4:00,9.5,94,0.0,0
1,14/07/22,4:30,10.4,92,0.0,0
1,14/07/22,5:00,10.8,91,0.0,0
1,14/07/22,5:30,10.6,91,0.0,0
1,14/07/22,6:00,10.6,92,0.0,0
1,14/07/22,6:30,11.0,90,0.0,0
1,14/07/22,7:00,10.3,92,0.0,0
1,14/07/22,7:30,10.4,93,0.0,0
1,14/07/22,8:00,10.8,91,0.0,0
1,14/07/22,8:30,10.2,96,0.0,2
1,14/07/22,9:00,10.9,95,0.0,8
1,14/07/22,9:30,10.4,96,0.2,23
1,14/07/22,10:00,11.6,96,0.8,77
1,14/07/22,10:30,12.8,95,0.0,143
1,14/07/22,11:00,12.9,95,0.0,146
1,14/07/22,11:30,12.5,96,0.0,140
1,14/07/22,12:00,12.4,97,0.0,111
1,14/07/22,12:30,12.6,97,5.6,44
1,14/07/22,13:00,13.3,97,3.2,170
1,14/07/22,13:30,13.3,98,0.0,104
1,14/07/22,14:00,14.4,98,0.6,71
1,14/07/22,14:30,13.9,97,0.8,16
1,14/07/22,15:00,13.7,97,5.4,9
1,14/07/22,15:30,14.2,97,4.2,20
1,14/07/22,16:00,14.4,98,5.6,11
1,14/07/22,16:30,14.9,97,0.8,17
1,14/07/22,17:00,15.0,97,0.6,16
1,14/07/22,17:30,14.9,97,1.2,1
1,14/07/22,18:00,14.9,97,2.2,0
1,14/07/22,18:30,14.8,97,1.8,0
1,14/07/22,19:00,14.9,97,0.4,0
1,14/07/22,19:30,14.9,97,1.6,0
1,14/07/22,20:00,14.9,97,0.0,0
1,14/07/22,20:30,15.0,97,0.4,0
1,14/07/22,21:00,15.2,97,0.0,0
1,14/07/22,21:30,15.3,97,0.0,0
1,14/07/22,22:00,15.4,96,0.0,0
1,14/07/22,22:30,15.3,96,0.0,0
1,14/07/22,23:00,15.3,96,0.2,0
1,14/07/22,23:30,15.2,97,0.4,0
1,15/07/22,00:00,15.3,97,0.4,0
1,15/07/22,0:30,15.4,96,0.2,0
1,15/07/22,1:00,15.6,97,0.0,0
1,15/07/22,1:30,15.6,96,0.0,0
1,15/07/22,2:00,15.5,96,0.2,0
1,15/07/22,2:30,15.6,97,0.0,0
1,15/07/22,3:00,15.6,97,0.2,0
1,15/07/22,3:30,15.6,97,0.0,0
1,15/07/22,4:00,15.9,97,0.2,0
1,15/07/22,4:30,15.9,96,0.6,0
1,15/07/22,5:00,15.9,96,0.0,0
1,15/07/22,5:30,16.2,95,0.0,0
1,15/07/22,6:00,15.5,97,0.0,0
1,15/07/22,6:30,15.6,97,1.6,0
1,15/07/22,7:00,15.4,98,0.8,0
1,15/07/22,7:30,15.3,98,0.2,0
1,15/07/22,8:00,15.5,98,0.6,0
1,15/07/22,8:30,15.7,98,0.8,7
1,15/07/22,9:00,15.8,98,0.6,18
1,15/07/22,9:30,15.7,98,2.2,8
1,15/07/22,10:00,15.6,98,3.8,11
1,15/07/22,10:30,15.6,98,1.8,25
1,15/07/22,11:00,15.6,98,0.2,34
1,15/07/22,11:30,15.7,98,1.4,22
1,15/07/22,12:00,15.6,98,6.2,18
1,15/07/22,12:30,15.7,98,5.6,25
1,15/07/22,13:00,16.0,98,3.6,19
1,15/07/22,13:30,15.9,98,4.4,44
1,15/07/22,14:00,16.1,98,1.0,88
1,15/07/22,14:30,17.3,97,0.0,268
1,15/07/22,15:00,17.6,95,0.0,318
1,15/07/22,15:30,17.3,94,0.0,204
1,15/07/22,16:00,17.5,94,0.0,192
1,15/07/22,16:30,17.5,94,0.0,153
1,15/07/22,17:00,17.3,94,0.0,91
1,15/07/22,17:30,17.1,94,0.0,45
1,15/07/22,18:00,16.7,95,0.0,7
1,15/07/22,18:30,16.6,96,0.0,0
1,15/07/22,19:00,16.4,97,0.0,0
1,15/07/22,19:30,16.4,97,0.0,0
1,15/07/22,20:00,16.3,97,0.0,0
1,15/07/22,20:30,16.1,98,0.0,0
1,15/07/22,21:00,16.1,98,0.0,0
1,15/07/22,21:30,16.0,98,0.0,0
1,15/07/22,22:00,15.9,97,0.0,0
1,15/07/22,22:30,15.9,97,0.0,0
1,15/07/22,23:00,15.8,97,0.0,0
1,15/07/22,23:30,15.7,97,0.0,0
1,16/07/22,00:00,15.6,97,0.0,0
1,16/07/22,0:30,15.5,98,0.0,0
1,16/07/22,1:00,15.5,98,0.0,0
1,16/07/22,1:30,15.4,98,0.0,0
1,16/07/22,2:00,15.5,98,0.0,0
1,16/07/22,2:30,15.4,98,0.0,0
1,16/07/22,3:00,15.4,98,0.0,0
1,16/07/22,3:30,15.4,98,0.0,0
1,16/07/22,4:00,15.3,98,0.0,0
1,16/07/22,4:30,15.3,98,0.0,0
1,16/07/22,5:00,15.8,97,0.0,0
1,16/07/22,5:30,15.8,97,0.0,0
1,16/07/22,6:00,15.9,97,0.0,0
1,16/07/22,6:30,15.8,96,0.4,0
1,16/07/22,7:00,15.7,97,5.2,0
1,16/07/22,7:30,15.8,97,1.6,0
1,16/07/22,8:00,15.8,97,1.2,0
1,16/07/22,8:30,16.0,97,1.2,1
1,16/07/22,9:00,16.1,97,0.2,14
1,16/07/22,9:30,16.2,97,1.4,27
1,16/07/22,10:00,16.0,97,4.2,12
1,16/07/22,10:30,16.1,98,2.8,33
1,16/07/22,11:00,15.9,98,0.6,57
1,16/07/22,11:30,14.8,96,0.2,79
1,16/07/22,12:00,13.9,96,0.0,125
1,16/07/22,12:30,13.3,96,0.2,56
1,16/07/22,13:00,13.3,97,1.0,33
1,16/07/22,13:30,13.4,97,2.2,59
1,16/07/22,14:00,13.4,96,0.4,85
1,16/07/22,14:30,13.0,97,1.8,75
1,16/07/22,15:00,11.3,96,1.0,28
1,16/07/22,15:30,11.1,95,1.6,259
1,16/07/22,16:00,12.0,92,0.0,179
1,16/07/22,16:30,12.1,92,0.0,101
1,16/07/22,17:00,12.3,93,0.2,49
1,16/07/22,17:30,12.2,93,0.0,26
1,16/07/22,18:00,11.8,95,0.0,1
1,16/07/22,18:30,10.3,97,2.0,0
1,16/07/22,19:00,10.2,97,2.2,0
1,16/07/22,19:30,10.4,98,0.8,0
1,16/07/22,20:00,10.2,98,1.4,0
1,16/07/22,20:30,8.7,97,0.6,0
1,16/07/22,21:00,8.3,97,0.6,0
1,16/07/22,21:30,8.0,97,0.2,0
1,16/07/22,22:00,7.9,96,0.0,0
1,16/07/22,22:30,7.6,97,0.0,0
1,16/07/22,23:00,7.2,96,0.0,0
1,16/07/22,23:30,7.2,96,0.2,0
1,17/07/22,00:00,6.9,95,0.0,0
1,17/07/22,0:30,6.7,96,0.2,0
1,17/07/22,1:00,6.7,96,0.0,0
1,17/07/22,1:30,6.7,96,0.0,0
1,17/07/22,2:00,6.9,95,0.0,0
1,17/07/22,2:30,7.0,95,0.2,0
1,17/07/22,3:00,7.0,95,0.0,0
1,17/07/22,3:30,6.9,95,0.0,0
1,17/07/22,4:00,6.5,95,0.0,0
1,17/07/22,4:30,6.5,95,0.0,0
1,17/07/22,5:00,6.6,95,0.0,0
1,17/07/22,5:30,6.6,95,0.0,0
1,17/07/22,6:00,6.6,91,0.0,0
1,17/07/22,6:30,6.5,91,0.0,0
1,17/07/22,7:00,6.4,92,0.0,0
1,17/07/22,7:30,6.3,90,0.0,0
1,17/07/22,8:00,6.4,87,0.0,4
1,17/07/22,8:30,6.6,88,0.0,16
1,17/07/22,9:00,6.7,87,0.0,32
1,17/07/22,9:30,6.8,85,0.0,64
1,17/07/22,10:00,6.9,85,0.0,114
1,17/07/22,10:30,7.3,81,0.0,213
1,17/07/22,11:00,8.1,81,0.0,328
1,17/07/22,11:30,7.6,81,0.0,247
1,17/07/22,12:00,7.9,83,0.0,233
1,17/07/22,12:30,7.8,84,0.0,196
1,17/07/22,13:00,7.9,82,0.0,255
1,17/07/22,13:30,8.2,81,0.0,230
1,17/07/22,14:00,8.2,79,0.0,263
1,17/07/22,14:30,9.1,77,0.0,385
1,17/07/22,15:00,8.6,79,0.0,236
1,17/07/22,15:30,8.3,80,0.0,177
1,17/07/22,16:00,8.3,79,0.0,142
1,17/07/22,16:30,8.2,78,0.0,149
1,17/07/22,17:00,7.8,81,0.0,97
1,17/07/22,17:30,7.6,82,0.0,49
1,17/07/22,18:00,6.5,86,0.0,7
1,17/07/22,18:30,6.3,85,0.0,0
1,17/07/22,19:00,5.7,88,0.0,0
1,17/07/22,19:30,5.8,87,0.0,0
1,17/07/22,20:00,5.7,87,0.0,0
1,17/07/22,20:30,5.2,89,0.0,0
1,17/07/22,21:00,5.3,89,0.0,0
1,17/07/22,21:30,5.3,88,0.0,0
1,17/07/22,22:00,5.1,90,0.0,0
1,17/07/22,22:30,4.6,91,0.0,0
1,17/07/22,23:00,4.4,92,0.0,0
1,17/07/22,23:30,4.3,92,0.0,0
1,18/07/22,00:00,4.4,93,0.0,0
1,18/07/22,0:30,4.5,93,0.0,0
1,18/07/22,1:00,4.3,93,0.0,0
1,18/07/22,1:30,4.5,94,0.0,0
1,18/07/22,2:00,4.7,94,0.0,0
1,18/07/22,2:30,4.6,93,0.0,0
1,18/07/22,3:00,4.7,93,0.0,0
1,18/07/22,3:30,4.6,94,0.0,0
1,18/07/22,4:00,4.8,93,0.0,0
1,18/07/22,4:30,4.9,93,0.0,0
1,18/07/22,5:00,4.6,92,0.0,0
1,18/07/22,5:30,4.9,94,0.0,0
1,18/07/22,6:00,5.1,93,0.0,0
1,18/07/22,6:30,5.3,93,0.0,0
1,18/07/22,7:00,4.1,92,0.0,0
1,18/07/22,7:30,3.1,94,0.0,0
1,18/07/22,8:00,3.7,95,0.0,21
1,18/07/22,8:30,4.4,95,0.0,102
1,18/07/22,9:00,4.7,94,0.0,201
1,18/07/22,9:30,6.1,94,0.0,294
1,18/07/22,10:00,7.3,91,0.0,384
1,18/07/22,10:30,8.3,88,0.0,457
1,18/07/22,11:00,8.6,89,0.0,518
1,18/07/22,11:30,9.5,88,0.0,567
1,18/07/22,12:00,10.4,86,0.0,619
1,18/07/22,12:30,10.9,82,0.0,620
1,18/07/22,13:00,11.7,82,0.0,619
1,18/07/22,13:30,12.3,78,0.0,605
1,18/07/22,14:00,12.8,76,0.0,574
1,18/07/22,14:30,13.3,74,0.0,530
1,18/07/22,15:00,13.5,73,0.0,470
1,18/07/22,15:30,13.6,71,0.0,399
1,18/07/22,16:00,13.7,72,0.0,316
1,18/07/22,16:30,13.1,77,0.0,220
1,18/07/22,17:00,12.3,76,0.0,116
1,18/07/22,17:30,11.6,81,0.0,34
1,18/07/22,18:00,10.2,85,0.0,7
1,18/07/22,18:30,9.6,84,0.0,0
1,18/07/22,19:00,9.6,84,0.0,0
1,18/07/22,19:30,9.2,86,0.0,0
1,18/07/22,20:00,8.7,87,0.0,0
1,18/07/22,20:30,8.1,89,0.0,0
1,18/07/22,21:00,8.1,89,0.0,0
1,18/07/22,21:30,8.1,91,0.0,0
1,18/07/22,22:00,7.8,91,0.0,0
1,18/07/22,22:30,7.5,93,0.0,0
1,18/07/22,23:00,8.1,93,0.0,0
1,18/07/22,23:30,8.6,93,0.0,0
1,19/07/22,00:00,8.5,93,0.0,0
1,19/07/22,0:30,8.5,93,0.0,0
1,19/07/22,1:00,8.1,94,0.0,0
1,19/07/22,1:30,8.1,95,0.0,0
1,19/07/22,2:00,8.1,94,0.0,0
1,19/07/22,2:30,6.2,95,0.0,0
1,19/07/22,3:00,6.3,96,0.0,0
1,19/07/22,3:30,6.7,95,0.0,0
1,19/07/22,4:00,7.0,95,0.0,0
1,19/07/22,4:30,7.3,95,0.0,0
1,19/07/22,5:00,6.9,95,0.0,0
1,19/07/22,5:30,7.1,94,0.0,0
1,19/07/22,6:00,6.1,92,0.0,0
1,19/07/22,6:30,6.2,94,0.0,0
1,19/07/22,7:00,6.6,92,0.0,0
1,19/07/22,7:30,6.5,92,0.0,0
1,19/07/22,8:00,7.2,91,0.0,25
1,19/07/22,8:30,7.6,90,0.0,105
1,19/07/22,9:00,8.9,88,0.0,207
1,19/07/22,9:30,9.9,84,0.0,300
1,19/07/22,10:00,10.6,80,0.0,383
1,19/07/22,10:30,11.1,79,0.0,456
1,19/07/22,11:00,11.4,73,0.0,521
1,19/07/22,11:30,12.2,72,0.0,568
1,19/07/22,12:00,12.4,71,0.0,601
1,19/07/22,12:30,13.0,66,0.0,619
1,19/07/22,13:00,13.4,60,0.0,621
1,19/07/22,13:30,13.7,59,0.0,606
1,19/07/22,14:00,14.1,63,0.0,576
1,19/07/22,14:30,14.2,60,0.0,530
1,19/07/22,15:00,14.2,61,0.0,472
1,19/07/22,15:30,14.2,64,0.0,400
1,19/07/22,16:00,13.9,69,0.0,317
1,19/07/22,16:30,13.7,74,0.0,223
1,19/07/22,17:00,13.3,75,0.0,117
1,19/07/22,17:30,12.7,77,0.0,36
1,19/07/22,18:00,11.4,82,0.0,7
1,19/07/22,18:30,10.4,86,0.0,0
1,19/07/22,19:00,10.0,89,0.0,0
1,19/07/22,19:30,9.8,89,0.0,0
1,19/07/22,20:00,9.2,90,0.0,0
1,19/07/22,20:30,8.5,88,0.0,0
1,19/07/22,21:00,8.4,89,0.0,0
1,19/07/22,21:30,8.1,91,0.0,0
1,19/07/22,22:00,7.9,93,0.0,0
1,19/07/22,22:30,7.9,93,0.0,0
1,19/07/22,23:00,8.3,94,0.0,0
1,19/07/22,23:30,8.2,95,0.0,0
1,20/07/22,00:00,8.4,95,0.0,0
1,20/07/22,0:30,8.4,95,0.0,0
1,20/07/22,1:00,8.2,95,0.0,0
1,20/07/22,1:30,8.3,95,0.0,0
1,20/07/22,2:00,8.2,95,0.0,0
1,20/07/22,2:30,8.1,96,0.0,0
1,20/07/22,3:00,8.3,97,0.0,0
1,20/07/22,3:30,8.8,97,0.0,0
1,20/07/22,4:00,9.0,97,0.0,0
1,20/07/22,4:30,9.4,97,0.0,0
1,20/07/22,5:00,9.6,97,0.0,0
1,20/07/22,5:30,9.8,97,0.0,0
1,20/07/22,6:00,10.2,96,0.0,0
1,20/07/22,6:30,10.3,96,0.0,0
1,20/07/22,7:00,10.4,95,0.0,0
1,20/07/22,7:30,10.4,95,0.0,0
1,20/07/22,8:00,10.4,95,0.0,10
1,20/07/22,8:30,10.5,95,0.0,49
1,20/07/22,9:00,10.6,95,0.0,82
1,20/07/22,9:30,10.8,95,0.0,124
1,20/07/22,10:00,11.2,95,0.0,192
1,20/07/22,10:30,11.6,95,0.0,307
1,20/07/22,11:00,12.1,94,0.0,323
1,20/07/22,11:30,13.1,92,0.0,504
1,20/07/22,12:00,13.7,90,0.0,577
1,20/07/22,12:30,14.7,88,0.0,590
1,20/07/22,13:00,15.2,87,0.0,589
1,20/07/22,13:30,15.5,87,0.0,572
1,20/07/22,14:00,16.1,86,0.0,539
1,20/07/22,14:30,16.4,85,0.0,512
1,20/07/22,15:00,16.3,87,0.0,176
1,20/07/22,15:30,16.7,85,0.0,138
1,20/07/22,16:00,17.9,83,0.0,292
1,20/07/22,16:30,17.9,82,0.0,205
1,20/07/22,17:00,17.6,83,0.0,107
1,20/07/22,17:30,16.8,86,0.0,31
1,20/07/22,18:00,16.1,89,0.0,5
1,20/07/22,18:30,16.1,90,0.0,0
1,20/07/22,19:00,16.0,90,0.0,0
1,20/07/22,19:30,16.2,90,0.0,0
1,20/07/22,20:00,16.7,90,0.0,0
1,20/07/22,20:30,16.1,91,0.0,0
1,20/07/22,21:00,15.9,92,0.0,0
1,20/07/22,21:30,16.0,93,0.0,0
1,20/07/22,22:00,15.8,94,0.0,0
1,20/07/22,22:30,15.8,93,0.0,0
1,20/07/22,23:00,15.3,94,0.0,0
1,20/07/22,23:30,15.3,95,0.0,0
1,21/07/22,00:00,15.5,95,0.0,0
1,21/07/22,0:30,14.9,95,0.0,0
1,21/07/22,1:00,14.8,96,0.0,0
1,21/07/22,1:30,14.9,97,0.0,0
1,21/07/22,2:00,15.2,97,0.0,0
1,21/07/22,2:30,15.4,97,0.0,0
1,21/07/22,3:00,15.6,97,0.0,0
1,21/07/22,3:30,15.4,96,0.0,0
1,21/07/22,4:00,15.8,97,0.0,0
1,21/07/22,4:30,15.8,96,0.0,0
1,21/07/22,5:00,16.0,95,0.0,0
1,21/07/22,5:30,16.2,95,0.0,0
1,21/07/22,6:00,16.0,95,0.0,0
1,21/07/22,6:30,15.8,96,0.0,0
1,21/07/22,7:00,15.4,96,0.0,0
1,21/07/22,7:30,15.4,96,0.0,0
1,21/07/22,8:00,15.9,96,0.0,16
1,21/07/22,8:30,15.9,96,0.0,41
1,21/07/22,9:00,17.1,94,0.0,88
1,21/07/22,9:30,17.6,92,0.0,148
1,21/07/22,10:00,18.3,92,0.0,241
1,21/07/22,10:30,18.7,90,0.0,168
1,21/07/22,11:00,19.7,90,0.0,272
1,21/07/22,11:30,20.4,88,0.0,311
1,21/07/22,12:00,20.4,87,0.0,230
1,21/07/22,12:30,20.1,88,0.0,288
1,21/07/22,13:00,19.6,90,0.0,173
1,21/07/22,13:30,19.6,89,0.0,196
1,21/07/22,14:00,19.8,90,0.0,219
1,21/07/22,14:30,19.7,90,0.0,121
1,21/07/22,15:00,19.8,90,0.0,171
1,21/07/22,15:30,20.1,89,0.0,164
1,21/07/22,16:00,19.9,89,0.0,106
1,21/07/22,16:30,20.4,88,0.0,154
1,21/07/22,17:00,20.0,89,0.0,79
1,21/07/22,17:30,18.2,93,0.0,32
1,21/07/22,18:00,17.5,94,0.0,8
1,21/07/22,18:30,16.7,94,0.0,0
1,21/07/22,19:00,16.1,93,0.0,0
1,21/07/22,19:30,15.7,91,0.0,0
1,21/07/22,20:00,15.6,93,0.0,0
1,21/07/22,20:30,15.2,94,0.0,0
1,21/07/22,21:00,15.3,95,0.0,0
1,21/07/22,21:30,15.6,96,0.0,0
1,21/07/22,22:00,15.6,96,0.0,0
1,21/07/22,22:30,15.9,97,0.0,0
1,21/07/22,23:00,15.8,98,0.0,0
1,21/07/22,23:30,15.8,98,0.0,0
1,22/07/22,00:00,15.9,98,0.0,0
1,22/07/22,0:30,15.6,98,0.0,0
1,22/07/22,1:00,15.8,98,0.0,0
1,22/07/22,1:30,15.8,98,0.0,0
1,22/07/22,2:00,15.9,98,0.0,0
1,22/07/22,2:30,15.9,98,0.0,0
1,22/07/22,3:00,15.9,98,0.0,0
1,22/07/22,3:30,16.4,98,0.0,0
1,22/07/22,4:00,16.2,98,0.0,0
1,22/07/22,4:30,16.2,98,0.0,0
1,22/07/22,5:00,16.2,98,0.0,0
1,22/07/22,5:30,16.3,98,0.0,0
1,22/07/22,6:00,16.2,98,0.0,0
1,22/07/22,6:30,16.1,99,0.0,0
1,22/07/22,7:00,16.2,99,0.0,0
1,22/07/22,7:30,16.2,99,0.0,0
1,22/07/22,8:00,16.6,99,0.0,20
1,22/07/22,8:30,16.6,98,0.0,82
1,22/07/22,9:00,16.9,98,0.0,157
1,22/07/22,9:30,17.3,98,0.0,245
1,22/07/22,10:00,17.8,97,0.0,186
1,22/07/22,10:30,18.1,97,0.0,230
1,22/07/22,11:00,18.7,96,0.0,216
1,22/07/22,11:30,20.2,91,0.0,546
1,22/07/22,12:00,20.8,88,0.0,549
1,22/07/22,12:30,20.8,88,0.0,392
1,22/07/22,13:00,21.5,85,0.0,352
1,22/07/22,13:30,21.9,86,0.0,359
1,22/07/22,14:00,22.5,83,0.0,462
1,22/07/22,14:30,21.6,87,0.0,185
1,22/07/22,15:00,22.3,86,0.0,425
1,22/07/22,15:30,22.4,85,0.0,413
1,22/07/22,16:00,22.2,86,0.0,209
1,22/07/22,16:30,21.9,88,0.0,106
1,22/07/22,17:00,21.7,89,0.0,72
1,22/07/22,17:30,21.3,90,0.0,46
1,22/07/22,18:00,20.6,92,0.0,6
1,22/07/22,18:30,20.4,92,0.0,0
1,22/07/22,19:00,20.1,93,0.0,0
1,22/07/22,19:30,19.7,93,0.0,0
1,22/07/22,20:00,19.5,93,0.0,0
1,22/07/22,20:30,19.3,93,0.0,0
1,22/07/22,21:00,19.3,92,0.0,0
1,22/07/22,21:30,18.8,93,0.0,0
1,22/07/22,22:00,18.6,94,0.0,0
1,22/07/22,22:30,18.3,94,0.0,0
1,22/07/22,23:00,18.2,94,0.0,0
1,22/07/22,23:30,18.2,94,0.0,0
1,23/07/22,00:00,17.8,94,0.0,0
1,23/07/22,0:30,17.9,95,0.0,0
1,23/07/22,1:00,17.3,95,0.0,0
1,23/07/22,1:30,16.6,96,0.0,0
1,23/07/22,2:00,16.3,96,0.0,0
1,23/07/22,2:30,16.2,96,0.0,0
1,23/07/22,3:00,16.1,96,0.0,0
1,23/07/22,3:30,16.2,96,0.0,0
1,23/07/22,4:00,15.5,95,0.0,0
1,23/07/22,4:30,15.2,96,0.0,0
1,23/07/22,5:00,14.9,96,0.0,0
1,23/07/22,5:30,14.7,96,0.0,0
1,23/07/22,6:00,14.6,96,0.0,0
1,23/07/22,6:30,14.3,96,0.0,0
1,23/07/22,7:00,14.1,96,0.0,0
1,23/07/22,7:30,13.7,96,0.0,0
1,23/07/22,8:00,13.4,97,0.0,17
1,23/07/22,8:30,13.6,97,0.0,38
1,23/07/22,9:00,14.6,98,0.0,88
1,23/07/22,9:30,15.5,97,0.0,181
1,23/07/22,10:00,16.5,95,0.0,249
1,23/07/22,10:30,17.1,93,0.0,317
1,23/07/22,11:00,17.4,91,0.0,415
1,23/07/22,11:30,17.9,91,0.0,451
1,23/07/22,12:00,17.7,90,0.0,343
1,23/07/22,12:30,18.1,89,0.0,363
1,23/07/22,13:00,19.2,87,0.0,623
1,23/07/22,13:30,19.3,86,0.0,571
1,23/07/22,14:00,20.0,84,0.0,567
1,23/07/22,14:30,20.4,84,0.0,525
1,23/07/22,15:00,20.8,82,0.0,459
1,23/07/22,15:30,21.1,82,0.0,387
1,23/07/22,16:00,21.3,82,0.0,313
1,23/07/22,16:30,21.2,81,0.0,221
1,23/07/22,17:00,20.5,85,0.0,99
1,23/07/22,17:30,19.8,87,0.0,29
1,23/07/22,18:00,19.1,90,0.0,7
1,23/07/22,18:30,18.7,91,0.0,0
1,23/07/22,19:00,18.7,91,0.0,0
1,23/07/22,19:30,18.4,91,0.0,0
1,23/07/22,20:00,18.1,92,0.0,0
1,23/07/22,20:30,17.8,93,0.0,0
1,23/07/22,21:00,17.4,94,0.0,0
1,23/07/22,21:30,17.2,95,0.0,0
1,23/07/22,22:00,17.1,96,0.0,0
1,23/07/22,22:30,17.1,97,0.0,0
1,23/07/22,23:00,16.9,97,0.0,0
1,23/07/22,23:30,16.8,97,0.0,0
1,24/07/22,00:00,16.7,97,0.0,0
1,24/07/22,0:30,16.6,97,0.0,0
1,24/07/22,1:00,16.4,98,0.0,0
1,24/07/22,1:30,16.3,98,0.0,0
1,24/07/22,2:00,16.2,98,0.0,0
1,24/07/22,2:30,16.1,98,0.0,0
1,24/07/22,3:00,16.0,98,0.0,0
1,24/07/22,3:30,16.1,98,0.0,0
1,24/07/22,4:00,15.9,98,0.0,0
1,24/07/22,4:30,15.9,98,0.0,0
1,24/07/22,5:00,15.9,98,0.0,0
1,24/07/22,5:30,16.8,98,0.0,0
1,24/07/22,6:00,16.8,96,0.0,0
1,24/07/22,6:30,17.4,94,0.0,0
1,24/07/22,7:00,17.1,95,0.0,0
1,24/07/22,7:30,16.7,94,0.0,0
1,24/07/22,8:00,16.6,96,0.0,2
1,24/07/22,8:30,17.7,94,0.0,7
1,24/07/22,9:00,17.4,94,0.2,47
1,24/07/22,9:30,17.4,95,0.0,144
1,24/07/22,10:00,17.4,95,0.0,198
1,24/07/22,10:30,18.8,91,0.0,274
1,24/07/22,11:00,19.7,89,0.0,364
1,24/07/22,11:30,20.3,87,0.0,471
1,24/07/22,12:00,20.8,86,0.0,246
1,24/07/22,12:30,21.9,83,0.0,305
1,24/07/22,13:00,22.0,84,0.0,310
1,24/07/22,13:30,21.7,86,0.0,272
1,24/07/22,14:00,21.7,86,0.0,267
1,24/07/22,14:30,22.2,83,0.0,264
1,24/07/22,15:00,22.3,81,0.0,188
1,24/07/22,15:30,21.9,86,0.0,127
1,24/07/22,16:00,21.6,87,0.0,116
1,24/07/22,16:30,21.9,82,0.0,77
1,24/07/22,17:00,21.3,87,0.0,47
1,24/07/22,17:30,21.3,85,0.0,21
1,24/07/22,18:00,21.3,84,0.0,9
1,24/07/22,18:30,20.7,86,0.0,0
1,24/07/22,19:00,20.8,85,0.0,0
1,24/07/22,19:30,20.6,84,0.0,0
1,24/07/22,20:00,20.5,84,0.0,0
1,24/07/22,20:30,21.1,82,0.0,0
1,24/07/22,21:00,20.6,83,0.0,0
1,24/07/22,21:30,19.8,85,0.0,0
1,24/07/22,22:00,18.9,88,0.0,0
1,24/07/22,22:30,19.5,87,0.0,0
1,24/07/22,23:00,19.5,87,0.0,0
1,24/07/22,23:30,18.8,89,0.0,0
1,25/07/22,00:00,18.8,89,0.0,0
1,25/07/22,0:30,18.5,90,0.0,0
1,25/07/22,1:00,18.9,90,0.0,0
1,25/07/22,1:30,19.0,89,0.0,0
1,25/07/22,2:00,19.0,89,0.0,0
1,25/07/22,2:30,18.7,90,0.0,0
1,25/07/22,3:00,18.9,90,0.0,0
1,25/07/22,3:30,18.7,91,0.0,0
1,25/07/22,4:00,19.3,90,0.0,0
1,25/07/22,4:30,19.4,88,0.0,0
1,25/07/22,5:00,19.3,88,0.0,0
1,25/07/22,5:30,19.0,88,0.0,0
1,25/07/22,6:00,19.1,88,0.0,0
1,25/07/22,6:30,19.3,87,0.0,0
1,25/07/22,7:00,17.6,94,0.0,0
1,25/07/22,7:30,16.3,95,0.0,0
1,25/07/22,8:00,15.9,96,0.0,12
1,25/07/22,8:30,17.3,94,0.0,39
1,25/07/22,9:00,16.4,95,0.0,51
1,25/07/22,9:30,17.1,94,0.0,119
1,25/07/22,10:00,17.8,93,0.0,166
1,25/07/22,10:30,19.0,89,0.0,427
1,25/07/22,11:00,19.7,85,0.0,378
1,25/07/22,11:30,20.7,84,0.0,312
1,25/07/22,12:00,21.3,82,0.0,345
1,25/07/22,12:30,21.6,81,0.0,428
1,25/07/22,13:00,20.9,81,0.0,310
1,25/07/22,13:30,21.2,80,0.0,390
1,25/07/22,14:00,21.6,80,0.0,501
1,25/07/22,14:30,21.4,79,0.0,464
1,25/07/22,15:00,21.3,81,0.0,442
1,25/07/22,15:30,21.4,81,0.0,409
1,25/07/22,16:00,20.6,82,0.0,280
1,25/07/22,16:30,20.0,83,0.0,171
1,25/07/22,17:00,19.7,85,0.0,122
1,25/07/22,17:30,19.1,88,0.0,68
1,25/07/22,18:00,18.5,89,0.0,21
1,25/07/22,18:30,18.1,91,0.0,0
1,25/07/22,19:00,17.6,92,0.0,0
1,25/07/22,19:30,17.5,92,0.0,0
1,25/07/22,20:00,17.2,93,0.0,0
1,25/07/22,20:30,17.0,93,0.0,0
1,25/07/22,21:00,16.6,93,0.0,0
1,25/07/22,21:30,16.3,94,0.0,0
1,25/07/22,22:00,16.1,95,0.0,0
1,25/07/22,22:30,16.0,95,0.0,0
1,25/07/22,23:00,15.9,95,0.0,0
1,25/07/22,23:30,15.7,94,0.0,0
1,26/07/22,00:00,15.6,94,0.0,0
1,26/07/22,0:30,15.2,95,0.0,0
1,26/07/22,1:00,15.2,96,0.0,0
1,26/07/22,1:30,15.2,95,0.0,0
1,26/07/22,2:00,15.1,95,0.0,0
1,26/07/22,2:30,15.1,95,0.0,0
1,26/07/22,3:00,15.0,96,0.0,0
1,26/07/22,3:30,14.9,96,0.0,0
1,26/07/22,4:00,14.9,96,0.0,0
1,26/07/22,4:30,14.8,96,0.0,0
1,26/07/22,5:00,14.7,97,0.0,0
1,26/07/22,5:30,14.7,97,0.0,0
1,26/07/22,6:00,14.6,97,0.0,0
1,26/07/22,6:30,14.5,97,0.0,0
1,26/07/22,7:00,14.5,97,0.0,0
1,26/07/22,7:30,14.5,97,0.0,1
1,26/07/22,8:00,14.6,97,0.0,22
1,26/07/22,8:30,14.9,97,0.0,88
1,26/07/22,9:00,15.3,97,0.0,167
1,26/07/22,9:30,16.1,94,0.0,275
1,26/07/22,10:00,17.1,92,0.0,335
1,26/07/22,10:30,17.9,88,0.0,445
1,26/07/22,11:00,18.0,89,0.0,503
1,26/07/22,11:30,19.0,85,0.0,544
1,26/07/22,12:00,20.2,81,0.0,583
1,26/07/22,12:30,20.8,80,0.0,601
1,26/07/22,13:00,21.4,78,0.0,595
1,26/07/22,13:30,21.7,78,0.0,584
1,26/07/22,14:00,22.2,78,0.0,557
1,26/07/22,14:30,22.7,76,0.0,495
1,26/07/22,15:00,23.2,76,0.0,442
1,26/07/22,15:30,23.4,76,0.0,386
1,26/07/22,16:00,23.4,75,0.0,296
1,26/07/22,16:30,23.3,75,0.0,213
1,26/07/22,17:00,23.0,76,0.0,119
1,26/07/22,17:30,22.3,79,0.0,53
1,26/07/22,18:00,20.9,84,0.0,13
1,26/07/22,18:30,20.4,85,0.0,0
1,26/07/22,19:00,20.1,87,0.0,0
1,26/07/22,19:30,19.7,86,0.0,0
1,26/07/22,20:00,19.2,88,0.0,0
1,26/07/22,20:30,19.3,88,0.0,0
1,26/07/22,21:00,18.8,89,0.0,0
1,26/07/22,21:30,19.1,89,0.0,0
1,26/07/22,22:00,19.2,89,0.0,0
1,26/07/22,22:30,19.2,88,0.0,0
1,26/07/22,23:00,18.7,89,0.0,0
1,26/07/22,23:30,17.8,92,0.0,0
1,27/07/22,00:00,17.9,92,0.0,0
1,27/07/22,0:30,17.4,93,0.0,0
1,27/07/22,1:00,16.7,95,0.0,0
1,27/07/22,1:30,16.3,96,0.0,0
1,27/07/22,2:00,15.9,97,0.0,0
1,27/07/22,2:30,15.8,97,0.0,0
1,27/07/22,3:00,15.6,98,0.0,0
1,27/07/22,3:30,15.4,98,0.0,0
1,27/07/22,4:00,15.2,98,0.0,0
1,27/07/22,4:30,14.9,97,0.0,0
1,27/07/22,5:00,15.0,98,0.0,0
1,27/07/22,5:30,15.7,95,0.0,0
1,27/07/22,6:00,15.3,94,0.0,0
1,27/07/22,6:30,16.4,92,0.0,0
1,27/07/22,7:00,16.4,92,0.0,0
1,27/07/22,7:30,16.1,92,0.0,3
1,27/07/22,8:00,16.0,94,0.0,24
1,27/07/22,8:30,17.3,89,0.0,90
1,27/07/22,9:00,18.2,85,0.0,184
1,27/07/22,9:30,18.8,83,0.0,262
1,27/07/22,10:00,19.4,83,0.0,298
1,27/07/22,10:30,19.6,85,0.0,376
1,27/07/22,11:00,19.9,85,0.0,475
1,27/07/22,11:30,20.1,87,0.0,537
1,27/07/22,12:00,20.3,85,0.0,552
1,27/07/22,12:30,20.7,83,0.0,558
1,27/07/22,13:00,21.3,83,0.0,583
1,27/07/22,13:30,21.8,81,0.0,593
1,27/07/22,14:00,22.4,79,0.0,553
1,27/07/22,14:30,22.6,81,0.0,454
1,27/07/22,15:00,23.2,78,0.0,437
1,27/07/22,15:30,23.4,76,0.0,341
1,27/07/22,16:00,22.8,79,0.0,178
1,27/07/22,16:30,22.3,82,0.0,159
1,27/07/22,17:00,21.9,83,0.0,119
1,27/07/22,17:30,21.1,85,0.0,58
1,27/07/22,18:00,20.2,88,0.0,12
1,27/07/22,18:30,19.6,90,0.0,0
1,27/07/22,19:00,19.3,92,0.0,0
1,27/07/22,19:30,19.1,92,0.0,0
1,27/07/22,20:00,19.2,92,0.0,0
1,27/07/22,20:30,18.7,92,0.0,0
1,27/07/22,21:00,18.4,93,0.0,0
1,27/07/22,21:30,18.1,94,0.0,0
1,27/07/22,22:00,17.9,94,0.0,0
1,27/07/22,22:30,18.3,91,0.0,0
1,27/07/22,23:00,17.8,93,0.0,0
1,27/07/22,23:30,17.7,92,0.0,0
1,28/07/22,00:00,16.8,95,0.0,0
1,28/07/22,0:30,16.5,96,0.0,0
1,28/07/22,1:00,16.9,95,0.0,0
1,28/07/22,1:30,16.4,94,0.0,0
1,28/07/22,2:00,16.8,94,0.0,0
1,28/07/22,2:30,17.2,93,0.0,0
1,28/07/22,3:00,16.8,93,0.0,0
1,28/07/22,3:30,17.0,94,0.0,0
1,28/07/22,4:00,17.1,92,0.0,0
1,28/07/22,4:30,17.2,92,0.0,0
1,28/07/22,5:00,17.8,90,0.0,0
1,28/07/22,5:30,18.1,89,0.0,0
1,28/07/22,6:00,18.3,88,0.0,0
1,28/07/22,6:30,18.1,89,0.0,0
1,28/07/22,7:00,17.6,90,0.0,0
1,28/07/22,7:30,17.1,93,0.0,0
1,28/07/22,8:00,16.9,94,0.0,3
1,28/07/22,8:30,16.9,95,0.0,23
1,28/07/22,9:00,17.0,96,0.0,46
1,28/07/22,9:30,17.3,96,0.0,80
1,28/07/22,10:00,17.2,96,0.0,28
1,28/07/22,10:30,16.2,96,12.0,13
1,28/07/22,11:00,16.5,96,0.0,50
1,28/07/22,11:30,16.3,96,1.0,5
1,28/07/22,12:00,15.3,96,6.8,41
1,28/07/22,12:30,15.2,97,1.2,46
1,28/07/22,13:00,15.4,97,2.0,60
1,28/07/22,13:30,15.2,97,1.4,45
1,28/07/22,14:00,15.2,97,3.4,29
1,28/07/22,14:30,15.2,98,2.4,27
1,28/07/22,15:00,14.9,98,1.2,25
1,28/07/22,15:30,14.7,98,0.4,36
1,28/07/22,16:00,13.9,97,0.0,39
1,28/07/22,16:30,13.7,97,0.0,30
1,28/07/22,17:00,13.6,97,0.2,28
1,28/07/22,17:30,13.1,97,0.4,9
1,28/07/22,18:00,12.0,97,0.4,0
1,28/07/22,18:30,11.5,97,0.0,0
1,28/07/22,19:00,11.1,94,0.0,0
1,28/07/22,19:30,10.4,90,0.0,0
1,28/07/22,20:00,9.6,89,0.0,0
1,28/07/22,20:30,9.2,90,0.0,0
1,28/07/22,21:00,9.1,89,0.0,0
1,28/07/22,21:30,8.8,90,0.0,0
1,28/07/22,22:00,8.6,89,0.0,0
1,28/07/22,22:30,8.4,85,0.0,0
1,28/07/22,23:00,7.9,88,0.0,0
1,28/07/22,23:30,7.6,89,0.0,0
1,29/07/22,00:00,7.1,91,0.0,0
1,29/07/22,0:30,6.7,91,0.0,0
1,29/07/22,1:00,6.8,92,0.0,0
1,29/07/22,1:30,7.4,93,0.0,0
1,29/07/22,2:00,7.7,92,0.0,0
1,29/07/22,2:30,7.9,91,0.0,0
1,29/07/22,3:00,8.1,90,0.0,0
1,29/07/22,3:30,8.0,91,0.0,0
1,29/07/22,4:00,7.9,91,0.0,0
1,29/07/22,4:30,7.6,93,0.0,0
1,29/07/22,5:00,7.4,94,0.0,0
1,29/07/22,5:30,7.3,95,0.0,0
1,29/07/22,6:00,7.3,95,0.0,0
1,29/07/22,6:30,7.6,93,0.0,0
1,29/07/22,7:00,7.6,93,0.0,0
1,29/07/22,7:30,7.6,93,0.0,0
1,29/07/22,8:00,7.6,93,0.0,6
1,29/07/22,8:30,7.6,94,0.0,26
1,29/07/22,9:00,7.7,94,0.0,45
1,29/07/22,9:30,7.6,94,0.0,74
1,29/07/22,10:00,7.7,94,0.0,92
1,29/07/22,10:30,7.9,92,0.0,127
1,29/07/22,11:00,8.1,92,0.0,114
1,29/07/22,11:30,8.7,90,0.0,172
1,29/07/22,12:00,9.3,91,0.0,242
1,29/07/22,12:30,9.7,89,0.0,242
1,29/07/22,13:00,9.1,92,0.0,219
1,29/07/22,13:30,9.8,89,0.0,306
1,29/07/22,14:00,10.3,85,0.0,355
1,29/07/22,14:30,11.0,85,0.0,303
1,29/07/22,15:00,10.2,85,0.0,230
1,29/07/22,15:30,10.1,85,0.0,190
1,29/07/22,16:00,10.8,83,0.0,195
1,29/07/22,16:30,11.4,82,0.0,178
1,29/07/22,17:00,11.2,81,0.0,142
1,29/07/22,17:30,10.8,83,0.0,53
1,29/07/22,18:00,9.9,85,0.0,11
1,29/07/22,18:30,9.1,88,0.0,0
1,29/07/22,19:00,8.9,88,0.0,0
1,29/07/22,19:30,8.4,87,0.0,0
1,29/07/22,20:00,8.1,87,0.0,0
1,29/07/22,20:30,7.7,88,0.0,0
1,29/07/22,21:00,7.4,88,0.0,0
1,29/07/22,21:30,7.3,89,0.0,0
1,29/07/22,22:00,7.1,89,0.0,0
1,29/07/22,22:30,7.3,89,0.0,0
1,29/07/22,23:00,6.8,90,0.0,0
1,29/07/22,23:30,7.1,91,0.0,0
1,30/07/22,00:00,6.9,90,0.0,0
1,30/07/22,0:30,6.9,90,0.0,0
1,30/07/22,1:00,6.4,90,0.0,0
1,30/07/22,1:30,6.2,92,0.0,0
1,30/07/22,2:00,6.1,92,0.0,0
1,30/07/22,2:30,5.8,92,0.0,0
1,30/07/22,3:00,5.9,92,0.0,0
1,30/07/22,3:30,5.7,92,0.0,0
1,30/07/22,4:00,5.8,92,0.0,0
1,30/07/22,4:30,5.8,92,0.0,0
1,30/07/22,5:00,5.7,92,0.0,0
1,30/07/22,5:30,5.7,92,0.0,0
1,30/07/22,6:00,5.7,91,0.0,0
1,30/07/22,6:30,5.7,91,0.0,0
1,30/07/22,7:00,5.7,90,0.0,0
1,30/07/22,7:30,5.8,90,0.0,2
1,30/07/22,8:00,6.5,89,0.0,34
1,30/07/22,8:30,7.5,87,0.0,121
1,30/07/22,9:00,7.6,88,0.0,226
1,30/07/22,9:30,8.8,87,0.0,329
1,30/07/22,10:00,9.7,84,0.0,425
1,30/07/22,10:30,10.3,82,0.0,499
1,30/07/22,11:00,11.2,80,0.0,559
1,30/07/22,11:30,12.4,73,0.0,611
1,30/07/22,12:00,13.3,72,0.0,642
1,30/07/22,12:30,13.9,67,0.0,654
1,30/07/22,13:00,14.4,64,0.0,641
1,30/07/22,13:30,15.3,59,0.0,629
1,30/07/22,14:00,15.7,58,0.0,602
1,30/07/22,14:30,15.8,57,0.0,571
1,30/07/22,15:00,15.8,57,0.0,510
1,30/07/22,15:30,16.0,54,0.0,436
1,30/07/22,16:00,16.7,51,0.0,352
1,30/07/22,16:30,16.6,56,0.0,258
1,30/07/22,17:00,16.7,55,0.0,149
1,30/07/22,17:30,15.1,58,0.0,52
1,30/07/22,18:00,13.4,72,0.0,10
1,30/07/22,18:30,12.9,69,0.0,0
1,30/07/22,19:00,12.1,68,0.0,0
1,30/07/22,19:30,11.6,65,0.0,0
1,30/07/22,20:00,11.3,67,0.0,0
1,30/07/22,20:30,10.8,70,0.0,0
1,30/07/22,21:00,11.0,68,0.0,0
1,30/07/22,21:30,10.9,71,0.0,0
1,30/07/22,22:00,10.6,75,0.0,0
1,30/07/22,22:30,10.6,76,0.0,0
1,30/07/22,23:00,10.3,79,0.0,0
1,30/07/22,23:30,10.2,78,0.0,0
1,31/07/22,00:00,10.2,80,0.0,0
1,31/07/22,0:30,10.2,80,0.0,0
1,31/07/22,1:00,9.4,81,0.0,0
1,31/07/22,1:30,8.9,84,0.0,0
1,31/07/22,2:00,9.2,82,0.0,0
1,31/07/22,2:30,8.2,86,0.0,0
1,31/07/22,3:00,8.1,87,0.0,0
1,31/07/22,3:30,8.1,88,0.0,0
1,31/07/22,4:00,8.3,89,0.0,0
1,31/07/22,4:30,8.4,89,0.0,0
1,31/07/22,5:00,8.4,90,0.0,0
1,31/07/22,5:30,8.3,89,0.0,0
1,31/07/22,6:00,8.4,89,0.0,0
1,31/07/22,6:30,8.0,92,0.0,0
1,31/07/22,7:00,8.3,90,0.0,0
1,31/07/22,7:30,6.6,93,0.0,1
1,31/07/22,8:00,7.6,93,0.0,39
1,31/07/22,8:30,8.9,91,0.0,109
1,31/07/22,9:00,9.8,91,0.0,253
1,31/07/22,9:30,10.5,88,0.0,261
1,31/07/22,10:00,11.4,84,0.0,495
1,31/07/22,10:30,12.1,81,0.0,530
1,31/07/22,11:00,13.3,71,0.0,547
1,31/07/22,11:30,14.1,70,0.0,441
1,31/07/22,12:00,14.3,68,0.0,575
1,31/07/22,12:30,15.7,55,0.0,775
1,31/07/22,13:00,15.2,47,0.0,566
1,31/07/22,13:30,16.0,51,0.0,574
1,31/07/22,14:00,16.3,51,0.0,626
1,31/07/22,14:30,17.1,53,0.0,575
1,31/07/22,15:00,17.7,55,0.0,512
1,31/07/22,15:30,17.6,52,0.0,441
1,31/07/22,16:00,17.7,46,0.0,349
1,31/07/22,16:30,18.1,48,0.0,260
1,31/07/22,17:00,17.6,55,0.0,151
1,31/07/22,17:30,15.7,56,0.0,55
1,31/07/22,18:00,14.3,73,0.0,13
1,31/07/22,18:30,12.8,80,0.0,0
1,31/07/22,19:00,12.2,84,0.0,0
1,31/07/22,19:30,11.6,88,0.0,0
1,31/07/22,20:00,11.1,91,0.0,0
1,31/07/22,20:30,10.9,92,0.0,0
1,31/07/22,21:00,10.6,94,0.0,0
1,31/07/22,21:30,10.4,94,0.0,0
1,31/07/22,22:00,10.6,94,0.0,0
1,31/07/22,22:30,10.4,94,0.0,0
1,31/07/22,23:00,10.1,95,0.0,0
1,31/07/22,23:30,9.7,95,0.0,0
1,01/08/22,00:00,10.3,95,0.0,0
1,01/08/22,0:30,9.4,95,0.0,0
1,01/08/22,1:00,8.6,96,0.0,0
1,01/08/22,1:30,8.8,97,0.0,0
1,01/08/22,2:00,8.5,96,0.0,0
1,01/08/22,2:30,7.9,97,0.0,0
1,01/08/22,3:00,7.9,97,0.0,0
1,01/08/22,3:30,7.8,97,0.0,0
1,01/08/22,4:00,7.9,97,0.0,0
1,01/08/22,4:30,7.8,97,0.0,0
1,01/08/22,5:00,7.4,97,0.0,0
1,01/08/22,5:30,7.2,97,0.0,0
1,01/08/22,6:00,6.9,97,0.0,0
1,01/08/22,6:30,6.9,97,0.0,0
1,01/08/22,7:00,7.2,98,0.0,0
1,01/08/22,7:30,6.9,97,0.0,0
1,01/08/22,8:00,6.3,97,0.0,14
1,01/08/22,8:30,6.4,97,0.0,40
1,01/08/22,9:00,7.2,98,0.0,78
1,01/08/22,9:30,7.6,98,0.0,112
1,01/08/22,10:00,7.9,98,0.0,164
1,01/08/22,10:30,8.3,98,0.0,188
1,01/08/22,11:00,8.8,98,0.0,199
1,01/08/22,11:30,9.5,99,0.0,249
1,01/08/22,12:00,10.2,98,0.0,318
1,01/08/22,12:30,10.9,98,0.0,448
1,01/08/22,13:00,11.7,98,0.0,503
1,01/08/22,13:30,12.4,97,0.0,616
1,01/08/22,14:00,13.4,93,0.0,608
1,01/08/22,14:30,14.3,86,0.0,572
1,01/08/22,15:00,14.8,82,0.0,514
1,01/08/22,15:30,15.4,80,0.0,440
1,01/08/22,16:00,15.8,80,0.0,355
1,01/08/22,16:30,16.4,78,0.0,260
1,01/08/22,17:00,16.2,78,0.0,153
1,01/08/22,17:30,15.5,82,0.0,58
1,01/08/22,18:00,14.2,84,0.0,14
1,01/08/22,18:30,12.2,90,0.0,0
1,01/08/22,19:00,12.0,85,0.0,0
1,01/08/22,19:30,11.2,88,0.0,0
1,01/08/22,20:00,11.1,90,0.0,0
1,01/08/22,20:30,10.8,91,0.0,0
1,01/08/22,21:00,10.6,92,0.0,0
1,01/08/22,21:30,10.3,93,0.0,0
1,01/08/22,22:00,10.3,93,0.0,0
1,01/08/22,22:30,9.8,95,0.0,0
1,01/08/22,23:00,9.7,96,0.0,0
1,01/08/22,23:30,9.6,95,0.0,0
1,02/08/22,00:00,9.3,95,0.0,0
1,02/08/22,0:30,9.1,95,0.0,0
1,02/08/22,1:00,9.0,95,0.0,0
1,02/08/22,1:30,9.1,96,0.0,0
1,02/08/22,2:00,9.1,96,0.0,0
1,02/08/22,2:30,9.3,97,0.0,0
1,02/08/22,3:00,8.9,97,0.0,0
1,02/08/22,3:30,8.6,97,0.0,0
1,02/08/22,4:00,8.2,97,0.0,0
1,02/08/22,4:30,8.3,97,0.0,0
1,02/08/22,5:00,8.3,97,0.0,0
1,02/08/22,5:30,8.3,97,0.0,0
1,02/08/22,6:00,8.3,98,0.0,0
1,02/08/22,6:30,8.2,98,0.0,0
1,02/08/22,7:00,7.9,98,0.0,0
1,02/08/22,7:30,7.8,98,0.0,1
1,02/08/22,8:00,7.7,98,0.0,16
1,02/08/22,8:30,7.9,98,0.0,53
1,02/08/22,9:00,8.3,98,0.0,110
1,02/08/22,9:30,8.7,98,0.0,211
1,02/08/22,10:00,9.4,98,0.0,209
1,02/08/22,10:30,9.6,98,0.0,306
1,02/08/22,11:00,10.2,97,0.0,212
1,02/08/22,11:30,11.9,95,0.0,488
1,02/08/22,12:00,13.4,89,0.0,641
1,02/08/22,12:30,14.6,86,0.0,662
1,02/08/22,13:00,15.9,82,0.0,639
1,02/08/22,13:30,16.5,80,0.0,600
1,02/08/22,14:00,16.9,81,0.0,309
1,02/08/22,14:30,17.2,77,0.0,294
1,02/08/22,15:00,17.3,78,0.0,247
1,02/08/22,15:30,16.9,81,0.0,212
1,02/08/22,16:00,16.3,84,0.0,176
1,02/08/22,16:30,15.4,86,0.0,89
1,02/08/22,17:00,15.1,87,0.0,51
1,02/08/22,17:30,14.5,89,0.0,10
1,02/08/22,18:00,13.8,90,0.0,3
1,02/08/22,18:30,13.1,94,1.4,0
1,02/08/22,19:00,13.2,95,2.8,0
1,02/08/22,19:30,13.0,95,1.2,0
1,02/08/22,20:00,12.9,95,0.4,0
1,02/08/22,20:30,12.9,95,0.0,0
1,02/08/22,21:00,13.1,95,0.4,0
1,02/08/22,21:30,13.0,94,0.0,0
1,02/08/22,22:00,12.9,95,0.0,0
1,02/08/22,22:30,12.8,95,0.0,0
1,02/08/22,23:00,12.7,96,0.0,0
1,02/08/22,23:30,12.6,96,0.0,0
1,03/08/22,00:00,12.6,96,0.4,0
1,03/08/22,0:30,12.8,96,0.4,0
1,03/08/22,1:00,13.4,96,1.8,0
1,03/08/22,1:30,13.6,95,0.2,0
1,03/08/22,2:00,14.7,95,0.8,0
1,03/08/22,2:30,14.2,94,0.2,0
1,03/08/22,3:00,13.4,95,0.0,0
1,03/08/22,3:30,13.9,94,0.0,0
1,03/08/22,4:00,13.7,96,0.2,0
1,03/08/22,4:30,13.1,96,0.4,0
1,03/08/22,5:00,13.8,96,0.2,0
1,03/08/22,5:30,12.9,96,0.0,0
1,03/08/22,6:00,12.6,97,0.6,0
1,03/08/22,6:30,12.6,97,0.6,0
1,03/08/22,7:00,12.8,98,10.8,0
1,03/08/22,7:30,13.4,97,1.0,0
1,03/08/22,8:00,13.6,97,1.6,0
1,03/08/22,8:30,13.9,97,1.8,5
1,03/08/22,9:00,13.4,98,3.2,7
1,03/08/22,9:30,14.6,98,0.6,28
1,03/08/22,10:00,14.7,98,0.0,30
1,03/08/22,10:30,15.1,98,0.0,78
1,03/08/22,11:00,15.3,96,0.0,104
1,03/08/22,11:30,15.6,95,0.0,81
1,03/08/22,12:00,16.2,93,0.0,145
1,03/08/22,12:30,16.7,91,0.0,197
1,03/08/22,13:00,16.2,93,0.0,91
1,03/08/22,13:30,15.3,97,1.4,32
1,03/08/22,14:00,15.4,97,0.8,55
1,03/08/22,14:30,15.8,97,0.6,79
1,03/08/22,15:00,16.2,96,0.0,72
1,03/08/22,15:30,16.3,96,0.2,34
1,03/08/22,16:00,16.2,96,0.8,26
1,03/08/22,16:30,16.1,96,0.4,29
1,03/08/22,17:00,15.9,96,1.2,11
1,03/08/22,17:30,15.7,95,1.2,4
1,03/08/22,18:00,15.3,95,1.2,0
1,03/08/22,18:30,15.3,96,0.8,0
1,03/08/22,19:00,15.2,96,1.0,0
1,03/08/22,19:30,15.2,96,2.0,0
1,03/08/22,20:00,15.2,96,1.6,0
1,03/08/22,20:30,15.2,96,1.4,0
1,03/08/22,21:00,15.2,96,1.2,0
1,03/08/22,21:30,15.2,97,2.8,0
1,03/08/22,22:00,15.2,97,3.2,0
1,03/08/22,22:30,15.2,97,2.2,0
1,03/08/22,23:00,15.2,97,1.4,0
1,03/08/22,23:30,15.1,97,5.2,0
1,04/08/22,00:00,15.0,97,5.8,0
1,04/08/22,0:30,15.1,97,0.6,0
1,04/08/22,1:00,15.1,97,2.4,0
1,04/08/22,1:30,14.9,98,4.6,0
1,04/08/22,2:00,14.9,98,3.2,0
1,04/08/22,2:30,14.9,98,4.2,0
1,04/08/22,3:00,14.9,98,1.4,0
1,04/08/22,3:30,14.8,98,2.2,0
1,04/08/22,4:00,14.8,98,1.6,0
1,04/08/22,4:30,14.7,98,1.6,0
1,04/08/22,5:00,14.7,98,1.8,0
1,04/08/22,5:30,14.7,98,1.0,0
1,04/08/22,6:00,14.7,98,1.0,0
1,04/08/22,6:30,14.6,98,0.2,0
1,04/08/22,7:00,14.6,98,0.0,0
1,04/08/22,7:30,14.6,98,0.0,0
1,04/08/22,8:00,14.6,98,0.2,2
1,04/08/22,8:30,14.7,98,0.2,13
1,04/08/22,9:00,14.8,99,0.2,38
1,04/08/22,9:30,15.0,98,0.0,49
1,04/08/22,10:00,14.0,98,0.2,52
1,04/08/22,10:30,13.5,98,0.0,131
1,04/08/22,11:00,13.4,97,0.2,121
1,04/08/22,11:30,13.3,97,0.2,72
1,04/08/22,12:00,13.2,97,0.8,78
1,04/08/22,12:30,13.2,97,0.4,125
1,04/08/22,13:00,13.1,97,0.4,94
1,04/08/22,13:30,13.0,97,0.6,154
1,04/08/22,14:00,12.7,96,0.2,174
1,04/08/22,14:30,12.7,95,0.0,125
1,04/08/22,15:00,12.3,95,0.0,68
1,04/08/22,15:30,11.8,96,0.8,83
1,04/08/22,16:00,11.1,95,0.0,66
1,04/08/22,16:30,10.9,95,0.4,32
1,04/08/22,17:00,10.9,96,0.8,34
1,04/08/22,17:30,10.9,96,0.4,22
1,04/08/22,18:00,10.8,97,0.0,5
1,04/08/22,18:30,10.8,97,0.2,0
1,04/08/22,19:00,10.9,98,1.2,0
1,04/08/22,19:30,11.2,98,0.2,0
1,04/08/22,20:00,11.4,98,0.4,0
1,04/08/22,20:30,11.6,98,0.0,0
1,04/08/22,21:00,11.6,97,0.2,0
1,04/08/22,21:30,11.4,98,0.6,0
1,04/08/22,22:00,11.1,98,0.2,0
1,04/08/22,22:30,10.8,97,0.2,0
1,04/08/22,23:00,10.6,98,0.0,0
1,04/08/22,23:30,10.6,97,0.0,0
1,05/08/22,00:00,10.1,97,0.0,0
1,05/08/22,0:30,9.7,98,0.0,0
1,05/08/22,1:00,9.4,98,0.0,0
1,05/08/22,1:30,9.6,98,0.0,0
1,05/08/22,2:00,9.4,98,0.0,0
1,05/08/22,2:30,9.1,98,0.0,0
1,05/08/22,3:00,8.8,98,0.0,0
1,05/08/22,3:30,8.7,98,0.0,0
1,05/08/22,4:00,8.6,98,0.0,0
1,05/08/22,4:30,8.6,98,0.0,0
1,05/08/22,5:00,8.4,98,0.0,0
1,05/08/22,5:30,8.2,98,0.0,0
1,05/08/22,6:00,8.1,98,0.0,0
1,05/08/22,6:30,8.0,98,0.0,0
1,05/08/22,7:00,7.8,98,0.2,0
1,05/08/22,7:30,7.7,98,0.0,0
1,05/08/22,8:00,7.4,98,0.0,4
1,05/08/22,8:30,7.5,98,0.2,18
1,05/08/22,9:00,7.7,98,0.0,43
1,05/08/22,9:30,7.9,98,0.0,118
1,05/08/22,10:00,8.2,97,0.0,201
1,05/08/22,10:30,8.0,95,0.0,176
1,05/08/22,11:00,8.3,90,0.0,271
1,05/08/22,11:30,8.7,85,0.0,487
1,05/08/22,12:00,8.9,83,0.0,604
1,05/08/22,12:30,9.5,83,0.0,555
1,05/08/22,13:00,10.2,83,0.0,673
1,05/08/22,13:30,10.1,78,0.0,678
1,05/08/22,14:00,10.8,79,0.0,650
1,05/08/22,14:30,11.1,76,0.0,597
1,05/08/22,15:00,11.1,75,0.0,531
1,05/08/22,15:30,11.6,74,0.0,456
1,05/08/22,16:00,11.3,71,0.0,370
1,05/08/22,16:30,11.6,72,0.0,275
1,05/08/22,17:00,11.3,73,0.0,167
1,05/08/22,17:30,10.8,75,0.0,65
1,05/08/22,18:00,9.7,78,0.0,13
1,05/08/22,18:30,8.6,82,0.0,0
1,05/08/22,19:00,8.2,83,0.0,0
1,05/08/22,19:30,8.3,81,0.0,0
1,05/08/22,20:00,8.2,81,0.0,0
1,05/08/22,20:30,7.8,83,0.0,0
1,05/08/22,21:00,7.4,85,0.0,0
1,05/08/22,21:30,7.2,85,0.0,0
1,05/08/22,22:00,7.3,86,0.0,0
1,05/08/22,22:30,6.9,86,0.0,0
1,05/08/22,23:00,7.3,86,0.0,0
1,05/08/22,23:30,7.3,86,0.0,0
1,06/08/22,00:00,6.7,87,0.0,0
1,06/08/22,0:30,7.0,87,0.0,0
1,06/08/22,1:00,6.8,87,0.0,0
1,06/08/22,1:30,6.5,89,0.0,0
1,06/08/22,2:00,6.7,88,0.0,0
1,06/08/22,2:30,6.6,88,0.0,0
1,06/08/22,3:00,6.7,88,0.0,0
1,06/08/22,3:30,6.1,89,0.0,0
1,06/08/22,4:00,5.7,90,0.0,0
1,06/08/22,4:30,5.1,92,0.0,0
1,06/08/22,5:00,4.8,93,0.0,0
1,06/08/22,5:30,4.6,94,0.0,0
1,06/08/22,6:00,4.6,95,0.0,0
1,06/08/22,6:30,4.5,95,0.0,0
1,06/08/22,7:00,4.8,94,0.0,0
1,06/08/22,7:30,4.4,94,0.0,4
1,06/08/22,8:00,5.2,94,0.0,52
1,06/08/22,8:30,6.1,93,0.0,152
1,06/08/22,9:00,5.8,94,0.0,134
1,06/08/22,9:30,6.4,95,0.0,166
1,06/08/22,10:00,8.2,90,0.0,420
1,06/08/22,10:30,9.4,86,0.0,530
1,06/08/22,11:00,9.9,81,0.0,606
1,06/08/22,11:30,10.7,75,0.0,660
1,06/08/22,12:00,10.9,75,0.0,543
1,06/08/22,12:30,11.5,74,0.0,601
1,06/08/22,13:00,11.6,75,0.0,659
1,06/08/22,13:30,11.8,76,0.0,591
1,06/08/22,14:00,11.7,77,0.0,370
1,06/08/22,14:30,11.7,74,0.0,353
1,06/08/22,15:00,11.4,77,0.0,309
1,06/08/22,15:30,11.3,78,0.0,255
1,06/08/22,16:00,11.1,79,0.0,155
1,06/08/22,16:30,10.7,79,0.0,94
1,06/08/22,17:00,10.3,80,0.0,46
1,06/08/22,17:30,9.9,81,0.0,23
1,06/08/22,18:00,9.6,83,0.0,5
1,06/08/22,18:30,9.2,84,0.0,0
1,06/08/22,19:00,8.9,86,0.0,0
1,06/08/22,19:30,8.7,87,0.0,0
1,06/08/22,20:00,8.5,89,0.0,0
1,06/08/22,20:30,8.3,89,0.0,0
1,06/08/22,21:00,8.2,90,0.0,0
1,06/08/22,21:30,8.2,90,0.0,0
1,06/08/22,22:00,8.3,91,0.0,0
1,06/08/22,22:30,8.4,91,0.0,0
1,06/08/22,23:00,8.7,91,0.0,0
1,06/08/22,23:30,8.5,91,0.0,0
1,07/08/22,00:00,8.6,91,0.0,0
1,07/08/22,0:30,8.5,91,0.0,0
1,07/08/22,1:00,8.6,91,0.0,0
1,07/08/22,1:30,8.7,93,0.0,0
1,07/08/22,2:00,8.9,93,0.0,0
1,07/08/22,2:30,8.9,93,0.0,0
1,07/08/22,3:00,9.0,92,0.0,0
1,07/08/22,3:30,9.3,92,0.0,0
1,07/08/22,4:00,9.4,92,0.0,0
1,07/08/22,4:30,9.5,91,0.0,0
1,07/08/22,5:00,9.6,91,0.0,0
1,07/08/22,5:30,9.7,92,0.0,0
1,07/08/22,6:00,9.8,92,0.0,0
1,07/08/22,6:30,9.9,92,0.0,0
1,07/08/22,7:00,9.9,92,0.0,0
1,07/08/22,7:30,9.9,93,0.0,5
1,07/08/22,8:00,10.2,92,0.0,23
1,07/08/22,8:30,10.6,90,0.0,55
1,07/08/22,9:00,10.9,89,0.0,131
1,07/08/22,9:30,11.1,88,0.0,136
1,07/08/22,10:00,12.1,85,0.0,364
1,07/08/22,10:30,12.3,85,0.0,504
1,07/08/22,11:00,12.8,84,0.0,567
1,07/08/22,11:30,12.9,84,0.0,630
1,07/08/22,12:00,13.3,82,0.0,693
1,07/08/22,12:30,13.8,81,0.0,426
1,07/08/22,13:00,14.6,81,0.0,427
1,07/08/22,13:30,13.1,83,0.0,292
1,07/08/22,14:00,13.0,83,0.0,209
1,07/08/22,14:30,13.4,81,0.0,276
1,07/08/22,15:00,12.7,84,0.0,122
1,07/08/22,15:30,13.2,81,0.0,180
1,07/08/22,16:00,12.5,84,0.0,96
1,07/08/22,16:30,11.8,87,0.0,28
1,07/08/22,17:00,11.4,88,0.0,32
1,07/08/22,17:30,11.1,90,0.0,15
1,07/08/22,18:00,10.7,91,0.0,1
1,07/08/22,18:30,10.8,88,0.0,0
1,07/08/22,19:00,10.7,87,0.0,0
1,07/08/22,19:30,10.6,88,0.0,0
1,07/08/22,20:00,10.4,89,0.0,0
1,07/08/22,20:30,10.2,89,0.0,0
1,07/08/22,21:00,10.1,90,0.0,0
1,07/08/22,21:30,10.2,91,0.0,0
1,07/08/22,22:00,10.2,90,0.0,0
1,07/08/22,22:30,10.1,90,0.0,0
1,07/08/22,23:00,10.0,90,0.0,0
1,07/08/22,23:30,9.8,90,0.0,0
1,08/08/22,00:00,9.8,89,0.0,0
1,08/08/22,0:30,9.8,90,0.0,0
1,08/08/22,1:00,9.7,90,0.0,0
1,08/08/22,1:30,9.6,91,0.0,0
1,08/08/22,2:00,9.4,90,0.0,0
1,08/08/22,2:30,9.4,90,0.0,0
1,08/08/22,3:00,9.3,90,0.0,0
1,08/08/22,3:30,9.3,89,0.0,0
1,08/08/22,4:00,9.3,88,0.0,0
1,08/08/22,4:30,9.4,88,0.0,0
1,08/08/22,5:00,9.3,88,0.0,0
1,08/08/22,5:30,9.2,87,0.0,0
1,08/08/22,6:00,9.0,88,0.0,0
1,08/08/22,6:30,9.1,89,0.0,0
1,08/08/22,7:00,9.1,87,0.0,0
1,08/08/22,7:30,8.8,88,0.0,4
1,08/08/22,8:00,8.9,89,0.0,25
1,08/08/22,8:30,9.6,87,0.0,64
1,08/08/22,9:00,10.2,86,0.0,123
1,08/08/22,9:30,10.7,83,0.0,163
1,08/08/22,10:00,11.7,81,0.0,507
1,08/08/22,10:30,12.1,79,0.0,454
1,08/08/22,11:00,12.0,79,0.0,272
1,08/08/22,11:30,12.1,79,0.0,286
1,08/08/22,12:00,12.7,78,0.0,406
1,08/08/22,12:30,13.3,78,0.0,451
1,08/08/22,13:00,13.4,76,0.0,453
1,08/08/22,13:30,13.5,77,0.0,373
1,08/08/22,14:00,13.9,76,0.0,358
1,08/08/22,14:30,13.9,79,0.0,316
1,08/08/22,15:00,14.1,76,0.0,430
1,08/08/22,15:30,14.0,73,0.0,335
1,08/08/22,16:00,13.7,78,0.0,146
1,08/08/22,16:30,13.4,78,0.0,103
1,08/08/22,17:00,12.8,82,0.0,96
1,08/08/22,17:30,12.6,82,0.0,62
1,08/08/22,18:00,12.2,82,0.0,15
1,08/08/22,18:30,11.8,85,0.0,0
1,08/08/22,19:00,11.8,85,0.0,0
1,08/08/22,19:30,11.6,85,0.0,0
1,08/08/22,20:00,11.2,86,0.0,0
1,08/08/22,20:30,11.0,86,0.0,0
1,08/08/22,21:00,10.8,87,0.0,0
1,08/08/22,21:30,10.6,87,0.0,0
1,08/08/22,22:00,10.4,88,0.0,0
1,08/08/22,22:30,10.3,88,0.0,0
1,08/08/22,23:00,10.1,88,0.0,0
1,08/08/22,23:30,9.9,87,0.0,0
1,09/08/22,00:00,9.6,88,0.0,0
1,09/08/22,0:30,9.3,89,0.0,0
1,09/08/22,1:00,9.3,90,0.0,0
1,09/08/22,1:30,9.4,89,0.0,0
1,09/08/22,2:00,9.4,88,0.0,0
1,09/08/22,2:30,9.6,86,0.0,0
1,09/08/22,3:00,9.5,86,0.0,0
1,09/08/22,3:30,9.3,86,0.0,0
1,09/08/22,4:00,9.5,85,0.0,0
1,09/08/22,4:30,9.2,87,0.0,0
1,09/08/22,5:00,9.3,85,0.0,0
1,09/08/22,5:30,8.8,88,0.6,0
1,09/08/22,6:00,8.8,88,0.0,0
1,09/08/22,6:30,8.6,89,0.0,0
1,09/08/22,7:00,8.9,89,0.0,0
1,09/08/22,7:30,9.1,88,0.0,1
1,09/08/22,8:00,9.3,88,0.0,19
1,09/08/22,8:30,9.6,88,0.0,42
1,09/08/22,9:00,9.8,88,0.0,104
1,09/08/22,9:30,10.1,87,0.0,97
1,09/08/22,10:00,10.3,85,0.0,119
1,09/08/22,10:30,10.6,84,0.0,153
1,09/08/22,11:00,10.8,85,0.0,180
1,09/08/22,11:30,11.1,84,0.0,173
1,09/08/22,12:00,11.4,82,0.0,247
1,09/08/22,12:30,12.3,78,0.0,529
1,09/08/22,13:00,12.9,77,0.0,641
1,09/08/22,13:30,13.3,76,0.0,400
1,09/08/22,14:00,13.2,74,0.0,480
1,09/08/22,14:30,13.2,73,0.0,340
1,09/08/22,15:00,12.8,71,0.0,331
1,09/08/22,15:30,12.6,72,0.0,272
1,09/08/22,16:00,12.6,72,0.0,315
1,09/08/22,16:30,12.2,72,0.0,184
1,09/08/22,17:00,11.9,73,0.0,140
1,09/08/22,17:30,11.5,76,0.0,98
1,09/08/22,18:00,10.7,78,0.0,29
1,09/08/22,18:30,10.2,81,0.0,1
1,09/08/22,19:00,9.7,83,0.0,0
1,09/08/22,19:30,9.3,86,0.0,0
1,09/08/22,20:00,9.1,87,0.0,0
1,09/08/22,20:30,8.9,88,0.0,0
1,09/08/22,21:00,8.6,90,0.0,0
1,09/08/22,21:30,8.3,90,0.0,0
1,09/08/22,22:00,8.2,91,0.0,0
1,09/08/22,22:30,8.4,90,0.0,0
1,09/08/22,23:00,8.2,90,0.0,0
1,09/08/22,23:30,7.9,90,0.0,0
1,10/08/22,00:00,7.2,91,0.0,0
1,10/08/22,0:30,6.8,92,0.0,0
1,10/08/22,1:00,6.5,93,0.0,0
1,10/08/22,1:30,6.3,92,0.0,0
1,10/08/22,2:00,5.7,93,0.0,0
1,10/08/22,2:30,5.4,94,0.0,0
1,10/08/22,3:00,4.9,93,0.0,0
1,10/08/22,3:30,4.8,93,0.0,0
1,10/08/22,4:00,4.7,91,0.0,0
1,10/08/22,4:30,4.8,91,0.0,0
1,10/08/22,5:00,4.8,90,0.0,0
1,10/08/22,5:30,4.7,89,0.0,0
1,10/08/22,6:00,4.5,89,0.0,0
1,10/08/22,6:30,4.7,89,0.0,0
1,10/08/22,7:00,4.4,90,0.0,0
1,10/08/22,7:30,4.1,92,0.0,4
1,10/08/22,8:00,5.3,93,0.0,43
1,10/08/22,8:30,5.9,94,0.0,92
1,10/08/22,9:00,6.7,95,0.0,137
1,10/08/22,9:30,7.1,95,0.0,203
1,10/08/22,10:00,8.3,95,0.0,276
1,10/08/22,10:30,9.8,89,0.0,540
1,10/08/22,11:00,11.0,81,0.0,606
1,10/08/22,11:30,11.4,82,0.0,666
1,10/08/22,12:00,12.0,80,0.0,402
1,10/08/22,12:30,12.8,75,0.0,485
1,10/08/22,13:00,13.2,72,0.0,307
1,10/08/22,13:30,12.9,76,0.0,250
1,10/08/22,14:00,13.4,73,0.0,290
1,10/08/22,14:30,13.4,72,0.0,263
1,10/08/22,15:00,13.4,71,0.0,198
1,10/08/22,15:30,13.6,73,0.0,239
1,10/08/22,16:00,14.2,68,0.0,252
1,10/08/22,16:30,13.2,72,0.0,105
1,10/08/22,17:00,13.7,71,0.0,157
1,10/08/22,17:30,12.9,77,0.0,78
1,10/08/22,18:00,11.8,81,0.0,17
1,10/08/22,18:30,10.8,84,0.0,0
1,10/08/22,19:00,9.6,88,0.0,0
1,10/08/22,19:30,9.4,90,0.0,0
1,10/08/22,20:00,9.4,89,0.0,0
1,10/08/22,20:30,9.3,90,0.0,0
1,10/08/22,21:00,8.8,91,0.0,0
1,10/08/22,21:30,8.4,93,0.0,0
1,10/08/22,22:00,9.1,93,0.0,0
1,10/08/22,22:30,9.4,94,0.0,0
1,10/08/22,23:00,9.8,94,0.0,0
1,10/08/22,23:30,9.8,93,0.0,0
1,11/08/22,00:00,9.3,94,0.0,0
1,11/08/22,0:30,9.2,95,0.0,0
1,11/08/22,1:00,9.1,95,0.0,0
1,11/08/22,1:30,8.9,95,0.0,0
1,11/08/22,2:00,8.8,95,0.0,0
1,11/08/22,2:30,8.4,96,0.0,0
1,11/08/22,3:00,8.2,96,0.0,0
1,11/08/22,3:30,8.1,97,0.0,0
1,11/08/22,4:00,8.1,97,0.0,0
1,11/08/22,4:30,7.8,97,0.0,0
1,11/08/22,5:00,7.5,97,0.0,0
1,11/08/22,5:30,6.9,96,0.0,0
1,11/08/22,6:00,6.9,97,0.0,0
1,11/08/22,6:30,6.4,97,0.0,0
1,11/08/22,7:00,6.3,97,0.0,0
1,11/08/22,7:30,6.2,97,0.0,5
1,11/08/22,8:00,6.6,97,0.0,26
1,11/08/22,8:30,7.1,97,0.0,83
1,11/08/22,9:00,7.8,98,0.0,158
1,11/08/22,9:30,8.5,98,0.0,225
1,11/08/22,10:00,9.4,98,0.0,313
1,11/08/22,10:30,10.2,97,0.0,529
1,11/08/22,11:00,11.8,93,0.0,607
1,11/08/22,11:30,12.8,87,0.0,663
1,11/08/22,12:00,13.6,85,0.0,709
1,11/08/22,12:30,14.2,83,0.0,742
1,11/08/22,13:00,14.8,80,0.0,721
1,11/08/22,13:30,15.5,76,0.0,714
1,11/08/22,14:00,15.9,75,0.0,662
1,11/08/22,14:30,16.1,73,0.0,617
1,11/08/22,15:00,16.4,74,0.0,592
1,11/08/22,15:30,16.2,73,0.0,383
1,11/08/22,16:00,16.7,71,0.0,411
1,11/08/22,16:30,17.0,68,0.0,315
1,11/08/22,17:00,16.8,69,0.0,199
1,11/08/22,17:30,16.3,71,0.0,87
1,11/08/22,18:00,15.1,77,0.0,22
1,11/08/22,18:30,14.1,80,0.0,2
1,11/08/22,19:00,13.2,82,0.0,0
1,11/08/22,19:30,12.6,84,0.0,0
1,11/08/22,20:00,11.1,88,0.0,0
1,11/08/22,20:30,11.4,90,0.0,0
1,11/08/22,21:00,11.6,90,0.0,0
1,11/08/22,21:30,10.7,92,0.0,0
1,11/08/22,22:00,11.4,92,0.0,0
1,11/08/22,22:30,11.4,92,0.0,0
1,11/08/22,23:00,10.9,92,0.0,0
1,11/08/22,23:30,10.9,94,0.0,0
1,12/08/22,00:00,10.3,94,0.0,0
1,12/08/22,0:30,10.1,95,0.0,0
1,12/08/22,1:00,10.2,95,0.0,0
1,12/08/22,1:30,10.2,95,0.0,0
1,12/08/22,2:00,10.4,96,0.0,0
1,12/08/22,2:30,10.4,96,0.0,0
1,12/08/22,3:00,10.2,96,0.0,0
1,12/08/22,3:30,10.1,97,0.0,0
1,12/08/22,4:00,10.1,97,0.0,0
1,12/08/22,4:30,10.0,97,0.0,0
1,12/08/22,5:00,9.9,97,0.0,0
1,12/08/22,5:30,9.9,97,0.0,0
1,12/08/22,6:00,9.8,97,0.0,0
1,12/08/22,6:30,9.8,97,0.0,0
1,12/08/22,7:00,9.6,98,0.0,0
1,12/08/22,7:30,9.7,98,0.0,6
1,12/08/22,8:00,9.8,98,0.0,26
1,12/08/22,8:30,10.1,98,0.0,80
1,12/08/22,9:00,10.4,98,0.0,184
1,12/08/22,9:30,10.6,98,0.0,252
1,12/08/22,10:00,10.9,98,0.0,400
1,12/08/22,10:30,11.9,96,0.0,497
1,12/08/22,11:00,12.7,92,0.0,465
1,12/08/22,11:30,13.8,87,0.0,547
1,12/08/22,12:00,14.6,85,0.0,519
1,12/08/22,12:30,15.1,84,0.0,505
1,12/08/22,13:00,16.2,80,0.0,594
1,12/08/22,13:30,16.8,78,0.0,626
1,12/08/22,14:00,17.6,76,0.0,648
1,12/08/22,14:30,18.0,74,0.0,568
1,12/08/22,15:00,18.4,73,0.0,506
1,12/08/22,15:30,18.2,72,0.0,412
1,12/08/22,16:00,18.2,72,0.0,354
1,12/08/22,16:30,18.2,72,0.0,276
1,12/08/22,17:00,17.9,74,0.0,192
1,12/08/22,17:30,17.2,76,0.0,78
1,12/08/22,18:00,16.1,81,0.0,23
1,12/08/22,18:30,15.4,83,0.0,1
1,12/08/22,19:00,14.8,84,0.0,0
1,12/08/22,19:30,14.9,84,0.0,0
1,12/08/22,20:00,14.7,85,0.0,0
1,12/08/22,20:30,14.4,86,0.0,0
1,12/08/22,21:00,14.3,86,0.0,0
1,12/08/22,21:30,14.0,87,0.0,0
1,12/08/22,22:00,13.8,87,0.0,0
1,12/08/22,22:30,13.6,89,0.0,0
1,12/08/22,23:00,13.3,90,0.0,0
1,12/08/22,23:30,13.4,90,0.0,0
1,13/08/22,00:00,13.3,90,0.0,0
1,13/08/22,0:30,13.4,88,0.0,0
1,13/08/22,1:00,13.1,90,0.0,0
1,13/08/22,1:30,12.8,90,0.0,0
1,13/08/22,2:00,13.3,88,0.0,0
1,13/08/22,2:30,13.6,86,0.0,0
1,13/08/22,3:00,13.7,86,0.0,0
1,13/08/22,3:30,12.9,89,0.0,0
1,13/08/22,4:00,12.9,88,0.0,0
1,13/08/22,4:30,12.8,88,0.0,0
1,13/08/22,5:00,12.8,88,0.0,0
1,13/08/22,5:30,12.4,88,0.0,0
1,13/08/22,6:00,12.4,89,0.0,0
1,13/08/22,6:30,12.2,90,0.0,0
1,13/08/22,7:00,12.3,90,0.0,0
1,13/08/22,7:30,12.1,92,0.0,3
1,13/08/22,8:00,12.3,91,0.0,24
1,13/08/22,8:30,12.7,91,0.0,63
1,13/08/22,9:00,13.1,90,0.0,115
1,13/08/22,9:30,13.9,88,0.0,322
1,13/08/22,10:00,14.6,85,0.0,331
1,13/08/22,10:30,14.8,85,0.0,260
1,13/08/22,11:00,15.7,82,0.0,397
1,13/08/22,11:30,16.1,83,0.0,435
1,13/08/22,12:00,17.1,81,0.0,466
1,13/08/22,12:30,17.8,79,0.0,524
1,13/08/22,13:00,18.6,77,0.0,582
1,13/08/22,13:30,19.4,72,0.0,638
1,13/08/22,14:00,19.8,70,0.0,643
1,13/08/22,14:30,20.9,66,0.0,621
1,13/08/22,15:00,20.7,67,0.0,414
1,13/08/22,15:30,20.1,70,0.0,152
1,13/08/22,16:00,20.0,69,0.0,141
1,13/08/22,16:30,20.7,70,0.0,254
1,13/08/22,17:00,19.9,71,0.0,82
1,13/08/22,17:30,19.8,72,0.0,73
1,13/08/22,18:00,18.7,77,0.0,18
1,13/08/22,18:30,17.9,78,0.0,1
1,13/08/22,19:00,17.2,79,0.0,0
1,13/08/22,19:30,17.1,80,0.0,0
1,13/08/22,20:00,16.4,81,0.0,0
1,13/08/22,20:30,15.9,83,0.0,0
1,13/08/22,21:00,15.7,86,0.0,0
1,13/08/22,21:30,15.4,86,0.0,0
1,13/08/22,22:00,14.8,87,0.0,0
1,13/08/22,22:30,14.0,90,0.0,0
1,13/08/22,23:00,14.4,89,0.0,0
1,13/08/22,23:30,14.3,90,0.0,0
1,14/08/22,00:00,14.3,90,0.0,0
1,14/08/22,0:30,14.8,89,0.0,0
1,14/08/22,1:00,14.8,88,0.0,0
1,14/08/22,1:30,14.3,89,0.0,0
1,14/08/22,2:00,14.1,89,0.0,0
1,14/08/22,2:30,13.8,90,0.0,0
1,14/08/22,3:00,13.7,91,0.0,0
1,14/08/22,3:30,13.7,91,0.0,0
1,14/08/22,4:00,13.6,91,0.0,0
1,14/08/22,4:30,13.5,91,0.0,0
1,14/08/22,5:00,13.3,92,0.0,0
1,14/08/22,5:30,13.1,92,0.0,0
1,14/08/22,6:00,13.2,93,0.0,0
1,14/08/22,6:30,13.3,91,0.0,0
1,14/08/22,7:00,13.3,92,0.0,0
1,14/08/22,7:30,13.7,91,0.0,7
1,14/08/22,8:00,14.5,88,0.0,63
1,14/08/22,8:30,15.3,86,0.0,168
1,14/08/22,9:00,16.2,85,0.0,275
1,14/08/22,9:30,17.3,80,0.0,372
1,14/08/22,10:00,18.2,77,0.0,459
1,14/08/22,10:30,18.8,76,0.0,536
1,14/08/22,11:00,19.7,72,0.0,598
1,14/08/22,11:30,20.3,72,0.0,647
1,14/08/22,12:00,20.6,71,0.0,680
1,14/08/22,12:30,21.5,68,0.0,696
1,14/08/22,13:00,22.2,66,0.0,695
1,14/08/22,13:30,22.7,67,0.0,678
1,14/08/22,14:00,22.7,64,0.0,645
1,14/08/22,14:30,22.7,65,0.0,596
1,14/08/22,15:00,22.9,65,0.0,536
1,14/08/22,15:30,23.0,66,0.0,462
1,14/08/22,16:00,23.1,66,0.0,384
1,14/08/22,16:30,22.8,69,0.0,251
1,14/08/22,17:00,22.3,71,0.0,126
1,14/08/22,17:30,21.9,70,0.0,47
1,14/08/22,18:00,20.7,71,0.0,20
1,14/08/22,18:30,19.4,74,0.0,1
1,14/08/22,19:00,18.7,77,0.0,0
1,14/08/22,19:30,18.3,78,0.0,0
1,14/08/22,20:00,18.1,80,0.0,0
1,14/08/22,20:30,18.2,80,0.0,0
1,14/08/22,21:00,17.7,82,0.0,0
1,14/08/22,21:30,17.5,84,0.0,0
1,14/08/22,22:00,17.2,86,0.0,0
1,14/08/22,22:30,17.0,87,0.0,0
1,14/08/22,23:00,16.8,88,0.0,0
1,14/08/22,23:30,16.7,88,0.0,0
1,15/08/22,00:00,16.4,89,0.0,0
1,15/08/22,0:30,16.6,88,0.0,0
1,15/08/22,1:00,16.4,88,0.0,0
1,15/08/22,1:30,16.1,90,0.0,0
1,15/08/22,2:00,16.3,88,0.0,0
1,15/08/22,2:30,16.0,90,0.0,0
1,15/08/22,3:00,15.9,91,0.0,0
1,15/08/22,3:30,15.8,93,0.0,0
1,15/08/22,4:00,15.7,93,0.0,0
1,15/08/22,4:30,15.9,92,0.0,0
1,15/08/22,5:00,15.3,94,0.0,0
1,15/08/22,5:30,15.7,93,0.0,0
1,15/08/22,6:00,15.6,93,0.0,0
1,15/08/22,6:30,15.4,94,0.0,0
1,15/08/22,7:00,15.3,94,0.0,0
1,15/08/22,7:30,15.3,94,0.0,3
1,15/08/22,8:00,15.5,94,0.0,13
1,15/08/22,8:30,17.0,88,0.0,111
1,15/08/22,9:00,16.7,88,0.0,75
1,15/08/22,9:30,16.1,91,5.2,6
1,15/08/22,10:00,15.5,94,16.4,0
1,15/08/22,10:30,16.6,92,1.0,0
1,15/08/22,11:00,16.6,91,1.8,2
1,15/08/22,11:30,16.2,93,1.2,10
1,15/08/22,12:00,16.0,95,0.6,32
1,15/08/22,12:30,16.0,95,1.2,29
1,15/08/22,13:00,15.9,96,1.8,17
1,15/08/22,13:30,16.3,94,3.8,15
1,15/08/22,14:00,16.3,95,4.0,5
1,15/08/22,14:30,16.3,97,3.4,14
1,15/08/22,15:00,16.7,97,0.8,125
1,15/08/22,15:30,16.8,93,0.2,44
1,15/08/22,16:00,17.9,88,0.0,104
1,15/08/22,16:30,17.8,91,0.0,180
1,15/08/22,17:00,17.1,94,0.0,84
1,15/08/22,17:30,16.9,95,0.0,35
1,15/08/22,18:00,16.8,95,0.0,8
1,15/08/22,18:30,16.6,96,0.0,0
1,15/08/22,19:00,16.5,96,0.0,0
1,15/08/22,19:30,16.4,96,0.0,0
1,15/08/22,20:00,16.3,97,0.0,0
1,15/08/22,20:30,15.9,97,0.0,0
1,15/08/22,21:00,15.1,94,0.0,0
1,15/08/22,21:30,14.4,90,0.0,0
1,15/08/22,22:00,14.2,91,0.0,0
1,15/08/22,22:30,13.6,93,0.0,0
1,15/08/22,23:00,13.8,92,0.0,0
1,15/08/22,23:30,13.6,92,0.0,0
1,16/08/22,00:00,13.2,91,0.0,0
1,16/08/22,0:30,12.7,92,0.0,0
1,16/08/22,1:00,12.1,94,0.0,0
1,16/08/22,1:30,11.8,94,0.0,0
1,16/08/22,2:00,11.5,89,0.0,0
1,16/08/22,2:30,10.3,90,0.0,0
1,16/08/22,3:00,9.7,93,0.0,0
1,16/08/22,3:30,8.9,93,0.0,0
1,16/08/22,4:00,8.7,94,0.0,0
1,16/08/22,4:30,8.7,94,0.0,0
1,16/08/22,5:00,8.4,94,0.0,0
1,16/08/22,5:30,7.8,94,0.0,0
1,16/08/22,6:00,7.6,95,0.0,0
1,16/08/22,6:30,7.7,95,0.0,0
1,16/08/22,7:00,7.4,95,0.0,0
1,16/08/22,7:30,7.1,94,0.0,8
1,16/08/22,8:00,7.5,93,0.0,84
1,16/08/22,8:30,8.3,84,0.0,194
1,16/08/22,9:00,8.9,78,0.0,305
1,16/08/22,9:30,9.3,69,0.0,405
1,16/08/22,10:00,11.0,71,0.0,497
1,16/08/22,10:30,11.3,67,0.0,576
1,16/08/22,11:00,12.1,65,0.0,641
1,16/08/22,11:30,12.7,58,0.0,690
1,16/08/22,12:00,12.8,55,0.0,722
1,16/08/22,12:30,13.3,56,0.0,738
1,16/08/22,13:00,14.1,45,0.0,739
1,16/08/22,13:30,15.1,46,0.0,721
1,16/08/22,14:00,15.3,48,0.0,686
1,16/08/22,14:30,15.6,48,0.0,635
1,16/08/22,15:00,16.4,50,0.0,568
1,16/08/22,15:30,16.9,46,0.0,490
1,16/08/22,16:00,16.8,41,0.0,404
1,16/08/22,16:30,17.1,43,0.0,307
1,16/08/22,17:00,17.1,46,0.0,199
1,16/08/22,17:30,16.6,53,0.0,88
1,16/08/22,18:00,15.6,57,0.0,21
1,16/08/22,18:30,13.9,63,0.0,2
1,16/08/22,19:00,13.4,63,0.0,0
1,16/08/22,19:30,13.0,64,0.0,0
1,16/08/22,20:00,12.6,64,0.0,0
1,16/08/22,20:30,12.5,63,0.0,0
1,16/08/22,21:00,12.4,62,0.0,0
1,16/08/22,21:30,11.9,66,0.0,0
1,16/08/22,22:00,11.4,65,0.0,0
1,16/08/22,22:30,11.8,65,0.0,0
1,16/08/22,23:00,11.4,68,0.0,0
1,16/08/22,23:30,10.3,74,0.0,0
1,17/08/22,00:00,10.1,76,0.0,0
1,17/08/22,0:30,9.8,85,0.0,0
1,17/08/22,1:00,9.0,88,0.0,0
1,17/08/22,1:30,9.0,91,0.0,0
1,17/08/22,2:00,8.3,93,0.0,0
1,17/08/22,2:30,9.4,96,0.0,0
1,17/08/22,3:00,9.6,96,0.0,0
1,17/08/22,3:30,9.6,96,0.0,0
1,17/08/22,4:00,9.2,97,0.0,0
1,17/08/22,4:30,9.2,97,0.0,0
1,17/08/22,5:00,9.1,97,0.0,0
1,17/08/22,5:30,8.8,97,0.0,0
1,17/08/22,6:00,8.8,97,0.0,0
1,17/08/22,6:30,8.4,97,0.0,0
1,17/08/22,7:00,8.5,97,0.0,0
1,17/08/22,7:30,8.9,98,0.0,6
1,17/08/22,8:00,9.4,98,0.0,27
1,17/08/22,8:30,9.7,97,0.0,88
1,17/08/22,9:00,10.2,97,0.0,149
1,17/08/22,9:30,10.4,98,0.0,167
1,17/08/22,10:00,11.1,98,0.0,176
1,17/08/22,10:30,11.4,98,0.0,259
1,17/08/22,11:00,11.5,98,0.0,213
1,17/08/22,11:30,11.8,98,0.0,250
1,17/08/22,12:00,13.2,98,0.0,489
1,17/08/22,12:30,14.6,96,0.0,624
1,17/08/22,13:00,15.9,91,0.0,731
1,17/08/22,13:30,16.8,88,0.0,383
1,17/08/22,14:00,17.9,86,0.0,388
1,17/08/22,14:30,17.9,86,0.0,249
1,17/08/22,15:00,17.9,87,0.0,259
1,17/08/22,15:30,18.2,87,0.0,146
1,17/08/22,16:00,17.6,88,0.0,115
1,17/08/22,16:30,17.4,89,0.0,121
1,17/08/22,17:00,16.9,88,0.0,126
1,17/08/22,17:30,17.2,86,0.0,96
1,17/08/22,18:00,16.1,89,0.0,23
1,17/08/22,18:30,14.9,91,0.0,2
1,17/08/22,19:00,14.9,92,0.0,0
1,17/08/22,19:30,14.1,92,0.0,0
1,17/08/22,20:00,14.3,94,0.0,0
1,17/08/22,20:30,13.8,94,0.0,0
1,17/08/22,21:00,14.6,95,0.0,0
1,17/08/22,21:30,13.9,93,0.0,0
1,17/08/22,22:00,13.3,95,0.0,0
1,17/08/22,22:30,13.8,96,0.0,0
1,17/08/22,23:00,13.9,95,0.0,0
1,17/08/22,23:30,11.7,92,0.0,0
1,18/08/22,00:00,10.8,93,0.0,0
1,18/08/22,0:30,10.3,93,0.0,0
1,18/08/22,1:00,9.8,91,0.0,0
1,18/08/22,1:30,9.4,91,0.0,0
1,18/08/22,2:00,8.7,91,0.0,0
1,18/08/22,2:30,7.8,90,0.0,0
1,18/08/22,3:00,8.2,91,0.0,0
1,18/08/22,3:30,7.6,91,0.0,0
1,18/08/22,4:00,7.3,93,0.6,0
1,18/08/22,4:30,7.4,89,0.2,0
1,18/08/22,5:00,7.3,92,0.0,0
1,18/08/22,5:30,7.2,89,0.0,0
1,18/08/22,6:00,7.1,90,0.0,0
1,18/08/22,6:30,6.9,91,0.0,0
1,18/08/22,7:00,6.8,92,0.0,0
1,18/08/22,7:30,6.4,91,0.0,4
1,18/08/22,8:00,6.0,90,0.0,19
1,18/08/22,8:30,5.8,90,0.0,53
1,18/08/22,9:00,5.8,91,0.0,146
1,18/08/22,9:30,7.1,87,0.0,394
1,18/08/22,10:00,7.8,81,0.0,495
1,18/08/22,10:30,8.6,72,0.0,581
1,18/08/22,11:00,9.2,61,0.0,655
1,18/08/22,11:30,9.4,62,0.0,712
1,18/08/22,12:00,9.8,56,0.0,788
1,18/08/22,12:30,9.4,63,0.0,755
1,18/08/22,13:00,10.1,56,0.0,802
1,18/08/22,13:30,9.5,58,0.0,575
1,18/08/22,14:00,10.6,57,0.0,790
1,18/08/22,14:30,9.4,63,0.0,289
1,18/08/22,15:00,9.4,56,0.0,253
1,18/08/22,15:30,9.3,56,0.0,271
1,18/08/22,16:00,9.7,53,0.0,288
1,18/08/22,16:30,9.7,54,0.0,298
1,18/08/22,17:00,8.7,57,0.0,100
1,18/08/22,17:30,8.7,61,0.0,57
1,18/08/22,18:00,7.9,61,0.0,25
1,18/08/22,18:30,7.1,62,0.0,5
1,18/08/22,19:00,6.4,65,0.0,0
1,18/08/22,19:30,5.6,69,0.0,0
1,18/08/22,20:00,5.2,72,0.0,0
1,18/08/22,20:30,5.1,74,0.0,0
1,18/08/22,21:00,4.7,77,0.0,0
1,18/08/22,21:30,4.3,79,0.0,0
1,18/08/22,22:00,4.1,81,0.0,0
1,18/08/22,22:30,3.7,83,0.0,0
1,18/08/22,23:00,3.7,83,0.0,0
1,18/08/22,23:30,3.4,84,0.0,0
1,19/08/22,00:00,3.2,84,0.0,0
1,19/08/22,0:30,3.1,85,0.0,0
1,19/08/22,1:00,2.9,87,0.0,0
1,19/08/22,1:30,2.6,87,0.0,0
1,19/08/22,2:00,2.4,88,0.0,0
1,19/08/22,2:30,2.4,89,0.0,0
1,19/08/22,3:00,2.5,89,0.0,0
1,19/08/22,3:30,2.5,87,0.0,0
1,19/08/22,4:00,2.6,88,0.0,0
1,19/08/22,4:30,2.3,89,0.0,0
1,19/08/22,5:00,2.2,90,0.0,0
1,19/08/22,5:30,2.2,89,0.0,0
1,19/08/22,6:00,1.9,89,0.0,0
1,19/08/22,6:30,1.9,89,0.0,0
1,19/08/22,7:00,1.8,90,0.0,0
1,19/08/22,7:30,1.6,91,0.0,14
1,19/08/22,8:00,2.8,91,0.0,86
1,19/08/22,8:30,2.9,87,0.0,203
1,19/08/22,9:00,3.6,87,0.0,322
1,19/08/22,9:30,4.3,86,0.0,426
1,19/08/22,10:00,5.3,81,0.0,517
1,19/08/22,10:30,6.6,78,0.0,597
1,19/08/22,11:00,7.9,68,0.0,663
1,19/08/22,11:30,8.7,62,0.0,712
1,19/08/22,12:00,9.1,54,0.0,748
1,19/08/22,12:30,9.3,54,0.0,764
1,19/08/22,13:00,9.8,53,0.0,761
1,19/08/22,13:30,10.4,54,0.0,742
1,19/08/22,14:00,10.7,49,0.0,707
1,19/08/22,14:30,11.1,53,0.0,658
1,19/08/22,15:00,10.8,52,0.0,589
1,19/08/22,15:30,11.3,53,0.0,511
1,19/08/22,16:00,11.3,51,0.0,422
1,19/08/22,16:30,11.3,50,0.0,323
1,19/08/22,17:00,11.1,51,0.0,212
1,19/08/22,17:30,10.7,52,0.0,96
1,19/08/22,18:00,9.8,59,0.0,23
1,19/08/22,18:30,8.6,59,0.0,3
1,19/08/22,19:00,8.3,58,0.0,0
1,19/08/22,19:30,7.9,62,0.0,0
1,19/08/22,20:00,8.2,64,0.0,0
1,19/08/22,20:30,8.3,64,0.0,0
1,19/08/22,21:00,7.7,67,0.0,0
1,19/08/22,21:30,8.2,62,0.0,0
1,19/08/22,22:00,7.9,62,0.0,0
1,19/08/22,22:30,8.3,57,0.0,0
1,19/08/22,23:00,8.0,58,0.0,0
1,19/08/22,23:30,7.3,60,0.0,0
1,20/08/22,00:00,7.1,60,0.0,0
1,20/08/22,0:30,7.2,64,0.0,0
1,20/08/22,1:00,7.0,65,0.0,0
1,20/08/22,1:30,6.2,68,0.0,0
1,20/08/22,2:00,4.2,79,0.0,0
1,20/08/22,2:30,4.8,77,0.0,0
1,20/08/22,3:00,4.7,76,0.0,0
1,20/08/22,3:30,4.9,75,0.0,0
1,20/08/22,4:00,5.1,75,0.0,0
1,20/08/22,4:30,5.1,75,0.0,0
1,20/08/22,5:00,5.1,77,0.0,0
1,20/08/22,5:30,5.2,78,0.0,0
1,20/08/22,6:00,5.1,79,0.0,0
1,20/08/22,6:30,4.9,80,0.0,0
1,20/08/22,7:00,4.8,80,0.0,0
1,20/08/22,7:30,4.8,82,0.0,14
1,20/08/22,8:00,5.4,81,0.0,94
1,20/08/22,8:30,6.2,80,0.0,212
1,20/08/22,9:00,7.4,77,0.0,328
1,20/08/22,9:30,7.8,78,0.0,431
1,20/08/22,10:00,8.5,75,0.0,521
1,20/08/22,10:30,9.3,70,0.0,600
1,20/08/22,11:00,9.8,67,0.0,665
1,20/08/22,11:30,10.6,62,0.0,714
1,20/08/22,12:00,11.3,61,0.0,747
1,20/08/22,12:30,11.9,60,0.0,762
1,20/08/22,13:00,12.5,60,0.0,761
1,20/08/22,13:30,13.0,60,0.0,744
1,20/08/22,14:00,13.4,58,0.0,711
1,20/08/22,14:30,13.9,54,0.0,661
1,20/08/22,15:00,14.3,54,0.0,597
1,20/08/22,15:30,14.5,53,0.0,519
1,20/08/22,16:00,14.9,51,0.0,427
1,20/08/22,16:30,14.7,52,0.0,328
1,20/08/22,17:00,14.4,51,0.0,219
1,20/08/22,17:30,13.9,54,0.0,100
1,20/08/22,18:00,12.7,61,0.0,23
1,20/08/22,18:30,11.9,65,0.0,2
1,20/08/22,19:00,11.3,61,0.0,0
1,20/08/22,19:30,10.6,62,0.0,0
1,20/08/22,20:00,10.8,59,0.0,0
1,20/08/22,20:30,9.7,63,0.0,0
1,20/08/22,21:00,9.0,68,0.0,0
1,20/08/22,21:30,7.7,74,0.0,0
1,20/08/22,22:00,7.8,78,0.0,0
1,20/08/22,22:30,7.0,82,0.0,0
1,20/08/22,23:00,6.7,84,0.0,0
1,20/08/22,23:30,6.4,86,0.0,0
1,21/08/22,00:00,6.2,88,0.0,0
1,21/08/22,0:30,6.4,87,0.0,0
1,21/08/22,1:00,6.2,88,0.0,0
1,21/08/22,1:30,6.2,89,0.0,0
1,21/08/22,2:00,6.0,90,0.0,0
1,21/08/22,2:30,6.1,90,0.0,0
1,21/08/22,3:00,6.3,90,0.0,0
1,21/08/22,3:30,6.1,90,0.0,0
1,21/08/22,4:00,5.6,92,0.0,0
1,21/08/22,4:30,5.7,93,0.0,0
1,21/08/22,5:00,5.6,93,0.0,0
1,21/08/22,5:30,6.0,94,0.0,0
1,21/08/22,6:00,6.2,94,0.0,0
1,21/08/22,6:30,6.3,94,0.0,0
1,21/08/22,7:00,5.9,95,0.0,0
1,21/08/22,7:30,5.2,96,0.0,8
1,21/08/22,8:00,5.1,96,0.0,49
1,21/08/22,8:30,5.7,97,0.0,123
1,21/08/22,9:00,6.7,97,0.0,182
1,21/08/22,9:30,7.2,97,0.0,286
1,21/08/22,10:00,7.8,97,0.0,420
1,21/08/22,10:30,9.4,97,0.0,607
1,21/08/22,11:00,11.2,87,0.0,672
1,21/08/22,11:30,12.2,73,0.0,723
1,21/08/22,12:00,12.8,61,0.0,757
1,21/08/22,12:30,13.7,60,0.0,765
1,21/08/22,13:00,14.3,60,0.0,777
1,21/08/22,13:30,14.9,52,0.0,756
1,21/08/22,14:00,15.2,54,0.0,723
1,21/08/22,14:30,15.9,54,0.0,669
1,21/08/22,15:00,15.9,58,0.0,600
1,21/08/22,15:30,16.4,58,0.0,522
1,21/08/22,16:00,16.3,62,0.0,427
1,21/08/22,16:30,16.3,66,0.0,326
1,21/08/22,17:00,15.8,68,0.0,216
1,21/08/22,17:30,15.1,70,0.0,102
1,21/08/22,18:00,14.1,64,0.0,26
1,21/08/22,18:30,12.5,64,0.0,3
1,21/08/22,19:00,11.5,69,0.0,0
1,21/08/22,19:30,11.1,73,0.0,0
1,21/08/22,20:00,10.1,79,0.0,0
1,21/08/22,20:30,9.4,85,0.0,0
1,21/08/22,21:00,9.1,89,0.0,0
1,21/08/22,21:30,8.8,91,0.0,0
1,21/08/22,22:00,9.0,94,0.0,0
1,21/08/22,22:30,9.1,93,0.0,0
1,21/08/22,23:00,8.9,93,0.0,0
1,21/08/22,23:30,8.7,94,0.0,0
1,22/08/22,00:00,8.2,95,0.0,0
1,22/08/22,0:30,8.1,95,0.0,0
1,22/08/22,1:00,8.1,95,0.0,0
1,22/08/22,1:30,7.9,95,0.0,0
1,22/08/22,2:00,7.8,96,0.0,0
1,22/08/22,2:30,7.6,96,0.0,0
1,22/08/22,3:00,7.4,96,0.0,0
1,22/08/22,3:30,7.0,96,0.0,0
1,22/08/22,4:00,6.8,97,0.0,0
1,22/08/22,4:30,6.7,96,0.0,0
1,22/08/22,5:00,6.3,97,0.0,0
1,22/08/22,5:30,5.9,97,0.0,0
1,22/08/22,6:00,5.7,97,0.0,0
1,22/08/22,6:30,5.6,97,0.0,0
1,22/08/22,7:00,5.4,97,0.0,0
1,22/08/22,7:30,5.7,97,0.0,12
1,22/08/22,8:00,6.5,97,0.0,96
1,22/08/22,8:30,7.5,97,0.0,228
1,22/08/22,9:00,9.0,95,0.0,353
1,22/08/22,9:30,10.1,90,0.0,443
1,22/08/22,10:00,10.9,84,0.0,535
1,22/08/22,10:30,12.1,81,0.0,631
1,22/08/22,11:00,12.3,78,0.0,729
1,22/08/22,11:30,13.1,74,0.0,745
1,22/08/22,12:00,13.6,69,0.0,755
1,22/08/22,12:30,14.1,69,0.0,773
1,22/08/22,13:00,14.4,67,0.0,771
1,22/08/22,13:30,14.4,67,0.0,753
1,22/08/22,14:00,14.8,69,0.0,719
1,22/08/22,14:30,14.8,66,0.0,668
1,22/08/22,15:00,14.9,66,0.0,600
1,22/08/22,15:30,14.9,66,0.0,522
1,22/08/22,16:00,15.1,66,0.0,432
1,22/08/22,16:30,14.7,64,0.0,333
1,22/08/22,17:00,14.3,67,0.0,221
1,22/08/22,17:30,13.7,67,0.0,104
1,22/08/22,18:00,12.7,70,0.0,25
1,22/08/22,18:30,11.3,75,0.0,2
1,22/08/22,19:00,10.8,78,0.0,0
1,22/08/22,19:30,10.6,80,0.0,0
1,22/08/22,20:00,10.3,82,0.0,0
1,22/08/22,20:30,10.1,83,0.0,0
1,22/08/22,21:00,9.9,84,0.0,0
1,22/08/22,21:30,9.3,86,0.0,0
1,22/08/22,22:00,8.8,86,0.0,0
1,22/08/22,22:30,8.6,88,0.0,0
1,22/08/22,23:00,8.8,90,0.0,0
1,22/08/22,23:30,9.1,91,0.0,0
1,23/08/22,00:00,9.3,92,0.0,0
1,23/08/22,0:30,9.1,93,0.0,0
1,23/08/22,1:00,8.4,94,0.0,0
1,23/08/22,1:30,8.3,93,0.0,0
1,23/08/22,2:00,8.2,93,0.0,0
1,23/08/22,2:30,8.4,93,0.0,0
1,23/08/22,3:00,8.3,92,0.0,0
1,23/08/22,3:30,8.2,93,0.0,0
1,23/08/22,4:00,8.0,94,0.0,0
1,23/08/22,4:30,8.0,95,0.0,0
1,23/08/22,5:00,7.7,95,0.0,0
1,23/08/22,5:30,8.2,96,0.0,0
1,23/08/22,6:00,8.3,96,0.0,0
1,23/08/22,6:30,8.1,97,0.0,0
1,23/08/22,7:00,8.3,97,0.0,0
1,23/08/22,7:30,8.3,97,0.0,12
1,23/08/22,8:00,8.8,97,0.0,49
1,23/08/22,8:30,9.1,98,0.0,118
1,23/08/22,9:00,9.1,98,0.0,124
1,23/08/22,9:30,9.3,98,0.0,181
1,23/08/22,10:00,9.8,98,0.0,269
1,23/08/22,10:30,10.4,98,0.0,415
1,23/08/22,11:00,10.8,97,0.0,615
1,23/08/22,11:30,12.2,96,0.0,597
1,23/08/22,12:00,13.1,93,0.0,675
1,23/08/22,12:30,14.5,89,0.0,774
1,23/08/22,13:00,14.4,88,0.0,748
1,23/08/22,13:30,15.4,84,0.0,690
1,23/08/22,14:00,15.3,85,0.0,335
1,23/08/22,14:30,16.7,79,0.0,397
1,23/08/22,15:00,18.6,75,0.0,491
1,23/08/22,15:30,17.9,76,0.0,380
1,23/08/22,16:00,17.5,78,0.0,250
1,23/08/22,16:30,17.2,80,0.0,215
1,23/08/22,17:00,17.9,78,0.0,281
1,23/08/22,17:30,17.6,77,0.0,127
1,23/08/22,18:00,16.2,83,0.0,25
1,23/08/22,18:30,15.3,85,0.0,2
1,23/08/22,19:00,15.5,85,0.0,0
1,23/08/22,19:30,15.7,85,0.0,0
1,23/08/22,20:00,15.1,86,0.0,0
1,23/08/22,20:30,14.9,86,0.0,0
1,23/08/22,21:00,15.2,86,0.0,0
1,23/08/22,21:30,14.8,86,0.0,0
1,23/08/22,22:00,14.6,88,0.0,0
1,23/08/22,22:30,14.4,89,0.0,0
1,23/08/22,23:00,14.1,90,0.0,0
1,23/08/22,23:30,13.8,91,0.0,0
1,24/08/22,00:00,13.4,92,0.0,0
1,24/08/22,0:30,13.6,92,0.0,0
1,24/08/22,1:00,13.6,93,0.0,0
1,24/08/22,1:30,13.3,93,0.0,0
1,24/08/22,2:00,13.9,92,0.0,0
1,24/08/22,2:30,13.7,91,0.0,0
1,24/08/22,3:00,13.7,91,0.0,0
1,24/08/22,3:30,13.7,91,0.0,0
1,24/08/22,4:00,13.2,93,0.0,0
1,24/08/22,4:30,13.3,92,0.0,0
1,24/08/22,5:00,14.3,88,0.0,0
1,24/08/22,5:30,13.9,88,0.0,0
1,24/08/22,6:00,14.1,89,0.0,0
1,24/08/22,6:30,13.9,89,0.0,0
1,24/08/22,7:00,14.2,89,0.0,0
1,24/08/22,7:30,14.3,89,0.0,15
1,24/08/22,8:00,14.9,86,0.0,18
1,24/08/22,8:30,14.9,86,0.0,39
1,24/08/22,9:00,15.4,85,0.0,106
1,24/08/22,9:30,16.1,84,0.0,78
1,24/08/22,10:00,16.3,87,0.0,130
1,24/08/22,10:30,16.6,84,0.0,88
1,24/08/22,11:00,16.7,85,0.0,246
1,24/08/22,11:30,16.7,84,0.0,291
1,24/08/22,12:00,16.8,83,0.0,243
1,24/08/22,12:30,18.2,81,0.0,490
1,24/08/22,13:00,18.8,78,0.0,574
1,24/08/22,13:30,18.8,78,0.0,296
1,24/08/22,14:00,18.3,81,0.0,249
1,24/08/22,14:30,17.9,83,0.0,233
1,24/08/22,15:00,18.9,79,0.0,508
1,24/08/22,15:30,19.6,77,0.0,478
1,24/08/22,16:00,20.4,75,0.0,418
1,24/08/22,16:30,20.1,77,0.0,272
1,24/08/22,17:00,19.6,77,0.0,196
1,24/08/22,17:30,18.6,81,0.0,103
1,24/08/22,18:00,17.3,84,0.0,31
1,24/08/22,18:30,16.6,86,0.0,4
1,24/08/22,19:00,16.3,88,0.0,0
1,24/08/22,19:30,15.8,89,0.0,0
1,24/08/22,20:00,15.9,89,0.0,0
1,24/08/22,20:30,15.9,90,0.0,0
1,24/08/22,21:00,15.9,87,0.0,0
1,24/08/22,21:30,15.7,86,0.0,0
1,24/08/22,22:00,15.8,85,0.0,0
1,24/08/22,22:30,15.3,86,0.0,0
1,24/08/22,23:00,15.3,88,0.0,0
1,24/08/22,23:30,15.6,87,0.0,0
1,25/08/22,00:00,15.6,86,0.0,0
1,25/08/22,0:30,15.3,87,0.0,0
1,25/08/22,1:00,14.8,89,0.0,0
1,25/08/22,1:30,14.7,90,0.0,0
1,25/08/22,2:00,14.6,90,0.0,0
1,25/08/22,2:30,14.7,90,0.0,0
1,25/08/22,3:00,14.9,90,0.0,0
1,25/08/22,3:30,15.1,89,0.0,0
1,25/08/22,4:00,15.1,89,0.0,0
1,25/08/22,4:30,14.8,89,0.0,0
1,25/08/22,5:00,14.8,90,0.0,0
1,25/08/22,5:30,14.8,89,0.0,0
1,25/08/22,6:00,15.4,87,0.0,0
1,25/08/22,6:30,15.9,84,0.0,0
1,25/08/22,7:00,15.9,85,0.0,0
1,25/08/22,7:30,16.3,84,0.0,17
1,25/08/22,8:00,16.8,84,0.0,73
1,25/08/22,8:30,17.4,83,0.0,116
1,25/08/22,9:00,18.6,81,0.0,238
1,25/08/22,9:30,19.1,83,0.0,426
1,25/08/22,10:00,20.1,80,0.0,503
1,25/08/22,10:30,19.7,79,0.0,544
1,25/08/22,11:00,20.1,78,0.0,632
1,25/08/22,11:30,21.3,77,0.0,677
1,25/08/22,12:00,21.8,75,0.0,706
1,25/08/22,12:30,22.9,72,0.0,715
1,25/08/22,13:00,24.1,69,0.0,717
1,25/08/22,13:30,24.5,68,0.0,700
1,25/08/22,14:00,25.6,61,0.0,662
1,25/08/22,14:30,25.8,59,0.0,548
1,25/08/22,15:00,25.9,56,0.0,521
1,25/08/22,15:30,25.3,60,0.0,234
1,25/08/22,16:00,23.4,71,0.0,52
1,25/08/22,16:30,23.6,69,0.0,194
1,25/08/22,17:00,22.1,77,0.0,130
1,25/08/22,17:30,21.6,78,0.0,91
1,25/08/22,18:00,20.7,77,0.0,24
1,25/08/22,18:30,20.4,79,0.0,0
1,25/08/22,19:00,19.9,77,0.0,0
1,25/08/22,19:30,19.4,79,0.0,0
1,25/08/22,20:00,19.3,76,0.0,0
1,25/08/22,20:30,20.7,69,0.0,0
1,25/08/22,21:00,19.1,75,0.0,0
1,25/08/22,21:30,18.7,77,0.0,0
1,25/08/22,22:00,18.9,77,0.0,0
1,25/08/22,22:30,18.7,77,0.0,0
1,25/08/22,23:00,18.3,79,0.0,0
1,25/08/22,23:30,18.3,80,0.0,0
1,26/08/22,00:00,18.2,81,0.0,0
1,26/08/22,0:30,19.4,77,0.2,0
1,26/08/22,1:00,18.3,81,0.0,0
1,26/08/22,1:30,17.1,87,0.0,0
1,26/08/22,2:00,16.9,88,0.0,0
1,26/08/22,2:30,17.4,85,0.0,0
1,26/08/22,3:00,18.0,83,0.0,0
1,26/08/22,3:30,15.9,92,16.0,0
1,26/08/22,4:00,15.6,95,7.6,0
1,26/08/22,4:30,15.5,95,2.8,0
1,26/08/22,5:00,15.4,95,2.4,0
1,26/08/22,5:30,15.6,95,1.4,0
1,26/08/22,6:00,15.7,94,1.6,0
1,26/08/22,6:30,15.8,94,0.4,0
1,26/08/22,7:00,15.6,94,1.0,0
1,26/08/22,7:30,15.4,95,1.0,8
1,26/08/22,8:00,15.8,92,0.0,19
1,26/08/22,8:30,17.0,84,0.0,57
1,26/08/22,9:00,18.2,78,0.0,72
1,26/08/22,9:30,18.1,80,0.0,95
1,26/08/22,10:00,18.7,77,0.0,103
1,26/08/22,10:30,18.3,80,0.0,138
1,26/08/22,11:00,19.1,77,0.0,218
1,26/08/22,11:30,18.5,80,0.0,265
1,26/08/22,12:00,18.7,83,0.0,354
1,26/08/22,12:30,18.8,84,0.0,328
1,26/08/22,13:00,19.2,83,0.0,395
1,26/08/22,13:30,19.9,80,0.0,430
1,26/08/22,14:00,20.5,76,0.0,399
1,26/08/22,14:30,20.7,79,0.0,365
1,26/08/22,15:00,20.4,79,0.0,339
1,26/08/22,15:30,20.5,79,0.0,270
1,26/08/22,16:00,20.7,79,0.0,234
1,26/08/22,16:30,20.9,78,0.0,212
1,26/08/22,17:00,20.8,78,0.0,179
1,26/08/22,17:30,20.1,83,0.0,60
1,26/08/22,18:00,19.9,84,0.0,22
1,26/08/22,18:30,19.3,86,0.0,3
1,26/08/22,19:00,18.7,88,0.0,0
1,26/08/22,19:30,18.6,88,0.0,0
1,26/08/22,20:00,18.3,87,0.0,0
1,26/08/22,20:30,18.0,89,0.0,0
1,26/08/22,21:00,17.8,90,0.0,0
1,26/08/22,21:30,18.1,89,0.0,0
1,26/08/22,22:00,18.4,88,0.0,0
1,26/08/22,22:30,17.4,90,0.0,0
1,26/08/22,23:00,17.7,91,0.0,0
1,26/08/22,23:30,17.3,92,0.0,0
1,27/08/22,00:00,17.2,93,0.0,0
1,27/08/22,0:30,16.8,93,0.0,0
1,27/08/22,1:00,16.4,95,0.0,0
1,27/08/22,1:30,16.2,96,0.0,0
1,27/08/22,2:00,16.7,95,0.0,0
1,27/08/22,2:30,16.8,93,0.0,0
1,27/08/22,3:00,16.3,94,0.0,0
1,27/08/22,3:30,16.1,95,0.0,0
1,27/08/22,4:00,16.1,94,0.0,0
1,27/08/22,4:30,16.2,92,0.0,0
1,27/08/22,5:00,16.3,90,0.0,0
1,27/08/22,5:30,15.9,91,0.0,0
1,27/08/22,6:00,16.0,91,0.0,0
1,27/08/22,6:30,15.8,91,0.0,0
1,27/08/22,7:00,15.9,90,0.0,1
1,27/08/22,7:30,16.0,90,0.0,35
1,27/08/22,8:00,16.4,89,0.0,90
1,27/08/22,8:30,17.8,84,0.0,181
1,27/08/22,9:00,19.3,78,0.0,282
1,27/08/22,9:30,20.2,77,0.0,456
1,27/08/22,10:00,21.3,72,0.0,587
1,27/08/22,10:30,22.1,71,0.0,636
1,27/08/22,11:00,22.5,73,0.0,539
1,27/08/22,11:30,23.1,71,0.0,487
1,27/08/22,12:00,21.7,78,0.0,680
1,27/08/22,12:30,22.6,76,0.0,740
1,27/08/22,13:00,22.9,73,0.0,717
1,27/08/22,13:30,22.6,71,0.0,652
1,27/08/22,14:00,23.1,69,0.0,617
1,27/08/22,14:30,22.3,73,0.0,213
1,27/08/22,15:00,21.7,78,0.0,75
1,27/08/22,15:30,21.9,77,0.0,165
1,27/08/22,16:00,21.6,80,0.0,72
1,27/08/22,16:30,20.4,84,0.0,36
1,27/08/22,17:00,20.3,85,0.0,62
1,27/08/22,17:30,19.7,83,0.2,16
1,27/08/22,18:00,19.0,85,1.8,1
1,27/08/22,18:30,18.1,90,1.0,0
1,27/08/22,19:00,17.2,92,0.0,0
1,27/08/22,19:30,16.9,93,0.0,0
1,27/08/22,20:00,16.4,85,1.6,0
1,27/08/22,20:30,15.9,87,0.2,0
1,27/08/22,21:00,15.3,89,0.6,0
1,27/08/22,21:30,14.7,90,0.4,0
1,27/08/22,22:00,14.9,89,0.0,0
1,27/08/22,22:30,10.3,87,1.8,0
1,27/08/22,23:00,9.8,92,2.2,0
1,27/08/22,23:30,9.5,87,0.4,0
1,28/08/22,00:00,9.2,86,0.0,0
1,28/08/22,0:30,9.2,86,0.0,0
1,28/08/22,1:00,8.8,88,0.0,0
1,28/08/22,1:30,8.6,86,0.0,0
1,28/08/22,2:00,8.4,88,0.0,0
1,28/08/22,2:30,8.0,86,0.0,0
1,28/08/22,3:00,7.6,84,0.0,0
1,28/08/22,3:30,7.2,79,0.0,0
1,28/08/22,4:00,6.7,76,0.0,0
1,28/08/22,4:30,6.1,80,0.0,0
1,28/08/22,5:00,5.4,80,0.0,0
1,28/08/22,5:30,4.8,81,0.0,0
1,28/08/22,6:00,4.4,81,0.0,0
1,28/08/22,6:30,4.3,82,0.0,0
1,28/08/22,7:00,3.9,83,0.0,1
1,28/08/22,7:30,3.7,85,0.0,28
1,28/08/22,8:00,4.5,85,0.0,123
1,28/08/22,8:30,5.4,82,0.0,242
1,28/08/22,9:00,5.8,75,0.0,363
1,28/08/22,9:30,6.5,74,0.0,465
1,28/08/22,10:00,7.0,65,0.0,578
1,28/08/22,10:30,7.3,66,0.0,652
1,28/08/22,11:00,7.8,65,0.0,745
1,28/08/22,11:30,8.3,63,0.0,811
1,28/08/22,12:00,8.6,62,0.0,667
1,28/08/22,12:30,9.0,65,0.0,545
1,28/08/22,13:00,9.2,61,0.0,543
1,28/08/22,13:30,9.4,60,0.0,706
1,28/08/22,14:00,9.3,60,0.0,844
1,28/08/22,14:30,9.3,62,0.0,660
1,28/08/22,15:00,9.6,57,0.0,580
1,28/08/22,15:30,9.9,58,0.0,550
1,28/08/22,16:00,10.0,60,0.0,509
1,28/08/22,16:30,9.7,58,0.0,397
1,28/08/22,17:00,9.2,59,0.0,277
1,28/08/22,17:30,8.6,61,0.0,82
1,28/08/22,18:00,7.7,65,0.0,40
1,28/08/22,18:30,7.4,65,0.0,5
1,28/08/22,19:00,6.7,70,0.0,0
1,28/08/22,19:30,6.7,71,0.0,0
1,28/08/22,20:00,6.1,74,0.0,0
1,28/08/22,20:30,5.8,76,0.0,0
1,28/08/22,21:00,5.7,75,0.0,0
1,28/08/22,21:30,5.7,75,0.0,0
1,28/08/22,22:00,5.7,77,0.0,0
1,28/08/22,22:30,5.7,78,0.0,0
1,28/08/22,23:00,5.4,80,0.0,0
1,28/08/22,23:30,4.6,84,0.0,0
1,29/08/22,00:00,4.0,85,0.0,0
1,29/08/22,0:30,3.9,85,0.0,0
1,29/08/22,1:00,3.8,86,0.0,0
1,29/08/22,1:30,3.7,86,0.0,0
1,29/08/22,2:00,3.8,84,0.0,0
1,29/08/22,2:30,3.6,84,0.0,0
1,29/08/22,3:00,3.6,83,0.0,0
1,29/08/22,3:30,3.5,82,0.0,0
1,29/08/22,4:00,3.4,81,0.0,0
1,29/08/22,4:30,2.9,83,0.0,0
1,29/08/22,5:00,2.4,86,0.0,0
1,29/08/22,5:30,2.5,86,0.0,0
1,29/08/22,6:00,2.2,85,0.0,0
1,29/08/22,6:30,1.8,86,0.0,0
1,29/08/22,7:00,1.6,88,0.0,2
1,29/08/22,7:30,3.0,84,0.0,34
1,29/08/22,8:00,4.1,83,0.0,131
1,29/08/22,8:30,5.0,80,0.0,250
1,29/08/22,9:00,6.0,79,0.0,362
1,29/08/22,9:30,6.4,76,0.0,467
1,29/08/22,10:00,7.1,74,0.0,560
1,29/08/22,10:30,7.7,73,0.0,640
1,29/08/22,11:00,8.4,72,0.0,706
1,29/08/22,11:30,8.9,70,0.0,755
1,29/08/22,12:00,9.5,71,0.0,787
1,29/08/22,12:30,10.2,69,0.0,800
1,29/08/22,13:00,10.6,66,0.0,795
1,29/08/22,13:30,10.9,66,0.0,777
1,29/08/22,14:00,11.8,66,0.0,738
1,29/08/22,14:30,11.9,66,0.0,686
1,29/08/22,15:00,12.2,62,0.0,619
1,29/08/22,15:30,12.4,63,0.0,538
1,29/08/22,16:00,12.3,64,0.0,445
1,29/08/22,16:30,12.2,65,0.0,344
1,29/08/22,17:00,11.9,66,0.0,235
1,29/08/22,17:30,11.2,69,0.0,119
1,29/08/22,18:00,10.4,71,0.0,35
1,29/08/22,18:30,9.2,75,0.0,6
1,29/08/22,19:00,8.2,79,0.0,0
1,29/08/22,19:30,7.4,81,0.0,0
1,29/08/22,20:00,7.1,83,0.0,0
1,29/08/22,20:30,6.8,84,0.0,0
1,29/08/22,21:00,6.3,86,0.0,0
1,29/08/22,21:30,6.3,87,0.0,0
1,29/08/22,22:00,6.1,89,0.0,0
1,29/08/22,22:30,5.9,89,0.0,0
1,29/08/22,23:00,6.2,91,0.0,0
1,29/08/22,23:30,6.1,91,0.0,0
1,30/08/22,00:00,5.8,92,0.0,0
1,30/08/22,0:30,5.6,91,0.0,0
1,30/08/22,1:00,5.8,92,0.0,0
1,30/08/22,1:30,6.0,90,0.0,0
1,30/08/22,2:00,5.7,91,0.0,0
1,30/08/22,2:30,5.8,91,0.0,0
1,30/08/22,3:00,5.3,92,0.0,0
1,30/08/22,3:30,4.9,93,0.0,0
1,30/08/22,4:00,5.1,93,0.0,0
1,30/08/22,4:30,5.0,92,0.0,0
1,30/08/22,5:00,4.8,92,0.0,0
1,30/08/22,5:30,4.9,92,0.0,0
1,30/08/22,6:00,5.3,92,0.0,0
1,30/08/22,6:30,5.2,91,0.0,0
1,30/08/22,7:00,5.3,91,0.0,2
1,30/08/22,7:30,5.3,91,0.0,33
1,30/08/22,8:00,6.4,90,0.0,134
1,30/08/22,8:30,8.0,88,0.0,255
1,30/08/22,9:00,9.4,85,0.0,365
1,30/08/22,9:30,11.4,84,0.0,465
1,30/08/22,10:00,12.3,80,0.0,556
1,30/08/22,10:30,13.2,75,0.0,635
1,30/08/22,11:00,14.1,74,0.0,698
1,30/08/22,11:30,14.8,73,0.0,747
1,30/08/22,12:00,15.2,69,0.0,782
1,30/08/22,12:30,15.4,64,0.0,799
1,30/08/22,13:00,16.2,66,0.0,796
1,30/08/22,13:30,16.1,65,0.0,777
1,30/08/22,14:00,16.6,64,0.0,740
1,30/08/22,14:30,16.7,64,0.0,688
1,30/08/22,15:00,16.9,66,0.0,621
1,30/08/22,15:30,17.3,63,0.0,542
1,30/08/22,16:00,17.1,60,0.0,452
1,30/08/22,16:30,16.8,63,0.0,350
1,30/08/22,17:00,16.5,64,0.0,240
1,30/08/22,17:30,15.9,67,0.0,123
1,30/08/22,18:00,15.0,71,0.0,35
1,30/08/22,18:30,13.7,76,0.0,6
1,30/08/22,19:00,13.2,78,0.0,0
1,30/08/22,19:30,12.5,81,0.0,0
1,30/08/22,20:00,12.1,82,0.0,0
1,30/08/22,20:30,11.3,85,0.0,0
1,30/08/22,21:00,11.0,87,0.0,0
1,30/08/22,21:30,10.5,89,0.0,0
1,30/08/22,22:00,10.2,89,0.0,0
1,30/08/22,22:30,10.3,91,0.0,0
1,30/08/22,23:00,10.5,91,0.0,0
1,30/08/22,23:30,10.7,92,0.0,0
1,31/08/22,00:00,10.6,92,0.0,0
1,31/08/22,0:30,10.3,93,0.0,0
1,31/08/22,1:00,10.2,93,0.0,0
1,31/08/22,1:30,9.9,94,0.0,0
1,31/08/22,2:00,9.5,94,0.0,0
1,31/08/22,2:30,9.3,95,0.0,0
1,31/08/22,3:00,9.6,94,0.0,0
1,31/08/22,3:30,9.5,94,0.0,0
1,31/08/22,4:00,9.4,94,0.0,0
1,31/08/22,4:30,9.4,94,0.0,0
1,31/08/22,5:00,9.3,94,0.0,0
1,31/08/22,5:30,9.1,95,0.0,0
1,31/08/22,6:00,9.3,95,0.0,0
1,31/08/22,6:30,9.3,94,0.0,0
1,31/08/22,7:00,9.9,92,0.0,4
1,31/08/22,7:30,9.6,92,0.0,43
1,31/08/22,8:00,10.5,89,0.0,144
1,31/08/22,8:30,11.1,88,0.0,245
1,31/08/22,9:00,12.1,84,0.0,406
1,31/08/22,9:30,12.9,79,0.0,383
1,31/08/22,10:00,13.6,78,0.0,577
1,31/08/22,10:30,13.9,77,0.0,517
1,31/08/22,11:00,15.8,72,0.0,695
1,31/08/22,11:30,15.5,73,0.0,498
1,31/08/22,12:00,15.7,70,0.0,643
1,31/08/22,12:30,16.7,67,0.0,782
1,31/08/22,13:00,17.2,67,0.0,674
1,31/08/22,13:30,17.9,68,0.0,879
1,31/08/22,14:00,18.7,66,0.0,836
1,31/08/22,14:30,18.9,64,0.0,667
1,31/08/22,15:00,19.0,67,0.0,612
1,31/08/22,15:30,19.1,64,0.0,515
1,31/08/22,16:00,18.7,66,0.0,238
1,31/08/22,16:30,19.2,66,0.0,334
1,31/08/22,17:00,18.4,67,0.0,161
1,31/08/22,17:30,18.2,68,0.0,128
1,31/08/22,18:00,17.2,73,0.0,39
1,31/08/22,18:30,16.2,76,0.0,6
1,31/08/22,19:00,15.8,78,0.0,0
1,31/08/22,19:30,15.4,79,0.0,0
1,31/08/22,20:00,14.9,80,0.0,0
1,31/08/22,20:30,13.8,85,0.0,0
1,31/08/22,21:00,13.8,84,0.0,0
1,31/08/22,21:30,13.8,84,0.0,0
1,31/08/22,22:00,13.4,86,0.0,0
1,31/08/22,22:30,13.5,86,0.0,0
1,31/08/22,23:00,13.2,86,0.0,0
1,31/08/22,23:30,13.1,87,0.0,0
1,01/09/22,00:00,13.4,86,0.0,0
1,01/09/22,0:30,13.6,84,0.0,0
1,01/09/22,1:00,13.6,83,0.0,0
1,01/09/22,1:30,14.0,80,0.0,0
1,01/09/22,2:00,13.8,81,0.0,0
1,01/09/22,2:30,13.8,80,0.0,0
1,01/09/22,3:00,13.9,79,0.0,0
1,01/09/22,3:30,14.1,79,0.0,0
1,01/09/22,4:00,14.3,78,0.0,0
1,01/09/22,4:30,14.1,78,0.0,0
1,01/09/22,5:00,12.9,83,0.0,0
1,01/09/22,5:30,13.6,80,0.0,0
1,01/09/22,6:00,13.4,81,0.0,0
1,01/09/22,6:30,13.0,83,0.0,0
1,01/09/22,7:00,12.9,83,0.0,1
1,01/09/22,7:30,13.6,82,0.0,21
1,01/09/22,8:00,13.4,84,0.0,38
1,01/09/22,8:30,13.4,84,0.0,67
1,01/09/22,9:00,13.7,83,0.0,95
1,01/09/22,9:30,15.2,81,0.0,296
1,01/09/22,10:00,16.0,78,0.0,370
1,01/09/22,10:30,17.1,76,0.0,430
1,01/09/22,11:00,17.8,76,0.0,528
1,01/09/22,11:30,18.1,75,0.0,273
1,01/09/22,12:00,18.3,74,0.0,245
1,01/09/22,12:30,18.7,74,0.0,259
1,01/09/22,13:00,19.1,73,0.0,335
1,01/09/22,13:30,19.7,71,0.0,351
1,01/09/22,14:00,20.4,70,0.0,435
1,01/09/22,14:30,20.9,69,0.0,349
1,01/09/22,15:00,21.3,68,0.0,305
1,01/09/22,15:30,21.4,70,0.0,308
1,01/09/22,16:00,20.7,75,0.0,206
1,01/09/22,16:30,20.1,78,0.0,120
1,01/09/22,17:00,19.7,80,0.0,43
1,01/09/22,17:30,18.9,81,0.0,15
1,01/09/22,18:00,18.0,86,0.2,1
1,01/09/22,18:30,17.2,91,1.0,0
1,01/09/22,19:00,16.3,93,2.2,0
1,01/09/22,19:30,16.2,94,1.8,0
1,01/09/22,20:00,16.1,92,1.4,0
1,01/09/22,20:30,15.9,92,1.2,0
1,01/09/22,21:00,16.1,94,5.8,0
1,01/09/22,21:30,16.4,93,5.0,0
1,01/09/22,22:00,15.9,95,2.2,0
1,01/09/22,22:30,16.1,96,2.4,0
1,01/09/22,23:00,16.2,95,5.2,0
1,01/09/22,23:30,15.8,96,2.8,0
1,02/09/22,00:00,15.6,97,1.8,0
1,02/09/22,0:30,16.0,97,1.2,0
1,02/09/22,1:00,15.6,97,2.4,0
1,02/09/22,1:30,15.7,97,0.4,0
1,02/09/22,2:00,15.6,97,0.0,0
1,02/09/22,2:30,15.6,97,0.0,0
1,02/09/22,3:00,15.6,97,0.0,0
1,02/09/22,3:30,15.7,98,1.2,0
1,02/09/22,4:00,14.9,97,0.4,0
1,02/09/22,4:30,14.1,98,0.2,0
1,02/09/22,5:00,13.3,98,0.4,0
1,02/09/22,5:30,12.4,98,0.0,0
1,02/09/22,6:00,12.2,97,0.0,0
1,02/09/22,6:30,12.1,97,0.0,0
1,02/09/22,7:00,11.7,97,0.2,0
1,02/09/22,7:30,11.8,97,0.0,11
1,02/09/22,8:00,12.1,97,0.0,31
1,02/09/22,8:30,12.9,95,0.0,151
1,02/09/22,9:00,13.2,91,0.0,171
1,02/09/22,9:30,13.7,90,0.0,325
1,02/09/22,10:00,13.4,90,0.0,208
1,02/09/22,10:30,13.4,91,0.0,147
1,02/09/22,11:00,13.2,92,0.0,107
1,02/09/22,11:30,12.9,94,0.0,105
1,02/09/22,12:00,13.1,94,0.0,158
1,02/09/22,12:30,13.6,93,0.0,206
1,02/09/22,13:00,14.0,90,0.0,196
1,02/09/22,13:30,14.4,90,0.0,178
1,02/09/22,14:00,14.9,88,0.0,330
1,02/09/22,14:30,14.8,86,0.0,288
1,02/09/22,15:00,15.4,80,0.0,299
1,02/09/22,15:30,15.8,73,0.0,509
1,02/09/22,16:00,16.1,71,0.0,450
1,02/09/22,16:30,14.6,71,0.0,145
1,02/09/22,17:00,15.1,68,0.0,202
1,02/09/22,17:30,14.4,66,0.0,133
1,02/09/22,18:00,13.6,67,0.0,37
1,02/09/22,18:30,12.5,73,0.0,7
1,02/09/22,19:00,11.9,74,0.0,0
1,02/09/22,19:30,11.7,77,0.0,0
1,02/09/22,20:00,11.1,79,0.0,0
1,02/09/22,20:30,11.2,77,0.0,0
1,02/09/22,21:00,10.6,74,0.0,0
1,02/09/22,21:30,9.5,79,0.0,0
1,02/09/22,22:00,9.1,85,0.0,0
1,02/09/22,22:30,8.5,88,0.0,0
1,02/09/22,23:00,8.1,89,0.0,0
1,02/09/22,23:30,7.8,90,0.0,0
1,03/09/22,00:00,7.1,91,0.0,0
1,03/09/22,0:30,6.8,92,0.0,0
1,03/09/22,1:00,6.7,91,0.0,0
1,03/09/22,1:30,6.3,91,0.0,0
1,03/09/22,2:00,5.9,90,0.0,0
1,03/09/22,2:30,5.7,93,0.0,0
1,03/09/22,3:00,4.8,90,0.0,0
1,03/09/22,3:30,4.7,89,0.0,0
1,03/09/22,4:00,4.2,88,0.0,0
1,03/09/22,4:30,3.9,89,0.0,0
1,03/09/22,5:00,4.2,89,0.0,0
1,03/09/22,5:30,3.7,88,0.0,0
1,03/09/22,6:00,3.6,88,0.0,0
1,03/09/22,6:30,3.7,88,0.0,0
1,03/09/22,7:00,3.8,88,0.0,3
1,03/09/22,7:30,4.2,87,0.0,37
1,03/09/22,8:00,4.6,87,0.0,79
1,03/09/22,8:30,5.1,88,0.0,143
1,03/09/22,9:00,5.4,86,0.0,148
1,03/09/22,9:30,7.0,83,0.0,522
1,03/09/22,10:00,7.9,80,0.0,611
1,03/09/22,10:30,8.7,77,0.0,686
1,03/09/22,11:00,9.8,76,0.0,741
1,03/09/22,11:30,11.1,64,0.0,787
1,03/09/22,12:00,11.7,62,0.0,820
1,03/09/22,12:30,12.4,63,0.0,834
1,03/09/22,13:00,12.7,60,0.0,830
1,03/09/22,13:30,13.2,55,0.0,807
1,03/09/22,14:00,13.2,54,0.0,771
1,03/09/22,14:30,13.6,49,0.0,717
1,03/09/22,15:00,13.9,50,0.0,647
1,03/09/22,15:30,13.9,42,0.0,568
1,03/09/22,16:00,14.1,45,0.0,476
1,03/09/22,16:30,13.9,37,0.0,372
1,03/09/22,17:00,13.8,41,0.0,261
1,03/09/22,17:30,13.4,46,0.0,136
1,03/09/22,18:00,12.5,55,0.0,39
1,03/09/22,18:30,10.2,63,0.0,7
1,03/09/22,19:00,9.2,65,0.0,0
1,03/09/22,19:30,8.8,69,0.0,0
1,03/09/22,20:00,8.7,70,0.0,0
1,03/09/22,20:30,8.3,73,0.0,0
1,03/09/22,21:00,8.1,73,0.0,0
1,03/09/22,21:30,7.8,75,0.0,0
1,03/09/22,22:00,7.8,76,0.0,0
1,03/09/22,22:30,7.8,78,0.0,0
1,03/09/22,23:00,7.6,79,0.0,0
1,03/09/22,23:30,7.7,79,0.0,0
1,04/09/22,00:00,7.5,79,0.0,0
1,04/09/22,0:30,6.9,79,0.0,0
1,04/09/22,1:00,7.1,78,0.0,0
1,04/09/22,1:30,7.1,78,0.0,0
1,04/09/22,2:00,6.7,81,0.0,0
1,04/09/22,2:30,6.7,82,0.0,0
1,04/09/22,3:00,6.0,84,0.0,0
1,04/09/22,3:30,6.5,87,0.0,0
1,04/09/22,4:00,5.9,85,0.0,0
1,04/09/22,4:30,5.5,89,0.0,0
1,04/09/22,5:00,5.6,92,0.0,0
1,04/09/22,5:30,5.4,91,0.0,0
1,04/09/22,6:00,6.2,92,0.0,0
1,04/09/22,6:30,6.3,90,0.0,0
1,04/09/22,7:00,6.4,90,0.0,5
1,04/09/22,7:30,5.9,92,0.0,55
1,04/09/22,8:00,6.3,92,0.0,174
1,04/09/22,8:30,8.5,88,0.0,298
1,04/09/22,9:00,8.4,90,0.0,410
1,04/09/22,9:30,9.6,83,0.0,513
1,04/09/22,10:00,11.2,72,0.0,610
1,04/09/22,10:30,11.8,58,0.0,691
1,04/09/22,11:00,12.8,53,0.0,755
1,04/09/22,11:30,13.6,42,0.0,805
1,04/09/22,12:00,14.7,38,0.0,839
1,04/09/22,12:30,14.8,27,0.0,854
1,04/09/22,13:00,15.6,29,0.0,850
1,04/09/22,13:30,15.9,37,0.0,828
1,04/09/22,14:00,16.6,30,0.0,789
1,04/09/22,14:30,17.0,29,0.0,734
1,04/09/22,15:00,17.2,31,0.0,661
1,04/09/22,15:30,17.6,30,0.0,575
1,04/09/22,16:00,17.8,29,0.0,483
1,04/09/22,16:30,17.7,26,0.0,376
1,04/09/22,17:00,17.3,32,0.0,264
1,04/09/22,17:30,16.7,34,0.0,140
1,04/09/22,18:00,15.4,40,0.0,40
1,04/09/22,18:30,13.3,49,0.0,7
1,04/09/22,19:00,12.8,52,0.0,0
1,04/09/22,19:30,11.9,51,0.0,0
1,04/09/22,20:00,11.8,49,0.0,0
1,04/09/22,20:30,11.5,48,0.0,0
1,04/09/22,21:00,10.8,56,0.0,0
1,04/09/22,21:30,10.6,61,0.0,0
1,04/09/22,22:00,9.8,67,0.0,0
1,04/09/22,22:30,10.4,69,0.0,0
1,04/09/22,23:00,9.5,73,0.0,0
1,04/09/22,23:30,9.2,75,0.0,0
1,05/09/22,00:00,9.1,76,0.0,0
1,05/09/22,0:30,8.7,76,0.0,0
1,05/09/22,1:00,8.4,79,0.0,0
1,05/09/22,1:30,7.9,81,0.0,0
1,05/09/22,2:00,7.9,83,0.0,0
1,05/09/22,2:30,7.6,84,0.0,0
1,05/09/22,3:00,7.4,89,0.0,0
1,05/09/22,3:30,7.6,89,0.0,0
1,05/09/22,4:00,8.3,89,0.0,0
1,05/09/22,4:30,6.9,92,0.0,0
1,05/09/22,5:00,7.4,90,0.0,0
1,05/09/22,5:30,7.4,88,0.0,0
1,05/09/22,6:00,7.3,87,0.0,0
1,05/09/22,6:30,7.6,86,0.0,0
1,05/09/22,7:00,7.7,87,0.0,5
1,05/09/22,7:30,7.9,87,0.0,54
1,05/09/22,8:00,8.8,88,0.0,173
1,05/09/22,8:30,10.4,87,0.0,297
1,05/09/22,9:00,11.1,85,0.0,407
1,05/09/22,9:30,11.9,83,0.0,507
1,05/09/22,10:00,13.1,81,0.0,598
1,05/09/22,10:30,14.5,75,0.0,675
1,05/09/22,11:00,15.4,69,0.0,737
1,05/09/22,11:30,16.4,67,0.0,785
1,05/09/22,12:00,17.4,60,0.0,819
1,05/09/22,12:30,18.1,60,0.0,833
1,05/09/22,13:00,18.2,58,0.0,832
1,05/09/22,13:30,18.5,61,0.0,810
1,05/09/22,14:00,18.6,59,0.0,767
1,05/09/22,14:30,19.2,60,0.0,708
1,05/09/22,15:00,19.3,61,0.0,640
1,05/09/22,15:30,19.2,57,0.0,560
1,05/09/22,16:00,19.3,58,0.0,466
1,05/09/22,16:30,18.9,58,0.0,364
1,05/09/22,17:00,18.2,62,0.0,257
1,05/09/22,17:30,17.2,67,0.0,135
1,05/09/22,18:00,16.0,71,0.0,43
1,05/09/22,18:30,14.8,75,0.0,7
1,05/09/22,19:00,14.1,79,0.0,0
1,05/09/22,19:30,13.6,82,0.0,0
1,05/09/22,20:00,13.1,84,0.0,0
1,05/09/22,20:30,12.6,86,0.0,0
1,05/09/22,21:00,12.2,89,0.0,0
1,05/09/22,21:30,11.9,90,0.0,0
1,05/09/22,22:00,11.9,90,0.0,0
1,05/09/22,22:30,11.5,91,0.0,0
1,05/09/22,23:00,11.3,92,0.0,0
1,05/09/22,23:30,11.3,91,0.0,0
1,06/09/22,00:00,10.9,91,0.0,0
1,06/09/22,0:30,10.8,92,0.0,0
1,06/09/22,1:00,10.6,92,0.0,0
1,06/09/22,1:30,10.9,92,0.0,0
1,06/09/22,2:00,10.4,94,0.0,0
1,06/09/22,2:30,10.9,94,0.0,0
1,06/09/22,3:00,11.3,94,0.0,0
1,06/09/22,3:30,11.6,94,0.0,0
1,06/09/22,4:00,11.6,94,0.0,0
1,06/09/22,4:30,11.7,94,0.0,0
1,06/09/22,5:00,11.6,94,0.0,0
1,06/09/22,5:30,11.8,94,0.0,0
1,06/09/22,6:00,11.6,94,0.0,0
1,06/09/22,6:30,11.4,95,0.0,0
1,06/09/22,7:00,11.4,95,0.0,0
1,06/09/22,7:30,11.7,95,0.6,6
1,06/09/22,8:00,11.8,96,0.2,13
1,06/09/22,8:30,11.8,96,0.4,17
1,06/09/22,9:00,12.7,96,1.4,90
1,06/09/22,9:30,13.1,95,0.0,235
1,06/09/22,10:00,14.1,95,0.0,240
1,06/09/22,10:30,14.9,90,0.0,579
1,06/09/22,11:00,15.9,90,0.0,652
1,06/09/22,11:30,15.9,87,0.0,735
1,06/09/22,12:00,17.2,85,0.0,683
1,06/09/22,12:30,17.8,80,0.0,812
1,06/09/22,13:00,18.7,75,0.0,802
1,06/09/22,13:30,18.8,75,0.0,709
1,06/09/22,14:00,19.1,74,0.0,640
1,06/09/22,14:30,19.4,74,0.0,553
1,06/09/22,15:00,18.5,76,0.0,224
1,06/09/22,15:30,18.9,73,0.0,365
1,06/09/22,16:00,17.9,78,0.0,147
1,06/09/22,16:30,18.8,74,0.0,299
1,06/09/22,17:00,18.6,75,0.0,256
1,06/09/22,17:30,17.9,77,0.0,106
1,06/09/22,18:00,17.7,79,0.0,46
1,06/09/22,18:30,16.6,84,0.0,11
1,06/09/22,19:00,15.9,87,0.0,0
1,06/09/22,19:30,14.9,90,0.0,0
1,06/09/22,20:00,14.7,90,0.0,0
1,06/09/22,20:30,14.4,91,0.0,0
1,06/09/22,21:00,14.2,91,0.0,0
1,06/09/22,21:30,13.9,91,0.0,0
1,06/09/22,22:00,13.7,92,0.0,0
1,06/09/22,22:30,13.7,93,0.0,0
1,06/09/22,23:00,13.6,93,0.0,0
1,06/09/22,23:30,13.6,94,0.0,0
1,07/09/22,00:00,13.8,94,0.0,0
1,07/09/22,0:30,14.0,94,0.0,0
1,07/09/22,1:00,13.8,95,0.0,0
1,07/09/22,1:30,13.6,95,0.0,0
1,07/09/22,2:00,13.6,96,0.0,0
1,07/09/22,2:30,13.4,97,0.0,0
1,07/09/22,3:00,13.3,97,0.0,0
1,07/09/22,3:30,13.3,97,0.0,0
1,07/09/22,4:00,13.3,97,0.0,0
1,07/09/22,4:30,13.1,97,0.0,0
1,07/09/22,5:00,13.1,98,0.0,0
1,07/09/22,5:30,13.1,98,0.0,0
1,07/09/22,6:00,13.1,98,0.0,0
1,07/09/22,6:30,13.1,98,0.0,0
1,07/09/22,7:00,13.1,98,0.0,4
1,07/09/22,7:30,13.1,98,0.0,38
1,07/09/22,8:00,13.4,98,0.0,151
1,07/09/22,8:30,14.7,98,0.0,262
1,07/09/22,9:00,16.1,96,0.0,370
1,07/09/22,9:30,14.8,95,0.0,468
1,07/09/22,10:00,15.7,93,0.0,563
1,07/09/22,10:30,16.6,90,0.0,640
1,07/09/22,11:00,17.3,89,0.0,405
1,07/09/22,11:30,18.9,84,0.0,614
1,07/09/22,12:00,19.7,77,0.0,796
1,07/09/22,12:30,20.4,75,0.0,799
1,07/09/22,13:00,20.8,74,0.0,545
1,07/09/22,13:30,20.7,73,0.0,328
1,07/09/22,14:00,21.3,70,0.0,349
1,07/09/22,14:30,21.6,71,0.0,421
1,07/09/22,15:00,21.1,73,0.0,271
1,07/09/22,15:30,20.9,74,0.0,251
1,07/09/22,16:00,20.9,74,0.0,256
1,07/09/22,16:30,21.4,72,0.0,289
1,07/09/22,17:00,21.4,73,0.0,249
1,07/09/22,17:30,21.1,72,0.0,130
1,07/09/22,18:00,19.6,78,0.0,35
1,07/09/22,18:30,18.3,82,0.0,7
1,07/09/22,19:00,17.7,84,0.0,0
1,07/09/22,19:30,17.6,85,0.0,0
1,07/09/22,20:00,17.4,85,0.0,0
1,07/09/22,20:30,17.3,85,0.0,0
1,07/09/22,21:00,17.0,86,0.0,0
1,07/09/22,21:30,17.1,85,0.0,0
1,07/09/22,22:00,16.8,87,0.0,0
1,07/09/22,22:30,16.7,87,0.0,0
1,07/09/22,23:00,16.2,88,0.0,0
1,07/09/22,23:30,16.1,89,0.0,0
1,08/09/22,00:00,16.1,89,0.0,0
1,08/09/22,0:30,15.8,90,0.0,0
1,08/09/22,1:00,16.0,91,0.0,0
1,08/09/22,1:30,15.5,92,0.0,0
1,08/09/22,2:00,15.5,91,0.0,0
1,08/09/22,2:30,15.6,91,0.0,0
1,08/09/22,3:00,15.7,89,0.0,0
1,08/09/22,3:30,14.9,92,0.0,0
1,08/09/22,4:00,14.7,92,0.0,0
1,08/09/22,4:30,15.1,91,0.0,0
1,08/09/22,5:00,14.7,91,0.0,0
1,08/09/22,5:30,14.8,91,0.0,0
1,08/09/22,6:00,14.7,91,0.0,0
1,08/09/22,6:30,14.8,90,0.0,0
1,08/09/22,7:00,14.7,91,0.0,8
1,08/09/22,7:30,15.4,89,0.0,62
1,08/09/22,8:00,16.3,87,0.0,179
1,08/09/22,8:30,17.2,85,0.0,297
1,08/09/22,9:00,18.1,84,0.0,410
1,08/09/22,9:30,19.0,80,0.0,516
1,08/09/22,10:00,19.4,80,0.0,609
1,08/09/22,10:30,19.9,79,0.0,676
1,08/09/22,11:00,19.8,78,0.0,694
1,08/09/22,11:30,20.7,76,0.0,777
1,08/09/22,12:00,21.1,72,0.0,769
1,08/09/22,12:30,21.6,69,0.0,697
1,08/09/22,13:00,22.2,65,0.0,679
1,08/09/22,13:30,22.2,67,0.0,610
1,08/09/22,14:00,21.7,70,0.0,209
1,08/09/22,14:30,22.1,71,0.0,266
1,08/09/22,15:00,22.2,70,0.0,428
1,08/09/22,15:30,22.6,69,0.0,351
1,08/09/22,16:00,22.5,72,0.0,284
1,08/09/22,16:30,22.4,74,0.0,202
1,08/09/22,17:00,22.2,74,0.0,180
1,08/09/22,17:30,21.9,75,0.0,90
1,08/09/22,18:00,21.4,77,0.0,35
1,08/09/22,18:30,21.0,79,0.0,5
1,08/09/22,19:00,20.3,81,0.0,0
1,08/09/22,19:30,20.2,82,0.0,0
1,08/09/22,20:00,19.9,82,0.0,0
1,08/09/22,20:30,19.4,84,0.0,0
1,08/09/22,21:00,19.3,84,0.0,0
1,08/09/22,21:30,18.8,85,0.0,0
1,08/09/22,22:00,19.5,82,0.0,0
1,08/09/22,22:30,19.2,83,0.0,0
1,08/09/22,23:00,19.0,84,0.0,0
1,08/09/22,23:30,18.9,84,0.0,0
1,09/09/22,00:00,18.6,86,0.0,0
1,09/09/22,0:30,18.2,88,1.8,0
1,09/09/22,1:00,18.4,89,3.8,0
1,09/09/22,1:30,18.9,88,0.0,0
1,09/09/22,2:00,19.1,85,0.0,0
1,09/09/22,2:30,17.6,89,0.0,0
1,09/09/22,3:00,17.4,90,0.0,0
1,09/09/22,3:30,17.8,91,0.0,0
1,09/09/22,4:00,18.6,88,0.0,0
1,09/09/22,4:30,18.9,87,0.0,0
1,09/09/22,5:00,19.4,85,0.0,0
1,09/09/22,5:30,19.4,86,0.0,0
1,09/09/22,6:00,18.3,85,0.0,0
1,09/09/22,6:30,17.7,92,0.0,0
1,09/09/22,7:00,18.1,89,0.0,1
1,09/09/22,7:30,17.8,91,0.0,16
1,09/09/22,8:00,17.8,91,0.0,40
1,09/09/22,8:30,18.3,91,0.0,149
1,09/09/22,9:00,18.5,92,0.0,206
1,09/09/22,9:30,18.8,93,0.0,229
1,09/09/22,10:00,18.9,92,0.0,332
1,09/09/22,10:30,18.7,92,0.0,208
1,09/09/22,11:00,18.2,92,0.0,156
1,09/09/22,11:30,18.1,93,0.0,236
1,09/09/22,12:00,17.3,92,0.0,173
1,09/09/22,12:30,16.4,93,0.0,103
1,09/09/22,13:00,15.6,95,0.0,17
1,09/09/22,13:30,14.9,96,1.6,15
1,09/09/22,14:00,14.6,97,1.0,27
1,09/09/22,14:30,12.8,97,0.0,43
1,09/09/22,15:00,12.2,97,0.0,121
1,09/09/22,15:30,11.4,96,0.0,65
1,09/09/22,16:00,10.9,96,0.0,64
1,09/09/22,16:30,10.5,97,0.0,67
1,09/09/22,17:00,10.1,97,0.0,44
1,09/09/22,17:30,9.6,96,0.0,26
1,09/09/22,18:00,9.1,97,0.2,9
1,09/09/22,18:30,9.1,97,0.0,1
1,09/09/22,19:00,9.1,96,0.0,0
1,09/09/22,19:30,9.1,96,0.0,0
1,09/09/22,20:00,9.1,95,0.2,0
1,09/09/22,20:30,8.6,93,0.0,0
1,09/09/22,21:00,8.3,93,0.0,0
1,09/09/22,21:30,8.4,89,0.0,0
1,09/09/22,22:00,8.2,83,0.0,0
1,09/09/22,22:30,7.8,82,0.0,0
1,09/09/22,23:00,7.6,81,0.0,0
1,09/09/22,23:30,7.5,80,0.0,0
1,10/09/22,00:00,7.3,81,0.0,0
1,10/09/22,0:30,6.3,81,0.0,0
1,10/09/22,1:00,5.6,83,0.0,0
1,10/09/22,1:30,4.9,85,0.0,0
1,10/09/22,2:00,4.7,86,0.0,0
1,10/09/22,2:30,4.4,85,0.0,0
1,10/09/22,3:00,3.9,87,0.0,0
1,10/09/22,3:30,3.8,87,0.0,0
1,10/09/22,4:00,3.6,89,0.0,0
1,10/09/22,4:30,3.3,90,0.0,0
1,10/09/22,5:00,3.4,91,0.0,0
1,10/09/22,5:30,3.3,91,0.0,0
1,10/09/22,6:00,3.1,92,0.0,0
1,10/09/22,6:30,2.9,93,0.0,0
1,10/09/22,7:00,2.9,93,0.0,9
1,10/09/22,7:30,3.4,94,0.0,77
1,10/09/22,8:00,3.8,93,0.0,199
1,10/09/22,8:30,4.9,93,0.0,322
1,10/09/22,9:00,7.1,86,0.0,438
1,10/09/22,9:30,7.5,82,0.0,561
1,10/09/22,10:00,7.8,80,0.0,639
1,10/09/22,10:30,8.8,78,0.0,719
1,10/09/22,11:00,9.4,75,0.0,777
1,10/09/22,11:30,10.2,72,0.0,824
1,10/09/22,12:00,10.9,65,0.0,856
1,10/09/22,12:30,11.4,64,0.0,868
1,10/09/22,13:00,12.2,60,0.0,864
1,10/09/22,13:30,12.5,61,0.0,841
1,10/09/22,14:00,13.0,60,0.0,801
1,10/09/22,14:30,13.2,59,0.0,747
1,10/09/22,15:00,13.8,55,0.0,674
1,10/09/22,15:30,14.1,54,0.0,590
1,10/09/22,16:00,14.0,52,0.0,495
1,10/09/22,16:30,13.7,53,0.0,389
1,10/09/22,17:00,13.6,52,0.0,278
1,10/09/22,17:30,13.2,56,0.0,154
1,10/09/22,18:00,12.4,59,0.0,48
1,10/09/22,18:30,11.0,61,0.0,9
1,10/09/22,19:00,9.9,66,0.0,0
1,10/09/22,19:30,9.8,66,0.0,0
1,10/09/22,20:00,9.8,65,0.0,0
1,10/09/22,20:30,9.6,65,0.0,0
1,10/09/22,21:00,9.5,65,0.0,0
1,10/09/22,21:30,8.4,71,0.0,0
1,10/09/22,22:00,8.7,69,0.0,0
1,10/09/22,22:30,8.1,72,0.0,0
1,10/09/22,23:00,7.9,69,0.0,0
1,10/09/22,23:30,7.9,69,0.0,0
1,11/09/22,00:00,6.5,73,0.0,0
1,11/09/22,0:30,6.6,74,0.0,0
1,11/09/22,1:00,7.1,71,0.0,0
1,11/09/22,1:30,7.4,69,0.0,0
1,11/09/22,2:00,6.9,71,0.0,0
1,11/09/22,2:30,6.4,72,0.0,0
1,11/09/22,3:00,5.5,77,0.0,0
1,11/09/22,3:30,5.7,79,0.0,0
1,11/09/22,4:00,6.1,79,0.0,0
1,11/09/22,4:30,5.7,79,0.0,0
1,11/09/22,5:00,5.1,86,0.0,0
1,11/09/22,5:30,6.0,86,0.0,0
1,11/09/22,6:00,4.9,86,0.0,0
1,11/09/22,6:30,4.9,86,0.0,0
1,11/09/22,7:00,4.9,85,0.0,10
1,11/09/22,7:30,6.4,84,0.0,83
1,11/09/22,8:00,7.1,80,0.0,215
1,11/09/22,8:30,8.7,63,0.0,335
1,11/09/22,9:00,10.0,57,0.0,449
1,11/09/22,9:30,11.0,56,0.0,550
1,11/09/22,10:00,11.7,56,0.0,639
1,11/09/22,10:30,12.6,56,0.0,718
1,11/09/22,11:00,13.1,54,0.0,783
1,11/09/22,11:30,13.4,56,0.0,830
1,11/09/22,12:00,14.3,48,0.0,870
1,11/09/22,12:30,14.3,51,0.0,735
1,11/09/22,13:00,14.3,43,0.0,763
1,11/09/22,13:30,15.2,39,0.0,907
1,11/09/22,14:00,15.0,43,0.0,521
1,11/09/22,14:30,15.8,47,0.0,763
1,11/09/22,15:00,15.8,45,0.0,542
1,11/09/22,15:30,15.3,47,0.0,312
1,11/09/22,16:00,15.3,51,0.0,485
1,11/09/22,16:30,15.3,54,0.0,271
1,11/09/22,17:00,14.4,57,0.0,137
1,11/09/22,17:30,13.7,61,0.0,77
1,11/09/22,18:00,13.1,66,0.0,33
1,11/09/22,18:30,12.3,73,0.0,6
1,11/09/22,19:00,11.7,74,0.0,0
1,11/09/22,19:30,11.1,72,0.0,0
1,11/09/22,20:00,10.6,74,0.0,0
1,11/09/22,20:30,9.9,76,0.0,0
1,11/09/22,21:00,9.7,80,0.0,0
1,11/09/22,21:30,9.5,84,0.0,0
1,11/09/22,22:00,9.4,86,0.0,0
1,11/09/22,22:30,9.6,88,0.0,0
1,11/09/22,23:00,9.6,88,0.0,0
1,11/09/22,23:30,9.6,89,0.0,0
1,12/09/22,00:00,9.4,90,0.0,0
1,12/09/22,0:30,9.3,91,0.0,0
1,12/09/22,1:00,9.3,91,0.0,0
1,12/09/22,1:30,9.6,92,0.0,0
1,12/09/22,2:00,9.7,92,0.0,0
1,12/09/22,2:30,9.8,92,0.0,0
1,12/09/22,3:00,9.9,92,0.0,0
1,12/09/22,3:30,9.9,92,0.0,0
1,12/09/22,4:00,10.1,93,0.0,0
1,12/09/22,4:30,10.1,93,0.0,0
1,12/09/22,5:00,10.1,93,0.0,0
1,12/09/22,5:30,10.2,93,0.0,0
1,12/09/22,6:00,10.2,93,0.0,0
1,12/09/22,6:30,9.9,94,0.0,0
1,12/09/22,7:00,9.8,94,0.0,13
1,12/09/22,7:30,10.1,94,0.0,64
1,12/09/22,8:00,11.0,92,0.0,151
1,12/09/22,8:30,11.3,90,0.0,208
1,12/09/22,9:00,11.8,90,0.0,229
1,12/09/22,9:30,12.6,87,0.0,320
1,12/09/22,10:00,13.4,85,0.0,433
1,12/09/22,10:30,14.6,82,0.0,592
1,12/09/22,11:00,16.0,78,0.0,701
1,12/09/22,11:30,16.6,77,0.0,583
1,12/09/22,12:00,16.6,76,0.0,553
1,12/09/22,12:30,17.4,77,0.0,694
1,12/09/22,13:00,17.4,75,0.0,960
1,12/09/22,13:30,17.0,79,0.0,321
1,12/09/22,14:00,16.8,77,0.0,327
1,12/09/22,14:30,16.9,77,0.0,548
1,12/09/22,15:00,17.3,78,0.0,647
1,12/09/22,15:30,17.7,73,0.0,567
1,12/09/22,16:00,18.1,74,0.0,470
1,12/09/22,16:30,18.1,72,0.0,333
1,12/09/22,17:00,18.3,73,0.0,216
1,12/09/22,17:30,17.5,77,0.0,103
1,12/09/22,18:00,16.8,76,0.0,31
1,12/09/22,18:30,15.8,81,0.0,5
1,12/09/22,19:00,15.3,84,0.0,0
1,12/09/22,19:30,14.4,87,0.0,0
1,12/09/22,20:00,14.1,89,0.0,0
1,12/09/22,20:30,13.6,91,0.0,0
1,12/09/22,21:00,13.4,90,0.0,0
1,12/09/22,21:30,13.3,90,0.0,0
1,12/09/22,22:00,13.2,90,0.0,0
1,12/09/22,22:30,12.9,91,0.0,0
1,12/09/22,23:00,12.6,92,0.0,0
1,12/09/22,23:30,11.8,93,0.0,0
1,13/09/22,00:00,10.8,94,0.0,0
1,13/09/22,0:30,10.7,95,0.0,0
1,13/09/22,1:00,10.5,96,0.0,0
1,13/09/22,1:30,10.2,96,0.0,0
1,13/09/22,2:00,10.9,97,0.0,0
1,13/09/22,2:30,10.4,96,0.0,0
1,13/09/22,3:00,9.7,97,0.0,0
1,13/09/22,3:30,10.0,97,0.0,0
1,13/09/22,4:00,10.1,97,0.0,0
1,13/09/22,4:30,10.2,97,0.0,0
1,13/09/22,5:00,10.6,97,0.0,0
1,13/09/22,5:30,10.9,98,0.0,0
1,13/09/22,6:00,11.1,98,0.0,0
1,13/09/22,6:30,11.3,98,0.0,0
1,13/09/22,7:00,11.6,98,0.0,1
1,13/09/22,7:30,11.8,98,0.0,16
1,13/09/22,8:00,12.1,98,0.2,52
1,13/09/22,8:30,12.1,98,0.2,106
1,13/09/22,9:00,12.7,96,0.0,194
1,13/09/22,9:30,13.2,92,0.0,219
1,13/09/22,10:00,14.1,88,0.0,308
1,13/09/22,10:30,14.1,87,0.0,358
1,13/09/22,11:00,14.6,83,0.0,288
1,13/09/22,11:30,15.2,81,0.0,287
1,13/09/22,12:00,16.3,78,0.0,399
1,13/09/22,12:30,15.7,78,0.0,391
1,13/09/22,13:00,16.4,73,0.0,660
1,13/09/22,13:30,17.2,72,0.0,740
1,13/09/22,14:00,17.3,70,0.0,721
1,13/09/22,14:30,17.7,67,0.0,624
1,13/09/22,15:00,17.4,66,0.0,634
1,13/09/22,15:30,16.9,70,0.0,431
1,13/09/22,16:00,16.4,69,0.0,583
1,13/09/22,16:30,16.3,70,0.0,257
1,13/09/22,17:00,15.8,72,0.0,243
1,13/09/22,17:30,15.8,71,0.0,177
1,13/09/22,18:00,15.3,74,0.0,47
1,13/09/22,18:30,14.4,77,0.0,20
1,13/09/22,19:00,13.6,81,0.0,0
1,13/09/22,19:30,14.1,83,0.0,0
1,13/09/22,20:00,13.8,86,0.0,0
1,13/09/22,20:30,13.3,89,0.0,0
1,13/09/22,21:00,12.8,92,0.0,0
1,13/09/22,21:30,12.6,93,0.0,0
1,13/09/22,22:00,12.2,94,0.0,0
1,13/09/22,22:30,12.2,95,0.0,0
1,13/09/22,23:00,12.2,94,0.0,0
1,13/09/22,23:30,11.9,94,0.0,0
1,14/09/22,00:00,11.8,94,0.0,0
1,14/09/22,0:30,11.9,94,0.0,0
1,14/09/22,1:00,11.8,93,0.0,0
1,14/09/22,1:30,11.6,94,0.0,0
1,14/09/22,2:00,11.3,95,0.0,0
1,14/09/22,2:30,11.2,95,0.0,0
1,14/09/22,3:00,11.0,96,0.0,0
1,14/09/22,3:30,10.7,96,0.0,0
1,14/09/22,4:00,10.6,96,0.0,0
1,14/09/22,4:30,10.6,95,0.0,0
1,14/09/22,5:00,10.4,95,0.0,0
1,14/09/22,5:30,9.6,94,0.0,0
1,14/09/22,6:00,9.2,94,0.0,0
1,14/09/22,6:30,9.0,94,0.0,0
1,14/09/22,7:00,9.2,94,0.0,26
1,14/09/22,7:30,9.3,93,0.0,43
1,14/09/22,8:00,9.4,91,0.0,86
1,14/09/22,8:30,9.8,89,0.0,139
1,14/09/22,9:00,10.6,89,0.0,225
1,14/09/22,9:30,10.9,88,0.0,224
1,14/09/22,10:00,11.6,86,0.0,280
1,14/09/22,10:30,11.9,83,0.0,356
1,14/09/22,11:00,12.7,80,0.0,573
1,14/09/22,11:30,14.2,77,0.0,900
1,14/09/22,12:00,14.8,73,0.0,637
1,14/09/22,12:30,15.1,72,0.0,828
1,14/09/22,13:00,15.6,69,0.0,950
1,14/09/22,13:30,15.6,72,0.0,499
1,14/09/22,14:00,16.6,65,0.0,863
1,14/09/22,14:30,16.6,66,0.0,774
1,14/09/22,15:00,16.9,66,0.0,672
1,14/09/22,15:30,16.9,68,0.0,479
1,14/09/22,16:00,16.5,69,0.0,342
1,14/09/22,16:30,17.2,67,0.0,426
1,14/09/22,17:00,16.0,73,0.0,188
1,14/09/22,17:30,15.5,76,0.0,148
1,14/09/22,18:00,15.2,77,0.0,67
1,14/09/22,18:30,14.1,83,0.0,14
1,14/09/22,19:00,13.5,85,0.0,0
1,14/09/22,19:30,13.3,86,0.0,0
1,14/09/22,20:00,12.8,88,0.0,0
1,14/09/22,20:30,12.3,88,0.0,0
1,14/09/22,21:00,11.7,91,0.0,0
1,14/09/22,21:30,11.6,90,0.0,0
1,14/09/22,22:00,11.7,91,0.0,0
1,14/09/22,22:30,11.8,89,0.0,0
1,14/09/22,23:00,11.8,90,0.0,0
1,14/09/22,23:30,11.7,91,0.0,0
1,15/09/22,00:00,11.6,91,0.0,0
1,15/09/22,0:30,11.3,91,0.0,0
1,15/09/22,1:00,11.4,92,0.0,0
1,15/09/22,1:30,11.1,92,0.0,0
1,15/09/22,2:00,10.7,93,0.0,0
1,15/09/22,2:30,10.6,94,0.0,0
1,15/09/22,3:00,10.8,93,0.0,0
1,15/09/22,3:30,10.4,93,0.0,0
1,15/09/22,4:00,10.3,95,0.0,0
1,15/09/22,4:30,10.6,94,0.0,0
1,15/09/22,5:00,10.7,94,0.0,0
1,15/09/22,5:30,10.8,95,0.0,0
1,15/09/22,6:00,10.8,95,0.0,0
1,15/09/22,6:30,10.7,94,0.0,0
1,15/09/22,7:00,10.7,94,0.0,12
1,15/09/22,7:30,10.8,94,0.0,52
1,15/09/22,8:00,11.3,93,0.0,103
1,15/09/22,8:30,11.9,92,0.0,147
1,15/09/22,9:00,12.4,92,0.0,194
1,15/09/22,9:30,13.2,89,0.0,287
1,15/09/22,10:00,14.1,86,0.0,395
1,15/09/22,10:30,15.4,83,0.0,511
1,15/09/22,11:00,15.6,82,0.0,524
1,15/09/22,11:30,15.3,82,0.0,287
1,15/09/22,12:00,16.1,78,0.0,661
1,15/09/22,12:30,16.9,77,0.0,579
1,15/09/22,13:00,17.8,73,0.0,761
1,15/09/22,13:30,17.8,72,0.0,777
1,15/09/22,14:00,18.6,69,0.0,883
1,15/09/22,14:30,18.8,63,0.0,769
1,15/09/22,15:00,18.9,63,0.0,713
1,15/09/22,15:30,19.3,63,0.0,601
1,15/09/22,16:00,19.2,61,0.0,503
1,15/09/22,16:30,18.7,64,0.0,393
1,15/09/22,17:00,18.4,68,0.0,280
1,15/09/22,17:30,17.8,70,0.0,147
1,15/09/22,18:00,16.5,72,0.0,49
1,15/09/22,18:30,15.9,74,0.0,11
1,15/09/22,19:00,15.2,77,0.0,0
1,15/09/22,19:30,14.4,82,0.0,0
1,15/09/22,20:00,13.8,84,0.0,0
1,15/09/22,20:30,13.4,87,0.0,0
1,15/09/22,21:00,13.4,88,0.0,0
1,15/09/22,21:30,13.3,89,0.0,0
1,15/09/22,22:00,13.0,91,0.0,0
1,15/09/22,22:30,12.6,92,0.0,0
1,15/09/22,23:00,12.5,93,0.0,0
1,15/09/22,23:30,12.4,93,0.0,0
1,16/09/22,00:00,12.4,93,0.0,0
1,16/09/22,0:30,12.3,93,0.0,0
1,16/09/22,1:00,12.4,93,0.0,0
1,16/09/22,1:30,12.3,93,0.0,0
1,16/09/22,2:00,12.1,93,0.0,0
1,16/09/22,2:30,11.9,93,0.0,0
1,16/09/22,3:00,11.9,93,0.0,0
1,16/09/22,3:30,11.7,94,0.0,0
1,16/09/22,4:00,11.9,94,0.0,0
1,16/09/22,4:30,12.0,93,0.0,0
1,16/09/22,5:00,11.7,94,0.0,0
1,16/09/22,5:30,11.6,94,0.0,0
1,16/09/22,6:00,11.4,95,0.0,0
1,16/09/22,6:30,11.7,94,0.0,0
1,16/09/22,7:00,11.4,94,0.0,15
1,16/09/22,7:30,12.6,92,0.0,94
1,16/09/22,8:00,13.1,92,0.0,216
1,16/09/22,8:30,13.8,90,0.0,268
1,16/09/22,9:00,14.7,84,0.0,371
1,16/09/22,9:30,15.9,81,0.0,542
1,16/09/22,10:00,16.4,77,0.0,727
1,16/09/22,10:30,16.9,74,0.0,740
1,16/09/22,11:00,17.9,70,0.0,799
1,16/09/22,11:30,18.2,67,0.0,853
1,16/09/22,12:00,18.6,66,0.0,922
1,16/09/22,12:30,19.4,62,0.0,893
1,16/09/22,13:00,19.4,61,0.0,896
1,16/09/22,13:30,19.4,62,0.0,861
1,16/09/22,14:00,19.9,60,0.0,821
1,16/09/22,14:30,20.3,61,0.0,806
1,16/09/22,15:00,20.3,59,0.0,739
1,16/09/22,15:30,19.9,58,0.0,598
1,16/09/22,16:00,20.1,58,0.0,509
1,16/09/22,16:30,19.8,58,0.0,399
1,16/09/22,17:00,19.4,60,0.0,287
1,16/09/22,17:30,18.8,62,0.0,166
1,16/09/22,18:00,18.0,64,0.0,57
1,16/09/22,18:30,16.9,67,0.0,11
1,16/09/22,19:00,16.1,70,0.0,0
1,16/09/22,19:30,15.3,74,0.0,0
1,16/09/22,20:00,14.3,80,0.0,0
1,16/09/22,20:30,13.9,83,0.0,0
1,16/09/22,21:00,13.3,85,0.0,0
1,16/09/22,21:30,13.1,85,0.0,0
1,16/09/22,22:00,12.8,85,0.0,0
1,16/09/22,22:30,12.7,85,0.0,0
1,16/09/22,23:00,12.4,86,0.0,0
1,16/09/22,23:30,12.3,85,0.0,0
1,17/09/22,00:00,11.8,86,0.0,0
1,17/09/22,0:30,11.3,89,0.0,0
1,17/09/22,1:00,10.9,90,0.0,0
1,17/09/22,1:30,11.0,91,0.0,0
1,17/09/22,2:00,11.2,92,0.0,0
1,17/09/22,2:30,11.7,91,0.0,0
1,17/09/22,3:00,11.7,92,0.0,0
1,17/09/22,3:30,11.8,92,0.0,0
1,17/09/22,4:00,11.6,92,0.0,0
1,17/09/22,4:30,11.7,92,0.0,0
1,17/09/22,5:00,11.6,92,0.0,0
1,17/09/22,5:30,11.3,92,0.0,0
1,17/09/22,6:00,11.3,92,0.0,0
1,17/09/22,6:30,11.0,92,0.0,1
1,17/09/22,7:00,11.3,92,0.0,22
1,17/09/22,7:30,12.3,89,0.0,98
1,17/09/22,8:00,13.2,86,0.0,241
1,17/09/22,8:30,14.3,83,0.0,349
1,17/09/22,9:00,15.1,79,0.0,466
1,17/09/22,9:30,15.9,76,0.0,591
1,17/09/22,10:00,16.9,72,0.0,698
1,17/09/22,10:30,17.1,70,0.0,453
1,17/09/22,11:00,17.9,69,0.0,744
1,17/09/22,11:30,18.2,66,0.0,839
1,17/09/22,12:00,19.0,64,0.0,882
1,17/09/22,12:30,19.3,63,0.0,883
1,17/09/22,13:00,19.6,63,0.0,886
1,17/09/22,13:30,19.8,59,0.0,849
1,17/09/22,14:00,20.4,55,0.0,828
1,17/09/22,14:30,20.7,58,0.0,768
1,17/09/22,15:00,20.7,57,0.0,685
1,17/09/22,15:30,20.9,58,0.0,606
1,17/09/22,16:00,20.9,60,0.0,507
1,17/09/22,16:30,20.7,56,0.0,405
1,17/09/22,17:00,19.9,60,0.0,236
1,17/09/22,17:30,19.6,62,0.0,171
1,17/09/22,18:00,18.4,68,0.0,68
1,17/09/22,18:30,16.9,71,0.0,13
1,17/09/22,19:00,16.2,74,0.0,0
1,17/09/22,19:30,15.7,77,0.0,0
1,17/09/22,20:00,14.7,80,0.0,0
1,17/09/22,20:30,14.5,83,0.0,0
1,17/09/22,21:00,14.1,85,0.0,0
1,17/09/22,21:30,13.7,86,0.0,0
1,17/09/22,22:00,13.4,88,0.0,0
1,17/09/22,22:30,13.2,89,0.0,0
1,17/09/22,23:00,13.0,89,0.0,0
1,17/09/22,23:30,12.8,89,0.0,0
1,18/09/22,00:00,12.7,89,0.0,0
1,18/09/22,0:30,12.4,89,0.0,0
1,18/09/22,1:00,12.4,88,0.0,0
1,18/09/22,1:30,12.4,88,0.0,0
1,18/09/22,2:00,12.2,89,0.0,0
1,18/09/22,2:30,12.2,89,0.0,0
1,18/09/22,3:00,12.1,90,0.0,0
1,18/09/22,3:30,11.8,90,0.0,0
1,18/09/22,4:00,11.7,90,0.0,0
1,18/09/22,4:30,11.2,91,0.0,0
1,18/09/22,5:00,11.2,92,0.0,0
1,18/09/22,5:30,11.1,91,0.0,0
1,18/09/22,6:00,11.0,91,0.0,0
1,18/09/22,6:30,10.5,92,0.0,0
1,18/09/22,7:00,10.8,91,0.0,23
1,18/09/22,7:30,11.5,90,0.0,98
1,18/09/22,8:00,12.4,87,0.0,217
1,18/09/22,8:30,13.5,83,0.0,367
1,18/09/22,9:00,14.2,79,0.0,385
1,18/09/22,9:30,14.7,76,0.0,430
1,18/09/22,10:00,15.8,72,0.0,624
1,18/09/22,10:30,15.7,70,0.0,655
1,18/09/22,11:00,16.3,69,0.0,483
1,18/09/22,11:30,16.8,68,0.0,742
1,18/09/22,12:00,16.5,69,0.0,493
1,18/09/22,12:30,16.3,69,0.0,534
1,18/09/22,13:00,17.1,66,0.0,555
1,18/09/22,13:30,17.6,68,0.0,640
1,18/09/22,14:00,17.8,66,0.0,380
1,18/09/22,14:30,18.2,65,0.0,486
1,18/09/22,15:00,18.2,63,0.0,428
1,18/09/22,15:30,18.4,61,0.0,346
1,18/09/22,16:00,18.8,62,0.0,362
1,18/09/22,16:30,18.2,62,0.0,310
1,18/09/22,17:00,18.2,66,0.0,188
1,18/09/22,17:30,17.7,67,0.0,127
1,18/09/22,18:00,17.3,68,0.0,48
1,18/09/22,18:30,16.4,74,0.0,6
1,18/09/22,19:00,16.1,73,0.0,0
1,18/09/22,19:30,15.7,74,0.0,0
1,18/09/22,20:00,15.6,73,0.0,0
1,18/09/22,20:30,15.4,74,0.0,0
1,18/09/22,21:00,15.3,76,0.0,0
1,18/09/22,21:30,15.4,76,0.0,0
1,18/09/22,22:00,15.1,79,0.0,0
1,18/09/22,22:30,14.6,81,0.0,0
1,18/09/22,23:00,14.8,82,0.0,0
1,18/09/22,23:30,14.3,84,0.0,0
1,19/09/22,00:00,14.6,85,0.0,0
1,19/09/22,0:30,14.1,89,0.0,0
1,19/09/22,1:00,13.7,91,0.2,0
1,19/09/22,1:30,13.5,93,0.4,0
1,19/09/22,2:00,13.6,93,0.0,0
1,19/09/22,2:30,14.0,89,0.0,0
1,19/09/22,3:00,13.2,94,0.0,0
1,19/09/22,3:30,13.0,94,0.0,0
1,19/09/22,4:00,12.8,95,0.0,0
1,19/09/22,4:30,12.7,96,0.0,0
1,19/09/22,5:00,12.6,95,0.0,0
1,19/09/22,5:30,12.9,96,0.0,0
1,19/09/22,6:00,12.3,95,0.0,0
1,19/09/22,6:30,12.3,96,0.0,0
1,19/09/22,7:00,12.4,96,0.0,11
1,19/09/22,7:30,12.3,96,0.0,31
1,19/09/22,8:00,12.4,97,0.0,46
1,19/09/22,8:30,12.8,97,0.0,74
1,19/09/22,9:00,13.4,97,0.0,125
1,19/09/22,9:30,13.9,97,0.0,176
1,19/09/22,10:00,14.4,96,0.0,190
1,19/09/22,10:30,14.8,94,0.0,141
1,19/09/22,11:00,14.5,94,0.0,81
1,19/09/22,11:30,14.8,94,0.0,120
1,19/09/22,12:00,15.2,93,0.0,161
1,19/09/22,12:30,15.5,90,0.0,273
1,19/09/22,13:00,15.8,89,0.0,237
1,19/09/22,13:30,15.9,88,0.0,191
1,19/09/22,14:00,16.2,88,0.0,159
1,19/09/22,14:30,16.1,89,0.0,139
1,19/09/22,15:00,16.1,89,0.0,114
1,19/09/22,15:30,16.2,90,0.0,105
1,19/09/22,16:00,16.1,90,0.0,99
1,19/09/22,16:30,15.7,91,0.0,59
1,19/09/22,17:00,16.0,89,0.0,153
1,19/09/22,17:30,16.0,88,0.0,53
1,19/09/22,18:00,15.7,90,0.0,35
1,19/09/22,18:30,15.4,91,0.0,9
1,19/09/22,19:00,14.9,92,0.0,0
1,19/09/22,19:30,14.6,90,0.0,0
1,19/09/22,20:00,14.5,90,0.0,0
1,19/09/22,20:30,14.5,90,0.0,0
1,19/09/22,21:00,14.2,93,0.2,0
1,19/09/22,21:30,14.0,94,0.0,0
1,19/09/22,22:00,13.7,94,0.0,0
1,19/09/22,22:30,13.3,95,0.0,0
1,19/09/22,23:00,13.4,96,0.0,0
1,19/09/22,23:30,13.1,95,0.0,0
1,20/09/22,00:00,12.9,95,0.0,0
1,20/09/22,0:30,12.4,95,0.0,0
1,20/09/22,1:00,12.8,93,0.0,0
1,20/09/22,1:30,12.6,93,0.0,0
1,20/09/22,2:00,11.9,93,0.0,0
1,20/09/22,2:30,10.7,95,0.0,0
1,20/09/22,3:00,10.4,95,0.0,0
1,20/09/22,3:30,10.2,96,0.0,0
1,20/09/22,4:00,10.7,97,0.0,0
1,20/09/22,4:30,11.0,97,0.2,0
1,20/09/22,5:00,10.6,97,0.0,0
1,20/09/22,5:30,10.2,97,0.0,0
1,20/09/22,6:00,9.8,97,0.0,0
1,20/09/22,6:30,9.6,97,0.0,0
1,20/09/22,7:00,9.6,98,0.0,17
1,20/09/22,7:30,9.9,98,0.0,30
1,20/09/22,8:00,10.6,98,0.0,63
1,20/09/22,8:30,12.1,98,0.0,242
1,20/09/22,9:00,12.6,98,0.0,317
1,20/09/22,9:30,15.1,96,0.0,538
1,20/09/22,10:00,16.7,83,0.0,607
1,20/09/22,10:30,17.6,78,0.0,689
1,20/09/22,11:00,18.2,75,0.0,876
1,20/09/22,11:30,18.1,76,0.0,493
1,20/09/22,12:00,18.1,77,0.0,596
1,20/09/22,12:30,18.1,76,0.0,696
1,20/09/22,13:00,18.2,78,0.0,882
1,20/09/22,13:30,18.1,78,0.0,797
1,20/09/22,14:00,18.1,75,0.0,814
1,20/09/22,14:30,18.2,75,0.0,700
1,20/09/22,15:00,18.4,75,0.0,550
1,20/09/22,15:30,17.7,78,0.0,411
1,20/09/22,16:00,17.1,79,0.0,359
1,20/09/22,16:30,16.9,80,0.0,280
1,20/09/22,17:00,16.0,83,0.0,147
1,20/09/22,17:30,15.3,86,0.0,121
1,20/09/22,18:00,14.4,88,0.0,55
1,20/09/22,18:30,13.9,90,0.0,15
1,20/09/22,19:00,13.4,91,0.0,0
1,20/09/22,19:30,12.9,93,0.0,0
1,20/09/22,20:00,12.5,94,0.0,0
1,20/09/22,20:30,12.4,93,0.0,0
1,20/09/22,21:00,12.5,92,0.0,0
1,20/09/22,21:30,12.2,92,0.0,0
1,20/09/22,22:00,11.9,92,0.0,0
1,20/09/22,22:30,11.3,92,0.0,0
1,20/09/22,23:00,11.1,94,0.0,0
1,20/09/22,23:30,10.7,93,0.0,0
1,21/09/22,00:00,10.3,94,0.0,0
1,21/09/22,0:30,10.2,94,0.0,0
1,21/09/22,1:00,10.2,94,0.0,0
1,21/09/22,1:30,10.4,93,0.0,0
1,21/09/22,2:00,10.4,93,0.0,0
1,21/09/22,2:30,10.3,94,0.0,0
1,21/09/22,3:00,9.9,94,0.0,0
1,21/09/22,3:30,10.0,95,0.0,0
1,21/09/22,4:00,9.8,96,0.0,0
1,21/09/22,4:30,9.7,96,0.0,0
1,21/09/22,5:00,9.7,96,0.0,0
1,21/09/22,5:30,9.8,96,0.0,0
1,21/09/22,6:00,9.6,96,0.0,0
1,21/09/22,6:30,9.6,97,0.0,0
1,21/09/22,7:00,9.7,97,0.0,17
1,21/09/22,7:30,9.8,97,0.0,37
1,21/09/22,8:00,9.8,97,0.0,52
1,21/09/22,8:30,9.9,96,0.0,74
1,21/09/22,9:00,10.1,96,0.0,80
1,21/09/22,9:30,10.3,95,0.0,117
1,21/09/22,10:00,10.6,94,0.0,137
1,21/09/22,10:30,10.7,93,0.0,110
1,21/09/22,11:00,10.9,92,0.0,153
1,21/09/22,11:30,11.6,90,0.0,224
1,21/09/22,12:00,13.3,82,0.0,464
1,21/09/22,12:30,13.7,82,0.0,789
1,21/09/22,13:00,13.8,81,0.0,480
1,21/09/22,13:30,13.6,82,0.0,290
1,21/09/22,14:00,13.1,83,0.0,233
1,21/09/22,14:30,13.1,82,0.0,214
1,21/09/22,15:00,13.2,83,0.0,145
1,21/09/22,15:30,13.4,80,0.0,134
1,21/09/22,16:00,13.2,81,0.0,70
1,21/09/22,16:30,13.2,80,0.0,122
1,21/09/22,17:00,13.3,80,0.0,136
1,21/09/22,17:30,13.1,82,0.0,94
1,21/09/22,18:00,12.8,84,0.0,52
1,21/09/22,18:30,12.4,86,0.0,4
1,21/09/22,19:00,12.2,87,0.0,0
1,21/09/22,19:30,11.9,88,0.0,0
1,21/09/22,20:00,11.5,90,0.0,0
1,21/09/22,20:30,11.2,91,0.0,0
1,21/09/22,21:00,11.1,92,0.0,0
1,21/09/22,21:30,10.8,90,0.0,0
1,21/09/22,22:00,10.8,90,0.0,0
1,21/09/22,22:30,10.8,90,0.0,0
1,21/09/22,23:00,10.6,91,0.0,0
1,21/09/22,23:30,10.6,91,0.0,0
1,22/09/22,00:00,10.6,91,0.0,0
1,22/09/22,0:30,10.6,92,0.0,0
1,22/09/22,1:00,10.7,91,0.0,0
1,22/09/22,1:30,10.7,91,0.0,0
1,22/09/22,2:00,10.5,91,0.0,0
1,22/09/22,2:30,10.5,91,0.0,0
1,22/09/22,3:00,10.6,91,0.0,0
1,22/09/22,3:30,10.5,92,0.0,0
1,22/09/22,4:00,10.4,92,0.0,0
1,22/09/22,4:30,10.4,93,0.0,0
1,22/09/22,5:00,10.3,94,0.0,0
1,22/09/22,5:30,10.2,95,2.2,0
1,22/09/22,6:00,10.2,96,2.4,0
1,22/09/22,6:30,10.2,96,3.4,0
1,22/09/22,7:00,10.0,96,5.0,0
1,22/09/22,7:30,10.1,97,3.6,8
1,22/09/22,8:00,9.8,97,1.0,14
1,22/09/22,8:30,9.4,97,0.6,25
1,22/09/22,9:00,9.7,97,0.0,77
1,22/09/22,9:30,10.3,96,0.2,225
1,22/09/22,10:00,10.5,93,0.0,261
1,22/09/22,10:30,10.8,92,0.0,239
1,22/09/22,11:00,9.8,93,0.0,156
1,22/09/22,11:30,9.7,88,0.0,285
1,22/09/22,12:00,10.6,82,0.0,570
1,22/09/22,12:30,10.6,82,0.0,446
1,22/09/22,13:00,10.2,81,0.0,293
1,22/09/22,13:30,9.6,85,0.0,131
1,22/09/22,14:00,9.7,85,0.0,238
1,22/09/22,14:30,8.9,88,0.0,125
1,22/09/22,15:00,8.6,89,0.0,79
1,22/09/22,15:30,8.6,88,0.0,82
1,22/09/22,16:00,8.6,85,0.0,82
1,22/09/22,16:30,8.9,82,0.0,119
1,22/09/22,17:00,9.1,85,0.0,107
1,22/09/22,17:30,8.1,91,0.0,49
1,22/09/22,18:00,8.3,91,0.0,28
1,22/09/22,18:30,8.4,90,0.0,10
1,22/09/22,19:00,7.9,88,0.0,0
1,22/09/22,19:30,7.8,89,0.0,0
1,22/09/22,20:00,7.7,90,0.0,0
1,22/09/22,20:30,7.6,89,0.0,0
1,22/09/22,21:00,7.5,88,0.0,0
1,22/09/22,21:30,7.2,89,0.0,0
1,22/09/22,22:00,6.9,89,0.0,0
1,22/09/22,22:30,6.5,89,0.0,0
1,22/09/22,23:00,6.2,90,0.0,0
1,22/09/22,23:30,5.7,90,0.0,0
1,23/09/22,00:00,5.3,91,0.0,0
1,23/09/22,0:30,5.1,92,0.0,0
1,23/09/22,1:00,5.2,91,0.0,0
1,23/09/22,1:30,4.7,92,0.0,0
1,23/09/22,2:00,4.2,93,0.0,0
1,23/09/22,2:30,3.8,94,0.0,0
1,23/09/22,3:00,4.0,95,0.0,0
1,23/09/22,3:30,3.8,95,0.0,0
1,23/09/22,4:00,3.9,95,0.0,0
1,23/09/22,4:30,3.5,95,0.0,0
1,23/09/22,5:00,3.8,95,0.0,0
1,23/09/22,5:30,3.7,94,0.0,0
1,23/09/22,6:00,3.6,94,0.0,0
1,23/09/22,6:30,3.3,95,0.0,2
1,23/09/22,7:00,4.1,95,0.0,40
1,23/09/22,7:30,4.5,94,0.0,147
1,23/09/22,8:00,4.7,95,0.0,268
1,23/09/22,8:30,5.7,95,0.0,389
1,23/09/22,9:00,7.5,93,0.0,500
1,23/09/22,9:30,8.9,88,0.0,606
1,23/09/22,10:00,10.1,82,0.0,694
1,23/09/22,10:30,11.2,75,0.0,772
1,23/09/22,11:00,11.9,66,0.0,833
1,23/09/22,11:30,13.0,67,0.0,877
1,23/09/22,12:00,13.6,61,0.0,906
1,23/09/22,12:30,14.5,61,0.0,915
1,23/09/22,13:00,14.5,58,0.0,909
1,23/09/22,13:30,14.7,54,0.0,885
1,23/09/22,14:00,15.1,51,0.0,844
1,23/09/22,14:30,15.5,55,0.0,791
1,23/09/22,15:00,15.3,54,0.0,626
1,23/09/22,15:30,15.6,55,0.0,718
1,23/09/22,16:00,16.1,55,0.0,410
1,23/09/22,16:30,15.9,53,0.0,436
1,23/09/22,17:00,14.7,55,0.0,278
1,23/09/22,17:30,15.0,58,0.0,166
1,23/09/22,18:00,14.3,58,0.0,69
1,23/09/22,18:30,13.2,62,0.0,14
1,23/09/22,19:00,11.8,67,0.0,0
1,23/09/22,19:30,11.6,67,0.0,0
1,23/09/22,20:00,11.2,67,0.0,0
1,23/09/22,20:30,11.0,67,0.0,0
1,23/09/22,21:00,10.2,70,0.0,0
1,23/09/22,21:30,10.3,70,0.0,0
1,23/09/22,22:00,10.3,68,0.0,0
1,23/09/22,22:30,9.6,72,0.0,0
1,23/09/22,23:00,8.9,75,0.0,0
1,23/09/22,23:30,9.1,76,0.0,0
1,24/09/22,00:00,8.9,75,0.0,0
1,24/09/22,0:30,8.2,77,0.0,0
1,24/09/22,1:00,8.7,77,0.0,0
1,24/09/22,1:30,8.4,76,0.0,0
1,24/09/22,2:00,8.2,77,0.0,0
1,24/09/22,2:30,8.1,78,0.0,0
1,24/09/22,3:00,8.1,76,0.0,0
1,24/09/22,3:30,8.3,74,0.0,0
1,24/09/22,4:00,7.8,74,0.0,0
1,24/09/22,4:30,8.0,75,0.0,0
1,24/09/22,5:00,8.7,68,0.0,0
1,24/09/22,5:30,7.3,74,0.0,0
1,24/09/22,6:00,8.2,72,0.0,0
1,24/09/22,6:30,8.2,72,0.0,3
1,24/09/22,7:00,8.5,72,0.0,41
1,24/09/22,7:30,9.4,72,0.0,155
1,24/09/22,8:00,11.0,64,0.0,279
1,24/09/22,8:30,12.7,62,0.0,394
1,24/09/22,9:00,13.6,64,0.0,504
1,24/09/22,9:30,14.4,57,0.0,605
1,24/09/22,10:00,14.5,54,0.0,696
1,24/09/22,10:30,15.0,53,0.0,772
1,24/09/22,11:00,15.6,55,0.0,836
1,24/09/22,11:30,16.0,53,0.0,881
1,24/09/22,12:00,16.3,54,0.0,908
1,24/09/22,12:30,17.4,50,0.0,919
1,24/09/22,13:00,17.7,49,0.0,909
1,24/09/22,13:30,17.9,47,0.0,882
1,24/09/22,14:00,18.3,46,0.0,843
1,24/09/22,14:30,18.4,46,0.0,784
1,24/09/22,15:00,18.8,45,0.0,710
1,24/09/22,15:30,18.4,50,0.0,622
1,24/09/22,16:00,18.6,46,0.0,525
1,24/09/22,16:30,18.3,45,0.0,420
1,24/09/22,17:00,18.2,44,0.0,308
1,24/09/22,17:30,17.5,47,0.0,189
1,24/09/22,18:00,16.5,50,0.0,74
1,24/09/22,18:30,15.1,56,0.0,15
1,24/09/22,19:00,13.8,61,0.0,0
1,24/09/22,19:30,13.1,64,0.0,0
1,24/09/22,20:00,12.6,64,0.0,0
1,24/09/22,20:30,12.1,63,0.0,0
1,24/09/22,21:00,11.6,68,0.0,0
1,24/09/22,21:30,11.1,70,0.0,0
1,24/09/22,22:00,10.4,74,0.0,0
1,24/09/22,22:30,9.8,76,0.0,0
1,24/09/22,23:00,9.3,81,0.0,0
1,24/09/22,23:30,8.4,86,0.0,0
1,25/09/22,00:00,8.5,88,0.0,0
1,25/09/22,0:30,8.7,89,0.0,0
1,25/09/22,1:00,8.1,91,0.0,0
1,25/09/22,1:30,8.9,91,0.0,0
1,25/09/22,2:00,9.2,91,0.0,0
1,25/09/22,2:30,8.7,93,0.0,0
1,25/09/22,3:00,8.9,95,0.0,0
1,25/09/22,3:30,9.2,94,0.0,0
1,25/09/22,4:00,9.4,92,0.0,0
1,25/09/22,4:30,9.7,92,0.0,0
1,25/09/22,5:00,9.7,92,0.0,0
1,25/09/22,5:30,10.1,92,0.0,0
1,25/09/22,6:00,10.4,91,0.0,0
1,25/09/22,6:30,10.5,93,0.0,2
1,25/09/22,7:00,11.2,92,0.0,28
1,25/09/22,7:30,11.6,92,0.0,89
1,25/09/22,8:00,12.2,92,0.0,136
1,25/09/22,8:30,13.1,90,0.0,274
1,25/09/22,9:00,13.9,88,0.0,241
1,25/09/22,9:30,15.2,84,0.0,448
1,25/09/22,10:00,16.2,81,0.0,689
1,25/09/22,10:30,17.3,77,0.0,764
1,25/09/22,11:00,17.8,75,0.0,889
1,25/09/22,11:30,17.3,76,0.0,507
1,25/09/22,12:00,18.0,77,0.0,509
1,25/09/22,12:30,18.7,73,0.0,447
1,25/09/22,13:00,19.4,71,0.0,655
1,25/09/22,13:30,19.6,70,0.0,644
1,25/09/22,14:00,19.4,70,0.0,398
1,25/09/22,14:30,20.0,70,0.0,509
1,25/09/22,15:00,19.9,66,0.0,478
1,25/09/22,15:30,19.6,69,0.0,328
1,25/09/22,16:00,19.3,69,0.0,358
1,25/09/22,16:30,18.4,73,0.0,260
1,25/09/22,17:00,17.8,75,0.0,167
1,25/09/22,17:30,17.2,77,0.0,110
1,25/09/22,18:00,16.8,78,0.0,52
1,25/09/22,18:30,16.3,80,0.0,15
1,25/09/22,19:00,15.8,82,0.0,3
1,25/09/22,19:30,15.7,83,0.0,0
1,25/09/22,20:00,15.3,86,0.0,0
1,25/09/22,20:30,15.1,87,0.0,0
1,25/09/22,21:00,14.9,88,0.0,0
1,25/09/22,21:30,14.7,88,0.0,0
1,25/09/22,22:00,14.4,90,0.0,0
1,25/09/22,22:30,14.4,90,0.0,0
1,25/09/22,23:00,14.3,91,0.0,0
1,25/09/22,23:30,14.2,92,0.0,0
1,26/09/22,00:00,14.0,92,0.0,0
1,26/09/22,0:30,13.7,93,0.0,0
1,26/09/22,1:00,13.4,94,0.0,0
1,26/09/22,1:30,13.7,94,0.0,0
1,26/09/22,2:00,13.6,94,0.0,0
1,26/09/22,2:30,13.6,94,0.0,0
1,26/09/22,3:00,13.5,95,0.0,0
1,26/09/22,3:30,13.5,95,0.0,0
1,26/09/22,4:00,13.4,95,0.0,0
1,26/09/22,4:30,13.4,95,0.0,0
1,26/09/22,5:00,13.3,96,0.0,0
1,26/09/22,5:30,13.3,96,0.0,0
1,26/09/22,6:00,13.3,96,0.0,0
1,26/09/22,6:30,13.2,96,0.0,3
1,26/09/22,7:00,13.3,97,0.0,27
1,26/09/22,7:30,13.6,97,0.0,70
1,26/09/22,8:00,14.3,97,0.0,154
1,26/09/22,8:30,15.0,95,0.0,381
1,26/09/22,9:00,16.2,93,0.0,479
1,26/09/22,9:30,17.3,88,0.0,612
1,26/09/22,10:00,18.3,83,0.0,672
1,26/09/22,10:30,19.0,81,0.0,757
1,26/09/22,11:00,19.4,79,0.0,596
1,26/09/22,11:30,19.9,79,0.0,530
1,26/09/22,12:00,19.7,79,0.0,340
1,26/09/22,12:30,20.4,74,0.0,406
1,26/09/22,13:00,21.1,72,0.0,696
1,26/09/22,13:30,21.4,71,0.0,750
1,26/09/22,14:00,21.1,67,0.0,778
1,26/09/22,14:30,22.4,68,0.0,667
1,26/09/22,15:00,21.6,67,0.0,553
1,26/09/22,15:30,22.6,64,0.0,621
1,26/09/22,16:00,22.4,61,0.0,594
1,26/09/22,16:30,22.4,58,0.0,424
1,26/09/22,17:00,22.1,63,0.0,298
1,26/09/22,17:30,21.6,65,0.0,185
1,26/09/22,18:00,20.7,67,0.0,74
1,26/09/22,18:30,19.3,68,0.0,16
1,26/09/22,19:00,18.3,70,0.0,0
1,26/09/22,19:30,18.2,71,0.0,0
1,26/09/22,20:00,17.8,75,0.0,0
1,26/09/22,20:30,17.5,74,0.0,0
1,26/09/22,21:00,17.9,72,0.0,0
1,26/09/22,21:30,17.9,71,0.0,0
1,26/09/22,22:00,18.1,70,0.0,0
1,26/09/22,22:30,17.6,72,0.0,0
1,26/09/22,23:00,17.1,72,0.0,0
1,26/09/22,23:30,15.9,76,0.0,0
1,27/09/22,00:00,15.6,78,0.0,0
1,27/09/22,0:30,15.1,80,0.0,0
1,27/09/22,1:00,14.7,82,0.0,0
1,27/09/22,1:30,14.3,83,0.0,0
1,27/09/22,2:00,14.1,84,0.0,0
1,27/09/22,2:30,13.8,85,0.0,0
1,27/09/22,3:00,13.3,86,0.0,0
1,27/09/22,3:30,13.2,87,0.0,0
1,27/09/22,4:00,12.9,88,0.0,0
1,27/09/22,4:30,12.6,89,0.0,0
1,27/09/22,5:00,12.3,88,0.0,0
1,27/09/22,5:30,12.3,88,0.0,0
1,27/09/22,6:00,12.3,88,0.0,0
1,27/09/22,6:30,12.0,91,0.0,5
1,27/09/22,7:00,12.7,90,0.0,50
1,27/09/22,7:30,13.0,88,0.0,153
1,27/09/22,8:00,13.2,87,0.0,280
1,27/09/22,8:30,14.1,86,0.0,394
1,27/09/22,9:00,15.1,82,0.0,502
1,27/09/22,9:30,16.5,80,0.0,606
1,27/09/22,10:00,17.8,81,0.0,698
1,27/09/22,10:30,19.1,65,0.0,773
1,27/09/22,11:00,19.7,59,0.0,836
1,27/09/22,11:30,20.2,57,0.0,879
1,27/09/22,12:00,20.7,56,0.0,908
1,27/09/22,12:30,20.8,55,0.0,922
1,27/09/22,13:00,21.0,55,0.0,930
1,27/09/22,13:30,21.3,52,0.0,891
1,27/09/22,14:00,21.4,52,0.0,846
1,27/09/22,14:30,21.8,51,0.0,802
1,27/09/22,15:00,21.3,52,0.0,717
1,27/09/22,15:30,21.2,49,0.0,629
1,27/09/22,16:00,21.3,50,0.0,531
1,27/09/22,16:30,20.8,51,0.0,423
1,27/09/22,17:00,20.4,54,0.0,311
1,27/09/22,17:30,19.7,57,0.0,198
1,27/09/22,18:00,18.8,62,0.0,76
1,27/09/22,18:30,17.8,64,0.0,17
1,27/09/22,19:00,16.7,70,0.0,0
1,27/09/22,19:30,15.8,78,0.0,0
1,27/09/22,20:00,15.2,81,0.0,0
1,27/09/22,20:30,14.6,82,0.0,0
1,27/09/22,21:00,14.3,79,0.0,0
1,27/09/22,21:30,13.8,79,0.0,0
1,27/09/22,22:00,13.2,79,0.0,0
1,27/09/22,22:30,12.9,81,0.0,0
1,27/09/22,23:00,12.8,81,0.0,0
1,27/09/22,23:30,12.6,82,0.0,0
1,28/09/22,00:00,12.4,83,0.0,0
1,28/09/22,0:30,11.8,85,0.0,0
1,28/09/22,1:00,11.7,86,0.0,0
1,28/09/22,1:30,11.2,87,0.0,0
1,28/09/22,2:00,11.0,88,0.0,0
1,28/09/22,2:30,10.8,89,0.0,0
1,28/09/22,3:00,10.6,89,0.0,0
1,28/09/22,3:30,10.2,92,0.0,0
1,28/09/22,4:00,11.2,92,0.0,0
1,28/09/22,4:30,11.5,91,0.0,0
1,28/09/22,5:00,11.5,90,0.0,0
1,28/09/22,5:30,11.4,89,0.0,0
1,28/09/22,6:00,11.4,90,0.0,0
1,28/09/22,6:30,11.2,87,0.0,3
1,28/09/22,7:00,11.1,86,0.0,24
1,28/09/22,7:30,11.3,86,0.0,50
1,28/09/22,8:00,11.9,85,0.0,107
1,28/09/22,8:30,12.2,85,0.0,135
1,28/09/22,9:00,13.6,82,0.0,353
1,28/09/22,9:30,13.2,82,0.0,243
1,28/09/22,10:00,14.2,76,0.0,730
1,28/09/22,10:30,14.7,75,0.0,802
1,28/09/22,11:00,15.8,71,0.0,834
1,28/09/22,11:30,15.9,70,0.0,951
1,28/09/22,12:00,15.7,69,0.0,1029
1,28/09/22,12:30,16.1,68,0.0,943
1,28/09/22,13:00,16.7,66,0.0,806
1,28/09/22,13:30,16.4,65,0.0,784
1,28/09/22,14:00,17.1,60,0.0,811
1,28/09/22,14:30,17.0,59,0.0,817
1,28/09/22,15:00,17.3,55,0.0,687
1,28/09/22,15:30,17.0,60,0.0,637
1,28/09/22,16:00,16.8,59,0.0,538
1,28/09/22,16:30,16.2,60,0.0,432
1,28/09/22,17:00,15.7,60,0.0,305
1,28/09/22,17:30,15.1,63,0.0,177
1,28/09/22,18:00,14.1,67,0.0,80
1,28/09/22,18:30,13.2,69,0.0,18
1,28/09/22,19:00,12.3,73,0.0,0
1,28/09/22,19:30,11.6,76,0.0,0
1,28/09/22,20:00,10.9,79,0.0,0
1,28/09/22,20:30,10.4,82,0.0,0
1,28/09/22,21:00,10.2,82,0.0,0
1,28/09/22,21:30,9.9,85,0.0,0
1,28/09/22,22:00,9.8,86,0.0,0
1,28/09/22,22:30,9.8,87,0.0,0
1,28/09/22,23:00,9.6,88,0.0,0
1,28/09/22,23:30,9.7,90,0.0,0
1,29/09/22,00:00,9.8,90,0.0,0
1,29/09/22,0:30,9.8,90,0.0,0
1,29/09/22,1:00,9.6,91,0.0,0
1,29/09/22,1:30,9.3,91,0.0,0
1,29/09/22,2:00,9.1,92,0.0,0
1,29/09/22,2:30,9.0,92,0.0,0
1,29/09/22,3:00,9.2,92,0.0,0
1,29/09/22,3:30,9.3,92,0.0,0
1,29/09/22,4:00,9.3,92,0.0,0
1,29/09/22,4:30,9.3,92,0.0,0
1,29/09/22,5:00,8.8,93,0.0,0
1,29/09/22,5:30,8.5,93,0.0,0
1,29/09/22,6:00,8.2,93,0.0,0
1,29/09/22,6:30,8.4,93,0.0,7
1,29/09/22,7:00,9.1,92,0.0,66
1,29/09/22,7:30,10.1,90,0.0,174
1,29/09/22,8:00,11.2,87,0.0,284
1,29/09/22,8:30,11.8,83,0.0,413
1,29/09/22,9:00,12.4,81,0.0,417
1,29/09/22,9:30,13.1,79,0.0,647
1,29/09/22,10:00,13.8,75,0.0,753
1,29/09/22,10:30,14.1,75,0.0,798
1,29/09/22,11:00,14.8,73,0.0,573
1,29/09/22,11:30,15.3,68,0.0,501
1,29/09/22,12:00,14.9,69,0.0,470
1,29/09/22,12:30,15.9,67,0.0,436
1,29/09/22,13:00,15.6,68,0.0,604
1,29/09/22,13:30,16.4,66,0.0,374
1,29/09/22,14:00,16.2,64,0.0,442
1,29/09/22,14:30,16.4,69,0.0,432
1,29/09/22,15:00,16.0,66,0.0,342
1,29/09/22,15:30,15.7,67,0.0,246
1,29/09/22,16:00,15.5,67,0.0,220
1,29/09/22,16:30,15.4,67,0.0,203
1,29/09/22,17:00,15.1,69,0.0,233
1,29/09/22,17:30,14.5,71,0.0,46
1,29/09/22,18:00,14.1,72,0.0,22
1,29/09/22,18:30,13.7,75,0.0,24
1,29/09/22,19:00,13.3,77,0.0,0
1,29/09/22,19:30,12.9,79,0.0,0
1,29/09/22,20:00,12.6,80,0.0,0
1,29/09/22,20:30,12.4,81,0.0,0
1,29/09/22,21:00,12.0,82,0.0,0
1,29/09/22,21:30,11.9,84,0.0,0
1,29/09/22,22:00,11.9,84,0.0,0
1,29/09/22,22:30,11.9,85,0.0,0
1,29/09/22,23:00,11.7,86,0.0,0
1,29/09/22,23:30,11.6,86,0.0,0
1,30/09/22,00:00,11.7,87,0.0,0
1,30/09/22,0:30,11.6,88,0.0,0
1,30/09/22,1:00,11.5,89,0.0,0
1,30/09/22,1:30,11.4,89,0.0,0
1,30/09/22,2:00,11.2,90,0.0,0
1,30/09/22,2:30,11.1,90,0.0,0
1,30/09/22,3:00,11.2,90,0.0,0
1,30/09/22,3:30,11.3,89,0.0,0
1,30/09/22,4:00,11.3,90,0.0,0
1,30/09/22,4:30,11.4,89,0.0,0
1,30/09/22,5:00,11.4,89,0.0,0
1,30/09/22,5:30,11.8,88,0.0,0
1,30/09/22,6:00,11.9,88,0.0,0
1,30/09/22,6:30,11.9,88,0.0,1
1,30/09/22,7:00,12.1,88,0.0,10
1,30/09/22,7:30,12.2,88,0.0,27
1,30/09/22,8:00,12.6,88,0.0,68
1,30/09/22,8:30,12.8,87,0.0,44
1,30/09/22,9:00,12.9,87,0.0,64
1,30/09/22,9:30,13.1,87,0.0,99
1,30/09/22,10:00,13.3,87,0.0,114
1,30/09/22,10:30,13.7,87,0.0,171
1,30/09/22,11:00,14.3,85,0.0,287
1,30/09/22,11:30,14.7,83,0.0,274
1,30/09/22,12:00,14.8,83,0.0,166
1,30/09/22,12:30,15.3,81,0.0,228
1,30/09/22,13:00,15.4,79,0.0,244
1,30/09/22,13:30,15.4,80,0.0,184
1,30/09/22,14:00,15.6,80,0.0,185
1,30/09/22,14:30,15.8,79,0.0,223
1,30/09/22,15:00,15.8,81,0.0,257
1,30/09/22,15:30,15.3,83,0.0,221
1,30/09/22,16:00,14.1,90,2.4,61
1,30/09/22,16:30,13.7,93,1.6,35
1,30/09/22,17:00,13.4,94,3.4,10
1,30/09/22,17:30,13.3,95,8.2,54
1,30/09/22,18:00,13.6,95,0.4,76
1,30/09/22,18:30,13.6,93,0.0,19
1,30/09/22,19:00,13.4,94,0.0,0
1,30/09/22,19:30,13.3,93,0.0,0
1,30/09/22,20:00,13.2,93,0.0,0
1,30/09/22,20:30,13.2,94,0.0,0
1,30/09/22,21:00,13.2,94,0.0,0
1,30/09/22,21:30,13.2,95,0.0,0
1,30/09/22,22:00,13.1,95,0.0,0
1,30/09/22,22:30,13.2,95,0.0,0
1,30/09/22,23:00,13.2,95,0.0,0
1,30/09/22,23:30,13.2,96,0.0,0
1,01/10/22,00:00,13.2,96,0.0,0
1,01/10/22,0:30,13.1,96,0.0,0
1,01/10/22,1:00,13.1,97,0.0,0
1,01/10/22,1:30,12.9,97,0.0,0
1,01/10/22,2:00,12.8,97,0.0,0
1,01/10/22,2:30,12.8,97,0.0,0
1,01/10/22,3:00,12.7,97,0.0,0
1,01/10/22,3:30,12.6,97,0.0,0
1,01/10/22,4:00,12.5,97,0.0,0
1,01/10/22,4:30,12.4,97,0.0,0
1,01/10/22,5:00,12.4,97,0.0,0
1,01/10/22,5:30,12.4,97,0.0,0
1,01/10/22,6:00,12.4,97,0.0,0
1,01/10/22,6:30,12.5,97,0.0,3
1,01/10/22,7:00,12.6,97,0.0,22
1,01/10/22,7:30,12.9,97,0.0,61
1,01/10/22,8:00,13.4,96,0.0,180
1,01/10/22,8:30,13.9,94,0.0,245
1,01/10/22,9:00,14.5,91,0.0,331
1,01/10/22,9:30,15.3,89,0.0,437
1,01/10/22,10:00,15.5,86,0.0,637
1,01/10/22,10:30,15.8,83,0.0,637
1,01/10/22,11:00,16.4,82,0.0,545
1,01/10/22,11:30,15.8,83,0.0,474
1,01/10/22,12:00,16.5,81,0.0,664
1,01/10/22,12:30,17.6,82,0.0,778
1,01/10/22,13:00,17.8,78,0.0,425
1,01/10/22,13:30,17.8,73,0.0,380
1,01/10/22,14:00,18.3,68,0.0,816
1,01/10/22,14:30,18.1,71,0.0,454
1,01/10/22,15:00,18.3,70,0.0,466
1,01/10/22,15:30,18.3,66,0.0,498
1,01/10/22,16:00,19.0,71,0.0,481
1,01/10/22,16:30,18.2,69,0.0,197
1,01/10/22,17:00,18.4,70,0.0,275
1,01/10/22,17:30,17.8,71,0.0,178
1,01/10/22,18:00,16.6,75,0.0,82
1,01/10/22,18:30,15.7,78,0.0,19
1,01/10/22,19:00,14.5,82,0.0,1
1,01/10/22,19:30,14.7,81,0.0,0
1,01/10/22,20:00,14.6,84,0.0,0
1,01/10/22,20:30,14.1,86,0.0,0
1,01/10/22,21:00,13.7,86,0.0,0
1,01/10/22,21:30,13.3,87,0.0,0
1,01/10/22,22:00,12.9,89,0.0,0
1,01/10/22,22:30,12.3,90,0.0,0
1,01/10/22,23:00,11.7,91,0.0,0
1,01/10/22,23:30,11.9,92,0.0,0
1,02/10/22,00:00,11.4,93,0.0,0
1,02/10/22,0:30,11.2,94,0.0,0
1,02/10/22,1:00,11.2,95,0.0,0
1,02/10/22,1:30,11.1,96,0.0,0
1,02/10/22,2:00,11.1,96,0.0,0
1,02/10/22,2:30,11.0,96,0.0,0
1,02/10/22,3:00,10.8,97,0.0,0
1,02/10/22,3:30,10.8,97,0.0,0
1,02/10/22,4:00,10.6,97,0.0,0
1,02/10/22,4:30,10.5,97,0.0,0
1,02/10/22,5:00,10.1,96,0.0,0
1,02/10/22,5:30,10.2,97,0.0,0
1,02/10/22,6:00,10.4,97,0.0,0
1,02/10/22,6:30,10.2,97,0.0,4
1,02/10/22,7:00,10.4,97,0.0,22
1,02/10/22,7:30,10.9,97,0.0,47
1,02/10/22,8:00,11.4,96,0.0,110
1,02/10/22,8:30,11.9,94,0.0,195
1,02/10/22,9:00,12.4,92,0.0,321
1,02/10/22,9:30,13.2,90,0.0,312
1,02/10/22,10:00,14.4,84,0.0,763
1,02/10/22,10:30,15.5,82,0.0,595
1,02/10/22,11:00,16.4,77,0.0,992
1,02/10/22,11:30,16.6,74,0.0,415
1,02/10/22,12:00,17.2,73,0.0,491
1,02/10/22,12:30,17.3,71,0.0,781
1,02/10/22,13:00,18.2,68,0.0,877
1,02/10/22,13:30,18.6,69,0.0,902
1,02/10/22,14:00,19.3,67,0.0,984
1,02/10/22,14:30,19.8,63,0.0,815
1,02/10/22,15:00,19.1,67,0.0,581
1,02/10/22,15:30,19.3,61,0.0,494
1,02/10/22,16:00,19.3,59,0.0,373
1,02/10/22,16:30,19.8,60,0.0,307
1,02/10/22,17:00,19.6,60,0.0,235
1,02/10/22,17:30,19.2,58,0.0,207
1,02/10/22,18:00,18.9,62,0.0,87
1,02/10/22,18:30,17.5,66,0.0,19
1,02/10/22,19:00,15.8,73,0.0,2
1,02/10/22,19:30,14.7,77,0.0,0
1,02/10/22,20:00,14.4,79,0.0,0
1,02/10/22,20:30,14.3,79,0.0,0
1,02/10/22,21:00,14.2,81,0.0,0
1,02/10/22,21:30,14.2,81,0.0,0
1,02/10/22,22:00,14.2,81,0.0,0
1,02/10/22,22:30,13.9,84,0.0,0
1,02/10/22,23:00,14.7,84,0.0,0
1,02/10/22,23:30,13.4,87,0.0,0
1,03/10/22,00:00,12.9,89,0.0,0
1,03/10/22,0:30,12.4,90,0.0,0
1,03/10/22,1:00,12.9,91,0.0,0
1,03/10/22,1:30,12.8,91,0.0,0
1,03/10/22,2:00,13.2,89,0.0,0
1,03/10/22,2:30,13.1,82,0.0,0
1,03/10/22,3:00,10.9,90,0.0,0
1,03/10/22,3:30,11.2,90,0.0,0
1,03/10/22,4:00,10.9,91,0.0,0
1,03/10/22,4:30,10.2,94,0.0,0
1,03/10/22,5:00,10.2,96,0.0,0
1,03/10/22,5:30,10.5,96,0.0,0
1,03/10/22,6:00,10.6,97,0.0,0
1,03/10/22,6:30,10.4,97,0.0,9
1,03/10/22,7:00,10.2,96,0.0,71
1,03/10/22,7:30,10.4,93,0.0,195
1,03/10/22,8:00,10.7,89,0.0,324
1,03/10/22,8:30,12.1,86,0.0,443
1,03/10/22,9:00,12.8,77,0.0,558
1,03/10/22,9:30,13.2,77,0.0,660
1,03/10/22,10:00,13.6,68,0.0,751
1,03/10/22,10:30,13.9,70,0.0,830
1,03/10/22,11:00,14.7,64,0.0,892
1,03/10/22,11:30,15.2,62,0.0,937
1,03/10/22,12:00,16.1,55,0.0,960
1,03/10/22,12:30,17.0,58,0.0,968
1,03/10/22,13:00,17.1,53,0.0,957
1,03/10/22,13:30,17.3,47,0.0,931
1,03/10/22,14:00,17.6,48,0.0,890
1,03/10/22,14:30,17.8,44,0.0,827
1,03/10/22,15:00,17.8,42,0.0,754
1,03/10/22,15:30,17.8,46,0.0,664
1,03/10/22,16:00,17.6,45,0.0,563
1,03/10/22,16:30,16.9,52,0.0,452
1,03/10/22,17:00,16.4,55,0.0,332
1,03/10/22,17:30,15.7,58,0.0,213
1,03/10/22,18:00,14.6,64,0.0,92
1,03/10/22,18:30,13.3,69,0.0,22
1,03/10/22,19:00,11.9,74,0.0,2
1,03/10/22,19:30,10.6,79,0.0,0
1,03/10/22,20:00,10.2,81,0.0,0
1,03/10/22,20:30,10.0,80,0.0,0
1,03/10/22,21:00,9.1,83,0.0,0
1,03/10/22,21:30,9.1,82,0.0,0
1,03/10/22,22:00,8.9,85,0.0,0
1,03/10/22,22:30,9.4,88,0.0,0
1,03/10/22,23:00,8.9,91,0.0,0
1,03/10/22,23:30,8.1,92,0.0,0
1,04/10/22,00:00,7.9,92,0.0,0
1,04/10/22,0:30,8.6,93,0.0,0
1,04/10/22,1:00,8.9,92,0.0,0
1,04/10/22,1:30,8.7,93,0.0,0
1,04/10/22,2:00,8.8,94,0.0,0
1,04/10/22,2:30,9.3,95,0.0,0
1,04/10/22,3:00,9.5,94,0.0,0
1,04/10/22,3:30,9.4,93,0.0,0
1,04/10/22,4:00,9.2,94,0.0,0
1,04/10/22,4:30,9.2,94,0.0,0
1,04/10/22,5:00,9.2,94,0.0,0
1,04/10/22,5:30,9.2,94,0.0,0
1,04/10/22,6:00,9.2,93,0.0,0
1,04/10/22,6:30,8.9,94,0.0,10
1,04/10/22,7:00,9.4,93,0.0,68
1,04/10/22,7:30,10.6,91,0.0,148
1,04/10/22,8:00,11.4,87,0.0,348
1,04/10/22,8:30,11.8,83,0.0,403
1,04/10/22,9:00,12.4,78,0.0,330
1,04/10/22,9:30,13.1,74,0.0,781
1,04/10/22,10:00,13.9,67,0.0,796
1,04/10/22,10:30,14.6,68,0.0,820
1,04/10/22,11:00,15.3,60,0.0,891
1,04/10/22,11:30,16.1,60,0.0,933
1,04/10/22,12:00,16.8,58,0.0,963
1,04/10/22,12:30,17.0,57,0.0,978
1,04/10/22,13:00,17.4,60,0.0,973
1,04/10/22,13:30,17.8,59,0.0,932
1,04/10/22,14:00,18.2,57,0.0,885
1,04/10/22,14:30,18.1,56,0.0,821
1,04/10/22,15:00,18.8,58,0.0,747
1,04/10/22,15:30,18.6,56,0.0,657
1,04/10/22,16:00,18.6,57,0.0,558
1,04/10/22,16:30,18.6,56,0.0,449
1,04/10/22,17:00,18.3,58,0.0,331
1,04/10/22,17:30,18.0,59,0.0,209
1,04/10/22,18:00,17.2,62,0.0,92
1,04/10/22,18:30,15.9,68,0.0,23
1,04/10/22,19:00,14.8,73,0.0,2
1,04/10/22,19:30,14.1,78,0.0,0
1,04/10/22,20:00,13.7,80,0.0,0
1,04/10/22,20:30,13.1,83,0.0,0
1,04/10/22,21:00,12.8,84,0.0,0
1,04/10/22,21:30,12.3,85,0.0,0
1,04/10/22,22:00,11.9,86,0.0,0
1,04/10/22,22:30,11.7,87,0.0,0
1,04/10/22,23:00,11.4,89,0.0,0
1,04/10/22,23:30,11.2,90,0.0,0
1,05/10/22,00:00,11.1,91,0.0,0
1,05/10/22,0:30,10.9,92,0.0,0
1,05/10/22,1:00,10.8,93,0.0,0
1,05/10/22,1:30,10.8,93,0.0,0
1,05/10/22,2:00,11.1,94,0.0,0
1,05/10/22,2:30,10.8,94,0.0,0
1,05/10/22,3:00,10.9,94,0.0,0
1,05/10/22,3:30,11.1,94,0.0,0
1,05/10/22,4:00,11.4,93,0.0,0
1,05/10/22,4:30,11.6,92,0.0,0
1,05/10/22,5:00,11.2,93,0.0,0
1,05/10/22,5:30,11.7,93,0.0,0
1,05/10/22,6:00,11.9,92,0.0,0
1,05/10/22,6:30,12.3,91,0.0,10
1,05/10/22,7:00,12.8,90,0.0,41
1,05/10/22,7:30,13.3,88,0.0,110
1,05/10/22,8:00,14.1,85,0.0,196
1,05/10/22,8:30,14.7,83,0.0,266
1,05/10/22,9:00,15.4,80,0.0,566
1,05/10/22,9:30,16.2,77,0.0,676
1,05/10/22,10:00,17.0,74,0.0,768
1,05/10/22,10:30,18.1,71,0.0,843
1,05/10/22,11:00,18.9,70,0.0,901
1,05/10/22,11:30,19.6,67,0.0,940
1,05/10/22,12:00,20.3,64,0.0,974
1,05/10/22,12:30,21.1,63,0.0,978
1,05/10/22,13:00,21.6,62,0.0,963
1,05/10/22,13:30,21.9,58,0.0,934
1,05/10/22,14:00,22.1,56,0.0,886
1,05/10/22,14:30,22.4,57,0.0,826
1,05/10/22,15:00,22.7,57,0.0,750
1,05/10/22,15:30,22.9,55,0.0,654
1,05/10/22,16:00,22.4,56,0.0,461
1,05/10/22,16:30,21.8,57,0.0,315
1,05/10/22,17:00,21.1,58,0.0,232
1,05/10/22,17:30,20.2,61,0.0,148
1,05/10/22,18:00,19.4,63,0.0,82
1,05/10/22,18:30,18.4,66,0.0,24
1,05/10/22,19:00,17.6,67,0.0,1
1,05/10/22,19:30,16.8,68,0.0,0
1,05/10/22,20:00,16.2,71,0.0,0
1,05/10/22,20:30,15.7,76,0.0,0
1,05/10/22,21:00,15.3,80,0.0,0
1,05/10/22,21:30,15.1,82,0.0,0
1,05/10/22,22:00,14.8,84,0.0,0
1,05/10/22,22:30,14.7,85,0.0,0
1,05/10/22,23:00,14.6,86,0.0,0
1,05/10/22,23:30,14.6,87,0.0,0
1,06/10/22,00:00,14.6,87,0.0,0
1,06/10/22,0:30,14.5,88,0.0,0
1,06/10/22,1:00,14.6,89,0.0,0
1,06/10/22,1:30,14.7,89,0.0,0
1,06/10/22,2:00,14.8,89,0.0,0
1,06/10/22,2:30,14.8,89,0.0,0
1,06/10/22,3:00,15.0,90,0.0,0
1,06/10/22,3:30,14.6,92,0.2,0
1,06/10/22,4:00,14.5,92,0.0,0
1,06/10/22,4:30,14.8,93,0.0,0
1,06/10/22,5:00,14.7,94,0.0,0
1,06/10/22,5:30,14.8,94,0.0,0
1,06/10/22,6:00,14.9,94,0.0,0
1,06/10/22,6:30,14.9,94,0.0,0
1,06/10/22,7:00,15.0,95,0.4,9
1,06/10/22,7:30,15.1,95,0.0,44
1,06/10/22,8:00,15.1,95,0.0,33
1,06/10/22,8:30,15.2,95,0.0,39
1,06/10/22,9:00,15.3,96,1.4,30
1,06/10/22,9:30,15.7,96,0.6,73
1,06/10/22,10:00,15.9,96,2.4,73
1,06/10/22,10:30,16.3,96,2.2,121
1,06/10/22,11:00,16.6,96,0.6,205
1,06/10/22,11:30,16.7,96,0.6,202
1,06/10/22,12:00,16.6,96,1.6,125
1,06/10/22,12:30,16.5,96,3.4,114
1,06/10/22,13:00,16.6,97,1.0,167
1,06/10/22,13:30,16.8,97,0.6,252
1,06/10/22,14:00,17.2,97,0.0,361
1,06/10/22,14:30,17.8,96,0.0,356
1,06/10/22,15:00,18.2,95,0.0,176
1,06/10/22,15:30,18.9,93,0.0,188
1,06/10/22,16:00,19.1,91,0.0,100
1,06/10/22,16:30,17.1,96,4.6,53
1,06/10/22,17:00,16.9,97,0.2,20
1,06/10/22,17:30,16.4,97,0.8,16
1,06/10/22,18:00,16.4,97,0.0,23
1,06/10/22,18:30,16.1,97,0.0,6
1,06/10/22,19:00,15.8,97,0.0,0
1,06/10/22,19:30,15.5,97,0.0,0
1,06/10/22,20:00,15.4,97,0.0,0
1,06/10/22,20:30,14.7,97,0.0,0
1,06/10/22,21:00,14.2,97,0.0,0
1,06/10/22,21:30,14.2,97,0.0,0
1,06/10/22,22:00,14.2,97,0.0,0
1,06/10/22,22:30,14.3,97,0.0,0
1,06/10/22,23:00,14.1,96,0.0,0
1,06/10/22,23:30,14.0,95,0.0,0
1,07/10/22,00:00,13.7,95,0.0,0
1,07/10/22,0:30,13.3,96,0.0,0
1,07/10/22,1:00,13.3,96,0.0,0
1,07/10/22,1:30,13.1,95,0.0,0
1,07/10/22,2:00,12.9,94,0.0,0
1,07/10/22,2:30,12.8,94,0.0,0
1,07/10/22,3:00,12.5,94,0.0,0
1,07/10/22,3:30,12.3,94,0.0,0
1,07/10/22,4:00,12.3,95,0.0,0
1,07/10/22,4:30,12.2,95,0.0,0
1,07/10/22,5:00,12.2,95,0.0,0
1,07/10/22,5:30,12.1,95,0.0,0
1,07/10/22,6:00,11.9,94,0.0,0
1,07/10/22,6:30,11.7,95,0.0,2
1,07/10/22,7:00,11.8,95,0.0,16
1,07/10/22,7:30,11.9,95,0.0,31
1,07/10/22,8:00,12.3,94,0.0,104
1,07/10/22,8:30,12.9,92,0.0,177
1,07/10/22,9:00,13.5,90,0.0,259
1,07/10/22,9:30,14.8,87,0.0,613
1,07/10/22,10:00,14.9,85,0.0,537
1,07/10/22,10:30,16.0,82,0.0,893
1,07/10/22,11:00,17.2,77,0.0,910
1,07/10/22,11:30,17.8,73,0.0,853
1,07/10/22,12:00,18.1,74,0.0,872
1,07/10/22,12:30,18.9,68,0.0,904
1,07/10/22,13:00,19.2,64,0.0,782
1,07/10/22,13:30,19.6,64,0.0,907
1,07/10/22,14:00,19.7,61,0.0,764
1,07/10/22,14:30,19.9,60,0.0,432
1,07/10/22,15:00,20.7,59,0.0,722
1,07/10/22,15:30,19.8,59,0.0,670
1,07/10/22,16:00,20.2,57,0.0,594
1,07/10/22,16:30,19.6,61,0.0,271
1,07/10/22,17:00,19.9,61,0.0,349
1,07/10/22,17:30,19.9,60,0.0,203
1,07/10/22,18:00,19.1,63,0.0,104
1,07/10/22,18:30,17.7,66,0.0,25
1,07/10/22,19:00,16.9,68,0.0,3
1,07/10/22,19:30,16.3,71,0.0,0
1,07/10/22,20:00,16.1,71,0.0,0
1,07/10/22,20:30,15.6,75,0.0,0
1,07/10/22,21:00,15.7,73,0.0,0
1,07/10/22,21:30,15.5,75,0.0,0
1,07/10/22,22:00,15.5,74,0.0,0
1,07/10/22,22:30,14.9,75,0.0,0
1,07/10/22,23:00,14.8,76,0.0,0
1,07/10/22,23:30,14.3,78,0.0,0
1,08/10/22,00:00,14.3,76,0.0,0
1,08/10/22,0:30,13.7,78,0.0,0
1,08/10/22,1:00,13.8,77,0.0,0
1,08/10/22,1:30,13.8,77,0.0,0
1,08/10/22,2:00,12.8,81,0.0,0
1,08/10/22,2:30,13.4,77,0.0,0
1,08/10/22,3:00,13.1,77,0.0,0
1,08/10/22,3:30,12.8,79,0.0,0
1,08/10/22,4:00,12.4,80,0.0,0
1,08/10/22,4:30,11.9,82,0.0,0
1,08/10/22,5:00,12.4,80,0.0,0
1,08/10/22,5:30,12.8,79,0.0,0
1,08/10/22,6:00,12.6,79,0.0,0
1,08/10/22,6:30,12.4,80,0.0,18
1,08/10/22,7:00,13.6,77,0.0,96
1,08/10/22,7:30,13.9,77,0.0,224
1,08/10/22,8:00,15.8,72,0.0,345
1,08/10/22,8:30,17.2,70,0.0,461
1,08/10/22,9:00,18.0,66,0.0,571
1,08/10/22,9:30,19.4,62,0.0,674
1,08/10/22,10:00,20.6,60,0.0,765
1,08/10/22,10:30,20.8,60,0.0,839
1,08/10/22,11:00,21.4,55,0.0,894
1,08/10/22,11:30,21.7,54,0.0,940
1,08/10/22,12:00,22.3,54,0.0,968
1,08/10/22,12:30,22.9,56,0.0,980
1,08/10/22,13:00,23.1,51,0.0,958
1,08/10/22,13:30,23.8,49,0.0,942
1,08/10/22,14:00,24.2,48,0.0,878
1,08/10/22,14:30,24.4,52,0.0,824
1,08/10/22,15:00,24.5,52,0.0,742
1,08/10/22,15:30,24.7,51,0.0,652
1,08/10/22,16:00,24.3,51,0.0,540
1,08/10/22,16:30,23.9,52,0.0,446
1,08/10/22,17:00,23.4,52,0.0,332
1,08/10/22,17:30,22.6,59,0.0,162
1,08/10/22,18:00,21.8,58,0.0,60
1,08/10/22,18:30,20.8,61,0.0,20
1,08/10/22,19:00,20.1,64,0.0,1
1,08/10/22,19:30,17.2,83,0.4,0
1,08/10/22,20:00,16.3,85,0.0,0
1,08/10/22,20:30,14.6,87,0.0,0
1,08/10/22,21:00,12.1,72,0.0,0
1,08/10/22,21:30,11.4,72,0.0,0
1,08/10/22,22:00,10.6,79,0.2,0
1,08/10/22,22:30,10.4,82,0.0,0
1,08/10/22,23:00,9.8,85,0.0,0
1,08/10/22,23:30,9.4,88,0.0,0
1,09/10/22,00:00,9.0,90,0.0,0
1,09/10/22,0:30,8.5,90,0.0,0
1,09/10/22,1:00,8.4,85,0.0,0
1,09/10/22,1:30,8.4,80,0.0,0
1,09/10/22,2:00,8.0,82,0.0,0
1,09/10/22,2:30,7.4,83,0.0,0
1,09/10/22,3:00,7.0,84,0.0,0
1,09/10/22,3:30,6.6,86,0.0,0
1,09/10/22,4:00,6.3,88,0.0,0
1,09/10/22,4:30,6.3,89,0.0,0
1,09/10/22,5:00,6.3,90,0.0,0
1,09/10/22,5:30,6.0,90,0.0,0
1,09/10/22,6:00,5.7,91,0.0,0
1,09/10/22,6:30,5.4,92,0.0,16
1,09/10/22,7:00,5.6,92,0.0,70
1,09/10/22,7:30,6.4,92,0.0,216
1,09/10/22,8:00,7.0,89,0.0,315
1,09/10/22,8:30,7.6,84,0.0,461
1,09/10/22,9:00,7.7,80,0.0,373
1,09/10/22,9:30,8.5,76,0.0,372
1,09/10/22,10:00,8.8,70,0.0,517
1,09/10/22,10:30,9.2,68,0.0,397
1,09/10/22,11:00,9.9,64,0.0,418
1,09/10/22,11:30,11.3,60,0.0,1013
1,09/10/22,12:00,12.1,60,0.0,1007
1,09/10/22,12:30,12.3,55,0.0,1003
1,09/10/22,13:00,12.8,58,0.0,988
1,09/10/22,13:30,13.6,49,0.0,963
1,09/10/22,14:00,13.3,52,0.0,915
1,09/10/22,14:30,14.3,50,0.0,855
1,09/10/22,15:00,14.4,47,0.0,780
1,09/10/22,15:30,14.2,48,0.0,686
1,09/10/22,16:00,14.1,48,0.0,583
1,09/10/22,16:30,13.8,49,0.0,471
1,09/10/22,17:00,13.9,51,0.0,354
1,09/10/22,17:30,13.3,54,0.0,232
1,09/10/22,18:00,12.9,54,0.0,105
1,09/10/22,18:30,11.9,59,0.0,26
1,09/10/22,19:00,10.6,62,0.0,3
1,09/10/22,19:30,9.8,66,0.0,0
1,09/10/22,20:00,10.1,62,0.0,0
1,09/10/22,20:30,9.8,64,0.0,0
1,09/10/22,21:00,9.2,67,0.0,0
1,09/10/22,21:30,9.2,66,0.0,0
1,09/10/22,22:00,8.7,68,0.0,0
1,09/10/22,22:30,8.1,72,0.0,0
1,09/10/22,23:00,7.4,74,0.0,0
1,09/10/22,23:30,7.5,74,0.0,0
1,10/10/22,00:00,7.4,75,0.0,0
1,10/10/22,0:30,7.8,75,0.0,0
1,10/10/22,1:00,7.6,74,0.0,0
1,10/10/22,1:30,7.4,75,0.0,0
1,10/10/22,2:00,7.4,78,0.0,0
1,10/10/22,2:30,7.3,80,0.0,0
1,10/10/22,3:00,7.9,79,0.0,0
1,10/10/22,3:30,7.4,81,0.0,0
1,10/10/22,4:00,7.1,84,0.0,0
1,10/10/22,4:30,7.3,83,0.0,0
1,10/10/22,5:00,7.3,83,0.0,0
1,10/10/22,5:30,7.3,84,0.0,0
1,10/10/22,6:00,7.3,84,0.0,0
1,10/10/22,6:30,6.7,85,0.0,22
1,10/10/22,7:00,7.6,84,0.0,108
1,10/10/22,7:30,9.1,82,0.0,237
1,10/10/22,8:00,10.5,80,0.0,363
1,10/10/22,8:30,11.3,80,0.0,484
1,10/10/22,9:00,11.7,76,0.0,627
1,10/10/22,9:30,12.1,70,0.0,645
1,10/10/22,10:00,12.8,65,0.0,797
1,10/10/22,10:30,13.3,63,0.0,889
1,10/10/22,11:00,13.6,61,0.0,921
1,10/10/22,11:30,14.3,66,0.0,1009
1,10/10/22,12:00,14.4,67,0.0,1042
1,10/10/22,12:30,14.9,62,0.0,977
1,10/10/22,13:00,15.3,62,0.0,944
1,10/10/22,13:30,15.4,60,0.0,839
1,10/10/22,14:00,15.8,61,0.0,686
1,10/10/22,14:30,15.6,58,0.0,605
1,10/10/22,15:00,15.5,58,0.0,589
1,10/10/22,15:30,15.3,59,0.0,570
1,10/10/22,16:00,15.1,61,0.0,403
1,10/10/22,16:30,14.6,60,0.0,326
1,10/10/22,17:00,13.8,63,0.0,200
1,10/10/22,17:30,13.2,63,0.0,124
1,10/10/22,18:00,12.7,66,0.0,55
1,10/10/22,18:30,12.3,70,0.0,20
1,10/10/22,19:00,11.9,74,0.0,2
1,10/10/22,19:30,11.6,77,0.0,0
1,10/10/22,20:00,11.4,78,0.0,0
1,10/10/22,20:30,11.2,80,0.0,0
1,10/10/22,21:00,11.1,85,0.0,0
1,10/10/22,21:30,11.1,87,0.0,0
1,10/10/22,22:00,11.2,87,0.0,0
1,10/10/22,22:30,11.3,88,0.0,0
1,10/10/22,23:00,11.0,90,0.0,0
1,10/10/22,23:30,10.9,92,0.0,0
1,11/10/22,00:00,11.1,92,0.0,0
1,11/10/22,0:30,11.4,92,0.0,0
1,11/10/22,1:00,11.6,93,0.0,0
1,11/10/22,1:30,11.8,93,0.0,0
1,11/10/22,2:00,11.8,94,0.0,0
1,11/10/22,2:30,11.9,95,0.0,0
1,11/10/22,3:00,12.1,95,0.0,0
1,11/10/22,3:30,12.4,95,0.0,0
1,11/10/22,4:00,12.5,95,0.2,0
1,11/10/22,4:30,12.6,96,0.4,0
1,11/10/22,5:00,12.7,96,0.0,0
1,11/10/22,5:30,12.8,96,0.0,0
1,11/10/22,6:00,12.8,96,0.0,0
1,11/10/22,6:30,13.1,96,0.2,14
1,11/10/22,7:00,13.5,95,0.0,60
1,11/10/22,7:30,14.2,94,0.0,184
1,11/10/22,8:00,14.6,93,0.0,277
1,11/10/22,8:30,15.2,92,0.0,355
1,11/10/22,9:00,15.2,93,0.0,316
1,11/10/22,9:30,15.4,93,0.0,336
1,11/10/22,10:00,15.8,92,0.0,315
1,11/10/22,10:30,16.6,91,0.0,379
1,11/10/22,11:00,17.1,90,0.0,437
1,11/10/22,11:30,17.3,89,0.0,482
1,11/10/22,12:00,16.9,91,0.0,289
1,11/10/22,12:30,16.7,93,0.2,147
1,11/10/22,13:00,16.5,95,1.0,184
1,11/10/22,13:30,16.6,95,0.2,223
1,11/10/22,14:00,16.6,95,0.4,88
1,11/10/22,14:30,16.3,96,1.2,126
1,11/10/22,15:00,16.6,96,0.0,176
1,11/10/22,15:30,16.7,96,0.0,129
1,11/10/22,16:00,16.9,94,0.0,199
1,11/10/22,16:30,17.3,93,0.0,155
1,11/10/22,17:00,17.3,93,0.0,116
1,11/10/22,17:30,17.2,93,0.0,42
1,11/10/22,18:00,16.3,95,0.0,22
1,11/10/22,18:30,16.2,96,0.0,12
1,11/10/22,19:00,16.1,97,0.0,0
1,11/10/22,19:30,15.9,97,0.2,0
1,11/10/22,20:00,15.8,97,0.2,0
1,11/10/22,20:30,15.4,97,0.0,0
1,11/10/22,21:00,15.3,97,0.0,0
1,11/10/22,21:30,15.3,98,0.0,0
1,11/10/22,22:00,15.2,98,0.2,0
1,11/10/22,22:30,14.9,98,0.0,0
1,11/10/22,23:00,14.8,98,0.0,0
1,11/10/22,23:30,14.4,98,0.2,0
1,12/10/22,00:00,14.3,98,0.0,0
1,12/10/22,0:30,14.1,98,0.0,0
1,12/10/22,1:00,14.1,98,0.0,0
1,12/10/22,1:30,14.0,98,0.0,0
1,12/10/22,2:00,13.2,98,0.0,0
1,12/10/22,2:30,12.9,98,0.0,0
1,12/10/22,3:00,12.6,98,0.0,0
1,12/10/22,3:30,12.4,98,0.0,0
1,12/10/22,4:00,12.3,98,0.0,0
1,12/10/22,4:30,12.3,98,0.0,0
1,12/10/22,5:00,12.0,98,0.0,0
1,12/10/22,5:30,12.0,98,0.0,0
1,12/10/22,6:00,11.7,98,0.2,0
1,12/10/22,6:30,11.6,98,0.0,24
1,12/10/22,7:00,11.8,98,0.0,48
1,12/10/22,7:30,11.8,98,0.0,91
1,12/10/22,8:00,11.9,98,0.0,158
1,12/10/22,8:30,12.3,98,0.0,217
1,12/10/22,9:00,13.0,98,0.0,327
1,12/10/22,9:30,13.6,96,0.0,364
1,12/10/22,10:00,14.4,91,0.0,483
1,12/10/22,10:30,15.3,82,0.0,549
1,12/10/22,11:00,15.4,81,0.0,456
1,12/10/22,11:30,16.3,74,0.0,1156
1,12/10/22,12:00,16.3,74,0.0,710
1,12/10/22,12:30,17.4,70,0.0,1066
1,12/10/22,13:00,17.8,70,0.0,1026
1,12/10/22,13:30,18.2,64,0.0,1090
1,12/10/22,14:00,18.0,69,0.0,822
1,12/10/22,14:30,17.9,68,0.0,365
1,12/10/22,15:00,19.2,63,0.0,676
1,12/10/22,15:30,19.0,59,0.0,690
1,12/10/22,16:00,18.8,60,0.0,546
1,12/10/22,16:30,19.2,59,0.0,462
1,12/10/22,17:00,18.9,59,0.0,350
1,12/10/22,17:30,19.9,57,0.0,233
1,12/10/22,18:00,19.2,57,0.0,110
1,12/10/22,18:30,18.1,62,0.0,25
1,12/10/22,19:00,17.1,68,0.0,3
1,12/10/22,19:30,16.6,68,0.0,0
1,12/10/22,20:00,16.2,67,0.0,0
1,12/10/22,20:30,16.1,66,0.0,0
1,12/10/22,21:00,15.8,73,0.0,0
1,12/10/22,21:30,15.8,70,0.0,0
1,12/10/22,22:00,15.9,69,0.0,0
1,12/10/22,22:30,15.6,71,0.0,0
1,12/10/22,23:00,14.8,76,0.0,0
1,12/10/22,23:30,15.0,74,0.0,0
1,13/10/22,00:00,15.1,71,0.0,0
1,13/10/22,0:30,14.7,74,0.0,0
1,13/10/22,1:00,14.6,73,0.0,0
1,13/10/22,1:30,14.4,72,0.0,0
1,13/10/22,2:00,12.8,79,0.0,0
1,13/10/22,2:30,12.9,79,0.0,0
1,13/10/22,3:00,13.1,78,0.0,0
1,13/10/22,3:30,12.9,78,0.0,0
1,13/10/22,4:00,12.3,80,0.0,0
1,13/10/22,4:30,13.3,76,0.0,0
1,13/10/22,5:00,12.4,81,0.0,0
1,13/10/22,5:30,12.2,80,0.0,0
1,13/10/22,6:00,12.0,82,0.0,1
1,13/10/22,6:30,12.6,80,0.0,28
1,13/10/22,7:00,13.7,78,0.0,124
1,13/10/22,7:30,14.8,76,0.0,251
1,13/10/22,8:00,16.3,72,0.0,370
1,13/10/22,8:30,17.2,74,0.0,486
1,13/10/22,9:00,18.9,72,0.0,596
1,13/10/22,9:30,20.0,65,0.0,697
1,13/10/22,10:00,20.6,60,0.0,783
1,13/10/22,10:30,21.2,55,0.0,855
1,13/10/22,11:00,21.8,53,0.0,912
1,13/10/22,11:30,21.9,51,0.0,946
1,13/10/22,12:00,22.1,48,0.0,961
1,13/10/22,12:30,22.1,46,0.0,964
1,13/10/22,13:00,22.5,51,0.0,942
1,13/10/22,13:30,22.8,48,0.0,910
1,13/10/22,14:00,23.3,43,0.0,878
1,13/10/22,14:30,23.0,43,0.0,829
1,13/10/22,15:00,23.7,45,0.0,748
1,13/10/22,15:30,23.4,40,0.0,650
1,13/10/22,16:00,23.4,43,0.0,553
1,13/10/22,16:30,23.2,40,0.0,448
1,13/10/22,17:00,22.8,46,0.0,332
1,13/10/22,17:30,22.6,43,0.0,210
1,13/10/22,18:00,16.4,76,0.0,102
1,13/10/22,18:30,14.7,82,0.0,35
1,13/10/22,19:00,13.4,84,0.0,7
1,13/10/22,19:30,12.3,85,0.0,0
1,13/10/22,20:00,11.3,85,0.0,0
1,13/10/22,20:30,10.7,79,0.0,0
1,13/10/22,21:00,10.0,73,0.0,0
1,13/10/22,21:30,9.7,77,0.0,0
1,13/10/22,22:00,9.4,80,0.0,0
1,13/10/22,22:30,9.4,80,0.0,0
1,13/10/22,23:00,9.2,82,0.0,0
1,13/10/22,23:30,9.1,84,0.0,0
1,14/10/22,00:00,9.1,83,0.0,0
1,14/10/22,0:30,8.8,83,0.0,0
1,14/10/22,1:00,8.7,82,0.0,0
1,14/10/22,1:30,8.6,81,0.0,0
1,14/10/22,2:00,8.4,82,0.0,0
1,14/10/22,2:30,8.3,83,0.0,0
1,14/10/22,3:00,8.2,84,0.0,0
1,14/10/22,3:30,8.2,83,0.0,0
1,14/10/22,4:00,8.1,83,0.0,0
1,14/10/22,4:30,7.9,83,0.0,0
1,14/10/22,5:00,7.7,84,0.0,0
1,14/10/22,5:30,7.5,85,0.0,0
1,14/10/22,6:00,7.5,86,0.0,0
1,14/10/22,6:30,7.8,87,0.0,17
1,14/10/22,7:00,8.6,86,0.0,98
1,14/10/22,7:30,9.6,84,0.0,229
1,14/10/22,8:00,10.7,78,0.0,345
1,14/10/22,8:30,11.5,75,0.0,460
1,14/10/22,9:00,12.2,73,0.0,566
1,14/10/22,9:30,12.7,71,0.0,667
1,14/10/22,10:00,13.7,67,0.0,754
1,14/10/22,10:30,14.0,68,0.0,829
1,14/10/22,11:00,15.1,68,0.0,888
1,14/10/22,11:30,14.8,67,0.0,933
1,14/10/22,12:00,15.4,66,0.0,1010
1,14/10/22,12:30,15.7,68,0.0,1070
1,14/10/22,13:00,15.8,66,0.0,1054
1,14/10/22,13:30,16.0,64,0.0,916
1,14/10/22,14:00,16.0,61,0.0,885
1,14/10/22,14:30,16.4,62,0.0,858
1,14/10/22,15:00,15.9,64,0.0,789
1,14/10/22,15:30,15.2,66,0.0,509
1,14/10/22,16:00,14.6,69,0.0,272
1,14/10/22,16:30,13.7,70,0.0,210
1,14/10/22,17:00,13.8,70,0.0,166
1,14/10/22,17:30,13.6,69,0.0,103
1,14/10/22,18:00,13.1,71,0.0,51
1,14/10/22,18:30,12.9,71,0.0,26
1,14/10/22,19:00,12.9,73,0.0,3
1,14/10/22,19:30,12.7,74,0.0,0
1,14/10/22,20:00,12.3,76,0.0,0
1,14/10/22,20:30,12.0,77,0.0,0
1,14/10/22,21:00,12.0,77,0.0,0
1,14/10/22,21:30,12.0,78,0.0,0
1,14/10/22,22:00,11.8,79,0.0,0
1,14/10/22,22:30,11.6,81,0.0,0
1,14/10/22,23:00,11.5,82,0.0,0
1,14/10/22,23:30,11.5,82,0.0,0
1,15/10/22,00:00,11.7,82,0.0,0
1,15/10/22,0:30,11.8,83,0.0,0
1,15/10/22,1:00,11.8,83,0.0,0
1,15/10/22,1:30,11.7,85,0.0,0
1,15/10/22,2:00,11.6,85,0.0,0
1,15/10/22,2:30,11.2,86,0.0,0
1,15/10/22,3:00,10.9,89,0.0,0
1,15/10/22,3:30,10.7,90,0.0,0
1,15/10/22,4:00,10.6,91,0.0,0
1,15/10/22,4:30,10.7,90,0.0,0
1,15/10/22,5:00,10.4,90,0.0,0
1,15/10/22,5:30,10.4,90,0.0,0
1,15/10/22,6:00,10.3,90,0.0,2
1,15/10/22,6:30,10.6,90,0.0,30
1,15/10/22,7:00,11.3,88,0.0,111
1,15/10/22,7:30,11.9,86,0.0,148
1,15/10/22,8:00,12.8,83,0.0,269
1,15/10/22,8:30,13.6,80,0.0,304
1,15/10/22,9:00,14.1,79,0.0,388
1,15/10/22,9:30,14.4,80,0.0,408
1,15/10/22,10:00,15.7,77,0.0,506
1,15/10/22,10:30,15.9,78,0.0,537
1,15/10/22,11:00,16.6,76,0.0,437
1,15/10/22,11:30,17.7,75,0.0,635
1,15/10/22,12:00,17.7,74,0.0,1166
1,15/10/22,12:30,17.8,73,0.0,662
1,15/10/22,13:00,17.4,74,0.0,590
1,15/10/22,13:30,17.5,75,0.0,419
1,15/10/22,14:00,17.4,74,0.0,435
1,15/10/22,14:30,17.3,74,0.0,379
1,15/10/22,15:00,17.3,75,0.0,326
1,15/10/22,15:30,17.3,75,0.0,289
1,15/10/22,16:00,17.1,77,0.0,259
1,15/10/22,16:30,16.7,79,0.0,210
1,15/10/22,17:00,16.4,79,0.0,166
1,15/10/22,17:30,16.3,80,0.0,128
1,15/10/22,18:00,16.2,79,0.0,73
1,15/10/22,18:30,15.8,79,0.0,32
1,15/10/22,19:00,15.6,80,0.0,4
1,15/10/22,19:30,15.3,81,0.0,0
1,15/10/22,20:00,15.1,83,0.0,0
1,15/10/22,20:30,15.0,84,0.0,0
1,15/10/22,21:00,14.8,87,0.0,0
1,15/10/22,21:30,14.4,89,0.0,0
1,15/10/22,22:00,14.2,91,0.0,0
1,15/10/22,22:30,14.2,92,0.0,0
1,15/10/22,23:00,14.3,92,0.0,0
1,15/10/22,23:30,14.3,93,0.0,0
1,16/10/22,00:00,14.3,93,0.0,0
1,16/10/22,0:30,14.4,94,0.0,0
1,16/10/22,1:00,14.5,94,0.0,0
1,16/10/22,1:30,14.7,93,0.0,0
1,16/10/22,2:00,14.8,93,0.0,0
1,16/10/22,2:30,14.8,94,0.0,0
1,16/10/22,3:00,14.8,94,0.0,0
1,16/10/22,3:30,14.7,95,0.0,0
1,16/10/22,4:00,14.7,95,0.0,0
1,16/10/22,4:30,14.7,95,0.0,0
1,16/10/22,5:00,14.6,95,0.0,0
1,16/10/22,5:30,14.6,95,0.0,0
1,16/10/22,6:00,14.6,95,0.0,0
1,16/10/22,6:30,14.6,96,0.0,13
1,16/10/22,7:00,14.7,96,0.0,42
1,16/10/22,7:30,14.7,96,0.0,36
1,16/10/22,8:00,14.8,96,0.0,45
1,16/10/22,8:30,14.6,96,0.0,76
1,16/10/22,9:00,14.6,97,0.0,130
1,16/10/22,9:30,14.8,96,0.0,301
1,16/10/22,10:00,14.9,95,0.0,218
1,16/10/22,10:30,14.9,94,0.0,186
1,16/10/22,11:00,15.8,93,0.0,343
1,16/10/22,11:30,17.4,85,0.0,483
1,16/10/22,12:00,19.2,79,0.0,612
1,16/10/22,12:30,19.8,75,0.0,736
1,16/10/22,13:00,19.9,69,0.0,919
1,16/10/22,13:30,20.0,69,0.0,866
1,16/10/22,14:00,20.5,64,0.0,723
1,16/10/22,14:30,21.6,62,0.0,914
1,16/10/22,15:00,20.3,65,0.0,817
1,16/10/22,15:30,20.7,63,0.0,644
1,16/10/22,16:00,20.1,69,0.0,549
1,16/10/22,16:30,19.2,69,0.0,538
1,16/10/22,17:00,18.4,73,0.0,414
1,16/10/22,17:30,17.3,76,0.0,261
1,16/10/22,18:00,15.9,79,0.0,109
1,16/10/22,18:30,15.5,80,0.0,39
1,16/10/22,19:00,14.0,90,0.0,2
1,16/10/22,19:30,13.8,90,0.0,0
1,16/10/22,20:00,13.6,93,0.0,0
1,16/10/22,20:30,13.4,95,0.0,0
1,16/10/22,21:00,13.4,94,0.0,0
1,16/10/22,21:30,13.3,95,0.0,0
1,16/10/22,22:00,13.3,96,0.2,0
1,16/10/22,22:30,13.3,96,0.2,0
1,16/10/22,23:00,13.4,97,0.2,0
1,16/10/22,23:30,13.7,97,0.2,0
1,17/10/22,00:00,13.8,97,0.2,0
1,17/10/22,0:30,14.0,96,0.0,0
1,17/10/22,1:00,14.1,96,0.0,0
1,17/10/22,1:30,13.9,93,0.0,0
1,17/10/22,2:00,13.8,93,0.0,0
1,17/10/22,2:30,13.8,93,0.0,0
1,17/10/22,3:00,14.1,93,0.0,0
1,17/10/22,3:30,13.9,95,0.2,0
1,17/10/22,4:00,13.9,94,0.2,0
1,17/10/22,4:30,13.9,94,0.0,0
1,17/10/22,5:00,13.9,93,0.0,0
1,17/10/22,5:30,13.7,94,0.0,0
1,17/10/22,6:00,13.6,93,0.0,1
1,17/10/22,6:30,13.7,92,0.0,19
1,17/10/22,7:00,13.8,93,0.0,66
1,17/10/22,7:30,13.9,94,0.0,129
1,17/10/22,8:00,14.3,94,0.0,189
1,17/10/22,8:30,14.9,92,0.0,304
1,17/10/22,9:00,15.1,92,0.0,385
1,17/10/22,9:30,15.7,92,0.0,452
1,17/10/22,10:00,15.8,91,0.0,481
1,17/10/22,10:30,16.3,88,0.0,626
1,17/10/22,11:00,16.8,86,0.0,663
1,17/10/22,11:30,16.3,90,0.0,767
1,17/10/22,12:00,17.0,87,0.0,620
1,17/10/22,12:30,16.5,89,0.0,422
1,17/10/22,13:00,16.8,90,0.0,607
1,17/10/22,13:30,16.3,92,0.0,479
1,17/10/22,14:00,16.3,91,0.2,481
1,17/10/22,14:30,15.8,92,0.0,435
1,17/10/22,15:00,16.1,90,0.0,292
1,17/10/22,15:30,15.7,91,0.0,275
1,17/10/22,16:00,15.3,93,0.0,159
1,17/10/22,16:30,15.2,94,0.0,141
1,17/10/22,17:00,15.3,93,0.0,154
1,17/10/22,17:30,15.2,93,0.0,89
1,17/10/22,18:00,15.2,93,0.0,58
1,17/10/22,18:30,15.0,93,0.0,24
1,17/10/22,19:00,14.9,93,0.0,2
1,17/10/22,19:30,14.8,94,0.0,0
1,17/10/22,20:00,14.7,94,0.0,0
1,17/10/22,20:30,14.9,95,0.0,0
1,17/10/22,21:00,14.9,95,0.0,0
1,17/10/22,21:30,14.9,95,0.0,0
1,17/10/22,22:00,14.8,95,0.0,0
1,17/10/22,22:30,14.8,95,0.0,0
1,17/10/22,23:00,14.9,94,0.0,0
1,17/10/22,23:30,14.9,94,0.0,0
1,18/10/22,00:00,14.7,95,0.0,0
1,18/10/22,0:30,14.7,95,0.0,0
1,18/10/22,1:00,14.7,96,0.0,0
1,18/10/22,1:30,14.7,96,0.2,0
1,18/10/22,2:00,14.7,95,0.0,0
1,18/10/22,2:30,14.7,95,0.0,0
1,18/10/22,3:00,14.7,95,0.0,0
1,18/10/22,3:30,14.7,95,0.0,0
1,18/10/22,4:00,14.7,95,0.0,0
1,18/10/22,4:30,14.7,95,0.0,0
1,18/10/22,5:00,14.7,95,0.0,0
1,18/10/22,5:30,14.5,95,0.0,0
1,18/10/22,6:00,14.5,95,0.0,1
1,18/10/22,6:30,14.6,95,0.0,23
1,18/10/22,7:00,14.7,95,0.0,63
1,18/10/22,7:30,14.9,95,0.0,133
1,18/10/22,8:00,15.3,94,0.0,214
1,18/10/22,8:30,15.7,94,0.0,281
1,18/10/22,9:00,15.9,93,0.0,323
1,18/10/22,9:30,16.2,92,0.0,411
1,18/10/22,10:00,16.5,91,0.0,378
1,18/10/22,10:30,17.4,89,0.0,587
1,18/10/22,11:00,17.8,87,0.0,772
1,18/10/22,11:30,18.5,83,0.0,598
1,18/10/22,12:00,18.4,87,0.0,826
1,18/10/22,12:30,19.1,85,0.0,959
1,18/10/22,13:00,18.9,85,0.0,504
1,18/10/22,13:30,19.4,85,0.0,772
1,18/10/22,14:00,19.8,83,0.0,925
1,18/10/22,14:30,19.2,84,0.0,684
1,18/10/22,15:00,19.1,83,0.0,529
1,18/10/22,15:30,18.7,85,0.0,384
1,18/10/22,16:00,19.3,84,0.0,458
1,18/10/22,16:30,18.4,86,0.0,280
1,18/10/22,17:00,18.3,87,0.0,190
1,18/10/22,17:30,17.8,89,0.0,178
1,18/10/22,18:00,17.2,90,0.0,78
1,18/10/22,18:30,17.1,89,0.0,54
1,18/10/22,19:00,16.8,90,0.0,8
1,18/10/22,19:30,16.5,93,0.0,0
1,18/10/22,20:00,16.3,94,0.0,0
1,18/10/22,20:30,16.2,94,0.0,0
1,18/10/22,21:00,16.2,95,0.0,0
1,18/10/22,21:30,16.3,94,0.0,0
1,18/10/22,22:00,16.2,95,0.0,0
1,18/10/22,22:30,16.2,95,0.0,0
1,18/10/22,23:00,16.2,95,0.0,0
1,18/10/22,23:30,16.3,95,0.0,0
1,19/10/22,00:00,16.2,95,0.0,0
1,19/10/22,0:30,16.2,95,0.0,0
1,19/10/22,1:00,16.3,95,0.0,0
1,19/10/22,1:30,16.4,95,0.0,0
1,19/10/22,2:00,16.3,95,0.0,0
1,19/10/22,2:30,16.1,95,0.0,0
1,19/10/22,3:00,16.1,96,0.0,0
1,19/10/22,3:30,16.0,96,0.0,0
1,19/10/22,4:00,16.0,96,0.0,0
1,19/10/22,4:30,15.7,96,0.0,0
1,19/10/22,5:00,15.6,96,0.0,0
1,19/10/22,5:30,15.7,96,0.0,0
1,19/10/22,6:00,15.8,96,0.0,2
1,19/10/22,6:30,15.8,96,0.0,30
1,19/10/22,7:00,16.3,96,0.0,127
1,19/10/22,7:30,16.7,94,0.0,180
1,19/10/22,8:00,17.3,92,0.0,239
1,19/10/22,8:30,17.7,90,0.0,262
1,19/10/22,9:00,18.8,86,0.0,609
1,19/10/22,9:30,19.7,83,0.0,707
1,19/10/22,10:00,20.2,82,0.0,801
1,19/10/22,10:30,20.7,81,0.0,893
1,19/10/22,11:00,21.3,78,0.0,972
1,19/10/22,11:30,21.6,78,0.0,784
1,19/10/22,12:00,22.1,75,0.0,972
1,19/10/22,12:30,23.1,74,0.0,976
1,19/10/22,13:00,22.9,71,0.0,948
1,19/10/22,13:30,23.2,71,0.0,1061
1,19/10/22,14:00,23.3,69,0.0,828
1,19/10/22,14:30,23.7,70,0.0,916
1,19/10/22,15:00,23.9,69,0.0,821
1,19/10/22,15:30,23.2,71,0.0,705
1,19/10/22,16:00,22.8,71,0.0,325
1,19/10/22,16:30,23.2,71,0.0,481
1,19/10/22,17:00,22.8,73,0.0,221
1,19/10/22,17:30,22.1,75,0.0,242
1,19/10/22,18:00,21.4,76,0.0,121
1,19/10/22,18:30,20.6,80,0.0,32
1,19/10/22,19:00,19.3,83,0.0,6
1,19/10/22,19:30,18.5,86,0.0,0
1,19/10/22,20:00,17.8,89,0.0,0
1,19/10/22,20:30,17.6,90,0.0,0
1,19/10/22,21:00,17.3,90,0.0,0
1,19/10/22,21:30,17.2,90,0.0,0
1,19/10/22,22:00,16.9,90,0.0,0
1,19/10/22,22:30,16.6,91,0.0,0
1,19/10/22,23:00,16.2,92,0.0,0
1,19/10/22,23:30,15.9,93,0.0,0
1,20/10/22,00:00,15.9,93,0.0,0
1,20/10/22,0:30,15.7,93,0.0,0
1,20/10/22,1:00,15.4,94,0.0,0
1,20/10/22,1:30,15.3,95,0.0,0
1,20/10/22,2:00,14.9,95,0.0,0
1,20/10/22,2:30,14.7,96,0.0,0
1,20/10/22,3:00,14.9,96,0.0,0
1,20/10/22,3:30,14.7,97,0.0,0
1,20/10/22,4:00,14.8,97,0.0,0
1,20/10/22,4:30,14.8,96,0.0,0
1,20/10/22,5:00,14.7,95,0.0,0
1,20/10/22,5:30,14.5,95,0.0,0
1,20/10/22,6:00,14.7,95,0.0,1
1,20/10/22,6:30,14.8,94,0.0,35
1,20/10/22,7:00,15.0,95,0.0,75
1,20/10/22,7:30,15.6,92,0.0,179
1,20/10/22,8:00,16.3,91,0.0,300
1,20/10/22,8:30,17.7,88,0.0,495
1,20/10/22,9:00,18.8,83,0.0,606
1,20/10/22,9:30,19.8,79,0.0,709
1,20/10/22,10:00,20.5,76,0.0,565
1,20/10/22,10:30,21.7,77,0.0,629
1,20/10/22,11:00,22.1,74,0.0,748
1,20/10/22,11:30,22.8,72,0.0,991
1,20/10/22,12:00,23.3,71,0.0,973
1,20/10/22,12:30,23.8,70,0.0,985
1,20/10/22,13:00,24.2,70,0.0,885
1,20/10/22,13:30,24.7,68,0.0,703
1,20/10/22,14:00,24.7,67,0.0,632
1,20/10/22,14:30,24.3,68,0.0,512
1,20/10/22,15:00,24.0,69,0.0,420
1,20/10/22,15:30,23.5,70,0.0,149
1,20/10/22,16:00,23.4,71,0.0,184
1,20/10/22,16:30,22.9,74,0.0,158
1,20/10/22,17:00,21.6,79,0.0,93
1,20/10/22,17:30,20.5,84,0.0,49
1,20/10/22,18:00,19.8,86,0.0,30
1,20/10/22,18:30,19.3,86,0.0,21
1,20/10/22,19:00,18.6,85,0.0,0
1,20/10/22,19:30,17.7,91,0.4,0
1,20/10/22,20:00,17.4,92,0.4,0
1,20/10/22,20:30,17.1,93,0.6,0
1,20/10/22,21:00,16.9,93,0.0,0
1,20/10/22,21:30,16.9,94,0.6,0
1,20/10/22,22:00,16.7,95,3.4,0
1,20/10/22,22:30,16.6,95,4.0,0
1,20/10/22,23:00,16.4,95,3.8,0
1,20/10/22,23:30,16.2,96,3.4,0
1,21/10/22,00:00,16.1,96,8.0,0
1,21/10/22,0:30,15.9,96,3.2,0
1,21/10/22,1:00,15.9,96,0.4,0
1,21/10/22,1:30,15.8,96,0.0,0
1,21/10/22,2:00,15.8,95,0.0,0
1,21/10/22,2:30,15.8,96,0.0,0
1,21/10/22,3:00,15.9,96,0.0,0
1,21/10/22,3:30,16.0,95,0.0,0
1,21/10/22,4:00,16.1,95,0.0,0
1,21/10/22,4:30,15.9,95,0.0,0
1,21/10/22,5:00,16.1,95,0.0,0
1,21/10/22,5:30,16.0,95,0.2,0
1,21/10/22,6:00,16.0,96,2.2,0
1,21/10/22,6:30,16.0,96,0.8,7
1,21/10/22,7:00,16.1,96,0.2,26
1,21/10/22,7:30,16.3,96,0.0,46
1,21/10/22,8:00,16.6,96,0.0,90
1,21/10/22,8:30,17.0,95,0.0,238
1,21/10/22,9:00,17.1,92,0.0,266
1,21/10/22,9:30,17.9,90,0.0,390
1,21/10/22,10:00,17.8,90,0.0,295
1,21/10/22,10:30,17.3,89,0.0,261
1,21/10/22,11:00,17.2,88,0.0,202
1,21/10/22,11:30,16.8,88,0.0,173
1,21/10/22,12:00,16.6,89,0.2,171
1,21/10/22,12:30,16.8,90,1.0,195
1,21/10/22,13:00,17.1,88,1.2,286
1,21/10/22,13:30,17.1,88,0.0,309
1,21/10/22,14:00,16.8,86,0.2,290
1,21/10/22,14:30,16.1,91,0.0,217
1,21/10/22,15:00,16.3,91,0.0,226
1,21/10/22,15:30,16.1,94,0.2,170
1,21/10/22,16:00,16.3,94,0.0,177
1,21/10/22,16:30,16.7,92,0.0,235
1,21/10/22,17:00,17.0,88,0.0,253
1,21/10/22,17:30,17.3,88,0.0,160
1,21/10/22,18:00,14.9,92,0.0,57
1,21/10/22,18:30,15.8,87,0.0,38
1,21/10/22,19:00,15.4,92,0.0,6
1,21/10/22,19:30,15.1,93,0.0,0
1,21/10/22,20:00,14.7,93,0.0,0
1,21/10/22,20:30,14.6,94,0.0,0
1,21/10/22,21:00,14.8,93,0.0,0
1,21/10/22,21:30,14.5,93,0.0,0
1,21/10/22,22:00,14.4,93,0.0,0
1,21/10/22,22:30,14.3,93,0.0,0
1,21/10/22,23:00,14.1,94,0.0,0
1,21/10/22,23:30,13.8,93,0.0,0
1,22/10/22,00:00,13.9,94,0.0,0
1,22/10/22,0:30,13.9,93,0.0,0
1,22/10/22,1:00,14.0,92,0.0,0
1,22/10/22,1:30,13.9,92,0.0,0
1,22/10/22,2:00,14.0,93,0.0,0
1,22/10/22,2:30,13.9,93,0.0,0
1,22/10/22,3:00,14.0,93,0.0,0
1,22/10/22,3:30,14.0,93,0.0,0
1,22/10/22,4:00,13.9,93,0.0,0
1,22/10/22,4:30,13.9,94,0.0,0
1,22/10/22,5:00,13.9,94,0.0,0
1,22/10/22,5:30,13.7,94,0.0,0
1,22/10/22,6:00,13.4,95,0.0,3
1,22/10/22,6:30,13.7,96,0.0,24
1,22/10/22,7:00,13.8,96,0.0,44
1,22/10/22,7:30,13.9,96,0.4,89
1,22/10/22,8:00,14.1,97,0.2,138
1,22/10/22,8:30,15.6,90,0.0,367
1,22/10/22,9:00,15.8,87,0.0,319
1,22/10/22,9:30,15.9,85,0.0,359
1,22/10/22,10:00,16.6,82,0.0,442
1,22/10/22,10:30,17.6,80,0.0,491
1,22/10/22,11:00,17.8,81,0.0,422
1,22/10/22,11:30,18.4,76,0.0,543
1,22/10/22,12:00,18.3,79,0.0,488
1,22/10/22,12:30,17.7,82,0.0,342
1,22/10/22,13:00,18.1,80,0.0,446
1,22/10/22,13:30,18.1,79,0.0,337
1,22/10/22,14:00,18.4,78,0.0,388
1,22/10/22,14:30,18.9,76,0.0,423
1,22/10/22,15:00,19.2,72,0.0,586
1,22/10/22,15:30,19.8,73,0.0,660
1,22/10/22,16:00,20.3,70,0.0,601
1,22/10/22,16:30,20.6,68,0.0,434
1,22/10/22,17:00,20.9,68,0.0,377
1,22/10/22,17:30,21.7,67,0.0,249
1,22/10/22,18:00,20.0,71,0.0,74
1,22/10/22,18:30,19.4,74,0.0,35
1,22/10/22,19:00,19.1,76,0.0,5
1,22/10/22,19:30,18.6,78,0.0,0
1,22/10/22,20:00,18.2,80,0.0,0
1,22/10/22,20:30,17.8,82,0.0,0
1,22/10/22,21:00,17.6,82,0.0,0
1,22/10/22,21:30,17.5,83,0.0,0
1,22/10/22,22:00,17.3,84,0.0,0
1,22/10/22,22:30,16.6,88,0.0,0
1,22/10/22,23:00,16.0,89,0.0,0
1,22/10/22,23:30,15.1,84,0.0,0
1,23/10/22,00:00,14.3,88,0.0,0
1,23/10/22,0:30,13.9,85,0.0,0
1,23/10/22,1:00,13.3,86,0.0,0
1,23/10/22,1:30,12.9,87,0.0,0
1,23/10/22,2:00,12.4,90,0.0,0
1,23/10/22,2:30,11.9,90,0.0,0
1,23/10/22,3:00,11.8,91,0.0,0
1,23/10/22,3:30,11.4,92,0.0,0
1,23/10/22,4:00,11.2,92,0.0,0
1,23/10/22,4:30,10.8,92,0.0,0
1,23/10/22,5:00,10.4,93,0.0,0
1,23/10/22,5:30,9.8,94,0.0,0
1,23/10/22,6:00,9.9,95,0.0,3
1,23/10/22,6:30,10.2,93,0.0,25
1,23/10/22,7:00,10.4,92,0.0,45
1,23/10/22,7:30,10.7,92,0.0,72
1,23/10/22,8:00,11.0,91,0.0,110
1,23/10/22,8:30,11.1,93,0.0,145
1,23/10/22,9:00,11.8,92,0.0,214
1,23/10/22,9:30,12.3,92,0.0,200
1,23/10/22,10:00,13.3,91,0.0,332
1,23/10/22,10:30,14.4,87,0.0,511
1,23/10/22,11:00,16.3,84,0.0,840
1,23/10/22,11:30,16.8,80,0.0,710
1,23/10/22,12:00,17.6,73,0.0,892
1,23/10/22,12:30,18.6,72,0.0,992
1,23/10/22,13:00,18.2,72,0.0,944
1,23/10/22,13:30,19.3,71,0.0,920
1,23/10/22,14:00,19.3,67,0.0,728
1,23/10/22,14:30,19.9,64,0.0,584
1,23/10/22,15:00,20.2,72,0.0,741
1,23/10/22,15:30,19.8,68,0.0,600
1,23/10/22,16:00,20.3,71,0.0,662
1,23/10/22,16:30,19.6,67,0.0,380
1,23/10/22,17:00,19.3,65,0.0,314
1,23/10/22,17:30,19.7,69,0.0,196
1,23/10/22,18:00,18.9,68,0.0,142
1,23/10/22,18:30,18.1,72,0.0,37
1,23/10/22,19:00,16.9,76,0.0,7
1,23/10/22,19:30,15.8,80,0.0,0
1,23/10/22,20:00,15.3,81,0.0,0
1,23/10/22,20:30,15.0,83,0.0,0
1,23/10/22,21:00,14.3,86,0.0,0
1,23/10/22,21:30,14.1,87,0.0,0
1,23/10/22,22:00,13.8,89,0.0,0
1,23/10/22,22:30,13.4,90,0.0,0
1,23/10/22,23:00,13.2,91,0.0,0
1,23/10/22,23:30,12.9,93,0.0,0
1,24/10/22,00:00,12.9,93,0.0,0
1,24/10/22,0:30,13.2,94,0.0,0
1,24/10/22,1:00,13.6,93,0.0,0
1,24/10/22,1:30,13.7,91,0.0,0
1,24/10/22,2:00,13.6,91,0.0,0
1,24/10/22,2:30,13.4,92,0.0,0
1,24/10/22,3:00,13.2,91,0.0,0
1,24/10/22,3:30,13.1,92,0.0,0
1,24/10/22,4:00,13.1,91,0.0,0
1,24/10/22,4:30,13.4,90,0.0,0
1,24/10/22,5:00,13.4,91,0.0,0
1,24/10/22,5:30,13.4,90,0.0,0
1,24/10/22,6:00,13.6,91,0.0,6
1,24/10/22,6:30,13.9,93,0.0,28
1,24/10/22,7:00,14.2,92,0.0,109
1,24/10/22,7:30,15.1,89,0.0,160
1,24/10/22,8:00,15.7,87,0.0,272
1,24/10/22,8:30,16.4,85,0.0,372
1,24/10/22,9:00,16.9,82,0.0,344
1,24/10/22,9:30,17.6,82,0.0,433
1,24/10/22,10:00,18.2,77,0.0,868
1,24/10/22,10:30,18.8,77,0.0,501
1,24/10/22,11:00,18.6,73,0.0,547
1,24/10/22,11:30,19.3,73,0.0,687
1,24/10/22,12:00,20.3,69,0.0,750
1,24/10/22,12:30,21.1,69,0.0,1125
1,24/10/22,13:00,21.1,69,0.0,1034
1,24/10/22,13:30,21.7,64,0.0,1045
1,24/10/22,14:00,22.1,64,0.0,987
1,24/10/22,14:30,22.6,62,0.0,954
1,24/10/22,15:00,21.9,64,0.0,725
1,24/10/22,15:30,22.7,59,0.0,774
1,24/10/22,16:00,22.6,59,0.0,649
1,24/10/22,16:30,22.6,59,0.0,503
1,24/10/22,17:00,22.2,60,0.0,386
1,24/10/22,17:30,21.6,61,0.0,265
1,24/10/22,18:00,20.8,65,0.0,131
1,24/10/22,18:30,19.7,71,0.0,39
1,24/10/22,19:00,18.3,75,0.0,8
1,24/10/22,19:30,17.3,79,0.0,0
1,24/10/22,20:00,16.6,81,0.0,0
1,24/10/22,20:30,16.0,84,0.0,0
1,24/10/22,21:00,15.5,85,0.0,0
1,24/10/22,21:30,15.0,87,0.0,0
1,24/10/22,22:00,14.6,90,0.0,0
1,24/10/22,22:30,14.3,91,0.0,0
1,24/10/22,23:00,14.1,92,0.0,0
1,24/10/22,23:30,13.8,92,0.0,0
1,25/10/22,00:00,13.8,92,0.0,0
1,25/10/22,0:30,13.6,92,0.0,0
1,25/10/22,1:00,13.3,93,0.0,0
1,25/10/22,1:30,12.9,94,0.0,0
1,25/10/22,2:00,12.9,94,0.0,0
1,25/10/22,2:30,12.8,94,0.0,0
1,25/10/22,3:00,12.6,94,0.0,0
1,25/10/22,3:30,12.6,95,0.0,0
1,25/10/22,4:00,12.4,95,0.0,0
1,25/10/22,4:30,12.2,95,0.0,0
1,25/10/22,5:00,12.4,95,0.0,0
1,25/10/22,5:30,11.9,95,0.0,0
1,25/10/22,6:00,12.6,96,0.0,5
1,25/10/22,6:30,13.1,95,0.0,27
1,25/10/22,7:00,13.4,94,0.0,55
1,25/10/22,7:30,14.0,93,0.0,112
1,25/10/22,8:00,15.2,88,0.0,286
1,25/10/22,8:30,15.6,86,0.0,229
1,25/10/22,9:00,16.7,81,0.0,279
1,25/10/22,9:30,17.7,77,0.0,781
1,25/10/22,10:00,18.8,74,0.0,857
1,25/10/22,10:30,19.1,71,0.0,956
1,25/10/22,11:00,19.6,70,0.0,983
1,25/10/22,11:30,20.4,68,0.0,1007
1,25/10/22,12:00,21.1,68,0.0,1029
1,25/10/22,12:30,21.4,67,0.0,1033
1,25/10/22,13:00,22.3,60,0.0,1022
1,25/10/22,13:30,22.8,60,0.0,995
1,25/10/22,14:00,23.2,57,0.0,944
1,25/10/22,14:30,23.7,57,0.0,882
1,25/10/22,15:00,23.9,57,0.0,806
1,25/10/22,15:30,24.1,56,0.0,715
1,25/10/22,16:00,23.9,57,0.0,616
1,25/10/22,16:30,23.8,57,0.0,508
1,25/10/22,17:00,23.6,56,0.0,394
1,25/10/22,17:30,23.1,57,0.0,272
1,25/10/22,18:00,22.5,60,0.0,137
1,25/10/22,18:30,21.6,65,0.0,40
1,25/10/22,19:00,19.9,71,0.0,8
1,25/10/22,19:30,18.8,76,0.0,0
1,25/10/22,20:00,18.2,79,0.0,0
1,25/10/22,20:30,17.6,83,0.0,0
1,25/10/22,21:00,16.9,85,0.0,0
1,25/10/22,21:30,16.3,87,0.0,0
1,25/10/22,22:00,15.8,89,0.0,0
1,25/10/22,22:30,15.4,91,0.0,0
1,25/10/22,23:00,15.2,92,0.0,0
1,25/10/22,23:30,15.2,92,0.0,0
1,26/10/22,00:00,15.0,92,0.0,0
1,26/10/22,0:30,14.7,92,0.0,0
1,26/10/22,1:00,14.5,93,0.0,0
1,26/10/22,1:30,14.3,94,0.0,0
1,26/10/22,2:00,14.4,94,0.0,0
1,26/10/22,2:30,14.4,94,0.0,0
1,26/10/22,3:00,14.2,95,0.0,0
1,26/10/22,3:30,14.3,95,0.0,0
1,26/10/22,4:00,14.3,95,0.0,0
1,26/10/22,4:30,14.4,95,0.0,0
1,26/10/22,5:00,14.6,94,0.0,0
1,26/10/22,5:30,14.8,94,0.0,0
1,26/10/22,6:00,15.0,94,0.0,9
1,26/10/22,6:30,15.8,93,0.0,69
1,26/10/22,7:00,16.2,93,0.0,123
1,26/10/22,7:30,17.2,90,0.0,278
1,26/10/22,8:00,18.3,87,0.0,354
1,26/10/22,8:30,18.9,85,0.0,343
1,26/10/22,9:00,19.7,84,0.0,383
1,26/10/22,9:30,20.5,81,0.0,510
1,26/10/22,10:00,21.3,78,0.0,516
1,26/10/22,10:30,21.9,77,0.0,621
1,26/10/22,11:00,22.8,75,0.0,638
1,26/10/22,11:30,24.7,70,0.0,764
1,26/10/22,12:00,24.3,71,0.0,627
1,26/10/22,12:30,23.8,72,0.0,401
1,26/10/22,13:00,21.8,79,0.0,246
1,26/10/22,13:30,20.4,82,0.0,111
1,26/10/22,14:00,18.5,89,0.2,70
1,26/10/22,14:30,17.4,94,1.2,52
1,26/10/22,15:00,17.1,95,1.6,78
1,26/10/22,15:30,17.4,94,0.4,115
1,26/10/22,16:00,18.3,91,0.2,74
1,26/10/22,16:30,19.1,85,0.0,59
1,26/10/22,17:00,18.8,86,0.0,47
1,26/10/22,17:30,18.8,84,0.0,47
1,26/10/22,18:00,19.9,78,0.0,20
1,26/10/22,18:30,18.5,87,0.0,13
1,26/10/22,19:00,18.2,88,0.0,7
1,26/10/22,19:30,18.1,88,0.0,0
1,26/10/22,20:00,17.9,88,0.0,0
1,26/10/22,20:30,17.6,89,0.0,0
1,26/10/22,21:00,17.4,89,0.0,0
1,26/10/22,21:30,17.2,89,0.0,0
1,26/10/22,22:00,17.3,88,0.0,0
1,26/10/22,22:30,17.6,86,0.0,0
1,26/10/22,23:00,17.5,87,0.0,0
1,26/10/22,23:30,17.4,88,0.0,0
1,27/10/22,00:00,16.9,91,0.0,0
1,27/10/22,0:30,16.8,92,0.0,0
1,27/10/22,1:00,16.3,94,0.0,0
1,27/10/22,1:30,15.9,95,0.0,0
1,27/10/22,2:00,15.6,96,0.0,0
1,27/10/22,2:30,15.3,96,0.0,0
1,27/10/22,3:00,15.1,97,0.0,0
1,27/10/22,3:30,14.9,97,0.0,0
1,27/10/22,4:00,14.9,97,0.0,0
1,27/10/22,4:30,14.9,97,0.0,0
1,27/10/22,5:00,14.8,98,0.0,0
1,27/10/22,5:30,14.6,97,0.0,0
1,27/10/22,6:00,14.4,98,0.0,6
1,27/10/22,6:30,14.4,97,0.0,47
1,27/10/22,7:00,14.8,98,0.0,99
1,27/10/22,7:30,15.7,97,0.0,284
1,27/10/22,8:00,17.1,93,0.0,417
1,27/10/22,8:30,18.8,80,0.0,539
1,27/10/22,9:00,19.2,76,0.0,645
1,27/10/22,9:30,20.0,71,0.0,743
1,27/10/22,10:00,20.6,66,0.0,831
1,27/10/22,10:30,21.2,59,0.0,904
1,27/10/22,11:00,21.8,54,0.0,964
1,27/10/22,11:30,22.3,52,0.0,1003
1,27/10/22,12:00,22.7,50,0.0,1028
1,27/10/22,12:30,22.9,45,0.0,1035
1,27/10/22,13:00,23.3,44,0.0,1027
1,27/10/22,13:30,23.6,45,0.0,999
1,27/10/22,14:00,23.7,44,0.0,951
1,27/10/22,14:30,23.7,48,0.0,889
1,27/10/22,15:00,23.9,43,0.0,811
1,27/10/22,15:30,23.7,44,0.0,720
1,27/10/22,16:00,23.6,44,0.0,619
1,27/10/22,16:30,23.7,40,0.0,512
1,27/10/22,17:00,23.4,41,0.0,397
1,27/10/22,17:30,23.1,43,0.0,277
1,27/10/22,18:00,22.3,45,0.0,136
1,27/10/22,18:30,21.1,49,0.0,42
1,27/10/22,19:00,19.5,54,0.0,10
1,27/10/22,19:30,19.1,54,0.0,0
1,27/10/22,20:00,18.7,56,0.0,0
1,27/10/22,20:30,18.2,58,0.0,0
1,27/10/22,21:00,18.3,60,0.0,0
1,27/10/22,21:30,18.0,61,0.0,0
1,27/10/22,22:00,16.7,66,0.0,0
1,27/10/22,22:30,17.9,62,0.0,0
1,27/10/22,23:00,16.7,66,0.0,0
1,27/10/22,23:30,15.1,72,0.0,0
1,28/10/22,00:00,15.1,72,0.0,0
1,28/10/22,0:30,15.6,71,0.0,0
1,28/10/22,1:00,15.6,71,0.0,0
1,28/10/22,1:30,15.7,70,0.0,0
1,28/10/22,2:00,15.8,69,0.0,0
1,28/10/22,2:30,15.6,70,0.0,0
1,28/10/22,3:00,15.6,70,0.0,0
1,28/10/22,3:30,15.4,70,0.0,0
1,28/10/22,4:00,14.9,71,0.0,0
1,28/10/22,4:30,14.6,73,0.0,0
1,28/10/22,5:00,14.6,71,0.0,0
1,28/10/22,5:30,14.8,71,0.0,0
1,28/10/22,6:00,14.9,68,0.0,8
1,28/10/22,6:30,15.8,66,0.0,68
1,28/10/22,7:00,15.8,67,0.0,185
1,28/10/22,7:30,16.8,66,0.0,313
1,28/10/22,8:00,17.7,67,0.0,434
1,28/10/22,8:30,18.9,65,0.0,554
1,28/10/22,9:00,20.7,57,0.0,662
1,28/10/22,9:30,21.8,46,0.0,765
1,28/10/22,10:00,22.2,44,0.0,851
1,28/10/22,10:30,22.9,43,0.0,923
1,28/10/22,11:00,23.2,43,0.0,980
1,28/10/22,11:30,24.1,41,0.0,1026
1,28/10/22,12:00,24.6,42,0.0,1047
1,28/10/22,12:30,24.9,35,0.0,1052
1,28/10/22,13:00,25.2,38,0.0,1038
1,28/10/22,13:30,26.0,34,0.0,1009
1,28/10/22,14:00,26.2,37,0.0,961
1,28/10/22,14:30,26.4,37,0.0,899
1,28/10/22,15:00,26.8,36,0.0,823
1,28/10/22,15:30,27.0,35,0.0,732
1,28/10/22,16:00,27.1,34,0.0,626
1,28/10/22,16:30,27.0,32,0.0,515
1,28/10/22,17:00,26.9,37,0.0,397
1,28/10/22,17:30,26.7,33,0.0,279
1,28/10/22,18:00,26.4,41,0.0,133
1,28/10/22,18:30,26.2,39,0.0,44
1,28/10/22,19:00,24.8,43,0.0,10
1,28/10/22,19:30,23.8,44,0.0,0
1,28/10/22,20:00,23.1,54,0.0,0
1,28/10/22,20:30,22.6,51,0.0,0
1,28/10/22,21:00,21.9,53,0.0,0
1,28/10/22,21:30,21.2,54,0.0,0
1,28/10/22,22:00,19.9,58,0.0,0
1,28/10/22,22:30,19.8,57,0.0,0
1,28/10/22,23:00,19.2,60,0.0,0
1,28/10/22,23:30,20.4,55,0.0,0
1,29/10/22,00:00,20.5,60,0.0,0
1,29/10/22,0:30,19.0,63,0.0,0
1,29/10/22,1:00,18.1,68,0.0,0
1,29/10/22,1:30,17.8,71,0.0,0
1,29/10/22,2:00,17.6,72,0.0,0
1,29/10/22,2:30,17.1,75,0.0,0
1,29/10/22,3:00,16.7,77,0.0,0
1,29/10/22,3:30,16.8,78,0.0,0
1,29/10/22,4:00,16.0,81,0.0,0
1,29/10/22,4:30,16.2,81,0.0,0
1,29/10/22,5:00,15.6,83,0.0,0
1,29/10/22,5:30,15.7,83,0.0,0
1,29/10/22,6:00,15.6,84,0.0,9
1,29/10/22,6:30,16.8,80,0.0,68
1,29/10/22,7:00,18.3,75,0.0,186
1,29/10/22,7:30,19.4,72,0.0,311
1,29/10/22,8:00,20.0,72,0.0,431
1,29/10/22,8:30,21.1,67,0.0,548
1,29/10/22,9:00,22.4,64,0.0,655
1,29/10/22,9:30,23.7,64,0.0,751
1,29/10/22,10:00,24.6,64,0.0,836
1,29/10/22,10:30,26.1,56,0.0,908
1,29/10/22,11:00,27.2,52,0.0,964
1,29/10/22,11:30,28.2,50,0.0,1000
1,29/10/22,12:00,28.9,44,0.0,1025
1,29/10/22,12:30,29.4,48,0.0,1024
1,29/10/22,13:00,30.2,43,0.0,1008
1,29/10/22,13:30,30.6,45,0.0,980
1,29/10/22,14:00,30.7,47,0.0,929
1,29/10/22,14:30,30.6,47,0.0,862
1,29/10/22,15:00,30.9,49,0.0,781
1,29/10/22,15:30,30.4,51,0.0,676
1,29/10/22,16:00,30.2,57,0.0,397
1,29/10/22,16:30,29.8,56,0.0,368
1,29/10/22,17:00,29.3,58,0.0,251
1,29/10/22,17:30,29.7,54,0.0,193
1,29/10/22,18:00,28.8,61,0.0,119
1,29/10/22,18:30,27.9,62,0.0,41
1,29/10/22,19:00,27.3,64,0.0,7
1,29/10/22,19:30,26.9,65,0.0,0
1,29/10/22,20:00,26.9,64,0.0,0
1,29/10/22,20:30,25.9,70,0.0,0
1,29/10/22,21:00,25.9,69,0.0,0
1,29/10/22,21:30,23.8,77,0.0,0
1,29/10/22,22:00,22.8,79,0.0,0
1,29/10/22,22:30,21.8,83,0.0,0
1,29/10/22,23:00,21.6,83,0.0,0
1,29/10/22,23:30,21.5,83,0.0,0
1,30/10/22,00:00,22.1,82,0.0,0
1,30/10/22,0:30,22.4,81,0.0,0
1,30/10/22,1:00,22.3,82,0.0,0
1,30/10/22,1:30,22.4,82,0.0,0
1,30/10/22,2:00,21.9,84,0.0,0
1,30/10/22,2:30,21.3,86,0.0,0
1,30/10/22,3:00,20.9,88,0.0,0
1,30/10/22,3:30,20.8,88,0.0,0
1,30/10/22,4:00,20.8,88,0.0,0
1,30/10/22,4:30,20.9,87,0.0,0
1,30/10/22,5:00,20.3,89,0.0,0
1,30/10/22,5:30,19.7,90,0.0,0
1,30/10/22,6:00,19.9,89,0.0,9
1,30/10/22,6:30,19.8,91,0.0,62
1,30/10/22,7:00,20.7,88,0.0,140
1,30/10/22,7:30,20.8,88,0.0,211
1,30/10/22,8:00,21.3,87,0.0,323
1,30/10/22,8:30,23.6,79,0.0,443
1,30/10/22,9:00,24.1,78,0.0,552
1,30/10/22,9:30,25.2,74,0.0,639
1,30/10/22,10:00,25.6,70,0.0,771
1,30/10/22,10:30,26.3,69,0.0,645
1,30/10/22,11:00,26.9,70,0.0,758
1,30/10/22,11:30,27.0,70,0.0,762
1,30/10/22,12:00,26.3,73,0.0,481
1,30/10/22,12:30,25.8,76,0.0,317
1,30/10/22,13:00,25.6,77,0.0,250
1,30/10/22,13:30,24.8,80,0.0,122
1,30/10/22,14:00,24.3,81,0.0,180
1,30/10/22,14:30,24.6,81,0.0,258
1,30/10/22,15:00,24.2,82,0.2,238
1,30/10/22,15:30,23.1,85,0.0,241
1,30/10/22,16:00,21.3,81,0.0,34
1,30/10/22,16:30,17.5,93,11.2,1
1,30/10/22,17:00,18.1,93,1.2,63
1,30/10/22,17:30,18.4,93,0.0,85
1,30/10/22,18:00,18.8,91,0.0,22
1,30/10/22,18:30,18.3,93,0.4,7
1,30/10/22,19:00,18.2,93,0.4,1
1,30/10/22,19:30,14.3,94,0.0,0
1,30/10/22,20:00,14.1,94,0.0,0
1,30/10/22,20:30,13.8,92,0.2,0
1,30/10/22,21:00,12.8,93,0.4,0
1,30/10/22,21:30,12.6,94,2.4,0
1,30/10/22,22:00,12.2,93,1.2,0
1,30/10/22,22:30,11.8,93,3.0,0
1,30/10/22,23:00,11.9,93,3.0,0
1,30/10/22,23:30,11.9,94,1.0,0
1,31/10/22,00:00,12.2,93,0.0,0
1,31/10/22,0:30,12.1,93,0.0,0
1,31/10/22,1:00,12.3,94,0.0,0
1,31/10/22,1:30,11.7,93,0.4,0
1,31/10/22,2:00,11.5,92,0.2,0
1,31/10/22,2:30,11.3,92,0.0,0
1,31/10/22,3:00,10.9,93,0.2,0
1,31/10/22,3:30,10.3,94,0.0,0
1,31/10/22,4:00,9.8,92,0.0,0
1,31/10/22,4:30,9.4,91,0.0,0
1,31/10/22,5:00,9.0,90,0.2,0
1,31/10/22,5:30,8.8,90,0.0,0
1,31/10/22,6:00,8.6,89,0.0,0
1,31/10/22,6:30,8.6,87,0.0,13
1,31/10/22,7:00,8.4,86,0.0,34
1,31/10/22,7:30,8.4,86,0.0,47
1,31/10/22,8:00,8.7,85,0.0,97
1,31/10/22,8:30,8.9,84,0.0,155
1,31/10/22,9:00,8.9,81,0.0,150
1,31/10/22,9:30,9.1,79,0.0,164
1,31/10/22,10:00,9.6,76,0.0,275
1,31/10/22,10:30,10.2,71,0.0,369
1,31/10/22,11:00,11.1,75,0.0,420
1,31/10/22,11:30,11.3,74,0.0,499
1,31/10/22,12:00,11.8,71,0.0,567
1,31/10/22,12:30,12.8,63,0.0,808
1,31/10/22,13:00,13.2,61,0.0,776
1,31/10/22,13:30,13.8,62,0.0,884
1,31/10/22,14:00,14.3,56,0.0,807
1,31/10/22,14:30,14.4,55,0.0,876
1,31/10/22,15:00,13.7,55,0.0,502
1,31/10/22,15:30,14.7,58,0.0,696
1,31/10/22,16:00,14.3,60,0.0,507
1,31/10/22,16:30,13.4,60,0.0,551
1,31/10/22,17:00,12.6,64,0.0,198
1,31/10/22,17:30,12.9,62,0.0,297
1,31/10/22,18:00,11.7,65,0.0,79
1,31/10/22,18:30,11.3,63,0.0,48
1,31/10/22,19:00,10.4,63,0.0,13
1,31/10/22,19:30,9.6,65,0.0,0
1,31/10/22,20:00,8.8,69,0.0,0
1,31/10/22,20:30,8.3,74,0.0,0
1,31/10/22,21:00,7.8,77,0.0,0
1,31/10/22,21:30,7.4,79,0.0,0
1,31/10/22,22:00,7.1,80,0.0,0
1,31/10/22,22:30,6.3,82,0.0,0
1,31/10/22,23:00,6.4,82,0.0,0
1,31/10/22,23:30,6.6,76,0.0,0
1,01/11/22,00:00,6.4,75,0.0,0
1,01/11/22,0:30,5.8,78,0.0,0
1,01/11/22,1:00,5.7,79,0.0,0
1,01/11/22,1:30,5.2,80,0.0,0
1,01/11/22,2:00,4.8,81,0.0,0
1,01/11/22,2:30,4.3,84,0.0,0
1,01/11/22,3:00,3.8,85,0.0,0
1,01/11/22,3:30,3.3,87,0.0,0
1,01/11/22,4:00,3.0,89,0.0,0
1,01/11/22,4:30,3.2,90,0.0,0
1,01/11/22,5:00,3.0,89,0.0,0
1,01/11/22,5:30,2.8,90,0.0,0
1,01/11/22,6:00,2.6,91,0.0,13
1,01/11/22,6:30,3.4,92,0.0,83
1,01/11/22,7:00,4.5,91,0.0,201
1,01/11/22,7:30,5.7,91,0.0,329
1,01/11/22,8:00,6.3,88,0.0,451
1,01/11/22,8:30,7.7,85,0.0,566
1,01/11/22,9:00,8.8,81,0.0,656
1,01/11/22,9:30,9.8,77,0.0,589
1,01/11/22,10:00,11.2,66,0.0,885
1,01/11/22,10:30,11.7,70,0.0,998
1,01/11/22,11:00,12.1,65,0.0,1039
1,01/11/22,11:30,12.6,63,0.0,1092
1,01/11/22,12:00,13.3,61,0.0,1115
1,01/11/22,12:30,13.6,61,0.0,1067
1,01/11/22,13:00,14.4,57,0.0,1122
1,01/11/22,13:30,14.6,56,0.0,1009
1,01/11/22,14:00,14.6,52,0.0,1014
1,01/11/22,14:30,15.3,53,0.0,983
1,01/11/22,15:00,14.5,52,0.0,624
1,01/11/22,15:30,15.1,53,0.0,558
1,01/11/22,16:00,14.9,48,0.0,436
1,01/11/22,16:30,14.7,48,0.0,523
1,01/11/22,17:00,14.7,47,0.0,210
1,01/11/22,17:30,14.6,48,0.0,286
1,01/11/22,18:00,13.8,53,0.0,119
1,01/11/22,18:30,13.7,53,0.0,53
1,01/11/22,19:00,12.2,59,0.0,14
1,01/11/22,19:30,11.1,62,0.0,0
1,01/11/22,20:00,10.4,64,0.0,0
1,01/11/22,20:30,9.5,69,0.0,0
1,01/11/22,21:00,9.6,70,0.0,0
1,01/11/22,21:30,9.7,69,0.0,0
1,01/11/22,22:00,9.4,70,0.0,0
1,01/11/22,22:30,8.8,76,0.0,0
1,01/11/22,23:00,8.6,77,0.0,0
1,01/11/22,23:30,8.2,79,0.0,0
1,02/11/22,00:00,7.9,80,0.0,0
1,02/11/22,0:30,7.9,83,0.0,0
1,02/11/22,1:00,7.3,83,0.0,0
1,02/11/22,1:30,7.7,84,0.0,0
1,02/11/22,2:00,7.5,83,0.0,0
1,02/11/22,2:30,7.4,84,0.0,0
1,02/11/22,3:00,7.3,83,0.0,0
1,02/11/22,3:30,7.4,83,0.0,0
1,02/11/22,4:00,7.1,84,0.0,0
1,02/11/22,4:30,6.5,85,0.0,0
1,02/11/22,5:00,6.6,86,0.0,0
1,02/11/22,5:30,6.7,87,0.0,0
1,02/11/22,6:00,6.9,85,0.0,12
1,02/11/22,6:30,8.0,82,0.0,78
1,02/11/22,7:00,9.2,81,0.0,203
1,02/11/22,7:30,10.3,79,0.0,334
1,02/11/22,8:00,11.1,77,0.0,455
1,02/11/22,8:30,12.4,72,0.0,571
1,02/11/22,9:00,12.8,66,0.0,681
1,02/11/22,9:30,13.9,65,0.0,781
1,02/11/22,10:00,14.8,61,0.0,868
1,02/11/22,10:30,15.2,56,0.0,941
1,02/11/22,11:00,16.2,56,0.0,996
1,02/11/22,11:30,16.4,57,0.0,1038
1,02/11/22,12:00,16.9,56,0.0,1059
1,02/11/22,12:30,17.1,51,0.0,1068
1,02/11/22,13:00,18.2,45,0.0,1054
1,02/11/22,13:30,18.4,45,0.0,1022
1,02/11/22,14:00,18.9,48,0.0,978
1,02/11/22,14:30,19.0,40,0.0,915
1,02/11/22,15:00,19.6,41,0.0,836
1,02/11/22,15:30,19.3,42,0.0,743
1,02/11/22,16:00,19.8,42,0.0,644
1,02/11/22,16:30,19.8,38,0.0,537
1,02/11/22,17:00,19.8,42,0.0,419
1,02/11/22,17:30,19.6,42,0.0,286
1,02/11/22,18:00,19.1,43,0.0,142
1,02/11/22,18:30,18.3,50,0.0,54
1,02/11/22,19:00,16.7,54,0.0,13
1,02/11/22,19:30,15.6,57,0.0,0
1,02/11/22,20:00,14.7,62,0.0,0
1,02/11/22,20:30,14.1,63,0.0,0
1,02/11/22,21:00,13.3,68,0.0,0
1,02/11/22,21:30,12.8,72,0.0,0
1,02/11/22,22:00,12.5,73,0.0,0
1,02/11/22,22:30,12.2,72,0.0,0
1,02/11/22,23:00,12.4,70,0.0,0
1,02/11/22,23:30,12.4,71,0.0,0
1,03/11/22,00:00,11.4,75,0.0,0
1,03/11/22,0:30,11.4,75,0.0,0
1,03/11/22,1:00,11.7,74,0.0,0
1,03/11/22,1:30,11.0,74,0.0,0
1,03/11/22,2:00,9.9,79,0.0,0
1,03/11/22,2:30,11.0,78,0.0,0
1,03/11/22,3:00,10.3,81,0.0,0
1,03/11/22,3:30,10.8,81,0.0,0
1,03/11/22,4:00,10.9,81,0.0,0
1,03/11/22,4:30,10.9,82,0.0,0
1,03/11/22,5:00,10.4,80,0.0,0
1,03/11/22,5:30,10.8,77,0.0,0
1,03/11/22,6:00,11.5,74,0.0,13
1,03/11/22,6:30,13.6,69,0.0,83
1,03/11/22,7:00,14.4,71,0.0,207
1,03/11/22,7:30,14.2,65,0.0,336
1,03/11/22,8:00,14.3,69,0.0,458
1,03/11/22,8:30,15.1,66,0.0,573
1,03/11/22,9:00,16.3,61,0.0,683
1,03/11/22,9:30,17.4,57,0.0,781
1,03/11/22,10:00,18.4,57,0.0,866
1,03/11/22,10:30,19.4,55,0.0,934
1,03/11/22,11:00,19.9,55,0.0,989
1,03/11/22,11:30,20.7,40,0.0,1032
1,03/11/22,12:00,21.1,44,0.0,1055
1,03/11/22,12:30,21.3,42,0.0,1061
1,03/11/22,13:00,21.8,46,0.0,1046
1,03/11/22,13:30,22.0,48,0.0,1013
1,03/11/22,14:00,22.3,38,0.0,967
1,03/11/22,14:30,22.1,43,0.0,908
1,03/11/22,15:00,22.2,48,0.0,834
1,03/11/22,15:30,21.7,48,0.0,738
1,03/11/22,16:00,21.6,41,0.0,638
1,03/11/22,16:30,21.5,50,0.0,535
1,03/11/22,17:00,20.5,55,0.0,387
1,03/11/22,17:30,19.7,53,0.0,278
1,03/11/22,18:00,18.9,56,0.0,142
1,03/11/22,18:30,17.9,61,0.0,56
1,03/11/22,19:00,16.6,68,0.0,14
1,03/11/22,19:30,15.4,74,0.0,0
1,03/11/22,20:00,14.5,79,0.0,0
1,03/11/22,20:30,13.8,80,0.0,0
1,03/11/22,21:00,13.3,81,0.0,0
1,03/11/22,21:30,12.9,82,0.0,0
1,03/11/22,22:00,12.5,84,0.0,0
1,03/11/22,22:30,12.1,85,0.0,0
1,03/11/22,23:00,11.6,85,0.0,0
1,03/11/22,23:30,11.2,86,0.0,0
1,04/11/22,00:00,10.8,85,0.0,0
1,04/11/22,0:30,10.4,84,0.0,0
1,04/11/22,1:00,10.3,84,0.0,0
1,04/11/22,1:30,9.8,85,0.0,0
1,04/11/22,2:00,9.7,85,0.0,0
1,04/11/22,2:30,9.7,86,0.0,0
1,04/11/22,3:00,9.7,87,0.0,0
1,04/11/22,3:30,9.8,89,0.0,0
1,04/11/22,4:00,9.9,91,0.0,0
1,04/11/22,4:30,9.6,91,0.0,0
1,04/11/22,5:00,9.5,92,0.0,0
1,04/11/22,5:30,9.6,93,0.0,0
1,04/11/22,6:00,10.2,93,0.0,12
1,04/11/22,6:30,10.8,92,0.0,72
1,04/11/22,7:00,12.1,88,0.0,202
1,04/11/22,7:30,13.3,80,0.0,332
1,04/11/22,8:00,14.3,73,0.0,458
1,04/11/22,8:30,15.1,68,0.0,577
1,04/11/22,9:00,15.6,67,0.0,696
1,04/11/22,9:30,16.3,62,0.0,796
1,04/11/22,10:00,16.9,63,0.0,674
1,04/11/22,10:30,16.9,63,0.0,935
1,04/11/22,11:00,16.7,66,0.0,483
1,04/11/22,11:30,16.8,65,0.0,504
1,04/11/22,12:00,17.2,67,0.0,499
1,04/11/22,12:30,17.6,65,0.0,548
1,04/11/22,13:00,16.9,65,0.0,479
1,04/11/22,13:30,17.9,61,0.0,499
1,04/11/22,14:00,17.9,63,0.0,480
1,04/11/22,14:30,18.3,63,0.0,518
1,04/11/22,15:00,17.7,66,0.0,374
1,04/11/22,15:30,18.3,63,0.0,385
1,04/11/22,16:00,17.9,61,0.0,282
1,04/11/22,16:30,18.6,58,0.0,337
1,04/11/22,17:00,17.8,58,0.0,218
1,04/11/22,17:30,17.2,62,0.0,157
1,04/11/22,18:00,17.0,63,0.0,135
1,04/11/22,18:30,17.2,65,0.0,77
1,04/11/22,19:00,15.8,72,0.0,16
1,04/11/22,19:30,14.7,75,0.0,0
1,04/11/22,20:00,13.9,78,0.0,0
1,04/11/22,20:30,13.4,82,0.0,0
1,04/11/22,21:00,13.3,84,0.0,0
1,04/11/22,21:30,12.9,87,0.0,0
1,04/11/22,22:00,12.8,89,0.0,0
1,04/11/22,22:30,12.7,90,0.0,0
1,04/11/22,23:00,12.7,92,0.0,0
1,04/11/22,23:30,13.0,92,0.0,0
1,05/11/22,00:00,13.1,92,0.0,0
1,05/11/22,0:30,13.1,92,0.0,0
1,05/11/22,1:00,13.1,92,0.0,0
1,05/11/22,1:30,13.2,92,0.0,0
1,05/11/22,2:00,13.4,92,0.0,0
1,05/11/22,2:30,13.1,92,0.0,0
1,05/11/22,3:00,12.8,93,0.0,0
1,05/11/22,3:30,12.9,93,0.0,0
1,05/11/22,4:00,12.7,92,0.0,0
1,05/11/22,4:30,12.9,93,0.0,0
1,05/11/22,5:00,12.8,93,0.0,0
1,05/11/22,5:30,12.9,93,0.0,0
1,05/11/22,6:00,13.1,93,0.0,10
1,05/11/22,6:30,13.4,92,0.0,39
1,05/11/22,7:00,14.1,91,0.0,135
1,05/11/22,7:30,14.7,89,0.0,315
1,05/11/22,8:00,15.2,88,0.0,318
1,05/11/22,8:30,15.5,86,0.0,320
1,05/11/22,9:00,16.8,82,0.0,529
1,05/11/22,9:30,17.3,78,0.0,750
1,05/11/22,10:00,18.1,74,0.0,839
1,05/11/22,10:30,18.8,68,0.0,960
1,05/11/22,11:00,20.0,66,0.0,874
1,05/11/22,11:30,19.9,67,0.0,953
1,05/11/22,12:00,21.1,62,0.0,1135
1,05/11/22,12:30,21.1,63,0.0,1047
1,05/11/22,13:00,20.9,59,0.0,988
1,05/11/22,13:30,21.4,61,0.0,1117
1,05/11/22,14:00,21.1,61,0.0,1016
1,05/11/22,14:30,21.5,58,0.0,981
1,05/11/22,15:00,21.7,58,0.0,849
1,05/11/22,15:30,21.1,60,0.0,809
1,05/11/22,16:00,21.2,57,0.0,669
1,05/11/22,16:30,20.9,60,0.0,563
1,05/11/22,17:00,20.3,63,0.0,431
1,05/11/22,17:30,19.7,65,0.0,278
1,05/11/22,18:00,19.0,68,0.0,145
1,05/11/22,18:30,17.9,71,0.0,58
1,05/11/22,19:00,16.8,74,0.0,15
1,05/11/22,19:30,16.1,77,0.0,0
1,05/11/22,20:00,15.5,80,0.0,0
1,05/11/22,20:30,15.2,82,0.0,0
1,05/11/22,21:00,14.7,83,0.0,0
1,05/11/22,21:30,14.4,86,0.0,0
1,05/11/22,22:00,14.2,87,0.0,0
1,05/11/22,22:30,13.9,88,0.0,0
1,05/11/22,23:00,13.8,89,0.0,0
1,05/11/22,23:30,13.4,90,0.0,0
1,06/11/22,00:00,13.1,91,0.0,0
1,06/11/22,0:30,12.9,92,0.0,0
1,06/11/22,1:00,12.8,93,0.0,0
1,06/11/22,1:30,13.0,93,0.0,0
1,06/11/22,2:00,12.9,93,0.0,0
1,06/11/22,2:30,12.9,93,0.0,0
1,06/11/22,3:00,12.8,93,0.0,0
1,06/11/22,3:30,12.6,94,0.0,0
1,06/11/22,4:00,12.7,94,0.0,0
1,06/11/22,4:30,12.6,94,0.0,0
1,06/11/22,5:00,12.4,94,0.0,0
1,06/11/22,5:30,12.5,95,0.0,0
1,06/11/22,6:00,12.9,95,0.0,13
1,06/11/22,6:30,13.5,94,0.0,64
1,06/11/22,7:00,14.3,92,0.0,203
1,06/11/22,7:30,14.8,90,0.0,334
1,06/11/22,8:00,15.8,86,0.0,450
1,06/11/22,8:30,16.6,82,0.0,595
1,06/11/22,9:00,16.9,81,0.0,474
1,06/11/22,9:30,17.6,78,0.0,710
1,06/11/22,10:00,18.2,78,0.0,455
1,06/11/22,10:30,19.3,72,0.0,836
1,06/11/22,11:00,19.6,70,0.0,625
1,06/11/22,11:30,20.3,66,0.0,881
1,06/11/22,12:00,21.1,62,0.0,1035
1,06/11/22,12:30,20.9,60,0.0,1038
1,06/11/22,13:00,20.9,60,0.0,905
1,06/11/22,13:30,21.3,59,0.0,689
1,06/11/22,14:00,21.4,60,0.0,951
1,06/11/22,14:30,21.4,60,0.0,894
1,06/11/22,15:00,21.7,58,0.0,848
1,06/11/22,15:30,21.6,57,0.0,748
1,06/11/22,16:00,21.2,60,0.0,658
1,06/11/22,16:30,21.3,59,0.0,547
1,06/11/22,17:00,20.6,61,0.0,406
1,06/11/22,17:30,19.8,64,0.0,275
1,06/11/22,18:00,19.2,66,0.0,146
1,06/11/22,18:30,18.3,69,0.0,58
1,06/11/22,19:00,17.3,73,0.0,16
1,06/11/22,19:30,16.5,76,0.0,1
1,06/11/22,20:00,15.7,80,0.0,0
1,06/11/22,20:30,15.3,81,0.0,0
1,06/11/22,21:00,14.9,84,0.0,0
1,06/11/22,21:30,14.5,86,0.0,0
1,06/11/22,22:00,14.2,87,0.0,0
1,06/11/22,22:30,14.0,88,0.0,0
1,06/11/22,23:00,13.8,90,0.0,0
1,06/11/22,23:30,13.6,90,0.0,0
1,07/11/22,00:00,13.3,91,0.0,0
1,07/11/22,0:30,13.1,92,0.0,0
1,07/11/22,1:00,12.8,93,0.0,0
1,07/11/22,1:30,12.8,93,0.0,0
1,07/11/22,2:00,13.1,94,0.0,0
1,07/11/22,2:30,13.2,93,0.0,0
1,07/11/22,3:00,13.2,94,0.0,0
1,07/11/22,3:30,13.1,94,0.0,0
1,07/11/22,4:00,12.9,94,0.0,0
1,07/11/22,4:30,12.8,95,0.0,0
1,07/11/22,5:00,12.9,94,0.0,0
1,07/11/22,5:30,13.1,94,0.0,0
1,07/11/22,6:00,13.3,93,0.0,12
1,07/11/22,6:30,13.6,91,0.0,34
1,07/11/22,7:00,14.0,89,0.0,163
1,07/11/22,7:30,14.7,84,0.0,333
1,07/11/22,8:00,15.4,76,0.0,462
1,07/11/22,8:30,16.1,70,0.0,580
1,07/11/22,9:00,17.3,67,0.0,692
1,07/11/22,9:30,17.6,66,0.0,792
1,07/11/22,10:00,18.1,63,0.0,884
1,07/11/22,10:30,19.0,62,0.0,1040
1,07/11/22,11:00,19.5,61,0.0,967
1,07/11/22,11:30,19.3,58,0.0,836
1,07/11/22,12:00,19.7,57,0.0,422
1,07/11/22,12:30,19.9,53,0.0,814
1,07/11/22,13:00,20.3,51,0.0,964
1,07/11/22,13:30,20.1,59,0.0,703
1,07/11/22,14:00,20.6,55,0.0,1012
1,07/11/22,14:30,20.8,54,0.0,950
1,07/11/22,15:00,20.9,54,0.0,858
1,07/11/22,15:30,19.3,61,0.0,540
1,07/11/22,16:00,20.1,56,0.0,561
1,07/11/22,16:30,19.4,58,0.0,416
1,07/11/22,17:00,19.1,59,0.0,311
1,07/11/22,17:30,18.9,61,0.0,291
1,07/11/22,18:00,17.7,65,0.0,109
1,07/11/22,18:30,17.2,65,0.0,51
1,07/11/22,19:00,16.2,71,0.0,18
1,07/11/22,19:30,15.6,73,0.0,1
1,07/11/22,20:00,14.9,76,0.0,0
1,07/11/22,20:30,14.5,78,0.0,0
1,07/11/22,21:00,14.1,82,0.0,0
1,07/11/22,21:30,13.7,84,0.0,0
1,07/11/22,22:00,13.5,85,0.0,0
1,07/11/22,22:30,13.4,86,0.0,0
1,07/11/22,23:00,13.4,88,0.0,0
1,07/11/22,23:30,13.2,89,0.0,0
1,08/11/22,00:00,13.1,91,0.0,0
1,08/11/22,0:30,13.3,91,0.0,0
1,08/11/22,1:00,13.4,91,0.0,0
1,08/11/22,1:30,13.6,91,0.0,0
1,08/11/22,2:00,13.4,92,0.0,0
1,08/11/22,2:30,13.6,91,0.0,0
1,08/11/22,3:00,13.4,92,0.0,0
1,08/11/22,3:30,13.1,92,0.0,0
1,08/11/22,4:00,12.8,93,0.0,0
1,08/11/22,4:30,12.8,93,0.0,0
1,08/11/22,5:00,12.7,93,0.0,0
1,08/11/22,5:30,12.7,93,0.0,0
1,08/11/22,6:00,13.1,93,0.0,17
1,08/11/22,6:30,13.8,91,0.0,89
1,08/11/22,7:00,14.6,89,0.0,208
1,08/11/22,7:30,14.9,87,0.0,339
1,08/11/22,8:00,15.9,81,0.0,446
1,08/11/22,8:30,16.7,80,0.0,579
1,08/11/22,9:00,17.3,77,0.0,579
1,08/11/22,9:30,17.4,77,0.0,558
1,08/11/22,10:00,18.6,68,0.0,903
1,08/11/22,10:30,18.9,65,0.0,998
1,08/11/22,11:00,19.3,67,0.0,793
1,08/11/22,11:30,19.3,66,0.0,976
1,08/11/22,12:00,20.6,57,0.0,1115
1,08/11/22,12:30,20.6,58,0.0,1148
1,08/11/22,13:00,21.1,56,0.0,1074
1,08/11/22,13:30,21.5,56,0.0,1120
1,08/11/22,14:00,21.6,53,0.0,1009
1,08/11/22,14:30,21.3,51,0.0,984
1,08/11/22,15:00,21.1,54,0.0,865
1,08/11/22,15:30,21.3,49,0.0,755
1,08/11/22,16:00,21.2,52,0.0,655
1,08/11/22,16:30,20.9,55,0.0,540
1,08/11/22,17:00,20.6,56,0.0,406
1,08/11/22,17:30,19.9,56,0.0,274
1,08/11/22,18:00,19.2,58,0.0,148
1,08/11/22,18:30,18.4,64,0.0,63
1,08/11/22,19:00,17.2,69,0.0,18
1,08/11/22,19:30,16.1,74,0.0,1
1,08/11/22,20:00,15.3,78,0.0,0
1,08/11/22,20:30,14.8,80,0.0,0
1,08/11/22,21:00,14.4,81,0.0,0
1,08/11/22,21:30,13.8,83,0.0,0
1,08/11/22,22:00,13.4,84,0.0,0
1,08/11/22,22:30,13.0,86,0.0,0
1,08/11/22,23:00,12.7,88,0.0,0
1,08/11/22,23:30,12.6,89,0.0,0
1,09/11/22,00:00,12.1,89,0.0,0
1,09/11/22,0:30,12.1,91,0.0,0
1,09/11/22,1:00,12.0,93,0.0,0
1,09/11/22,1:30,11.8,93,0.0,0
1,09/11/22,2:00,12.3,93,0.0,0
1,09/11/22,2:30,11.9,93,0.0,0
1,09/11/22,3:00,12.2,94,0.0,0
1,09/11/22,3:30,12.7,95,0.0,0
1,09/11/22,4:00,13.1,94,0.0,0
1,09/11/22,4:30,13.1,95,0.0,0
1,09/11/22,5:00,13.2,95,0.0,0
1,09/11/22,5:30,13.2,94,0.0,0
1,09/11/22,6:00,13.3,94,0.0,15
1,09/11/22,6:30,13.3,94,0.0,56
1,09/11/22,7:00,13.9,93,0.0,132
1,09/11/22,7:30,14.9,89,0.0,340
1,09/11/22,8:00,15.8,86,0.0,428
1,09/11/22,8:30,16.4,82,0.0,597
1,09/11/22,9:00,17.3,80,0.0,662
1,09/11/22,9:30,17.7,77,0.0,806
1,09/11/22,10:00,18.8,71,0.0,903
1,09/11/22,10:30,19.4,68,0.0,1041
1,09/11/22,11:00,19.7,66,0.0,913
1,09/11/22,11:30,19.9,64,0.0,923
1,09/11/22,12:00,20.7,61,0.0,1016
1,09/11/22,12:30,21.6,63,0.0,1221
1,09/11/22,13:00,21.6,59,0.0,1021
1,09/11/22,13:30,21.8,59,0.0,851
1,09/11/22,14:00,22.3,57,0.0,1048
1,09/11/22,14:30,22.6,55,0.0,846
1,09/11/22,15:00,22.5,55,0.0,759
1,09/11/22,15:30,21.7,56,0.0,555
1,09/11/22,16:00,22.4,55,0.0,606
1,09/11/22,16:30,22.5,54,0.0,504
1,09/11/22,17:00,22.3,54,0.0,438
1,09/11/22,17:30,21.6,59,0.0,267
1,09/11/22,18:00,20.9,63,0.0,153
1,09/11/22,18:30,20.1,66,0.0,65
1,09/11/22,19:00,18.8,70,0.0,18
1,09/11/22,19:30,17.6,75,0.0,1
1,09/11/22,20:00,16.7,78,0.0,0
1,09/11/22,20:30,16.1,81,0.0,0
1,09/11/22,21:00,15.5,82,0.0,0
1,09/11/22,21:30,15.1,82,0.0,0
1,09/11/22,22:00,14.8,83,0.0,0
1,09/11/22,22:30,14.4,86,0.0,0
1,09/11/22,23:00,14.2,89,0.0,0
1,09/11/22,23:30,13.6,91,0.0,0
1,10/11/22,00:00,13.2,92,0.0,0
1,10/11/22,0:30,13.1,92,0.0,0
1,10/11/22,1:00,13.3,93,0.0,0
1,10/11/22,1:30,13.8,92,0.0,0
1,10/11/22,2:00,13.4,93,0.0,0
1,10/11/22,2:30,13.1,94,0.0,0
1,10/11/22,3:00,13.3,94,0.0,0
1,10/11/22,3:30,13.3,94,0.0,0
1,10/11/22,4:00,13.0,94,0.0,0
1,10/11/22,4:30,12.9,95,0.0,0
1,10/11/22,5:00,12.9,95,0.0,0
1,10/11/22,5:30,12.8,95,0.0,0
1,10/11/22,6:00,12.8,96,0.0,11
1,10/11/22,6:30,12.9,96,0.0,49
1,10/11/22,7:00,13.7,96,0.0,154
1,10/11/22,7:30,14.9,92,0.0,344
1,10/11/22,8:00,16.0,88,0.0,449
1,10/11/22,8:30,16.4,85,0.0,517
1,10/11/22,9:00,17.6,83,0.0,663
1,10/11/22,9:30,18.8,80,0.0,795
1,10/11/22,10:00,19.9,75,0.0,877
1,10/11/22,10:30,20.9,73,0.0,947
1,10/11/22,11:00,21.8,69,0.0,1011
1,10/11/22,11:30,22.6,65,0.0,1043
1,10/11/22,12:00,22.9,63,0.0,1041
1,10/11/22,12:30,23.7,64,0.0,1006
1,10/11/22,13:00,24.0,64,0.0,944
1,10/11/22,13:30,24.5,57,0.0,863
1,10/11/22,14:00,24.9,55,0.0,931
1,10/11/22,14:30,25.6,56,0.0,948
1,10/11/22,15:00,26.1,51,0.0,884
1,10/11/22,15:30,25.9,50,0.0,775
1,10/11/22,16:00,26.3,55,0.0,605
1,10/11/22,16:30,25.6,50,0.0,604
1,10/11/22,17:00,25.1,46,0.0,351
1,10/11/22,17:30,24.8,52,0.0,229
1,10/11/22,18:00,23.7,61,0.0,128
1,10/11/22,18:30,22.6,64,0.0,62
1,10/11/22,19:00,21.4,68,0.0,24
1,10/11/22,19:30,20.3,72,0.0,1
1,10/11/22,20:00,19.6,75,0.0,0
1,10/11/22,20:30,18.9,78,0.0,0
1,10/11/22,21:00,18.4,80,0.0,0
1,10/11/22,21:30,17.9,84,0.0,0
1,10/11/22,22:00,17.4,86,0.0,0
1,10/11/22,22:30,16.9,88,0.0,0
1,10/11/22,23:00,16.4,90,0.0,0
1,10/11/22,23:30,16.0,91,0.0,0
1,11/11/22,00:00,15.7,93,0.0,0
1,11/11/22,0:30,15.7,93,0.0,0
1,11/11/22,1:00,15.5,93,0.0,0
1,11/11/22,1:30,15.5,93,0.0,0
1,11/11/22,2:00,15.6,93,0.0,0
1,11/11/22,2:30,15.6,93,0.0,0
1,11/11/22,3:00,15.5,92,0.0,0
1,11/11/22,3:30,15.2,92,0.0,0
1,11/11/22,4:00,14.9,93,0.0,0
1,11/11/22,4:30,14.9,93,0.0,0
1,11/11/22,5:00,15.1,92,0.0,0
1,11/11/22,5:30,15.1,92,0.0,0
1,11/11/22,6:00,15.3,91,0.0,23
1,11/11/22,6:30,15.6,91,0.0,64
1,11/11/22,7:00,16.1,91,0.0,110
1,11/11/22,7:30,16.6,90,0.0,163
1,11/11/22,8:00,17.1,88,0.0,195
1,11/11/22,8:30,17.9,86,0.0,259
1,11/11/22,9:00,18.7,83,0.0,316
1,11/11/22,9:30,19.9,74,0.0,686
1,11/11/22,10:00,19.9,76,0.0,577
1,11/11/22,10:30,20.8,71,0.0,784
1,11/11/22,11:00,21.1,68,0.0,445
1,11/11/22,11:30,21.7,70,0.0,513
1,11/11/22,12:00,22.3,69,0.0,690
1,11/11/22,12:30,22.4,65,0.0,619
1,11/11/22,13:00,22.4,64,0.0,579
1,11/11/22,13:30,23.2,63,0.0,777
1,11/11/22,14:00,23.8,64,0.0,917
1,11/11/22,14:30,23.8,59,0.0,908
1,11/11/22,15:00,24.3,60,0.0,833
1,11/11/22,15:30,24.3,56,0.0,744
1,11/11/22,16:00,24.4,55,0.0,643
1,11/11/22,16:30,24.6,57,0.0,533
1,11/11/22,17:00,24.4,59,0.0,419
1,11/11/22,17:30,24.2,59,0.0,257
1,11/11/22,18:00,23.8,60,0.0,153
1,11/11/22,18:30,22.8,68,0.0,65
1,11/11/22,19:00,21.3,73,0.0,19
1,11/11/22,19:30,20.2,77,0.0,1
1,11/11/22,20:00,19.5,81,0.0,0
1,11/11/22,20:30,18.4,84,0.0,0
1,11/11/22,21:00,18.0,86,0.0,0
1,11/11/22,21:30,17.3,89,0.0,0
1,11/11/22,22:00,17.1,91,0.0,0
1,11/11/22,22:30,17.6,90,0.0,0
1,11/11/22,23:00,17.2,91,0.0,0
1,11/11/22,23:30,17.0,91,0.0,0
1,12/11/22,00:00,17.0,91,0.0,0
1,12/11/22,0:30,16.6,92,0.0,0
1,12/11/22,1:00,16.7,92,0.0,0
1,12/11/22,1:30,17.0,91,0.0,0
1,12/11/22,2:00,16.6,91,0.0,0
1,12/11/22,2:30,16.1,92,0.0,0
1,12/11/22,3:00,15.9,93,0.0,0
1,12/11/22,3:30,15.7,94,0.0,0
1,12/11/22,4:00,15.6,94,0.0,0
1,12/11/22,4:30,15.8,94,0.0,0
1,12/11/22,5:00,15.9,93,0.0,0
1,12/11/22,5:30,15.8,93,0.0,1
1,12/11/22,6:00,16.0,93,0.0,23
1,12/11/22,6:30,16.7,92,0.0,90
1,12/11/22,7:00,17.6,90,0.0,202
1,12/11/22,7:30,18.3,89,0.0,313
1,12/11/22,8:00,19.3,87,0.0,435
1,12/11/22,8:30,20.1,84,0.0,550
1,12/11/22,9:00,20.9,83,0.0,659
1,12/11/22,9:30,21.4,81,0.0,761
1,12/11/22,10:00,22.2,79,0.0,769
1,12/11/22,10:30,22.7,76,0.0,686
1,12/11/22,11:00,23.5,74,0.0,989
1,12/11/22,11:30,23.6,73,0.0,1059
1,12/11/22,12:00,24.3,73,0.0,1022
1,12/11/22,12:30,25.3,72,0.0,1034
1,12/11/22,13:00,25.4,68,0.0,953
1,12/11/22,13:30,25.6,70,0.0,698
1,12/11/22,14:00,25.9,67,0.0,789
1,12/11/22,14:30,26.5,66,0.0,715
1,12/11/22,15:00,26.0,66,0.0,532
1,12/11/22,15:30,26.2,68,0.0,476
1,12/11/22,16:00,25.7,68,0.0,327
1,12/11/22,16:30,25.3,70,0.0,297
1,12/11/22,17:00,24.8,72,0.0,217
1,12/11/22,17:30,24.3,73,0.0,129
1,12/11/22,18:00,23.8,75,0.0,76
1,12/11/22,18:30,23.3,78,0.0,38
1,12/11/22,19:00,22.6,80,0.0,12
1,12/11/22,19:30,22.2,83,0.0,0
1,12/11/22,20:00,21.7,84,0.0,0
1,12/11/22,20:30,21.3,87,0.0,0
1,12/11/22,21:00,20.9,89,0.0,0
1,12/11/22,21:30,20.6,90,0.0,0
1,12/11/22,22:00,20.3,91,0.0,0
1,12/11/22,22:30,20.1,91,0.0,0
1,12/11/22,23:00,19.9,91,0.0,0
1,12/11/22,23:30,19.6,91,0.0,0
1,13/11/22,00:00,19.3,91,0.0,0
1,13/11/22,0:30,19.1,92,0.0,0
1,13/11/22,1:00,19.1,92,0.0,0
1,13/11/22,1:30,18.9,93,0.0,0
1,13/11/22,2:00,18.8,93,0.0,0
1,13/11/22,2:30,18.3,94,0.0,0
1,13/11/22,3:00,18.3,95,0.0,0
1,13/11/22,3:30,18.5,93,0.0,0
1,13/11/22,4:00,18.1,94,0.0,0
1,13/11/22,4:30,18.1,95,0.0,0
1,13/11/22,5:00,17.8,95,0.0,0
1,13/11/22,5:30,18.3,95,0.0,0
1,13/11/22,6:00,18.6,93,0.0,16
1,13/11/22,6:30,19.1,93,0.0,64
1,13/11/22,7:00,19.3,93,0.0,131
1,13/11/22,7:30,19.6,93,0.0,176
1,13/11/22,8:00,19.8,92,0.0,157
1,13/11/22,8:30,19.9,92,0.0,93
1,13/11/22,9:00,20.4,91,0.0,138
1,13/11/22,9:30,20.7,90,0.0,125
1,13/11/22,10:00,20.7,90,0.0,118
1,13/11/22,10:30,20.7,90,0.0,89
1,13/11/22,11:00,20.9,89,0.0,131
1,13/11/22,11:30,21.7,87,0.0,334
1,13/11/22,12:00,22.3,85,0.0,427
1,13/11/22,12:30,22.9,83,0.0,436
1,13/11/22,13:00,23.4,81,0.0,401
1,13/11/22,13:30,23.8,76,0.0,284
1,13/11/22,14:00,22.9,80,0.0,211
1,13/11/22,14:30,20.2,91,5.8,116
1,13/11/22,15:00,20.6,94,0.8,231
1,13/11/22,15:30,20.3,94,0.2,174
1,13/11/22,16:00,20.5,93,0.2,283
1,13/11/22,16:30,20.4,91,0.0,258
1,13/11/22,17:00,20.4,92,0.0,135
1,13/11/22,17:30,20.1,93,0.0,84
1,13/11/22,18:00,19.7,94,0.0,23
1,13/11/22,18:30,19.3,94,1.2,8
1,13/11/22,19:00,19.0,95,2.2,1
1,13/11/22,19:30,18.7,96,3.0,2
1,13/11/22,20:00,18.4,96,1.0,0
1,13/11/22,20:30,18.4,96,0.6,0
1,13/11/22,21:00,18.1,97,1.8,0
1,13/11/22,21:30,18.0,97,4.8,0
1,13/11/22,22:00,18.1,97,1.4,0
1,13/11/22,22:30,18.1,98,0.8,0
1,13/11/22,23:00,18.1,97,0.2,0
1,13/11/22,23:30,18.1,98,0.2,0
1,14/11/22,00:00,18.1,98,0.0,0
1,14/11/22,0:30,18.0,98,0.0,0
1,14/11/22,1:00,17.9,98,0.0,0
1,14/11/22,1:30,17.9,98,0.0,0
1,14/11/22,2:00,17.8,98,0.0,0
1,14/11/22,2:30,17.7,98,0.0,0
1,14/11/22,3:00,17.7,98,0.0,0
1,14/11/22,3:30,17.8,98,0.0,0
1,14/11/22,4:00,17.8,98,0.0,0
1,14/11/22,4:30,17.9,98,0.0,0
1,14/11/22,5:00,18.1,97,0.0,0
1,14/11/22,5:30,18.1,97,0.0,0
1,14/11/22,6:00,17.9,97,0.0,2
1,14/11/22,6:30,18.1,96,0.0,13
1,14/11/22,7:00,18.1,95,0.2,46
1,14/11/22,7:30,18.2,93,0.0,133
1,14/11/22,8:00,18.3,91,0.0,203
1,14/11/22,8:30,18.1,90,0.0,195
1,14/11/22,9:00,18.0,90,0.0,175
1,14/11/22,9:30,18.2,88,0.0,284
1,14/11/22,10:00,19.0,83,0.0,374
1,14/11/22,10:30,19.8,79,0.0,487
1,14/11/22,11:00,20.2,76,0.0,753
1,14/11/22,11:30,21.0,71,0.0,815
1,14/11/22,12:00,21.9,66,0.0,1003
1,14/11/22,12:30,21.7,65,0.0,839
1,14/11/22,13:00,22.6,63,0.0,968
1,14/11/22,13:30,17.7,83,0.0,167
1,14/11/22,14:00,20.0,74,0.0,507
1,14/11/22,14:30,17.6,88,0.0,273
1,14/11/22,15:00,16.8,93,0.6,206
1,14/11/22,15:30,19.2,83,0.0,484
1,14/11/22,16:00,16.3,91,1.4,121
1,14/11/22,16:30,16.1,96,4.8,76
1,14/11/22,17:00,16.7,95,0.4,113
1,14/11/22,17:30,16.0,96,6.0,17
1,14/11/22,18:00,15.7,96,2.8,21
1,14/11/22,18:30,15.6,96,2.0,18
1,14/11/22,19:00,15.2,96,0.2,7
1,14/11/22,19:30,15.1,97,0.2,0
1,14/11/22,20:00,15.2,96,0.0,0
1,14/11/22,20:30,15.4,96,0.0,0
1,14/11/22,21:00,15.5,96,0.0,0
1,14/11/22,21:30,15.6,96,0.0,0
1,14/11/22,22:00,15.6,96,0.0,0
1,14/11/22,22:30,15.4,96,0.0,0
1,14/11/22,23:00,15.2,96,0.0,0
1,14/11/22,23:30,15.3,96,0.0,0
1,15/11/22,00:00,15.4,96,0.0,0
1,15/11/22,0:30,15.5,96,0.0,0
1,15/11/22,1:00,15.4,95,0.0,0
1,15/11/22,1:30,15.7,93,0.0,0
1,15/11/22,2:00,15.7,93,0.0,0
1,15/11/22,2:30,15.7,92,0.0,0
1,15/11/22,3:00,15.4,92,0.0,0
1,15/11/22,3:30,14.8,93,0.0,0
1,15/11/22,4:00,15.0,92,0.0,0
1,15/11/22,4:30,15.3,90,0.0,0
1,15/11/22,5:00,14.5,91,0.0,0
1,15/11/22,5:30,14.2,92,0.0,1
1,15/11/22,6:00,14.4,91,0.0,23
1,15/11/22,6:30,14.9,89,0.0,109
1,15/11/22,7:00,15.8,84,0.0,242
1,15/11/22,7:30,16.9,77,0.0,362
1,15/11/22,8:00,17.8,73,0.0,479
1,15/11/22,8:30,18.9,69,0.0,592
1,15/11/22,9:00,19.7,65,0.0,697
1,15/11/22,9:30,20.8,58,0.0,795
1,15/11/22,10:00,21.6,56,0.0,880
1,15/11/22,10:30,22.2,58,0.0,953
1,15/11/22,11:00,22.7,59,0.0,1010
1,15/11/22,11:30,23.3,52,0.0,1051
1,15/11/22,12:00,23.6,56,0.0,1093
1,15/11/22,12:30,24.1,47,0.0,1061
1,15/11/22,13:00,24.6,46,0.0,1131
1,15/11/22,13:30,25.1,46,0.0,1128
1,15/11/22,14:00,24.6,46,0.0,1027
1,15/11/22,14:30,25.6,41,0.0,876
1,15/11/22,15:00,25.6,41,0.0,830
1,15/11/22,15:30,25.9,40,0.0,773
1,15/11/22,16:00,26.1,34,0.0,673
1,15/11/22,16:30,26.3,38,0.0,565
1,15/11/22,17:00,26.1,37,0.0,425
1,15/11/22,17:30,25.8,37,0.0,260
1,15/11/22,18:00,25.3,41,0.0,168
1,15/11/22,18:30,24.3,46,0.0,68
1,15/11/22,19:00,23.1,50,0.0,19
1,15/11/22,19:30,21.4,56,0.0,3
1,15/11/22,20:00,21.2,57,0.0,0
1,15/11/22,20:30,20.9,57,0.0,0
1,15/11/22,21:00,20.5,59,0.0,0
1,15/11/22,21:30,19.7,62,0.0,0
1,15/11/22,22:00,19.8,62,0.0,0
1,15/11/22,22:30,19.3,64,0.0,0
1,15/11/22,23:00,18.5,68,0.0,0
1,15/11/22,23:30,18.4,69,0.0,0
1,16/11/22,00:00,18.5,67,0.0,0
1,16/11/22,0:30,18.3,69,0.0,0
1,16/11/22,1:00,18.1,60,0.0,0
1,16/11/22,1:30,17.8,63,0.0,0
1,16/11/22,2:00,17.4,73,0.0,0
1,16/11/22,2:30,17.9,68,0.0,0
1,16/11/22,3:00,17.9,69,0.0,0
1,16/11/22,3:30,17.7,68,0.0,0
1,16/11/22,4:00,17.3,69,0.0,0
1,16/11/22,4:30,16.8,72,0.0,0
1,16/11/22,5:00,16.6,71,0.0,0
1,16/11/22,5:30,16.4,62,0.0,1
1,16/11/22,6:00,16.8,62,0.0,25
1,16/11/22,6:30,18.3,66,0.0,114
1,16/11/22,7:00,20.4,54,0.0,244
1,16/11/22,7:30,20.4,62,0.0,368
1,16/11/22,8:00,20.2,68,0.0,485
1,16/11/22,8:30,22.6,43,0.0,603
1,16/11/22,9:00,24.3,39,0.0,712
1,16/11/22,9:30,24.9,36,0.0,807
1,16/11/22,10:00,25.3,41,0.0,894
1,16/11/22,10:30,25.7,37,0.0,966
1,16/11/22,11:00,26.1,38,0.0,1022
1,16/11/22,11:30,26.8,37,0.0,1060
1,16/11/22,12:00,26.9,39,0.0,1080
1,16/11/22,12:30,27.1,40,0.0,1083
1,16/11/22,13:00,27.7,38,0.0,1069
1,16/11/22,13:30,27.8,40,0.0,1040
1,16/11/22,14:00,28.0,41,0.0,996
1,16/11/22,14:30,28.7,39,0.0,936
1,16/11/22,15:00,28.3,39,0.0,863
1,16/11/22,15:30,28.5,37,0.0,772
1,16/11/22,16:00,28.7,35,0.0,673
1,16/11/22,16:30,29.0,39,0.0,563
1,16/11/22,17:00,29.1,39,0.0,421
1,16/11/22,17:30,28.5,38,0.0,262
1,16/11/22,18:00,27.9,35,0.0,172
1,16/11/22,18:30,27.1,42,0.0,70
1,16/11/22,19:00,25.6,45,0.0,21
1,16/11/22,19:30,24.7,46,0.0,3
1,16/11/22,20:00,23.9,48,0.0,0
1,16/11/22,20:30,23.2,51,0.0,0
1,16/11/22,21:00,23.3,49,0.0,0
1,16/11/22,21:30,22.9,49,0.0,0
1,16/11/22,22:00,23.4,48,0.0,0
1,16/11/22,22:30,23.2,49,0.0,0
1,16/11/22,23:00,22.6,49,0.0,0
1,16/11/22,23:30,20.2,59,0.0,0
1,17/11/22,00:00,21.2,57,0.0,0
1,17/11/22,0:30,20.8,58,0.0,0
1,17/11/22,1:00,20.4,60,0.0,0
1,17/11/22,1:30,20.3,59,0.0,0
1,17/11/22,2:00,20.2,60,0.0,0
1,17/11/22,2:30,19.7,62,0.0,0
1,17/11/22,3:00,19.3,63,0.0,0
1,17/11/22,3:30,19.3,62,0.0,0
1,17/11/22,4:00,19.7,62,0.0,0
1,17/11/22,4:30,19.8,60,0.0,0
1,17/11/22,5:00,19.9,58,0.0,0
1,17/11/22,5:30,20.1,56,0.0,1
1,17/11/22,6:00,20.4,54,0.0,29
1,17/11/22,6:30,21.1,51,0.0,114
1,17/11/22,7:00,22.0,50,0.0,246
1,17/11/22,7:30,23.0,51,0.0,366
1,17/11/22,8:00,24.0,47,0.0,482
1,17/11/22,8:30,25.0,46,0.0,596
1,17/11/22,9:00,25.9,43,0.0,702
1,17/11/22,9:30,27.0,44,0.0,799
1,17/11/22,10:00,27.0,40,0.0,880
1,17/11/22,10:30,27.4,41,0.0,949
1,17/11/22,11:00,28.2,41,0.0,1011
1,17/11/22,11:30,28.4,43,0.0,1070
1,17/11/22,12:00,28.6,38,0.0,1041
1,17/11/22,12:30,28.3,37,0.0,963
1,17/11/22,13:00,28.4,41,0.0,717
1,17/11/22,13:30,28.4,42,0.0,764
1,17/11/22,14:00,28.2,40,0.0,791
1,17/11/22,14:30,28.7,40,0.0,966
1,17/11/22,15:00,28.3,40,0.0,686
1,17/11/22,15:30,28.7,41,0.0,689
1,17/11/22,16:00,29.0,36,0.0,671
1,17/11/22,16:30,29.0,38,0.0,557
1,17/11/22,17:00,28.1,39,0.0,322
1,17/11/22,17:30,28.3,37,0.0,211
1,17/11/22,18:00,28.3,36,0.0,190
1,17/11/22,18:30,27.2,39,0.0,79
1,17/11/22,19:00,25.9,43,0.0,32
1,17/11/22,19:30,24.3,52,0.0,8
1,17/11/22,20:00,23.3,57,0.0,0
1,17/11/22,20:30,22.6,59,0.0,0
1,17/11/22,21:00,21.6,60,0.0,0
1,17/11/22,21:30,20.3,66,0.0,0
1,17/11/22,22:00,19.6,67,0.0,0
1,17/11/22,22:30,19.8,63,0.0,0
1,17/11/22,23:00,19.6,63,0.0,0
1,17/11/22,23:30,18.4,67,0.0,0
1,18/11/22,00:00,18.2,68,0.0,0
1,18/11/22,0:30,17.9,67,0.0,0
1,18/11/22,1:00,17.8,65,0.0,0
1,18/11/22,1:30,17.4,64,0.0,0
1,18/11/22,2:00,17.8,59,0.0,0
1,18/11/22,2:30,18.9,50,0.0,0
1,18/11/22,3:00,18.8,49,0.0,0
1,18/11/22,3:30,17.8,54,0.0,0
1,18/11/22,4:00,17.6,53,0.0,0
1,18/11/22,4:30,17.4,51,0.0,0
1,18/11/22,5:00,17.7,49,0.0,0
1,18/11/22,5:30,18.1,46,0.0,1
1,18/11/22,6:00,18.7,44,0.0,26
1,18/11/22,6:30,19.3,47,0.0,113
1,18/11/22,7:00,20.2,48,0.0,238
1,18/11/22,7:30,22.0,42,0.0,358
1,18/11/22,8:00,22.9,45,0.0,476
1,18/11/22,8:30,23.9,43,0.0,591
1,18/11/22,9:00,24.7,42,0.0,697
1,18/11/22,9:30,25.3,42,0.0,793
1,18/11/22,10:00,25.7,42,0.0,878
1,18/11/22,10:30,26.6,40,0.0,948
1,18/11/22,11:00,27.2,38,0.0,1004
1,18/11/22,11:30,27.8,40,0.0,1044
1,18/11/22,12:00,28.6,38,0.0,1064
1,18/11/22,12:30,29.1,40,0.0,1070
1,18/11/22,13:00,29.5,36,0.0,1058
1,18/11/22,13:30,29.8,37,0.0,1030
1,18/11/22,14:00,30.0,38,0.0,987
1,18/11/22,14:30,30.2,40,0.0,928
1,18/11/22,15:00,30.5,37,0.0,851
1,18/11/22,15:30,30.5,39,0.0,761
1,18/11/22,16:00,30.6,32,0.0,666
1,18/11/22,16:30,30.6,36,0.0,558
1,18/11/22,17:00,30.4,33,0.0,404
1,18/11/22,17:30,29.9,36,0.0,281
1,18/11/22,18:00,28.2,48,0.0,173
1,18/11/22,18:30,26.9,51,0.0,58
1,18/11/22,19:00,25.9,53,0.0,21
1,18/11/22,19:30,24.7,57,0.0,3
1,18/11/22,20:00,24.0,58,0.0,0
1,18/11/22,20:30,22.8,61,0.0,0
1,18/11/22,21:00,22.5,60,0.0,0
1,18/11/22,21:30,21.9,60,0.0,0
1,18/11/22,22:00,21.3,62,0.0,0
1,18/11/22,22:30,20.7,63,0.0,0
1,18/11/22,23:00,19.6,66,0.0,0
1,18/11/22,23:30,19.5,66,0.0,0
1,19/11/22,00:00,18.8,68,0.0,0
1,19/11/22,0:30,18.4,66,0.0,0
1,19/11/22,1:00,17.3,70,0.0,0
1,19/11/22,1:30,16.9,71,0.0,0
1,19/11/22,2:00,16.6,72,0.0,0
1,19/11/22,2:30,16.3,73,0.0,0
1,19/11/22,3:00,16.4,71,0.0,0
1,19/11/22,3:30,16.2,72,0.0,0
1,19/11/22,4:00,16.2,74,0.0,0
1,19/11/22,4:30,16.8,75,0.0,0
1,19/11/22,5:00,15.6,83,0.0,0
1,19/11/22,5:30,15.7,86,0.0,1
1,19/11/22,6:00,15.9,88,0.0,25
1,19/11/22,6:30,16.8,88,0.0,115
1,19/11/22,7:00,17.9,86,0.0,242
1,19/11/22,7:30,19.6,82,0.0,362
1,19/11/22,8:00,20.7,78,0.0,433
1,19/11/22,8:30,21.7,73,0.0,584
1,19/11/22,9:00,22.8,70,0.0,705
1,19/11/22,9:30,24.0,67,0.0,796
1,19/11/22,10:00,24.9,64,0.0,878
1,19/11/22,10:30,25.7,60,0.0,949
1,19/11/22,11:00,26.2,52,0.0,1005
1,19/11/22,11:30,26.4,57,0.0,1042
1,19/11/22,12:00,27.1,53,0.0,1065
1,19/11/22,12:30,27.8,52,0.0,1056
1,19/11/22,13:00,28.3,50,0.0,1028
1,19/11/22,13:30,29.1,49,0.0,1003
1,19/11/22,14:00,29.4,47,0.0,958
1,19/11/22,14:30,29.9,44,0.0,917
1,19/11/22,15:00,30.2,41,0.0,856
1,19/11/22,15:30,30.3,40,0.0,739
1,19/11/22,16:00,30.7,37,0.0,631
1,19/11/22,16:30,30.7,39,0.0,492
1,19/11/22,17:00,30.3,36,0.0,308
1,19/11/22,17:30,30.3,37,0.0,254
1,19/11/22,18:00,29.9,45,0.0,185
1,19/11/22,18:30,29.0,45,0.0,95
1,19/11/22,19:00,27.6,49,0.0,30
1,19/11/22,19:30,26.0,56,0.0,3
1,19/11/22,20:00,25.3,60,0.0,0
1,19/11/22,20:30,23.2,68,0.0,0
1,19/11/22,21:00,22.4,69,0.0,0
1,19/11/22,21:30,21.3,72,0.0,0
1,19/11/22,22:00,20.8,72,0.0,0
1,19/11/22,22:30,20.9,72,0.0,0
1,19/11/22,23:00,20.6,72,0.0,0
1,19/11/22,23:30,19.3,78,0.0,0
1,20/11/22,00:00,18.7,81,0.0,0
1,20/11/22,0:30,19.2,79,0.0,0
1,20/11/22,1:00,18.1,84,0.0,0
1,20/11/22,1:30,18.0,84,0.0,0
1,20/11/22,2:00,17.9,85,0.0,0
1,20/11/22,2:30,17.3,87,0.0,0
1,20/11/22,3:00,17.2,88,0.0,0
1,20/11/22,3:30,17.1,89,0.0,0
1,20/11/22,4:00,16.8,91,0.0,0
1,20/11/22,4:30,16.8,92,0.0,0
1,20/11/22,5:00,16.8,93,0.0,0
1,20/11/22,5:30,16.9,94,0.0,1
1,20/11/22,6:00,16.8,94,0.0,33
1,20/11/22,6:30,17.1,95,0.0,84
1,20/11/22,7:00,17.7,94,0.0,189
1,20/11/22,7:30,19.1,89,0.0,301
1,20/11/22,8:00,20.4,83,0.0,461
1,20/11/22,8:30,21.2,79,0.0,549
1,20/11/22,9:00,22.7,78,0.0,634
1,20/11/22,9:30,23.8,72,0.0,778
1,20/11/22,10:00,24.9,70,0.0,871
1,20/11/22,10:30,25.8,67,0.0,932
1,20/11/22,11:00,26.7,65,0.0,914
1,20/11/22,11:30,27.4,61,0.0,1027
1,20/11/22,12:00,28.4,59,0.0,1069
1,20/11/22,12:30,29.4,56,0.0,1056
1,20/11/22,13:00,30.4,52,0.0,1007
1,20/11/22,13:30,30.9,47,0.0,998
1,20/11/22,14:00,31.8,45,0.0,907
1,20/11/22,14:30,32.0,39,0.0,896
1,20/11/22,15:00,32.6,36,0.0,859
1,20/11/22,15:30,32.7,34,0.0,762
1,20/11/22,16:00,31.8,36,0.0,493
1,20/11/22,16:30,31.6,36,0.0,459
1,20/11/22,17:00,31.0,40,0.0,325
1,20/11/22,17:30,30.5,42,0.0,242
1,20/11/22,18:00,29.3,49,0.0,154
1,20/11/22,18:30,28.3,54,0.0,78
1,20/11/22,19:00,27.8,55,0.0,32
1,20/11/22,19:30,27.2,55,0.0,2
1,20/11/22,20:00,27.3,54,0.0,0
1,20/11/22,20:30,27.3,56,0.0,0
1,20/11/22,21:00,24.7,68,0.0,0
1,20/11/22,21:30,24.1,72,0.0,0
1,20/11/22,22:00,23.8,74,0.0,0
1,20/11/22,22:30,23.6,74,0.0,0
1,20/11/22,23:00,22.8,76,0.0,0
1,20/11/22,23:30,21.8,81,0.0,0
1,21/11/22,00:00,21.8,79,0.0,0
1,21/11/22,0:30,21.6,79,0.0,0
1,21/11/22,1:00,21.3,79,0.0,0
1,21/11/22,1:30,21.0,78,0.0,0
1,21/11/22,2:00,20.8,77,0.0,0
1,21/11/22,2:30,20.9,76,0.0,0
1,21/11/22,3:00,20.2,82,0.0,0
1,21/11/22,3:30,20.5,81,0.0,0
1,21/11/22,4:00,20.7,81,0.0,0
1,21/11/22,4:30,20.9,80,0.0,0
1,21/11/22,5:00,21.4,78,0.0,0
1,21/11/22,5:30,21.2,77,0.0,0
1,21/11/22,6:00,19.6,85,0.0,5
1,21/11/22,6:30,19.4,88,0.0,29
1,21/11/22,7:00,19.8,87,0.0,59
1,21/11/22,7:30,20.2,86,0.0,95
1,21/11/22,8:00,21.6,84,0.0,182
1,21/11/22,8:30,20.8,87,0.0,169
1,21/11/22,9:00,20.5,89,0.0,105
1,21/11/22,9:30,20.8,90,0.0,116
1,21/11/22,10:00,21.3,87,0.0,197
1,21/11/22,10:30,21.8,86,0.0,266
1,21/11/22,11:00,22.2,83,0.0,356
1,21/11/22,11:30,22.6,81,0.0,331
1,21/11/22,12:00,22.9,79,0.0,296
1,21/11/22,12:30,23.4,78,0.0,408
1,21/11/22,13:00,23.1,78,0.0,334
1,21/11/22,13:30,23.4,78,0.0,358
1,21/11/22,14:00,23.8,74,0.0,400
1,21/11/22,14:30,24.2,74,0.0,282
1,21/11/22,15:00,24.4,72,0.0,260
1,21/11/22,15:30,24.4,69,0.0,240
1,21/11/22,16:00,24.1,70,0.0,147
1,21/11/22,16:30,22.5,79,0.0,69
1,21/11/22,17:00,23.1,79,0.0,129
1,21/11/22,17:30,23.1,79,0.0,89
1,21/11/22,18:00,22.7,77,0.0,59
1,21/11/22,18:30,22.4,79,0.0,38
1,21/11/22,19:00,22.1,80,0.0,17
1,21/11/22,19:30,21.7,82,0.0,2
1,21/11/22,20:00,21.3,82,0.0,0
1,21/11/22,20:30,21.1,83,0.0,0
1,21/11/22,21:00,20.6,85,0.0,0
1,21/11/22,21:30,20.6,85,0.0,0
1,21/11/22,22:00,20.7,84,0.0,0
1,21/11/22,22:30,20.9,84,0.0,0
1,21/11/22,23:00,19.4,91,0.8,0
1,21/11/22,23:30,18.9,94,0.6,0
1,22/11/22,00:00,18.7,94,0.0,0
1,22/11/22,0:30,18.7,95,0.0,0
1,22/11/22,1:00,18.8,94,0.2,0
1,22/11/22,1:30,18.6,95,0.2,0
1,22/11/22,2:00,18.8,95,0.2,0
1,22/11/22,2:30,18.4,95,0.4,0
1,22/11/22,3:00,17.8,96,0.6,0
1,22/11/22,3:30,17.8,96,0.2,0
1,22/11/22,4:00,17.8,96,0.6,0
1,22/11/22,4:30,17.9,97,0.2,0
1,22/11/22,5:00,17.8,97,0.2,0
1,22/11/22,5:30,17.8,97,0.4,0
1,22/11/22,6:00,17.6,97,0.4,0
1,22/11/22,6:30,17.4,98,1.0,2
1,22/11/22,7:00,17.1,98,0.6,14
1,22/11/22,7:30,17.1,98,0.2,24
1,22/11/22,8:00,17.1,97,0.4,26
1,22/11/22,8:30,17.1,98,2.6,15
1,22/11/22,9:00,16.8,98,0.2,13
1,22/11/22,9:30,16.6,98,0.0,27
1,22/11/22,10:00,16.7,98,0.0,109
1,22/11/22,10:30,16.8,98,0.0,183
1,22/11/22,11:00,17.1,96,0.0,257
1,22/11/22,11:30,18.9,90,0.0,628
1,22/11/22,12:00,19.3,90,0.0,430
1,22/11/22,12:30,19.6,87,0.0,743
1,22/11/22,13:00,20.0,86,0.0,831
1,22/11/22,13:30,19.6,86,0.0,1009
1,22/11/22,14:00,20.3,81,0.0,605
1,22/11/22,14:30,19.7,83,0.0,433
1,22/11/22,15:00,19.4,83,0.0,462
1,22/11/22,15:30,20.1,76,0.0,471
1,22/11/22,16:00,20.3,78,0.0,320
1,22/11/22,16:30,21.2,74,0.0,518
1,22/11/22,17:00,21.7,70,0.0,416
1,22/11/22,17:30,21.0,72,0.0,249
1,22/11/22,18:00,20.7,73,0.0,162
1,22/11/22,18:30,20.0,78,0.0,49
1,22/11/22,19:00,19.5,79,0.0,22
1,22/11/22,19:30,19.3,77,0.0,5
1,22/11/22,20:00,19.3,79,0.0,0
1,22/11/22,20:30,19.2,79,0.0,0
1,22/11/22,21:00,18.8,78,0.0,0
1,22/11/22,21:30,18.0,81,0.0,0
1,22/11/22,22:00,18.1,78,0.0,0
1,22/11/22,22:30,17.8,78,0.0,0
1,22/11/22,23:00,17.1,80,0.0,0
1,22/11/22,23:30,16.8,81,0.0,0
1,23/11/22,00:00,15.9,84,0.0,0
1,23/11/22,0:30,14.4,94,0.0,0
1,23/11/22,1:00,14.9,96,0.0,0
1,23/11/22,1:30,14.9,95,0.0,0
1,23/11/22,2:00,14.7,94,0.0,0
1,23/11/22,2:30,14.4,94,0.0,0
1,23/11/22,3:00,14.6,95,0.0,0
1,23/11/22,3:30,14.8,94,0.0,0
1,23/11/22,4:00,14.7,94,0.0,0
1,23/11/22,4:30,14.7,94,0.0,0
1,23/11/22,5:00,14.7,94,0.0,0
1,23/11/22,5:30,14.5,94,0.0,1
1,23/11/22,6:00,14.2,95,0.0,17
1,23/11/22,6:30,14.7,93,0.0,117
1,23/11/22,7:00,15.6,89,0.0,280
1,23/11/22,7:30,16.3,86,0.0,322
1,23/11/22,8:00,17.1,81,0.0,376
1,23/11/22,8:30,18.4,80,0.0,487
1,23/11/22,9:00,18.1,76,0.0,490
1,23/11/22,9:30,19.2,74,0.0,720
1,23/11/22,10:00,19.1,70,0.0,766
1,23/11/22,10:30,19.2,71,0.0,488
1,23/11/22,11:00,20.1,66,0.0,775
1,23/11/22,11:30,20.1,63,0.0,693
1,23/11/22,12:00,21.6,61,0.0,1073
1,23/11/22,12:30,20.8,59,0.0,979
1,23/11/22,13:00,21.9,60,0.0,1030
1,23/11/22,13:30,22.2,56,0.0,1039
1,23/11/22,14:00,21.2,57,0.0,600
1,23/11/22,14:30,21.7,54,0.0,971
1,23/11/22,15:00,22.8,57,0.0,720
1,23/11/22,15:30,23.1,52,0.0,944
1,23/11/22,16:00,23.3,52,0.0,791
1,23/11/22,16:30,22.3,55,0.0,556
1,23/11/22,17:00,22.1,52,0.0,271
1,23/11/22,17:30,22.3,54,0.0,249
1,23/11/22,18:00,22.6,52,0.0,175
1,23/11/22,18:30,22.2,53,0.0,89
1,23/11/22,19:00,21.2,57,0.0,29
1,23/11/22,19:30,19.9,60,0.0,6
1,23/11/22,20:00,18.6,63,0.0,0
1,23/11/22,20:30,18.5,64,0.0,0
1,23/11/22,21:00,18.2,66,0.0,0
1,23/11/22,21:30,18.2,65,0.0,0
1,23/11/22,22:00,17.2,75,0.0,0
1,23/11/22,22:30,16.7,79,0.0,0
1,23/11/22,23:00,17.0,82,0.0,0
1,23/11/22,23:30,16.6,83,0.0,0
1,24/11/22,00:00,16.1,86,0.0,0
1,24/11/22,0:30,15.7,86,0.0,0
1,24/11/22,1:00,15.2,88,0.0,0
1,24/11/22,1:30,15.0,88,0.0,0
1,24/11/22,2:00,14.9,88,0.0,0
1,24/11/22,2:30,15.0,87,0.0,0
1,24/11/22,3:00,15.0,87,0.0,0
1,24/11/22,3:30,14.9,87,0.0,0
1,24/11/22,4:00,14.8,87,0.0,0
1,24/11/22,4:30,14.6,89,0.0,0
1,24/11/22,5:00,14.3,88,0.0,0
1,24/11/22,5:30,14.4,89,0.0,2
1,24/11/22,6:00,14.8,89,0.0,30
1,24/11/22,6:30,15.6,88,0.0,120
1,24/11/22,7:00,16.7,85,0.0,246
1,24/11/22,7:30,17.2,84,0.0,366
1,24/11/22,8:00,18.2,83,0.0,486
1,24/11/22,8:30,19.0,81,0.0,600
1,24/11/22,9:00,20.1,76,0.0,707
1,24/11/22,9:30,21.2,71,0.0,804
1,24/11/22,10:00,22.3,64,0.0,888
1,24/11/22,10:30,23.2,59,0.0,962
1,24/11/22,11:00,24.7,58,0.0,1017
1,24/11/22,11:30,25.3,51,0.0,1057
1,24/11/22,12:00,26.1,43,0.0,1078
1,24/11/22,12:30,26.7,45,0.0,1084
1,24/11/22,13:00,27.7,47,0.0,1072
1,24/11/22,13:30,27.7,44,0.0,1043
1,24/11/22,14:00,27.9,46,0.0,997
1,24/11/22,14:30,28.0,44,0.0,935
1,24/11/22,15:00,28.5,44,0.0,868
1,24/11/22,15:30,29.0,41,0.0,784
1,24/11/22,16:00,29.2,40,0.0,680
1,24/11/22,16:30,29.1,41,0.0,571
1,24/11/22,17:00,29.0,42,0.0,404
1,24/11/22,17:30,28.8,41,0.0,295
1,24/11/22,18:00,27.8,47,0.0,142
1,24/11/22,18:30,27.7,46,0.0,102
1,24/11/22,19:00,26.5,48,0.0,36
1,24/11/22,19:30,24.5,54,0.0,6
1,24/11/22,20:00,23.7,59,0.0,0
1,24/11/22,20:30,22.9,66,0.0,0
1,24/11/22,21:00,22.3,69,0.0,0
1,24/11/22,21:30,21.7,72,0.0,0
1,24/11/22,22:00,21.0,75,0.0,0
1,24/11/22,22:30,20.3,78,0.0,0
1,24/11/22,23:00,19.9,79,0.0,0
1,24/11/22,23:30,19.4,79,0.0,0
1,25/11/22,00:00,19.0,79,0.0,0
1,25/11/22,0:30,18.5,80,0.0,0
1,25/11/22,1:00,18.2,80,0.0,0
1,25/11/22,1:30,17.8,81,0.0,0
1,25/11/22,2:00,17.3,83,0.0,0
1,25/11/22,2:30,17.1,84,0.0,0
1,25/11/22,3:00,16.7,85,0.0,0
1,25/11/22,3:30,16.7,87,0.0,0
1,25/11/22,4:00,16.8,88,0.0,0
1,25/11/22,4:30,16.3,88,0.0,0
1,25/11/22,5:00,15.9,89,0.0,0
1,25/11/22,5:30,15.7,91,0.0,2
1,25/11/22,6:00,16.7,90,0.0,31
1,25/11/22,6:30,17.8,86,0.0,122
1,25/11/22,7:00,19.5,81,0.0,247
1,25/11/22,7:30,21.1,76,0.0,368
1,25/11/22,8:00,22.4,69,0.0,486
1,25/11/22,8:30,23.3,65,0.0,604
1,25/11/22,9:00,24.9,57,0.0,709
1,25/11/22,9:30,25.8,53,0.0,804
1,25/11/22,10:00,26.6,45,0.0,889
1,25/11/22,10:30,27.3,43,0.0,960
1,25/11/22,11:00,28.6,40,0.0,1017
1,25/11/22,11:30,28.7,37,0.0,1056
1,25/11/22,12:00,29.3,39,0.0,1080
1,25/11/22,12:30,29.6,36,0.0,1086
1,25/11/22,13:00,30.0,34,0.0,1076
1,25/11/22,13:30,30.2,37,0.0,1049
1,25/11/22,14:00,30.3,36,0.0,1006
1,25/11/22,14:30,30.4,36,0.0,946
1,25/11/22,15:00,30.8,39,0.0,872
1,25/11/22,15:30,30.7,38,0.0,783
1,25/11/22,16:00,30.5,35,0.0,687
1,25/11/22,16:30,30.4,36,0.0,573
1,25/11/22,17:00,30.2,36,0.0,390
1,25/11/22,17:30,29.9,36,0.0,275
1,25/11/22,18:00,29.3,37,0.0,175
1,25/11/22,18:30,28.3,41,0.0,95
1,25/11/22,19:00,26.9,42,0.0,32
1,25/11/22,19:30,25.1,49,0.0,6
1,25/11/22,20:00,24.3,50,0.0,0
1,25/11/22,20:30,22.8,55,0.0,0
1,25/11/22,21:00,22.2,57,0.0,0
1,25/11/22,21:30,21.8,58,0.0,0
1,25/11/22,22:00,21.2,63,0.0,0
1,25/11/22,22:30,19.9,68,0.0,0
1,25/11/22,23:00,19.0,74,0.0,0
1,25/11/22,23:30,18.4,78,0.0,0
1,26/11/22,00:00,18.3,80,0.0,0
1,26/11/22,0:30,17.7,83,0.0,0
1,26/11/22,1:00,17.2,84,0.0,0
1,26/11/22,1:30,17.1,84,0.0,0
1,26/11/22,2:00,16.8,81,0.0,0
1,26/11/22,2:30,16.4,81,0.0,0
1,26/11/22,3:00,15.9,77,0.0,0
1,26/11/22,3:30,15.9,73,0.0,0
1,26/11/22,4:00,15.5,72,0.0,0
1,26/11/22,4:30,14.9,75,0.0,0
1,26/11/22,5:00,14.9,75,0.0,0
1,26/11/22,5:30,14.6,78,0.0,2
1,26/11/22,6:00,15.2,77,0.0,32
1,26/11/22,6:30,15.9,80,0.0,128
1,26/11/22,7:00,17.8,83,0.0,255
1,26/11/22,7:30,18.8,82,0.0,376
1,26/11/22,8:00,19.5,81,0.0,493
1,26/11/22,8:30,20.6,78,0.0,608
1,26/11/22,9:00,21.7,74,0.0,713
1,26/11/22,9:30,22.4,73,0.0,809
1,26/11/22,10:00,23.4,71,0.0,893
1,26/11/22,10:30,24.3,68,0.0,962
1,26/11/22,11:00,25.2,65,0.0,1018
1,26/11/22,11:30,25.9,64,0.0,1056
1,26/11/22,12:00,25.9,64,0.0,1079
1,26/11/22,12:30,26.1,67,0.0,1085
1,26/11/22,13:00,26.3,59,0.0,1075
1,26/11/22,13:30,26.9,62,0.0,1055
1,26/11/22,14:00,26.9,62,0.0,1016
1,26/11/22,14:30,27.1,63,0.0,990
1,26/11/22,15:00,27.0,63,0.0,909
1,26/11/22,15:30,26.7,63,0.0,824
1,26/11/22,16:00,26.3,65,0.0,515
1,26/11/22,16:30,26.6,66,0.0,501
1,26/11/22,17:00,26.7,65,0.0,326
1,26/11/22,17:30,26.3,66,0.0,278
1,26/11/22,18:00,26.0,67,0.0,182
1,26/11/22,18:30,25.6,70,0.0,117
1,26/11/22,19:00,23.9,76,0.0,23
1,26/11/22,19:30,23.1,79,0.0,6
1,26/11/22,20:00,22.5,83,0.0,0
1,26/11/22,20:30,21.6,87,0.0,0
1,26/11/22,21:00,21.2,89,0.0,0
1,26/11/22,21:30,20.8,89,0.0,0
1,26/11/22,22:00,20.6,90,0.0,0
1,26/11/22,22:30,20.2,91,0.0,0
1,26/11/22,23:00,20.2,90,0.0,0
1,26/11/22,23:30,19.8,89,0.0,0
1,27/11/22,00:00,19.7,89,0.0,0
1,27/11/22,0:30,19.3,90,0.0,0
1,27/11/22,1:00,18.7,91,0.0,0
1,27/11/22,1:30,18.6,92,0.0,0
1,27/11/22,2:00,18.6,91,0.0,0
1,27/11/22,2:30,18.7,91,0.0,0
1,27/11/22,3:00,18.6,91,0.0,0
1,27/11/22,3:30,18.8,92,0.0,0
1,27/11/22,4:00,18.9,91,0.0,0
1,27/11/22,4:30,18.9,91,0.0,0
1,27/11/22,5:00,19.1,91,0.0,0
1,27/11/22,5:30,19.0,90,0.0,2
1,27/11/22,6:00,19.4,88,0.0,24
1,27/11/22,6:30,19.8,87,0.0,74
1,27/11/22,7:00,20.4,85,0.0,134
1,27/11/22,7:30,21.1,84,0.0,335
1,27/11/22,8:00,21.6,82,0.0,502
1,27/11/22,8:30,22.5,78,0.0,564
1,27/11/22,9:00,23.2,76,0.0,745
1,27/11/22,9:30,23.7,74,0.0,637
1,27/11/22,10:00,24.3,72,0.0,874
1,27/11/22,10:30,25.4,68,0.0,991
1,27/11/22,11:00,25.8,66,0.0,1014
1,27/11/22,11:30,25.9,64,0.0,1051
1,27/11/22,12:00,26.6,65,0.0,1079
1,27/11/22,12:30,26.3,64,0.0,1092
1,27/11/22,13:00,27.2,64,0.0,1092
1,27/11/22,13:30,27.5,61,0.0,1051
1,27/11/22,14:00,27.6,60,0.0,1006
1,27/11/22,14:30,27.4,63,0.0,942
1,27/11/22,15:00,27.6,63,0.0,875
1,27/11/22,15:30,27.3,62,0.0,803
1,27/11/22,16:00,27.4,61,0.0,690
1,27/11/22,16:30,26.9,61,0.0,558
1,27/11/22,17:00,26.8,62,0.0,406
1,27/11/22,17:30,25.9,64,0.0,286
1,27/11/22,18:00,25.5,66,0.0,180
1,27/11/22,18:30,24.7,68,0.0,101
1,27/11/22,19:00,23.6,72,0.0,35
1,27/11/22,19:30,22.5,75,0.0,8
1,27/11/22,20:00,21.7,79,0.0,0
1,27/11/22,20:30,20.9,82,0.0,0
1,27/11/22,21:00,20.2,84,0.0,0
1,27/11/22,21:30,19.8,87,0.0,0
1,27/11/22,22:00,19.3,88,0.0,0
1,27/11/22,22:30,19.1,87,0.0,0
1,27/11/22,23:00,18.7,87,0.0,0
1,27/11/22,23:30,18.5,88,0.0,0
1,28/11/22,00:00,18.3,88,0.0,0
1,28/11/22,0:30,18.0,89,0.0,0
1,28/11/22,1:00,17.9,90,0.0,0
1,28/11/22,1:30,17.9,90,0.0,0
1,28/11/22,2:00,17.9,90,0.0,0
1,28/11/22,2:30,17.9,90,0.0,0
1,28/11/22,3:00,17.6,90,0.0,0
1,28/11/22,3:30,17.3,91,0.0,0
1,28/11/22,4:00,17.4,91,0.0,0
1,28/11/22,4:30,17.4,90,0.0,0
1,28/11/22,5:00,17.1,91,0.0,0
1,28/11/22,5:30,17.2,92,0.0,2
1,28/11/22,6:00,17.5,91,0.0,21
1,28/11/22,6:30,18.1,89,0.0,62
1,28/11/22,7:00,19.1,87,0.0,230
1,28/11/22,7:30,19.9,84,0.0,378
1,28/11/22,8:00,21.0,80,0.0,540
1,28/11/22,8:30,21.7,74,0.0,608
1,28/11/22,9:00,22.7,71,0.0,706
1,28/11/22,9:30,23.2,68,0.0,799
1,28/11/22,10:00,23.8,66,0.0,885
1,28/11/22,10:30,24.6,63,0.0,955
1,28/11/22,11:00,25.3,62,0.0,1011
1,28/11/22,11:30,25.8,59,0.0,1050
1,28/11/22,12:00,26.2,57,0.0,1073
1,28/11/22,12:30,26.8,57,0.0,1084
1,28/11/22,13:00,27.1,56,0.0,1100
1,28/11/22,13:30,27.4,54,0.0,1086
1,28/11/22,14:00,27.8,53,0.0,1030
1,28/11/22,14:30,27.7,52,0.0,970
1,28/11/22,15:00,27.8,56,0.0,909
1,28/11/22,15:30,27.8,55,0.0,801
1,28/11/22,16:00,27.7,57,0.0,667
1,28/11/22,16:30,27.1,57,0.0,554
1,28/11/22,17:00,26.8,56,0.0,404
1,28/11/22,17:30,26.1,59,0.0,297
1,28/11/22,18:00,25.5,63,0.0,180
1,28/11/22,18:30,24.6,66,0.0,104
1,28/11/22,19:00,23.4,71,0.0,36
1,28/11/22,19:30,22.3,74,0.0,8
1,28/11/22,20:00,21.3,78,0.0,0
1,28/11/22,20:30,20.7,80,0.0,0
1,28/11/22,21:00,20.1,83,0.0,0
1,28/11/22,21:30,19.8,85,0.0,0
1,28/11/22,22:00,19.3,87,0.0,0
1,28/11/22,22:30,19.0,87,0.0,0
1,28/11/22,23:00,18.9,88,0.0,0
1,28/11/22,23:30,18.7,88,0.0,0
1,29/11/22,00:00,18.8,88,0.0,0
1,29/11/22,0:30,18.6,89,0.0,0
1,29/11/22,1:00,18.7,87,0.0,0
1,29/11/22,1:30,18.9,86,0.0,0
1,29/11/22,2:00,18.8,87,0.0,0
1,29/11/22,2:30,18.8,86,0.0,0
1,29/11/22,3:00,18.4,87,0.0,0
1,29/11/22,3:30,18.2,88,0.0,0
1,29/11/22,4:00,18.7,86,0.0,0
1,29/11/22,4:30,18.6,86,0.0,0
1,29/11/22,5:00,18.3,87,0.0,0
1,29/11/22,5:30,17.7,89,0.0,2
1,29/11/22,6:00,17.8,90,0.0,30
1,29/11/22,6:30,18.4,88,0.0,119
1,29/11/22,7:00,19.5,86,0.0,241
1,29/11/22,7:30,20.4,81,0.0,367
1,29/11/22,8:00,21.1,78,0.0,482
1,29/11/22,8:30,21.9,75,0.0,593
1,29/11/22,9:00,23.0,71,0.0,699
1,29/11/22,9:30,23.7,67,0.0,793
1,29/11/22,10:00,24.3,62,0.0,879
1,29/11/22,10:30,25.1,61,0.0,950
1,29/11/22,11:00,25.8,62,0.0,1008
1,29/11/22,11:30,26.2,60,0.0,1048
1,29/11/22,12:00,26.9,57,0.0,1071
1,29/11/22,12:30,27.2,56,0.0,1083
1,29/11/22,13:00,27.4,53,0.0,1081
1,29/11/22,13:30,28.0,53,0.0,1107
1,29/11/22,14:00,27.6,54,0.0,936
1,29/11/22,14:30,27.6,52,0.0,987
1,29/11/22,15:00,27.6,54,0.0,694
1,29/11/22,15:30,27.9,52,0.0,598
1,29/11/22,16:00,28.6,51,0.0,771
1,29/11/22,16:30,28.4,50,0.0,634
1,29/11/22,17:00,28.1,52,0.0,441
1,29/11/22,17:30,27.6,57,0.0,276
1,29/11/22,18:00,26.9,58,0.0,167
1,29/11/22,18:30,25.7,66,0.0,115
1,29/11/22,19:00,24.6,70,0.0,39
1,29/11/22,19:30,23.5,75,0.0,8
1,29/11/22,20:00,22.5,79,0.0,0
1,29/11/22,20:30,21.8,82,0.0,0
1,29/11/22,21:00,21.2,84,0.0,0
1,29/11/22,21:30,20.8,86,0.0,0
1,29/11/22,22:00,20.8,86,0.0,0
1,29/11/22,22:30,20.9,85,0.0,0
1,29/11/22,23:00,20.9,85,0.0,0
1,29/11/22,23:30,20.9,85,0.0,0
1,30/11/22,00:00,20.9,85,0.0,0
1,30/11/22,0:30,20.6,85,0.0,0
1,30/11/22,1:00,20.7,85,0.0,0
1,30/11/22,1:30,20.7,86,0.0,0
1,30/11/22,2:00,20.6,86,0.0,0
1,30/11/22,2:30,20.4,86,0.0,0
1,30/11/22,3:00,20.3,87,0.0,0
1,30/11/22,3:30,19.9,88,0.0,0
1,30/11/22,4:00,19.3,90,0.0,0
1,30/11/22,4:30,18.8,91,0.0,0
1,30/11/22,5:00,18.9,91,0.0,0
1,30/11/22,5:30,18.8,91,0.0,2
1,30/11/22,6:00,19.0,91,0.0,30
1,30/11/22,6:30,19.6,90,0.0,119
1,30/11/22,7:00,20.4,88,0.0,242
1,30/11/22,7:30,21.3,85,0.0,360
1,30/11/22,8:00,22.1,82,0.0,477
1,30/11/22,8:30,23.1,79,0.0,587
1,30/11/22,9:00,24.0,76,0.0,691
1,30/11/22,9:30,24.8,71,0.0,789
1,30/11/22,10:00,25.8,69,0.0,870
1,30/11/22,10:30,26.7,68,0.0,943
1,30/11/22,11:00,27.5,66,0.0,1077
1,30/11/22,11:30,27.3,64,0.0,957
1,30/11/22,12:00,28.2,60,0.0,1136
1,30/11/22,12:30,27.9,61,0.0,705
1,30/11/22,13:00,28.2,62,0.0,688
1,30/11/22,13:30,30.1,55,0.0,1179
1,30/11/22,14:00,29.7,58,0.0,1099
1,30/11/22,14:30,29.2,58,0.0,404
1,30/11/22,15:00,29.0,58,0.0,712
1,30/11/22,15:30,29.1,55,0.0,213
1,30/11/22,16:00,29.1,58,0.0,470
1,30/11/22,16:30,29.4,57,0.0,657
1,30/11/22,17:00,29.0,58,0.0,418
1,30/11/22,17:30,28.2,62,0.0,295
1,30/11/22,18:00,27.7,62,0.0,173
1,30/11/22,18:30,26.8,64,0.0,106
1,30/11/22,19:00,25.6,70,0.0,39
1,30/11/22,19:30,24.2,74,0.0,8
1,30/11/22,20:00,23.4,76,0.0,0
1,30/11/22,20:30,22.8,78,0.0,0
1,30/11/22,21:00,22.3,81,0.0,0
1,30/11/22,21:30,21.6,84,0.0,0
1,30/11/22,22:00,21.6,85,0.0,0
1,30/11/22,22:30,21.6,86,0.0,0
1,30/11/22,23:00,21.7,85,0.0,0
1,30/11/22,23:30,21.6,87,0.0,0
1,01/12/22,00:00,21.4,89,0.0,0
1,01/12/22,0:30,20.8,92,0.0,0
1,01/12/22,1:00,21.1,90,0.0,0
1,01/12/22,1:30,20.8,91,0.0,0
1,01/12/22,2:00,20.8,91,0.0,0
1,01/12/22,2:30,20.9,91,0.0,0
1,01/12/22,3:00,21.2,90,0.0,0
1,01/12/22,3:30,21.1,90,0.0,0
1,01/12/22,4:00,20.8,90,0.0,0
1,01/12/22,4:30,20.9,89,0.0,0
1,01/12/22,5:00,20.8,89,0.0,0
1,01/12/22,5:30,20.4,90,0.0,0
1,01/12/22,6:00,20.1,92,0.0,11
1,01/12/22,6:30,20.7,92,0.0,85
1,01/12/22,7:00,21.9,87,0.0,235
1,01/12/22,7:30,22.6,84,0.0,351
1,01/12/22,8:00,23.2,82,0.0,455
1,01/12/22,8:30,23.9,79,0.0,585
1,01/12/22,9:00,24.7,75,0.0,678
1,01/12/22,9:30,25.6,72,0.0,780
1,01/12/22,10:00,26.6,69,0.0,855
1,01/12/22,10:30,27.0,68,0.0,855
1,01/12/22,11:00,27.8,64,0.0,845
1,01/12/22,11:30,27.4,66,0.0,683
1,01/12/22,12:00,28.0,64,0.0,440
1,01/12/22,12:30,29.2,59,0.0,755
1,01/12/22,13:00,29.1,61,0.0,571
1,01/12/22,13:30,29.7,56,0.0,1096
1,01/12/22,14:00,28.8,61,0.0,402
1,01/12/22,14:30,27.7,66,0.0,233
1,01/12/22,15:00,29.8,59,0.0,1046
1,01/12/22,15:30,29.8,59,0.0,894
1,01/12/22,16:00,29.6,58,0.0,792
1,01/12/22,16:30,29.7,56,0.0,617
1,01/12/22,17:00,27.8,68,0.0,356
1,01/12/22,17:30,27.1,74,0.0,297
1,01/12/22,18:00,26.6,71,0.0,176
1,01/12/22,18:30,26.6,70,0.0,109
1,01/12/22,19:00,25.8,75,0.0,38
1,01/12/22,19:30,24.6,77,0.0,7
1,01/12/22,20:00,23.7,82,0.0,0
1,01/12/22,20:30,23.3,82,0.0,0
1,01/12/22,21:00,22.6,86,0.0,0
1,01/12/22,21:30,22.4,86,0.0,0
1,01/12/22,22:00,22.3,86,0.0,0
1,01/12/22,22:30,22.2,87,0.0,0
1,01/12/22,23:00,21.8,88,0.0,0
1,01/12/22,23:30,21.8,87,0.0,0
1,02/12/22,00:00,21.7,89,0.0,0
1,02/12/22,0:30,21.8,91,0.0,0
1,02/12/22,1:00,21.5,92,0.0,0
1,02/12/22,1:30,21.0,92,0.0,0
1,02/12/22,2:00,20.2,93,0.0,0
1,02/12/22,2:30,19.8,94,0.0,0
1,02/12/22,3:00,19.9,94,0.0,0
1,02/12/22,3:30,19.6,95,0.0,0
1,02/12/22,4:00,19.5,95,0.0,0
1,02/12/22,4:30,19.3,95,0.0,0
1,02/12/22,5:00,18.3,96,0.0,0
1,02/12/22,5:30,18.9,96,0.0,0
1,02/12/22,6:00,19.0,97,0.0,14
1,02/12/22,6:30,19.7,97,0.0,45
1,02/12/22,7:00,20.1,97,0.0,64
1,02/12/22,7:30,20.5,98,0.0,111
1,02/12/22,8:00,21.0,98,0.0,170
1,02/12/22,8:30,21.1,98,0.0,252
1,02/12/22,9:00,21.7,97,0.0,330
1,02/12/22,9:30,23.6,90,0.0,368
1,02/12/22,10:00,24.2,83,0.0,418
1,02/12/22,10:30,24.2,81,0.0,356
1,02/12/22,11:00,25.4,78,0.0,439
1,02/12/22,11:30,25.8,74,0.0,577
1,02/12/22,12:00,26.4,72,0.0,457
1,02/12/22,12:30,26.7,72,0.0,545
1,02/12/22,13:00,27.1,70,0.0,476
1,02/12/22,13:30,27.2,69,0.0,415
1,02/12/22,14:00,27.1,70,0.0,449
1,02/12/22,14:30,26.9,70,0.0,371
1,02/12/22,15:00,25.4,78,0.0,200
1,02/12/22,15:30,26.7,72,0.0,296
1,02/12/22,16:00,26.4,71,0.0,279
1,02/12/22,16:30,25.8,73,0.0,137
1,02/12/22,17:00,25.1,76,0.0,33
1,02/12/22,17:30,21.9,92,5.6,9
1,02/12/22,18:00,21.7,94,3.6,27
1,02/12/22,18:30,22.2,94,0.0,85
1,02/12/22,19:00,22.6,90,0.0,58
1,02/12/22,19:30,22.3,90,0.0,20
1,02/12/22,20:00,21.9,91,0.0,0
1,02/12/22,20:30,21.6,92,0.0,0
1,02/12/22,21:00,21.4,92,0.0,0
1,02/12/22,21:30,21.3,92,0.0,0
1,02/12/22,22:00,21.1,93,0.0,0
1,02/12/22,22:30,21.0,93,0.0,0
1,02/12/22,23:00,20.8,94,0.0,0
1,02/12/22,23:30,20.8,93,0.0,0
1,03/12/22,00:00,20.6,93,0.0,0
1,03/12/22,0:30,20.3,94,0.0,0
1,03/12/22,1:00,19.9,95,0.0,0
1,03/12/22,1:30,19.6,95,0.0,0
1,03/12/22,2:00,19.5,96,0.2,0
1,03/12/22,2:30,19.5,96,0.2,0
1,03/12/22,3:00,19.5,96,0.0,0
1,03/12/22,3:30,19.6,96,0.0,0
1,03/12/22,4:00,19.4,96,0.0,0
1,03/12/22,4:30,19.4,96,0.0,0
1,03/12/22,5:00,19.3,96,0.0,0
1,03/12/22,5:30,19.3,97,0.0,0
1,03/12/22,6:00,19.2,97,0.0,10
1,03/12/22,6:30,19.4,97,0.0,46
1,03/12/22,7:00,19.6,96,0.0,145
1,03/12/22,7:30,19.7,95,0.0,152
1,03/12/22,8:00,20.2,95,0.0,229
1,03/12/22,8:30,20.4,94,0.0,296
1,03/12/22,9:00,20.7,93,0.0,374
1,03/12/22,9:30,21.2,92,0.0,509
1,03/12/22,10:00,21.3,91,0.0,379
1,03/12/22,10:30,21.9,90,0.0,310
1,03/12/22,11:00,21.7,92,0.0,331
1,03/12/22,11:30,22.2,88,0.0,393
1,03/12/22,12:00,22.6,88,0.0,415
1,03/12/22,12:30,22.7,87,0.0,390
1,03/12/22,13:00,23.0,86,0.0,469
1,03/12/22,13:30,23.1,85,0.0,359
1,03/12/22,14:00,23.9,84,0.0,572
1,03/12/22,14:30,23.9,80,0.0,533
1,03/12/22,15:00,24.1,80,0.0,447
1,03/12/22,15:30,24.3,81,0.0,489
1,03/12/22,16:00,24.9,77,0.0,765
1,03/12/22,16:30,24.6,76,0.0,493
1,03/12/22,17:00,24.2,76,0.0,238
1,03/12/22,17:30,23.5,81,0.0,93
1,03/12/22,18:00,22.8,84,0.0,48
1,03/12/22,18:30,22.4,86,0.0,7
1,03/12/22,19:00,21.4,89,0.8,0
1,03/12/22,19:30,20.8,93,3.4,0
1,03/12/22,20:00,20.7,95,1.8,0
1,03/12/22,20:30,20.5,96,1.6,0
1,03/12/22,21:00,20.4,96,0.4,0
1,03/12/22,21:30,20.3,96,0.0,0
1,03/12/22,22:00,20.4,95,0.2,0
1,03/12/22,22:30,20.5,95,0.0,0
1,03/12/22,23:00,20.7,95,0.0,0
1,03/12/22,23:30,20.4,95,0.0,0
1,04/12/22,00:00,20.3,95,0.0,0
1,04/12/22,0:30,20.1,95,0.0,0
1,04/12/22,1:00,20.1,95,0.0,0
1,04/12/22,1:30,20.2,95,0.0,0
1,04/12/22,2:00,20.2,96,0.0,0
1,04/12/22,2:30,20.2,96,0.0,0
1,04/12/22,3:00,20.0,95,0.0,0
1,04/12/22,3:30,19.8,96,0.0,0
1,04/12/22,4:00,19.6,96,0.0,0
1,04/12/22,4:30,19.5,97,0.0,0
1,04/12/22,5:00,19.4,97,0.0,0
1,04/12/22,5:30,19.4,97,0.0,1
1,04/12/22,6:00,19.6,96,0.0,26
1,04/12/22,6:30,19.8,96,0.0,86
1,04/12/22,7:00,20.7,95,0.0,243
1,04/12/22,7:30,21.5,92,0.0,378
1,04/12/22,8:00,22.4,89,0.0,472
1,04/12/22,8:30,22.8,87,0.0,579
1,04/12/22,9:00,23.3,85,0.0,703
1,04/12/22,9:30,24.0,83,0.0,713
1,04/12/22,10:00,24.2,81,0.0,778
1,04/12/22,10:30,24.3,81,0.0,604
1,04/12/22,11:00,25.1,79,0.0,454
1,04/12/22,11:30,25.2,78,0.0,389
1,04/12/22,12:00,26.4,75,0.0,913
1,04/12/22,12:30,26.2,74,0.0,1071
1,04/12/22,13:00,27.1,73,0.0,486
1,04/12/22,13:30,27.5,70,0.0,709
1,04/12/22,14:00,28.0,67,0.0,393
1,04/12/22,14:30,28.7,62,0.0,1095
1,04/12/22,15:00,27.9,66,0.0,579
1,04/12/22,15:30,28.4,64,0.0,618
1,04/12/22,16:00,27.7,66,0.0,464
1,04/12/22,16:30,28.1,67,0.0,623
1,04/12/22,17:00,27.6,69,0.0,391
1,04/12/22,17:30,26.5,72,0.0,298
1,04/12/22,18:00,26.1,73,0.0,160
1,04/12/22,18:30,25.2,74,0.0,143
1,04/12/22,19:00,24.1,79,0.0,95
1,04/12/22,19:30,23.2,81,0.0,36
1,04/12/22,20:00,22.7,83,0.0,3
1,04/12/22,20:30,22.2,86,0.0,0
1,04/12/22,21:00,21.6,85,0.0,0
1,04/12/22,21:30,21.0,88,0.0,0
1,04/12/22,22:00,20.6,89,0.0,0
1,04/12/22,22:30,20.2,90,0.0,0
1,04/12/22,23:00,19.7,91,0.0,0
1,04/12/22,23:30,19.4,92,0.0,0
1,05/12/22,00:00,18.9,93,0.0,0
1,05/12/22,0:30,18.6,93,0.0,0
1,05/12/22,1:00,18.2,94,0.0,0
1,05/12/22,1:30,18.4,95,0.0,0
1,05/12/22,2:00,18.0,95,0.0,0
1,05/12/22,2:30,18.3,96,0.0,0
1,05/12/22,3:00,18.6,96,0.0,0
1,05/12/22,3:30,18.7,96,0.0,0
1,05/12/22,4:00,18.8,95,0.0,0
1,05/12/22,4:30,18.6,95,0.0,0
1,05/12/22,5:00,18.3,95,0.0,0
1,05/12/22,5:30,18.4,96,0.0,1
1,05/12/22,6:00,18.4,96,0.0,32
1,05/12/22,6:30,17.8,96,0.0,45
1,05/12/22,7:00,17.8,96,0.0,68
1,05/12/22,7:30,18.4,95,0.0,155
1,05/12/22,8:00,20.3,90,0.0,510
1,05/12/22,8:30,21.4,83,0.0,610
1,05/12/22,9:00,22.7,78,0.0,718
1,05/12/22,9:30,23.3,74,0.0,813
1,05/12/22,10:00,24.3,73,0.0,895
1,05/12/22,10:30,24.7,71,0.0,968
1,05/12/22,11:00,25.6,70,0.0,1031
1,05/12/22,11:30,25.2,70,0.0,1061
1,05/12/22,12:00,26.2,67,0.0,1210
1,05/12/22,12:30,26.1,67,0.0,1161
1,05/12/22,13:00,26.9,63,0.0,1111
1,05/12/22,13:30,26.9,63,0.0,1042
1,05/12/22,14:00,27.2,61,0.0,1047
1,05/12/22,14:30,27.9,60,0.0,969
1,05/12/22,15:00,27.9,56,0.0,892
1,05/12/22,15:30,28.3,56,0.0,810
1,05/12/22,16:00,28.6,53,0.0,716
1,05/12/22,16:30,28.4,53,0.0,574
1,05/12/22,17:00,27.9,54,0.0,390
1,05/12/22,17:30,27.7,57,0.0,306
1,05/12/22,18:00,27.3,58,0.0,189
1,05/12/22,18:30,26.4,62,0.0,126
1,05/12/22,19:00,25.0,69,0.0,46
1,05/12/22,19:30,23.4,75,0.0,11
1,05/12/22,20:00,22.2,80,0.0,0
1,05/12/22,20:30,21.3,83,0.0,0
1,05/12/22,21:00,20.6,86,0.0,0
1,05/12/22,21:30,20.0,88,0.0,0
1,05/12/22,22:00,19.6,89,0.0,0
1,05/12/22,22:30,19.2,90,0.0,0
1,05/12/22,23:00,18.8,91,0.0,0
1,05/12/22,23:30,18.6,93,0.0,0
1,06/12/22,00:00,18.4,92,0.0,0
1,06/12/22,0:30,18.3,93,0.0,0
1,06/12/22,1:00,17.7,94,0.0,0
1,06/12/22,1:30,17.8,94,0.0,0
1,06/12/22,2:00,17.8,94,0.0,0
1,06/12/22,2:30,17.9,95,0.0,0
1,06/12/22,3:00,18.1,94,0.0,0
1,06/12/22,3:30,18.1,94,0.0,0
1,06/12/22,4:00,18.5,93,0.0,0
1,06/12/22,4:30,18.6,91,0.0,0
1,06/12/22,5:00,18.3,91,0.0,0
1,06/12/22,5:30,17.9,91,0.0,2
1,06/12/22,6:00,18.1,91,0.0,31
1,06/12/22,6:30,18.7,90,0.0,126
1,06/12/22,7:00,20.1,87,0.0,255
1,06/12/22,7:30,20.9,84,0.0,377
1,06/12/22,8:00,21.8,81,0.0,497
1,06/12/22,8:30,22.7,80,0.0,606
1,06/12/22,9:00,23.5,78,0.0,714
1,06/12/22,9:30,24.2,75,0.0,805
1,06/12/22,10:00,25.4,73,0.0,889
1,06/12/22,10:30,26.0,68,0.0,961
1,06/12/22,11:00,27.2,65,0.0,1020
1,06/12/22,11:30,27.5,64,0.0,1069
1,06/12/22,12:00,28.0,64,0.0,1098
1,06/12/22,12:30,28.6,62,0.0,1099
1,06/12/22,13:00,28.8,60,0.0,1100
1,06/12/22,13:30,29.4,62,0.0,1074
1,06/12/22,14:00,29.7,59,0.0,1022
1,06/12/22,14:30,29.8,55,0.0,967
1,06/12/22,15:00,29.7,58,0.0,897
1,06/12/22,15:30,29.9,59,0.0,812
1,06/12/22,16:00,29.7,56,0.0,716
1,06/12/22,16:30,29.3,57,0.0,568
1,06/12/22,17:00,29.2,58,0.0,388
1,06/12/22,17:30,28.9,60,0.0,309
1,06/12/22,18:00,28.6,61,0.0,188
1,06/12/22,18:30,27.6,63,0.0,129
1,06/12/22,19:00,26.3,69,0.0,47
1,06/12/22,19:30,24.7,73,0.0,11
1,06/12/22,20:00,23.5,78,0.0,0
1,06/12/22,20:30,22.5,81,0.0,0
1,06/12/22,21:00,21.7,84,0.0,0
1,06/12/22,21:30,21.2,86,0.0,0
1,06/12/22,22:00,20.7,87,0.0,0
1,06/12/22,22:30,20.1,89,0.0,0
1,06/12/22,23:00,19.3,92,0.0,0
1,06/12/22,23:30,18.8,92,0.0,0
1,07/12/22,00:00,18.6,94,0.0,0
1,07/12/22,0:30,18.4,94,0.0,0
1,07/12/22,1:00,18.5,93,0.0,0
1,07/12/22,1:30,18.1,94,0.0,0
1,07/12/22,2:00,17.9,94,0.0,0
1,07/12/22,2:30,17.8,94,0.0,0
1,07/12/22,3:00,17.6,95,0.0,0
1,07/12/22,3:30,17.3,95,0.0,0
1,07/12/22,4:00,17.2,95,0.0,0
1,07/12/22,4:30,17.2,96,0.0,0
1,07/12/22,5:00,17.2,96,0.0,0
1,07/12/22,5:30,16.9,96,0.0,3
1,07/12/22,6:00,16.9,97,0.0,17
1,07/12/22,6:30,17.2,97,0.0,82
1,07/12/22,7:00,17.2,97,0.0,138
1,07/12/22,7:30,17.6,97,0.0,152
1,07/12/22,8:00,18.1,96,0.0,190
1,07/12/22,8:30,18.8,94,0.0,313
1,07/12/22,9:00,20.3,88,0.0,741
1,07/12/22,9:30,21.1,85,0.0,828
1,07/12/22,10:00,22.9,77,0.0,906
1,07/12/22,10:30,23.8,73,0.0,979
1,07/12/22,11:00,25.3,69,0.0,1040
1,07/12/22,11:30,26.4,64,0.0,1084
1,07/12/22,12:00,27.4,54,0.0,1108
1,07/12/22,12:30,28.2,54,0.0,1119
1,07/12/22,13:00,29.3,47,0.0,1111
1,07/12/22,13:30,29.7,46,0.0,1084
1,07/12/22,14:00,30.3,40,0.0,1039
1,07/12/22,14:30,30.4,37,0.0,982
1,07/12/22,15:00,31.1,36,0.0,912
1,07/12/22,15:30,31.0,36,0.0,832
1,07/12/22,16:00,31.1,35,0.0,731
1,07/12/22,16:30,30.9,39,0.0,577
1,07/12/22,17:00,30.8,38,0.0,396
1,07/12/22,17:30,30.3,40,0.0,312
1,07/12/22,18:00,29.9,42,0.0,192
1,07/12/22,18:30,28.4,48,0.0,132
1,07/12/22,19:00,26.9,52,0.0,48
1,07/12/22,19:30,25.2,57,0.0,13
1,07/12/22,20:00,23.8,61,0.0,0
1,07/12/22,20:30,22.9,65,0.0,0
1,07/12/22,21:00,21.9,68,0.0,0
1,07/12/22,21:30,21.1,73,0.0,0
1,07/12/22,22:00,20.3,78,0.0,0
1,07/12/22,22:30,19.6,82,0.0,0
1,07/12/22,23:00,19.4,86,0.0,0
1,07/12/22,23:30,18.9,90,0.0,0
1,08/12/22,00:00,18.3,91,0.0,0
1,08/12/22,0:30,18.2,92,0.0,0
1,08/12/22,1:00,18.1,93,0.0,0
1,08/12/22,1:30,18.1,93,0.0,0
1,08/12/22,2:00,17.7,93,0.0,0
1,08/12/22,2:30,17.6,93,0.0,0
1,08/12/22,3:00,17.3,94,0.0,0
1,08/12/22,3:30,17.3,94,0.0,0
1,08/12/22,4:00,17.4,93,0.0,0
1,08/12/22,4:30,17.0,94,0.0,0
1,08/12/22,5:00,16.9,94,0.0,0
1,08/12/22,5:30,16.5,94,0.0,2
1,08/12/22,6:00,16.7,95,0.0,40
1,08/12/22,6:30,17.1,94,0.0,92
1,08/12/22,7:00,18.1,93,0.0,208
1,08/12/22,7:30,19.3,89,0.0,343
1,08/12/22,8:00,20.6,83,0.0,498
1,08/12/22,8:30,21.9,77,0.0,616
1,08/12/22,9:00,23.1,70,0.0,725
1,08/12/22,9:30,24.2,68,0.0,811
1,08/12/22,10:00,25.5,67,0.0,894
1,08/12/22,10:30,26.3,62,0.0,966
1,08/12/22,11:00,27.8,56,0.0,1024
1,08/12/22,11:30,28.8,54,0.0,1061
1,08/12/22,12:00,29.7,44,0.0,1092
1,08/12/22,12:30,30.5,46,0.0,1099
1,08/12/22,13:00,31.1,39,0.0,1091
1,08/12/22,13:30,32.2,34,0.0,1077
1,08/12/22,14:00,32.3,29,0.0,1034
1,08/12/22,14:30,32.6,34,0.0,748
1,08/12/22,15:00,33.1,30,0.0,844
1,08/12/22,15:30,32.8,29,0.0,549
1,08/12/22,16:00,33.1,30,0.0,498
1,08/12/22,16:30,32.9,28,0.0,460
1,08/12/22,17:00,33.1,32,0.0,399
1,08/12/22,17:30,31.9,30,0.0,253
1,08/12/22,18:00,31.3,29,0.0,167
1,08/12/22,18:30,30.3,32,0.0,111
1,08/12/22,19:00,29.2,37,0.0,58
1,08/12/22,19:30,28.2,39,0.0,17
1,08/12/22,20:00,26.9,42,0.0,0
1,08/12/22,20:30,26.5,45,0.0,0
1,08/12/22,21:00,26.8,44,0.0,0
1,08/12/22,21:30,25.8,60,0.0,0
1,08/12/22,22:00,25.3,68,0.0,0
1,08/12/22,22:30,24.2,74,0.0,0
1,08/12/22,23:00,24.0,77,0.0,0
1,08/12/22,23:30,24.4,76,0.0,0
1,09/12/22,00:00,24.3,77,0.0,0
1,09/12/22,0:30,24.1,78,0.0,0
1,09/12/22,1:00,23.5,80,0.0,0
1,09/12/22,1:30,23.2,82,0.0,0
1,09/12/22,2:00,23.3,81,0.0,0
1,09/12/22,2:30,23.1,82,0.0,0
1,09/12/22,3:00,23.1,81,0.0,0
1,09/12/22,3:30,22.8,81,0.0,0
1,09/12/22,4:00,23.1,78,0.0,0
1,09/12/22,4:30,22.7,78,0.0,0
1,09/12/22,5:00,22.6,79,0.0,0
1,09/12/22,5:30,22.1,81,0.0,3
1,09/12/22,6:00,22.9,76,0.0,30
1,09/12/22,6:30,23.1,76,0.0,121
1,09/12/22,7:00,23.9,76,0.0,245
1,09/12/22,7:30,25.3,70,0.0,364
1,09/12/22,8:00,26.7,58,0.0,481
1,09/12/22,8:30,27.4,58,0.0,594
1,09/12/22,9:00,28.2,55,0.0,702
1,09/12/22,9:30,28.8,58,0.0,798
1,09/12/22,10:00,29.6,58,0.0,884
1,09/12/22,10:30,30.4,52,0.0,956
1,09/12/22,11:00,31.4,50,0.0,1015
1,09/12/22,11:30,31.9,47,0.0,1057
1,09/12/22,12:00,32.6,45,0.0,1083
1,09/12/22,12:30,33.3,41,0.0,1092
1,09/12/22,13:00,33.9,37,0.0,1084
1,09/12/22,13:30,34.4,34,0.0,1061
1,09/12/22,14:00,34.8,31,0.0,1021
1,09/12/22,14:30,34.9,30,0.0,963
1,09/12/22,15:00,34.7,31,0.0,892
1,09/12/22,15:30,35.3,30,0.0,812
1,09/12/22,16:00,35.6,31,0.0,716
1,09/12/22,16:30,35.6,31,0.0,554
1,09/12/22,17:00,35.8,31,0.0,392
1,09/12/22,17:30,35.4,31,0.0,307
1,09/12/22,18:00,35.2,31,0.0,188
1,09/12/22,18:30,34.3,32,0.0,134
1,09/12/22,19:00,33.2,37,0.0,52
1,09/12/22,19:30,30.7,48,0.0,12
1,09/12/22,20:00,28.8,55,0.0,0
1,09/12/22,20:30,27.8,55,0.0,0
1,09/12/22,21:00,26.7,60,0.0,0
1,09/12/22,21:30,26.5,60,0.0,0
1,09/12/22,22:00,26.1,60,0.0,0
1,09/12/22,22:30,25.4,63,0.0,0
1,09/12/22,23:00,24.7,63,0.0,0
1,09/12/22,23:30,24.3,63,0.0,0
1,10/12/22,00:00,24.0,65,0.0,0
1,10/12/22,0:30,23.5,68,0.0,0
1,10/12/22,1:00,23.1,69,0.0,0
1,10/12/22,1:30,22.8,73,0.0,0
1,10/12/22,2:00,22.9,70,0.0,0
1,10/12/22,2:30,22.4,70,0.0,0
1,10/12/22,3:00,22.6,69,0.0,0
1,10/12/22,3:30,22.3,70,0.0,0
1,10/12/22,4:00,22.3,69,0.0,0
1,10/12/22,4:30,22.8,65,0.0,0
1,10/12/22,5:00,22.5,66,0.0,0
1,10/12/22,5:30,20.8,70,0.0,3
1,10/12/22,6:00,23.7,55,0.0,46
1,10/12/22,6:30,23.7,57,0.0,102
1,10/12/22,7:00,24.3,63,0.0,110
1,10/12/22,7:30,25.1,67,0.0,208
1,10/12/22,8:00,25.7,67,0.0,315
1,10/12/22,8:30,27.2,64,0.0,582
1,10/12/22,9:00,27.5,62,0.0,475
1,10/12/22,9:30,28.4,59,0.0,646
1,10/12/22,10:00,29.4,56,0.0,780
1,10/12/22,10:30,29.0,58,0.0,610
1,10/12/22,11:00,29.7,55,0.0,660
1,10/12/22,11:30,29.8,54,0.0,713
1,10/12/22,12:00,30.4,50,0.0,696
1,10/12/22,12:30,30.8,46,0.0,832
1,10/12/22,13:00,30.9,47,0.0,747
1,10/12/22,13:30,31.3,47,0.0,740
1,10/12/22,14:00,31.1,48,0.0,775
1,10/12/22,14:30,31.6,44,0.0,726
1,10/12/22,15:00,31.4,49,0.0,660
1,10/12/22,15:30,31.1,48,0.0,447
1,10/12/22,16:00,31.0,48,0.0,439
1,10/12/22,16:30,30.9,50,0.0,396
1,10/12/22,17:00,30.7,49,0.0,316
1,10/12/22,17:30,30.8,48,0.0,313
1,10/12/22,18:00,29.9,52,0.0,175
1,10/12/22,18:30,29.0,55,0.0,109
1,10/12/22,19:00,28.3,58,0.0,63
1,10/12/22,19:30,27.3,63,0.0,19
1,10/12/22,20:00,25.9,67,0.0,2
1,10/12/22,20:30,24.3,69,0.0,0
1,10/12/22,21:00,23.1,76,0.0,0
1,10/12/22,21:30,22.0,82,0.0,0
1,10/12/22,22:00,21.4,86,0.0,0
1,10/12/22,22:30,21.4,88,0.0,0
1,10/12/22,23:00,21.5,88,0.0,0
1,10/12/22,23:30,21.4,88,0.0,0
1,11/12/22,00:00,21.1,88,0.0,0
1,11/12/22,0:30,20.8,90,0.0,0
1,11/12/22,1:00,20.7,90,0.0,0
1,11/12/22,1:30,20.3,91,0.0,0
1,11/12/22,2:00,20.2,92,0.0,0
1,11/12/22,2:30,20.0,93,0.0,0
1,11/12/22,3:00,19.9,92,0.0,0
1,11/12/22,3:30,19.8,93,0.0,0
1,11/12/22,4:00,19.6,93,0.0,0
1,11/12/22,4:30,19.4,94,0.0,0
1,11/12/22,5:00,19.3,94,0.0,0
1,11/12/22,5:30,19.3,94,0.0,2
1,11/12/22,6:00,19.7,94,0.0,29
1,11/12/22,6:30,20.2,93,0.0,116
1,11/12/22,7:00,21.1,91,0.0,234
1,11/12/22,7:30,22.0,86,0.0,355
1,11/12/22,8:00,22.9,82,0.0,474
1,11/12/22,8:30,23.7,79,0.0,584
1,11/12/22,9:00,24.4,76,0.0,693
1,11/12/22,9:30,25.5,72,0.0,792
1,11/12/22,10:00,26.3,65,0.0,880
1,11/12/22,10:30,27.3,63,0.0,951
1,11/12/22,11:00,28.1,61,0.0,1010
1,11/12/22,11:30,28.8,62,0.0,1050
1,11/12/22,12:00,30.3,49,0.0,1077
1,11/12/22,12:30,31.3,50,0.0,1089
1,11/12/22,13:00,31.7,46,0.0,1080
1,11/12/22,13:30,32.0,44,0.0,1057
1,11/12/22,14:00,32.9,42,0.0,1018
1,11/12/22,14:30,33.1,39,0.0,966
1,11/12/22,15:00,33.1,41,0.0,896
1,11/12/22,15:30,33.7,40,0.0,813
1,11/12/22,16:00,33.8,38,0.0,720
1,11/12/22,16:30,34.1,38,0.0,567
1,11/12/22,17:00,34.0,35,0.0,396
1,11/12/22,17:30,33.8,38,0.0,316
1,11/12/22,18:00,33.6,36,0.0,193
1,11/12/22,18:30,33.1,38,0.0,142
1,11/12/22,19:00,31.8,44,0.0,55
1,11/12/22,19:30,30.6,47,0.0,21
1,11/12/22,20:00,30.3,46,0.0,1
1,11/12/22,20:30,29.5,48,0.0,0
1,11/12/22,21:00,28.6,52,0.0,0
1,11/12/22,21:30,27.7,55,0.0,0
1,11/12/22,22:00,27.3,55,0.0,0
1,11/12/22,22:30,26.8,56,0.0,0
1,11/12/22,23:00,26.6,59,0.0,0
1,11/12/22,23:30,26.7,59,0.0,0
1,12/12/22,00:00,26.7,59,0.0,0
1,12/12/22,0:30,26.9,58,0.0,0
1,12/12/22,1:00,26.7,57,0.0,0
1,12/12/22,1:30,25.0,64,0.0,0
1,12/12/22,2:00,24.2,67,0.0,0
1,12/12/22,2:30,25.1,64,0.0,0
1,12/12/22,3:00,24.9,64,0.0,0
1,12/12/22,3:30,24.7,65,0.0,0
1,12/12/22,4:00,24.4,66,0.0,0
1,12/12/22,4:30,23.1,69,0.0,0
1,12/12/22,5:00,24.3,65,0.0,0
1,12/12/22,5:30,23.9,67,0.0,1
1,12/12/22,6:00,24.6,65,0.0,38
1,12/12/22,6:30,24.6,67,0.0,100
1,12/12/22,7:00,24.9,65,0.0,217
1,12/12/22,7:30,24.8,68,0.0,288
1,12/12/22,8:00,25.6,67,0.0,359
1,12/12/22,8:30,26.8,69,0.0,549
1,12/12/22,9:00,26.4,70,0.0,658
1,12/12/22,9:30,26.0,74,0.0,752
1,12/12/22,10:00,26.7,71,0.0,839
1,12/12/22,10:30,27.4,59,0.0,903
1,12/12/22,11:00,28.1,54,0.0,966
1,12/12/22,11:30,28.7,53,0.0,809
1,12/12/22,12:00,28.4,48,0.0,1082
1,12/12/22,12:30,29.2,46,0.0,1065
1,12/12/22,13:00,29.7,39,0.0,1064
1,12/12/22,13:30,30.3,34,0.0,1025
1,12/12/22,14:00,30.8,31,0.0,811
1,12/12/22,14:30,29.6,28,0.0,846
1,12/12/22,15:00,28.7,29,0.0,267
1,12/12/22,15:30,27.8,30,0.0,523
1,12/12/22,16:00,25.9,36,0.0,622
1,12/12/22,16:30,25.9,34,0.0,342
1,12/12/22,17:00,25.1,36,0.0,361
1,12/12/22,17:30,24.5,39,0.0,333
1,12/12/22,18:00,22.6,49,0.0,107
1,12/12/22,18:30,22.1,52,0.0,106
1,12/12/22,19:00,21.5,54,0.0,65
1,12/12/22,19:30,20.5,59,0.0,10
1,12/12/22,20:00,20.2,63,0.0,0
1,12/12/22,20:30,19.7,67,0.0,0
1,12/12/22,21:00,18.8,69,0.0,0
1,12/12/22,21:30,16.2,73,1.0,0
1,12/12/22,22:00,15.6,76,0.0,0
1,12/12/22,22:30,15.2,79,0.0,0
1,12/12/22,23:00,15.2,79,0.0,0
1,12/12/22,23:30,15.4,79,0.0,0
1,13/12/22,00:00,15.1,82,0.0,0
1,13/12/22,0:30,14.0,84,0.0,0
1,13/12/22,1:00,13.7,86,0.0,0
1,13/12/22,1:30,14.1,84,0.0,0
1,13/12/22,2:00,14.2,82,0.0,0
1,13/12/22,2:30,13.4,84,0.0,0
1,13/12/22,3:00,12.6,87,0.0,0
1,13/12/22,3:30,13.1,86,0.0,0
1,13/12/22,4:00,12.6,88,0.0,0
1,13/12/22,4:30,11.8,89,0.0,0
1,13/12/22,5:00,11.6,91,0.0,0
1,13/12/22,5:30,11.7,89,0.0,2
1,13/12/22,6:00,11.7,90,0.0,31
1,13/12/22,6:30,12.7,92,0.0,116
1,13/12/22,7:00,13.4,90,0.0,246
1,13/12/22,7:30,15.2,85,0.0,370
1,13/12/22,8:00,16.0,85,0.0,491
1,13/12/22,8:30,16.7,79,0.0,618
1,13/12/22,9:00,17.7,74,0.0,658
1,13/12/22,9:30,18.4,66,0.0,781
1,13/12/22,10:00,19.4,65,0.0,902
1,13/12/22,10:30,19.8,55,0.0,979
1,13/12/22,11:00,20.5,53,0.0,1034
1,13/12/22,11:30,21.4,52,0.0,1074
1,13/12/22,12:00,21.9,44,0.0,1085
1,13/12/22,12:30,23.2,43,0.0,1107
1,13/12/22,13:00,23.6,42,0.0,1106
1,13/12/22,13:30,23.4,35,0.0,1079
1,13/12/22,14:00,23.9,36,0.0,1039
1,13/12/22,14:30,24.4,35,0.0,988
1,13/12/22,15:00,24.7,32,0.0,917
1,13/12/22,15:30,24.6,33,0.0,838
1,13/12/22,16:00,25.2,35,0.0,745
1,13/12/22,16:30,25.2,33,0.0,581
1,13/12/22,17:00,25.0,33,0.0,410
1,13/12/22,17:30,24.7,35,0.0,329
1,13/12/22,18:00,24.1,34,0.0,202
1,13/12/22,18:30,23.8,35,0.0,149
1,13/12/22,19:00,23.1,38,0.0,59
1,13/12/22,19:30,21.4,46,0.0,15
1,13/12/22,20:00,19.9,51,0.0,1
1,13/12/22,20:30,19.0,58,0.0,0
1,13/12/22,21:00,18.1,64,0.0,0
1,13/12/22,21:30,17.3,65,0.0,0
1,13/12/22,22:00,16.7,68,0.0,0
1,13/12/22,22:30,16.1,70,0.0,0
1,13/12/22,23:00,15.6,73,0.0,0
1,13/12/22,23:30,15.1,76,0.0,0
1,14/12/22,00:00,14.8,76,0.0,0
1,14/12/22,0:30,14.6,76,0.0,0
1,14/12/22,1:00,14.8,76,0.0,0
1,14/12/22,1:30,14.3,78,0.0,0
1,14/12/22,2:00,13.9,80,0.0,0
1,14/12/22,2:30,13.7,81,0.0,0
1,14/12/22,3:00,13.8,80,0.0,0
1,14/12/22,3:30,14.1,80,0.0,0
1,14/12/22,4:00,13.6,83,0.0,0
1,14/12/22,4:30,13.2,84,0.0,0
1,14/12/22,5:00,13.4,84,0.0,0
1,14/12/22,5:30,13.2,84,0.0,2
1,14/12/22,6:00,13.7,84,0.0,28
1,14/12/22,6:30,15.2,82,0.0,114
1,14/12/22,7:00,16.5,79,0.0,237
1,14/12/22,7:30,17.8,77,0.0,355
1,14/12/22,8:00,17.9,76,0.0,473
1,14/12/22,8:30,18.9,73,0.0,588
1,14/12/22,9:00,20.1,63,0.0,696
1,14/12/22,9:30,21.3,54,0.0,796
1,14/12/22,10:00,22.2,46,0.0,886
1,14/12/22,10:30,23.1,42,0.0,963
1,14/12/22,11:00,23.9,42,0.0,1025
1,14/12/22,11:30,25.1,39,0.0,1069
1,14/12/22,12:00,25.4,39,0.0,1093
1,14/12/22,12:30,26.3,36,0.0,1103
1,14/12/22,13:00,27.7,34,0.0,1097
1,14/12/22,13:30,27.6,34,0.0,1074
1,14/12/22,14:00,27.8,34,0.0,1033
1,14/12/22,14:30,28.8,32,0.0,979
1,14/12/22,15:00,29.1,33,0.0,914
1,14/12/22,15:30,28.8,34,0.0,833
1,14/12/22,16:00,29.7,34,0.0,736
1,14/12/22,16:30,29.3,31,0.0,564
1,14/12/22,17:00,29.2,30,0.0,402
1,14/12/22,17:30,29.2,33,0.0,323
1,14/12/22,18:00,29.2,35,0.0,200
1,14/12/22,18:30,28.8,35,0.0,149
1,14/12/22,19:00,27.6,37,0.0,61
1,14/12/22,19:30,26.3,38,0.0,16
1,14/12/22,20:00,24.0,50,0.0,1
1,14/12/22,20:30,23.0,58,0.0,0
1,14/12/22,21:00,22.2,61,0.0,0
1,14/12/22,21:30,20.9,65,0.0,0
1,14/12/22,22:00,20.7,63,0.0,0
1,14/12/22,22:30,20.1,63,0.0,0
1,14/12/22,23:00,19.2,64,0.0,0
1,14/12/22,23:30,18.6,65,0.0,0
1,15/12/22,00:00,18.2,69,0.0,0
1,15/12/22,0:30,18.2,70,0.0,0
1,15/12/22,1:00,17.8,71,0.0,0
1,15/12/22,1:30,17.3,73,0.0,0
1,15/12/22,2:00,17.1,74,0.0,0
1,15/12/22,2:30,16.9,74,0.0,0
1,15/12/22,3:00,16.8,75,0.0,0
1,15/12/22,3:30,16.4,78,0.0,0
1,15/12/22,4:00,16.3,78,0.0,0
1,15/12/22,4:30,16.2,79,0.0,0
1,15/12/22,5:00,15.9,80,0.0,0
1,15/12/22,5:30,16.5,79,0.0,3
1,15/12/22,6:00,16.5,79,0.0,41
1,15/12/22,6:30,17.7,75,0.0,102
1,15/12/22,7:00,17.8,75,0.0,125
1,15/12/22,7:30,19.7,69,0.0,356
1,15/12/22,8:00,20.9,66,0.0,482
1,15/12/22,8:30,22.8,62,0.0,589
1,15/12/22,9:00,23.6,60,0.0,658
1,15/12/22,9:30,24.8,55,0.0,722
1,15/12/22,10:00,26.1,39,0.0,829
1,15/12/22,10:30,28.1,36,0.0,1025
1,15/12/22,11:00,27.3,36,0.0,587
1,15/12/22,11:30,27.9,37,0.0,527
1,15/12/22,12:00,29.6,34,0.0,963
1,15/12/22,12:30,29.4,35,0.0,1074
1,15/12/22,13:00,30.1,32,0.0,1148
1,15/12/22,13:30,29.6,36,0.0,723
1,15/12/22,14:00,30.5,35,0.0,916
1,15/12/22,14:30,30.3,34,0.0,950
1,15/12/22,15:00,29.3,36,0.0,535
1,15/12/22,15:30,28.6,37,0.0,543
1,15/12/22,16:00,28.4,38,0.0,422
1,15/12/22,16:30,28.4,42,0.0,481
1,15/12/22,17:00,27.7,45,0.0,399
1,15/12/22,17:30,27.2,46,0.0,240
1,15/12/22,18:00,25.3,56,0.0,165
1,15/12/22,18:30,24.4,60,0.0,98
1,15/12/22,19:00,22.8,68,0.0,49
1,15/12/22,19:30,22.1,68,0.0,11
1,15/12/22,20:00,21.2,71,0.0,0
1,15/12/22,20:30,20.3,70,0.0,0
1,15/12/22,21:00,19.7,69,0.0,0
1,15/12/22,21:30,19.4,71,0.0,0
1,15/12/22,22:00,18.8,75,0.0,0
1,15/12/22,22:30,18.2,79,0.0,0
1,15/12/22,23:00,17.5,81,0.0,0
1,15/12/22,23:30,17.1,84,0.0,0
1,16/12/22,00:00,16.8,87,0.0,0
1,16/12/22,0:30,17.1,86,0.0,0
1,16/12/22,1:00,16.4,85,0.0,0
1,16/12/22,1:30,15.3,86,0.0,0
1,16/12/22,2:00,14.9,86,0.0,0
1,16/12/22,2:30,14.9,86,0.0,0
1,16/12/22,3:00,15.2,85,0.0,0
1,16/12/22,3:30,14.9,86,0.0,0
1,16/12/22,4:00,14.8,87,0.0,0
1,16/12/22,4:30,14.6,86,0.0,0
1,16/12/22,5:00,14.3,84,0.0,0
1,16/12/22,5:30,14.2,84,0.0,1
1,16/12/22,6:00,13.8,83,0.0,20
1,16/12/22,6:30,13.9,83,0.0,68
1,16/12/22,7:00,14.7,82,0.0,197
1,16/12/22,7:30,16.2,79,0.0,366
1,16/12/22,8:00,16.6,77,0.0,487
1,16/12/22,8:30,17.3,73,0.0,597
1,16/12/22,9:00,18.0,69,0.0,716
1,16/12/22,9:30,19.1,62,0.0,842
1,16/12/22,10:00,19.8,56,0.0,935
1,16/12/22,10:30,20.6,53,0.0,979
1,16/12/22,11:00,21.1,50,0.0,1039
1,16/12/22,11:30,21.6,47,0.0,1106
1,16/12/22,12:00,22.1,48,0.0,1223
1,16/12/22,12:30,22.1,49,0.0,1004
1,16/12/22,13:00,22.4,51,0.0,1095
1,16/12/22,13:30,22.7,48,0.0,898
1,16/12/22,14:00,22.9,45,0.0,1158
1,16/12/22,14:30,22.6,46,0.0,834
1,16/12/22,15:00,22.8,52,0.0,508
1,16/12/22,15:30,21.9,54,0.0,591
1,16/12/22,16:00,21.6,55,0.0,573
1,16/12/22,16:30,20.2,61,0.0,401
1,16/12/22,17:00,20.2,60,0.0,348
1,16/12/22,17:30,20.8,56,0.0,308
1,16/12/22,18:00,19.8,58,0.0,112
1,16/12/22,18:30,19.7,54,0.0,118
1,16/12/22,19:00,19.3,54,0.0,43
1,16/12/22,19:30,18.6,58,0.0,18
1,16/12/22,20:00,17.5,65,0.0,1
1,16/12/22,20:30,17.1,70,0.0,0
1,16/12/22,21:00,16.7,72,0.0,0
1,16/12/22,21:30,16.3,74,0.0,0
1,16/12/22,22:00,15.9,76,0.0,0
1,16/12/22,22:30,15.7,76,0.0,0
1,16/12/22,23:00,15.4,78,0.0,0
1,16/12/22,23:30,15.1,81,0.0,0
1,17/12/22,00:00,14.7,82,0.0,0
1,17/12/22,0:30,14.3,83,0.0,0
1,17/12/22,1:00,14.0,83,0.0,0
1,17/12/22,1:30,13.8,84,0.0,0
1,17/12/22,2:00,12.9,86,0.0,0
1,17/12/22,2:30,12.6,87,0.0,0
1,17/12/22,3:00,12.7,88,0.0,0
1,17/12/22,3:30,13.1,89,0.0,0
1,17/12/22,4:00,12.6,89,0.0,0
1,17/12/22,4:30,12.3,90,0.0,0
1,17/12/22,5:00,12.2,92,0.0,0
1,17/12/22,5:30,12.3,92,0.0,2
1,17/12/22,6:00,12.7,92,0.0,28
1,17/12/22,6:30,13.8,90,0.0,107
1,17/12/22,7:00,15.7,85,0.0,230
1,17/12/22,7:30,16.9,81,0.0,351
1,17/12/22,8:00,18.4,73,0.0,474
1,17/12/22,8:30,19.2,68,0.0,605
1,17/12/22,9:00,20.0,62,0.0,703
1,17/12/22,9:30,20.3,60,0.0,830
1,17/12/22,10:00,20.9,59,0.0,858
1,17/12/22,10:30,21.4,55,0.0,825
1,17/12/22,11:00,21.7,54,0.0,1078
1,17/12/22,11:30,22.3,51,0.0,785
1,17/12/22,12:00,23.6,46,0.0,1092
1,17/12/22,12:30,24.0,44,0.0,713
1,17/12/22,13:00,24.9,42,0.0,670
1,17/12/22,13:30,23.9,47,0.0,861
1,17/12/22,14:00,24.2,50,0.0,525
1,17/12/22,14:30,24.3,50,0.0,804
1,17/12/22,15:00,23.1,57,0.0,559
1,17/12/22,15:30,22.7,59,0.0,246
1,17/12/22,16:00,22.4,62,0.0,514
1,17/12/22,16:30,21.2,67,0.0,358
1,17/12/22,17:00,20.7,71,0.0,279
1,17/12/22,17:30,19.8,73,0.0,222
1,17/12/22,18:00,19.4,75,0.0,170
1,17/12/22,18:30,18.6,78,0.0,125
1,17/12/22,19:00,17.9,79,0.0,54
1,17/12/22,19:30,17.6,80,0.0,17
1,17/12/22,20:00,17.5,80,0.0,0
1,17/12/22,20:30,17.3,81,0.0,0
1,17/12/22,21:00,17.1,80,0.0,0
1,17/12/22,21:30,16.9,84,0.0,0
1,17/12/22,22:00,16.9,84,0.0,0
1,17/12/22,22:30,16.9,84,0.0,0
1,17/12/22,23:00,17.2,84,0.0,0
1,17/12/22,23:30,17.0,83,0.0,0
1,18/12/22,00:00,16.7,84,0.0,0
1,18/12/22,0:30,16.4,83,0.0,0
1,18/12/22,1:00,16.3,84,0.0,0
1,18/12/22,1:30,16.2,84,0.0,0
1,18/12/22,2:00,15.9,85,0.0,0
1,18/12/22,2:30,15.8,85,0.0,0
1,18/12/22,3:00,16.1,85,0.0,0
1,18/12/22,3:30,15.4,86,0.0,0
1,18/12/22,4:00,15.4,86,0.0,0
1,18/12/22,4:30,15.2,86,0.0,0
1,18/12/22,5:00,15.3,85,0.0,0
1,18/12/22,5:30,15.2,85,0.0,1
1,18/12/22,6:00,15.4,84,0.0,26
1,18/12/22,6:30,16.3,82,0.0,105
1,18/12/22,7:00,17.3,80,0.0,225
1,18/12/22,7:30,18.6,77,0.0,344
1,18/12/22,8:00,19.3,74,0.0,458
1,18/12/22,8:30,20.2,70,0.0,600
1,18/12/22,9:00,20.9,69,0.0,742
1,18/12/22,9:30,21.3,66,0.0,703
1,18/12/22,10:00,22.1,64,0.0,814
1,18/12/22,10:30,22.9,62,0.0,705
1,18/12/22,11:00,22.3,64,0.0,572
1,18/12/22,11:30,21.8,66,0.0,412
1,18/12/22,12:00,22.3,67,0.0,526
1,18/12/22,12:30,22.6,69,0.0,1012
1,18/12/22,13:00,21.3,72,0.0,626
1,18/12/22,13:30,20.6,78,0.0,373
1,18/12/22,14:00,21.6,71,0.0,451
1,18/12/22,14:30,20.8,74,0.0,296
1,18/12/22,15:00,21.6,73,0.0,453
1,18/12/22,15:30,20.3,75,0.0,315
1,18/12/22,16:00,20.4,74,0.0,253
1,18/12/22,16:30,21.5,72,0.0,460
1,18/12/22,17:00,21.4,71,0.0,376
1,18/12/22,17:30,21.1,72,0.0,279
1,18/12/22,18:00,20.8,73,0.0,198
1,18/12/22,18:30,20.2,76,0.0,113
1,18/12/22,19:00,19.8,78,0.0,55
1,18/12/22,19:30,19.3,80,0.0,15
1,18/12/22,20:00,19.1,82,0.0,0
1,18/12/22,20:30,18.8,83,0.0,0
1,18/12/22,21:00,18.7,82,0.0,0
1,18/12/22,21:30,18.7,83,0.0,0
1,18/12/22,22:00,18.6,85,0.0,0
1,18/12/22,22:30,18.4,85,0.0,0
1,18/12/22,23:00,18.1,86,0.0,0
1,18/12/22,23:30,17.9,86,0.0,0
1,19/12/22,00:00,17.8,86,0.0,0
1,19/12/22,0:30,17.8,84,0.0,0
1,19/12/22,1:00,17.8,85,0.0,0
1,19/12/22,1:30,17.8,86,0.0,0
1,19/12/22,2:00,17.8,87,0.0,0
1,19/12/22,2:30,17.7,88,0.0,0
1,19/12/22,3:00,17.8,89,0.0,0
1,19/12/22,3:30,17.3,90,0.0,0
1,19/12/22,4:00,17.6,89,0.0,0
1,19/12/22,4:30,17.5,88,0.0,0
1,19/12/22,5:00,17.4,87,0.0,0
1,19/12/22,5:30,17.6,87,0.0,0
1,19/12/22,6:00,17.5,88,0.0,19
1,19/12/22,6:30,17.6,89,0.0,44
1,19/12/22,7:00,17.4,90,0.0,80
1,19/12/22,7:30,18.2,84,0.0,176
1,19/12/22,8:00,19.3,81,0.0,438
1,19/12/22,8:30,19.1,82,0.0,250
1,19/12/22,9:00,18.2,88,0.0,299
1,19/12/22,9:30,18.2,90,0.0,336
1,19/12/22,10:00,18.7,88,0.0,403
1,19/12/22,10:30,20.8,77,0.0,845
1,19/12/22,11:00,21.9,73,0.0,876
1,19/12/22,11:30,19.2,87,0.0,348
1,19/12/22,12:00,21.6,77,0.0,825
1,19/12/22,12:30,22.6,68,0.0,616
1,19/12/22,13:00,23.1,68,0.0,771
1,19/12/22,13:30,22.6,71,0.0,708
1,19/12/22,14:00,23.7,66,0.0,747
1,19/12/22,14:30,23.4,64,0.0,972
1,19/12/22,15:00,23.4,66,0.0,724
1,19/12/22,15:30,23.3,65,0.0,480
1,19/12/22,16:00,23.3,62,0.0,390
1,19/12/22,16:30,23.6,63,0.0,363
1,19/12/22,17:00,23.2,62,0.0,300
1,19/12/22,17:30,23.2,61,0.0,285
1,19/12/22,18:00,22.7,66,0.0,150
1,19/12/22,18:30,21.9,69,0.0,98
1,19/12/22,19:00,21.0,74,0.0,53
1,19/12/22,19:30,20.1,77,0.0,17
1,19/12/22,20:00,19.6,82,0.0,2
1,19/12/22,20:30,18.3,89,0.0,0
1,19/12/22,21:00,17.8,88,0.0,0
1,19/12/22,21:30,17.8,88,0.0,0
1,19/12/22,22:00,17.8,89,0.0,0
1,19/12/22,22:30,17.3,90,0.0,0
1,19/12/22,23:00,17.1,92,0.0,0
1,19/12/22,23:30,16.9,93,0.0,0
1,20/12/22,00:00,16.9,93,0.0,0
1,20/12/22,0:30,16.8,94,0.0,0
1,20/12/22,1:00,16.8,94,0.0,0
1,20/12/22,1:30,17.2,94,0.0,0
1,20/12/22,2:00,17.3,93,0.0,0
1,20/12/22,2:30,17.6,93,0.0,0
1,20/12/22,3:00,17.5,92,0.0,0
1,20/12/22,3:30,17.6,92,0.0,0
1,20/12/22,4:00,17.8,92,0.0,0
1,20/12/22,4:30,17.8,92,0.0,0
1,20/12/22,5:00,17.7,92,0.0,0
1,20/12/22,5:30,17.9,92,0.0,0
1,20/12/22,6:00,18.2,91,0.0,11
1,20/12/22,6:30,18.4,91,0.0,42
1,20/12/22,7:00,18.9,90,0.0,89
1,20/12/22,7:30,19.2,90,0.0,135
1,20/12/22,8:00,19.9,91,0.0,222
1,20/12/22,8:30,20.6,87,0.0,575
1,20/12/22,9:00,21.3,81,0.0,532
1,20/12/22,9:30,22.1,80,0.0,672
1,20/12/22,10:00,22.7,78,0.0,961
1,20/12/22,10:30,23.3,76,0.0,733
1,20/12/22,11:00,23.7,75,0.0,1042
1,20/12/22,11:30,24.0,71,0.0,522
1,20/12/22,12:00,24.6,68,0.0,855
1,20/12/22,12:30,24.2,69,0.0,790
1,20/12/22,13:00,24.3,69,0.0,612
1,20/12/22,13:30,25.8,65,0.0,971
1,20/12/22,14:00,25.9,64,0.0,1059
1,20/12/22,14:30,26.4,60,0.0,1028
1,20/12/22,15:00,25.4,63,0.0,702
1,20/12/22,15:30,26.0,59,0.0,839
1,20/12/22,16:00,25.3,64,0.0,751
1,20/12/22,16:30,25.1,65,0.0,647
1,20/12/22,17:00,24.7,64,0.0,415
1,20/12/22,17:30,23.6,67,0.0,361
1,20/12/22,18:00,23.6,67,0.0,200
1,20/12/22,18:30,22.9,73,0.0,156
1,20/12/22,19:00,21.6,77,0.0,62
1,20/12/22,19:30,20.9,81,0.0,18
1,20/12/22,20:00,20.2,84,0.0,2
1,20/12/22,20:30,19.8,84,0.0,0
1,20/12/22,21:00,19.9,84,0.0,0
1,20/12/22,21:30,19.6,86,0.0,0
1,20/12/22,22:00,19.4,86,0.0,0
1,20/12/22,22:30,19.3,88,0.0,0
1,20/12/22,23:00,19.2,88,0.0,0
1,20/12/22,23:30,19.0,90,0.0,0
1,21/12/22,00:00,18.7,91,0.0,0
1,21/12/22,0:30,18.6,91,0.0,0
1,21/12/22,1:00,18.6,91,0.0,0
1,21/12/22,1:30,18.7,92,0.0,0
1,21/12/22,2:00,18.6,91,0.0,0
1,21/12/22,2:30,18.8,87,0.0,0
1,21/12/22,3:00,18.9,86,0.0,0
1,21/12/22,3:30,18.7,87,0.0,0
1,21/12/22,4:00,18.4,89,0.0,0
1,21/12/22,4:30,17.9,90,0.0,0
1,21/12/22,5:00,18.1,92,0.0,0
1,21/12/22,5:30,17.8,92,0.0,1
1,21/12/22,6:00,17.8,92,0.0,22
1,21/12/22,6:30,18.4,92,0.0,91
1,21/12/22,7:00,19.4,88,0.0,221
1,21/12/22,7:30,19.8,86,0.0,293
1,21/12/22,8:00,21.3,81,0.0,463
1,21/12/22,8:30,21.6,77,0.0,453
1,21/12/22,9:00,21.9,77,0.0,644
1,21/12/22,9:30,22.4,74,0.0,316
1,21/12/22,10:00,23.3,72,0.0,543
1,21/12/22,10:30,23.3,71,0.0,666
1,21/12/22,11:00,23.0,73,0.0,386
1,21/12/22,11:30,23.0,72,0.0,968
1,21/12/22,12:00,24.0,69,0.0,1091
1,21/12/22,12:30,24.1,69,0.0,994
1,21/12/22,13:00,24.9,65,0.0,1162
1,21/12/22,13:30,25.3,63,0.0,923
1,21/12/22,14:00,25.9,62,0.0,1142
1,21/12/22,14:30,25.9,62,0.0,949
1,21/12/22,15:00,26.4,60,0.0,971
1,21/12/22,15:30,26.0,59,0.0,930
1,21/12/22,16:00,25.7,61,0.0,685
1,21/12/22,16:30,25.9,58,0.0,555
1,21/12/22,17:00,24.8,61,0.0,348
1,21/12/22,17:30,24.9,61,0.0,338
1,21/12/22,18:00,24.7,62,0.0,210
1,21/12/22,18:30,24.1,62,0.0,159
1,21/12/22,19:00,23.3,65,0.0,71
1,21/12/22,19:30,22.3,66,0.0,19
1,21/12/22,20:00,21.2,69,0.0,2
1,21/12/22,20:30,20.4,73,0.0,0
1,21/12/22,21:00,19.8,76,0.0,0
1,21/12/22,21:30,19.3,80,0.0,0
1,21/12/22,22:00,18.9,82,0.0,0
1,21/12/22,22:30,18.5,85,0.0,0
1,21/12/22,23:00,18.4,86,0.0,0
1,21/12/22,23:30,18.1,88,0.0,0
1,22/12/22,00:00,17.8,90,0.0,0
1,22/12/22,0:30,17.6,91,0.0,0
1,22/12/22,1:00,17.4,90,0.0,0
1,22/12/22,1:30,16.9,92,0.0,0
1,22/12/22,2:00,17.3,91,0.0,0
1,22/12/22,2:30,17.9,88,0.0,0
1,22/12/22,3:00,18.0,88,0.0,0
1,22/12/22,3:30,18.1,88,0.0,0
1,22/12/22,4:00,18.3,87,0.0,0
1,22/12/22,4:30,18.1,88,0.0,0
1,22/12/22,5:00,17.9,88,0.0,0
1,22/12/22,5:30,17.8,89,0.0,1
1,22/12/22,6:00,17.9,89,0.0,23
1,22/12/22,6:30,18.4,88,0.0,92
1,22/12/22,7:00,18.9,87,0.0,176
1,22/12/22,7:30,20.1,82,0.0,346
1,22/12/22,8:00,21.0,76,0.0,463
1,22/12/22,9:00,22.2,71,0.0,710
1,22/12/22,9:30,22.8,68,0.0,799
1,22/12/22,10:00,23.3,66,0.0,878
1,22/12/22,10:30,24.2,64,0.0,953
1,22/12/22,11:00,25.1,60,0.0,1016
1,22/12/22,11:30,25.8,58,0.0,1066
1,22/12/22,12:00,26.4,58,0.0,1084
1,22/12/22,12:30,26.8,53,0.0,1133
1,22/12/22,13:00,27.3,52,0.0,1046
1,22/12/22,13:30,27.6,50,0.0,457
1,22/12/22,14:00,28.3,47,0.0,1116
1,22/12/22,14:30,28.9,48,0.0,1080
1,22/12/22,15:00,28.9,45,0.0,989
1,22/12/22,15:30,29.4,43,0.0,881
1,22/12/22,16:00,29.7,42,0.0,707
1,22/12/22,16:30,29.4,41,0.0,538
1,22/12/22,17:00,29.9,42,0.0,467
1,22/12/22,17:30,29.6,45,0.0,404
1,22/12/22,18:00,28.3,47,0.0,168
1,22/12/22,18:30,28.3,47,0.0,143
1,22/12/22,19:00,26.8,54,0.0,76
1,22/12/22,19:30,25.3,59,0.0,17
1,22/12/22,20:00,23.7,63,0.0,1
1,22/12/22,20:30,22.6,67,0.0,0
1,22/12/22,21:00,21.8,70,0.0,0
1,22/12/22,21:30,20.9,73,0.0,0
1,22/12/22,22:00,20.1,75,0.0,0
1,22/12/22,22:30,19.4,78,0.0,0
1,22/12/22,23:00,18.7,81,0.0,0
1,22/12/22,23:30,18.2,83,0.0,0
1,23/12/22,00:00,17.9,85,0.0,0
1,23/12/22,0:30,17.6,86,0.0,0
1,23/12/22,1:00,17.1,87,0.0,0
1,23/12/22,1:30,16.8,88,0.0,0
1,23/12/22,2:00,16.5,89,0.0,0
1,23/12/22,2:30,16.6,89,0.0,0
1,23/12/22,3:00,16.3,90,0.0,0
1,23/12/22,3:30,16.3,91,0.0,0
1,23/12/22,4:00,16.1,91,0.0,0
1,23/12/22,4:30,16.0,91,0.0,0
1,23/12/22,5:00,16.0,91,0.0,0
1,23/12/22,5:30,16.1,92,0.0,3
1,23/12/22,6:00,16.3,92,0.0,28
1,23/12/22,6:30,16.7,91,0.0,71
1,23/12/22,7:00,17.4,90,0.0,150
1,23/12/22,7:30,18.8,87,0.0,304
1,23/12/22,8:00,19.8,84,0.0,408
1,23/12/22,8:30,21.8,79,0.0,545
1,23/12/22,9:00,23.5,74,0.0,738
1,23/12/22,9:30,24.4,69,0.0,770
1,23/12/22,10:00,26.3,65,0.0,873
1,23/12/22,10:30,26.7,59,0.0,950
1,23/12/22,11:00,27.9,58,0.0,1029
1,23/12/22,11:30,28.1,57,0.0,1060
1,23/12/22,12:00,28.9,55,0.0,1077
1,23/12/22,12:30,29.8,51,0.0,1083
1,23/12/22,13:00,30.4,49,0.0,1082
1,23/12/22,13:30,31.4,45,0.0,1097
1,23/12/22,14:00,30.7,47,0.0,650
1,23/12/22,14:30,31.8,45,0.0,918
1,23/12/22,15:00,33.0,39,0.0,953
1,23/12/22,15:30,33.1,39,0.0,853
1,23/12/22,16:00,31.8,40,0.0,612
1,23/12/22,16:30,29.6,50,0.0,132
1,23/12/22,17:00,27.2,57,0.0,51
1,23/12/22,17:30,26.0,61,0.0,57
1,23/12/22,18:00,24.3,73,0.0,82
1,23/12/22,18:30,23.1,70,0.0,142
1,23/12/22,19:00,23.2,72,0.0,107
1,23/12/22,19:30,22.3,76,0.0,62
1,23/12/22,20:00,22.4,82,2.8,2
1,23/12/22,20:30,21.3,87,2.6,0
1,23/12/22,21:00,22.1,85,0.0,0
1,23/12/22,21:30,21.6,87,0.0,0
1,23/12/22,22:00,21.4,87,0.0,0
1,23/12/22,22:30,21.3,88,0.0,0
1,23/12/22,23:00,21.3,88,0.0,0
1,23/12/22,23:30,21.1,86,0.0,0
1,24/12/22,00:00,21.0,84,0.0,0
1,24/12/22,0:30,20.7,85,0.0,0
1,24/12/22,1:00,20.6,85,0.0,0
1,24/12/22,1:30,20.3,87,0.0,0
1,24/12/22,2:00,20.2,89,0.0,0
1,24/12/22,2:30,20.2,88,0.0,0
1,24/12/22,3:00,20.2,88,0.0,0
1,24/12/22,3:30,20.0,88,0.0,0
1,24/12/22,4:00,19.8,89,0.0,0
1,24/12/22,4:30,19.7,89,0.0,0
1,24/12/22,5:00,19.4,89,0.0,0
1,24/12/22,5:30,19.4,88,0.0,0
1,24/12/22,6:00,19.3,89,0.0,13
1,24/12/22,6:30,19.6,89,0.0,66
1,24/12/22,7:00,20.6,84,0.0,192
1,24/12/22,7:30,21.3,81,0.0,294
1,24/12/22,8:00,20.5,84,0.0,122
1,24/12/22,8:30,20.3,87,0.0,69
1,24/12/22,9:00,20.3,88,0.0,72
1,24/12/22,9:30,20.9,85,0.0,101
1,24/12/22,10:00,22.1,79,0.0,151
1,24/12/22,10:30,22.8,76,0.0,186
1,24/12/22,11:00,24.4,68,0.0,559
1,24/12/22,11:30,24.5,70,0.0,428
1,24/12/22,12:00,25.6,67,0.0,384
1,24/12/22,12:30,25.0,68,0.0,438
1,24/12/22,13:00,24.1,75,0.0,428
1,24/12/22,13:30,24.8,71,0.0,509
1,24/12/22,14:00,24.7,73,0.0,408
1,24/12/22,14:30,24.6,73,0.0,339
1,24/12/22,15:00,24.7,73,0.0,321
1,24/12/22,15:30,25.1,70,0.0,353
1,24/12/22,16:00,26.2,67,0.0,458
1,24/12/22,16:30,25.3,70,0.0,270
1,24/12/22,17:00,25.3,69,0.0,185
1,24/12/22,17:30,25.3,71,0.0,186
1,24/12/22,18:00,24.7,75,0.0,163
1,24/12/22,18:30,23.9,76,0.0,107
1,24/12/22,19:00,23.4,78,0.0,50
1,24/12/22,19:30,22.8,80,0.0,18
1,24/12/22,20:00,22.2,85,0.0,1
1,24/12/22,20:30,21.6,87,0.0,0
1,24/12/22,21:00,21.3,87,0.0,0
1,24/12/22,21:30,21.0,87,0.0,0
1,24/12/22,22:00,20.7,86,0.0,0
1,24/12/22,22:30,20.4,87,0.0,0
1,24/12/22,23:00,20.6,86,0.0,0
1,24/12/22,23:30,20.4,88,0.0,0
1,25/12/22,00:00,20.2,90,0.0,0
1,25/12/22,0:30,20.0,92,0.0,0
1,25/12/22,1:00,19.9,93,0.0,0
1,25/12/22,1:30,19.9,94,0.0,0
1,25/12/22,2:00,20.1,94,0.0,0
1,25/12/22,2:30,20.1,93,0.0,0
1,25/12/22,3:00,20.2,93,0.0,0
1,25/12/22,3:30,20.1,93,0.0,0
1,25/12/22,4:00,19.3,93,0.0,0
1,25/12/22,4:30,18.8,94,18.2,0
1,25/12/22,5:00,17.5,95,15.8,0
1,25/12/22,5:30,16.9,95,7.6,0
1,25/12/22,6:00,16.8,95,2.6,0
1,25/12/22,6:30,16.6,95,3.2,2
1,25/12/22,7:00,16.7,95,0.4,21
1,25/12/22,7:30,16.8,95,1.4,29
1,25/12/22,8:00,16.7,95,0.2,28
1,25/12/22,8:30,16.8,95,0.0,113
1,25/12/22,9:00,16.7,94,0.0,105
1,25/12/22,9:30,17.3,93,0.0,289
1,25/12/22,10:00,17.2,92,0.0,316
1,25/12/22,10:30,17.2,94,0.0,241
1,25/12/22,11:00,17.6,92,0.0,440
1,25/12/22,11:30,17.5,91,0.0,295
1,25/12/22,12:00,17.2,92,0.0,166
1,25/12/22,12:30,17.7,93,0.0,186
1,25/12/22,13:00,18.3,92,0.0,403
1,25/12/22,13:30,20.0,86,0.0,933
1,25/12/22,14:00,20.2,86,0.0,1055
1,25/12/22,14:30,20.2,84,0.0,996
1,25/12/22,15:00,20.4,82,0.0,846
1,25/12/22,15:30,20.4,84,0.0,441
1,25/12/22,16:00,20.6,83,0.0,351
1,25/12/22,16:30,20.3,84,0.0,316
1,25/12/22,17:00,19.8,86,0.0,331
1,25/12/22,17:30,19.8,85,0.0,230
1,25/12/22,18:00,19.4,87,0.0,116
1,25/12/22,18:30,19.4,86,0.0,87
1,25/12/22,19:00,18.7,89,0.0,46
1,25/12/22,19:30,18.6,90,0.0,13
1,25/12/22,20:00,17.7,92,0.0,0
1,25/12/22,20:30,17.5,94,0.0,0
1,25/12/22,21:00,17.3,95,0.0,0
1,25/12/22,21:30,17.1,95,0.0,0
1,25/12/22,22:00,17.0,95,0.0,0
1,25/12/22,22:30,17.1,95,0.0,0
1,25/12/22,23:00,17.0,95,0.0,0
1,25/12/22,23:30,17.1,95,0.0,0
1,26/12/22,00:00,17.2,95,0.0,0
1,26/12/22,0:30,17.1,95,0.0,0
1,26/12/22,1:00,16.9,95,0.0,0
1,26/12/22,1:30,16.8,95,0.0,0
1,26/12/22,2:00,16.7,95,0.0,0
1,26/12/22,2:30,16.9,95,0.0,0
1,26/12/22,3:00,16.6,95,0.0,0
1,26/12/22,3:30,16.6,95,0.0,0
1,26/12/22,4:00,16.4,94,0.0,0
1,26/12/22,4:30,16.5,94,0.0,0
1,26/12/22,5:00,16.2,94,0.0,0
1,26/12/22,5:30,16.3,93,0.0,1
1,26/12/22,6:00,16.3,93,0.0,26
1,26/12/22,6:30,16.6,93,0.0,90
1,26/12/22,7:00,16.8,92,0.0,159
1,26/12/22,7:30,16.8,91,0.0,130
1,26/12/22,8:00,17.3,89,0.0,202
1,26/12/22,8:30,18.0,85,0.0,336
1,26/12/22,9:00,18.4,81,0.0,287
1,26/12/22,9:30,18.7,79,0.0,290
1,26/12/22,10:00,19.9,75,0.0,516
1,26/12/22,10:30,20.8,70,0.0,1057
1,26/12/22,11:00,21.7,69,0.0,908
1,26/12/22,11:30,21.3,68,0.0,606
1,26/12/22,12:00,21.6,68,0.0,585
1,26/12/22,12:30,22.4,66,0.0,591
1,26/12/22,13:00,22.6,63,0.0,402
1,26/12/22,13:30,22.9,62,0.0,416
1,26/12/22,14:00,23.8,59,0.0,845
1,26/12/22,14:30,23.9,59,0.0,796
1,26/12/22,15:00,24.4,57,0.0,470
1,26/12/22,15:30,23.8,58,0.0,384
1,26/12/22,16:00,24.1,56,0.0,278
1,26/12/22,16:30,24.6,54,0.0,637
1,26/12/22,17:00,24.2,56,0.0,469
1,26/12/22,17:30,24.2,62,0.0,397
1,26/12/22,18:00,23.9,61,0.0,309
1,26/12/22,18:30,21.7,67,0.0,97
1,26/12/22,19:00,21.7,67,0.0,46
1,26/12/22,19:30,20.4,72,0.0,19
1,26/12/22,20:00,19.3,75,0.0,3
1,26/12/22,20:30,18.4,75,0.0,0
1,26/12/22,21:00,17.7,77,0.0,0
1,26/12/22,21:30,17.1,79,0.0,0
1,26/12/22,22:00,16.8,80,0.0,0
1,26/12/22,22:30,16.4,83,0.0,0
1,26/12/22,23:00,16.2,83,0.0,0
1,26/12/22,23:30,15.8,83,0.0,0
1,27/12/22,00:00,15.6,84,0.0,0
1,27/12/22,0:30,15.2,85,0.0,0
1,27/12/22,1:00,14.9,86,0.0,0
1,27/12/22,1:30,14.7,88,0.0,0
1,27/12/22,2:00,14.8,87,0.0,0
1,27/12/22,2:30,14.8,87,0.0,0
1,27/12/22,3:00,14.8,86,0.0,0
1,27/12/22,3:30,14.6,87,0.0,0
1,27/12/22,4:00,14.8,86,0.0,0
1,27/12/22,4:30,14.6,87,0.0,0
1,27/12/22,5:00,14.7,86,0.0,0
1,27/12/22,5:30,14.7,87,0.0,0
1,27/12/22,6:00,14.7,86,0.0,20
1,27/12/22,6:30,15.3,87,0.0,116
1,27/12/22,7:00,16.3,86,0.0,216
1,27/12/22,7:30,17.3,83,0.0,287
1,27/12/22,8:00,17.7,82,0.0,362
1,27/12/22,8:30,18.8,75,0.0,452
1,27/12/22,9:00,20.2,67,0.0,588
1,27/12/22,9:30,21.2,65,0.0,679
1,27/12/22,10:00,21.7,65,0.0,559
1,27/12/22,10:30,22.7,57,0.0,672
1,27/12/22,11:00,23.2,52,0.0,922
1,27/12/22,11:30,23.8,52,0.0,710
1,27/12/22,12:00,24.4,46,0.0,1082
1,27/12/22,12:30,24.9,48,0.0,908
1,27/12/22,13:00,25.3,43,0.0,885
1,27/12/22,13:30,25.6,45,0.0,806
1,27/12/22,14:00,26.1,42,0.0,989
1,27/12/22,14:30,26.1,42,0.0,775
1,27/12/22,15:00,26.1,42,0.0,517
1,27/12/22,15:30,26.2,40,0.0,497
1,27/12/22,16:00,26.2,41,0.0,422
1,27/12/22,16:30,25.8,43,0.0,329
1,27/12/22,17:00,25.6,44,0.0,221
1,27/12/22,17:30,25.3,46,0.0,171
1,27/12/22,18:00,24.9,51,0.0,107
1,27/12/22,18:30,24.2,53,0.0,58
1,27/12/22,19:00,23.4,55,0.0,26
1,27/12/22,19:30,22.6,59,0.0,16
1,27/12/22,20:00,21.9,63,0.0,0
1,27/12/22,20:30,21.4,64,0.0,0
1,27/12/22,21:00,20.8,65,0.0,0
1,27/12/22,21:30,20.2,67,0.0,0
1,27/12/22,22:00,19.1,72,0.0,0
1,27/12/22,22:30,17.8,82,0.2,0
1,27/12/22,23:00,17.2,88,0.6,0
1,27/12/22,23:30,17.1,88,0.2,0
1,28/12/22,00:00,16.7,90,0.2,0
1,28/12/22,0:30,16.3,92,0.4,0
1,28/12/22,1:00,16.2,93,1.4,0
1,28/12/22,1:30,15.9,94,1.4,0
1,28/12/22,2:00,15.8,95,0.2,0
1,28/12/22,2:30,15.7,95,0.2,0
1,28/12/22,3:00,15.4,95,0.2,0
1,28/12/22,3:30,15.3,95,0.0,0
1,28/12/22,4:00,15.0,95,0.0,0
1,28/12/22,4:30,14.9,95,0.0,0
1,28/12/22,5:00,15.0,95,0.0,0
1,28/12/22,5:30,14.9,95,0.0,0
1,28/12/22,6:00,14.8,96,0.0,3
1,28/12/22,6:30,15.2,96,0.0,26
1,28/12/22,7:00,15.3,97,0.0,68
1,28/12/22,7:30,15.8,97,0.0,222
1,28/12/22,8:00,17.2,96,0.0,463
1,28/12/22,8:30,17.9,92,0.0,445
1,28/12/22,9:00,19.7,82,0.0,674
1,28/12/22,9:30,20.8,75,0.0,773
1,28/12/22,10:00,21.8,74,0.0,869
1,28/12/22,10:30,22.9,71,0.0,957
1,28/12/22,11:00,23.2,71,0.0,1033
1,28/12/22,11:30,23.8,69,0.0,1175
1,28/12/22,12:00,24.8,65,0.0,985
1,28/12/22,12:30,25.2,63,0.0,1087
1,28/12/22,13:00,26.3,58,0.0,686
1,28/12/22,13:30,27.2,52,0.0,1132
1,28/12/22,14:00,27.9,49,0.0,1079
1,28/12/22,14:30,27.9,46,0.0,702
1,28/12/22,15:00,29.1,43,0.0,898
1,28/12/22,15:30,29.3,38,0.0,856
1,28/12/22,16:00,28.8,36,0.0,568
1,28/12/22,16:30,28.6,35,0.0,523
1,28/12/22,17:00,28.8,37,0.0,415
1,28/12/22,17:30,28.8,38,0.0,245
1,28/12/22,18:00,29.3,38,0.0,330
1,28/12/22,18:30,28.7,39,0.0,202
1,28/12/22,19:00,26.7,46,0.0,53
1,28/12/22,19:30,25.5,49,0.0,18
1,28/12/22,20:00,24.4,54,0.0,2
1,28/12/22,20:30,20.7,76,0.0,0
1,28/12/22,21:00,20.0,81,0.0,0
1,28/12/22,21:30,19.6,84,0.0,0
1,28/12/22,22:00,18.7,87,0.4,0
1,28/12/22,22:30,18.3,88,0.0,0
1,28/12/22,23:00,18.2,90,0.0,0
1,28/12/22,23:30,17.9,91,0.0,0
1,29/12/22,00:00,17.7,91,0.0,0
1,29/12/22,0:30,17.4,92,0.0,0
1,29/12/22,1:00,17.0,92,0.0,0
1,29/12/22,1:30,16.4,94,0.0,0
1,29/12/22,2:00,16.4,95,0.0,0
1,29/12/22,2:30,16.6,95,0.0,0
1,29/12/22,3:00,16.1,95,0.0,0
1,29/12/22,3:30,15.7,96,0.0,0
1,29/12/22,4:00,15.5,96,0.0,0
1,29/12/22,4:30,16.4,94,0.0,0
1,29/12/22,5:00,16.8,92,0.0,0
1,29/12/22,5:30,16.4,92,0.0,0
1,29/12/22,6:00,16.4,92,0.0,15
1,29/12/22,6:30,16.8,89,0.0,45
1,29/12/22,7:00,17.2,89,0.0,132
1,29/12/22,7:30,17.9,87,0.0,336
1,29/12/22,8:00,19.0,80,0.0,458
1,29/12/22,8:30,20.5,74,0.0,576
1,29/12/22,9:00,21.4,51,0.0,688
1,29/12/22,9:30,22.3,49,0.0,786
1,29/12/22,10:00,22.6,43,0.0,873
1,29/12/22,10:30,23.3,42,0.0,949
1,29/12/22,11:00,23.4,40,0.0,1013
1,29/12/22,11:30,23.7,41,0.0,1061
1,29/12/22,12:00,24.6,37,0.0,1095
1,29/12/22,12:30,25.0,37,0.0,1113
1,29/12/22,13:00,25.8,36,0.0,1003
1,29/12/22,13:30,26.0,37,0.0,1115
1,29/12/22,14:00,26.4,37,0.0,1090
1,29/12/22,14:30,25.7,37,0.0,920
1,29/12/22,15:00,26.9,38,0.0,998
1,29/12/22,15:30,26.8,35,0.0,899
1,29/12/22,16:00,26.8,33,0.0,694
1,29/12/22,16:30,27.2,33,0.0,545
1,29/12/22,17:00,27.1,34,0.0,471
1,29/12/22,17:30,26.9,35,0.0,430
1,29/12/22,18:00,26.1,35,0.0,226
1,29/12/22,18:30,26.3,34,0.0,205
1,29/12/22,19:00,25.8,36,0.0,90
1,29/12/22,19:30,24.4,40,0.0,24
1,29/12/22,20:00,21.9,54,0.0,3
1,29/12/22,20:30,20.5,61,0.0,0
1,29/12/22,21:00,19.8,63,0.0,0
1,29/12/22,21:30,18.7,69,0.0,0
1,29/12/22,22:00,18.1,75,0.0,0
1,29/12/22,22:30,17.6,79,0.0,0
1,29/12/22,23:00,17.2,80,0.0,0
1,29/12/22,23:30,17.1,80,0.0,0
1,30/12/22,00:00,16.6,82,0.0,0
1,30/12/22,0:30,16.4,82,0.0,0
1,30/12/22,1:00,16.0,83,0.0,0
1,30/12/22,1:30,15.8,83,0.0,0
1,30/12/22,2:00,15.6,84,0.0,0
1,30/12/22,2:30,15.3,84,0.0,0
1,30/12/22,3:00,15.4,83,0.0,0
1,30/12/22,3:30,15.6,83,0.0,0
1,30/12/22,4:00,15.4,84,0.0,0
1,30/12/22,4:30,15.5,84,0.0,0
1,30/12/22,5:00,15.5,84,0.0,0
1,30/12/22,5:30,15.1,85,0.0,0
1,30/12/22,6:00,15.2,85,0.0,18
1,30/12/22,6:30,15.9,84,0.0,88
1,30/12/22,7:00,16.9,81,0.0,205
1,30/12/22,7:30,17.9,75,0.0,326
1,30/12/22,8:00,18.9,70,0.0,445
1,30/12/22,8:30,19.9,70,0.0,559
1,30/12/22,9:00,21.6,67,0.0,669
1,30/12/22,9:30,23.2,61,0.0,771
1,30/12/22,10:00,24.7,55,0.0,863
1,30/12/22,10:30,25.9,52,0.0,941
1,30/12/22,11:00,27.5,39,0.0,1005
1,30/12/22,11:30,28.1,43,0.0,1052
1,30/12/22,12:00,28.8,41,0.0,1080
1,30/12/22,12:30,29.2,39,0.0,1096
1,30/12/22,13:00,29.7,36,0.0,1094
1,30/12/22,13:30,30.3,33,0.0,1072
1,30/12/22,14:00,30.6,35,0.0,1043
1,30/12/22,14:30,30.9,36,0.0,994
1,30/12/22,15:00,31.4,37,0.0,933
1,30/12/22,15:30,31.6,36,0.0,845
1,30/12/22,16:00,31.6,32,0.0,698
1,30/12/22,16:30,31.8,33,0.0,541
1,30/12/22,17:00,31.5,35,0.0,457
1,30/12/22,17:30,31.7,32,0.0,408
1,30/12/22,18:00,31.5,36,0.0,273
1,30/12/22,18:30,31.1,33,0.0,197
1,30/12/22,19:00,30.5,37,0.0,88
1,30/12/22,19:30,29.2,40,0.0,23
1,30/12/22,20:00,28.1,44,0.0,3
1,30/12/22,20:30,27.6,43,0.0,0
1,30/12/22,21:00,26.9,46,0.0,0
1,30/12/22,21:30,26.6,45,0.0,0
1,30/12/22,22:00,25.8,49,0.0,0
1,30/12/22,22:30,25.8,49,0.0,0
1,30/12/22,23:00,25.3,52,0.0,0
1,30/12/22,23:30,22.6,65,0.0,0
1,31/12/22,00:00,22.3,68,0.0,0
1,31/12/22,0:30,21.8,69,0.0,0
1,31/12/22,1:00,21.3,70,0.0,0
1,31/12/22,1:30,21.2,71,0.0,0
1,31/12/22,2:00,21.0,71,0.0,0
1,31/12/22,2:30,20.6,72,0.0,0
1,31/12/22,3:00,20.2,73,0.0,0
1,31/12/22,3:30,20.3,72,0.0,0
1,31/12/22,4:00,20.4,71,0.0,0
1,31/12/22,4:30,20.9,69,0.0,0
1,31/12/22,5:00,21.4,67,0.0,0
1,31/12/22,5:30,21.3,68,0.0,0
1,31/12/22,6:00,21.9,67,0.0,15
1,31/12/22,6:30,21.6,68,0.0,79
1,31/12/22,7:00,22.4,66,0.0,187
1,31/12/22,7:30,23.0,65,0.0,302
1,31/12/22,8:00,24.4,62,0.0,423
1,31/12/22,8:30,25.9,59,0.0,538
1,31/12/22,9:00,27.3,55,0.0,648
1,31/12/22,9:30,28.9,52,0.0,751
1,31/12/22,10:00,30.6,41,0.0,845
1,31/12/22,10:30,31.3,41,0.0,922
1,31/12/22,11:00,32.1,38,0.0,984
1,31/12/22,11:30,32.4,35,0.0,1032
1,31/12/22,12:00,32.9,34,0.0,1067
1,31/12/22,12:30,32.4,34,0.0,1028
1,31/12/22,13:00,33.3,34,0.0,732
1,31/12/22,13:30,33.7,33,0.0,799
1,31/12/22,14:00,34.2,32,0.0,817
1,31/12/22,14:30,34.1,33,0.0,1003
1,31/12/22,15:00,34.8,31,0.0,997
1,31/12/22,15:30,34.4,32,0.0,812
1,31/12/22,16:00,34.9,30,0.0,689
1,31/12/22,16:30,35.0,28,0.0,559
1,31/12/22,17:00,34.9,29,0.0,459
1,31/12/22,17:30,34.7,30,0.0,420
1,31/12/22,18:00,34.4,29,0.0,242
1,31/12/22,18:30,31.8,35,0.0,98
1,31/12/22,19:00,31.2,36,0.0,42
1,31/12/22,19:30,30.3,38,0.0,23
1,31/12/22,20:00,29.4,44,0.0,3
1,31/12/22,20:30,29.0,45,0.0,0
1,31/12/22,21:00,28.2,48,0.0,0
1,31/12/22,21:30,27.6,50,0.0,0
1,31/12/22,22:00,26.6,56,0.0,0
1,31/12/22,22:30,26.3,53,0.0,0
1,31/12/22,23:00,25.7,55,0.0,0
1,31/12/22,23:30,25.3,54,0.0,0
1,01/01/23,00:00,25.0,52,0.0,0
1,01/01/23,0:30,24.4,53,0.0,0
1,01/01/23,1:00,24.6,53,0.0,0
1,01/01/23,1:30,24.1,56,0.0,0
1,01/01/23,2:00,23.6,59,0.0,0
1,01/01/23,2:30,23.2,65,0.0,0
1,01/01/23,3:00,23.1,65,0.0,0
1,01/01/23,3:30,22.8,66,0.0,0
1,01/01/23,4:00,21.9,70,0.0,0
1,01/01/23,4:30,21.6,70,0.0,0
1,01/01/23,5:00,21.6,70,0.0,0
1,01/01/23,5:30,21.1,70,0.0,0
1,01/01/23,6:00,21.8,66,0.0,17
1,01/01/23,6:30,22.7,62,0.0,86
1,01/01/23,7:00,23.7,59,0.0,204
1,01/01/23,7:30,25.3,55,0.0,327
1,01/01/23,8:00,27.2,46,0.0,446
1,01/01/23,8:30,28.6,43,0.0,562
1,01/01/23,9:00,29.4,42,0.0,670
1,01/01/23,9:30,30.1,43,0.0,764
1,01/01/23,10:00,31.1,42,0.0,874
1,01/01/23,10:30,32.0,38,0.0,944
1,01/01/23,11:00,32.4,35,0.0,999
1,01/01/23,11:30,33.3,36,0.0,1051
1,01/01/23,12:00,33.3,31,0.0,1069
1,01/01/23,12:30,34.4,30,0.0,1090
1,01/01/23,13:00,34.3,32,0.0,938
1,01/01/23,13:30,34.2,33,0.0,655
1,01/01/23,14:00,34.7,30,0.0,753
1,01/01/23,14:30,34.6,31,0.0,560
1,01/01/23,15:00,34.6,34,0.0,820
1,01/01/23,15:30,34.9,33,0.0,847
1,01/01/23,16:00,35.7,27,0.0,678
1,01/01/23,16:30,35.0,30,0.0,469
1,01/01/23,17:00,34.4,33,0.0,330
1,01/01/23,17:30,34.9,32,0.0,482
1,01/01/23,18:00,34.3,33,0.0,241
1,01/01/23,18:30,31.3,59,0.0,117
1,01/01/23,19:00,30.4,59,0.0,101
1,01/01/23,19:30,29.6,60,0.0,37
1,01/01/23,20:00,28.8,62,0.0,2
1,01/01/23,20:30,27.7,63,0.0,0
1,01/01/23,21:00,27.3,64,0.0,0
1,01/01/23,21:30,27.0,64,0.0,0
1,01/01/23,22:00,27.0,64,0.0,0
1,01/01/23,22:30,26.6,67,0.0,0
1,01/01/23,23:00,25.3,72,0.0,0
1,01/01/23,23:30,22.6,89,0.0,0
1,02/01/23,00:00,21.8,93,0.0,0
1,02/01/23,0:30,21.7,93,0.2,0
1,02/01/23,1:00,21.7,94,0.0,0
1,02/01/23,1:30,21.9,94,0.0,0
1,02/01/23,2:00,21.8,93,0.0,0
1,02/01/23,2:30,21.7,92,0.0,0
1,02/01/23,3:00,21.5,93,0.0,0
1,02/01/23,3:30,21.3,94,0.2,0
1,02/01/23,4:00,21.3,95,0.2,0
1,02/01/23,4:30,21.6,92,0.0,0
1,02/01/23,5:00,21.6,92,0.0,0
1,02/01/23,5:30,21.5,91,0.0,0
1,02/01/23,6:00,21.3,92,0.0,10
1,02/01/23,6:30,21.7,92,0.0,77
1,02/01/23,7:00,21.8,91,0.0,109
1,02/01/23,7:30,22.0,93,0.0,161
1,02/01/23,8:00,22.4,92,0.0,232
1,02/01/23,8:30,22.6,92,0.0,144
1,02/01/23,9:00,22.4,93,0.0,142
1,02/01/23,9:30,22.6,93,0.0,152
1,02/01/23,10:00,23.2,91,0.0,238
1,02/01/23,10:30,24.1,87,0.0,337
1,02/01/23,11:00,24.5,84,0.0,321
1,02/01/23,11:30,23.7,85,0.0,147
1,02/01/23,12:00,23.7,85,0.0,244
1,02/01/23,12:30,23.9,81,0.0,346
1,02/01/23,13:00,23.4,84,0.0,424
1,02/01/23,13:30,24.9,80,0.0,1062
1,02/01/23,14:00,27.1,71,0.0,1062
1,02/01/23,14:30,26.8,69,0.0,991
1,02/01/23,15:00,27.3,68,0.0,789
1,02/01/23,15:30,27.7,60,0.0,865
1,02/01/23,16:00,27.8,56,0.0,672
1,02/01/23,16:30,28.2,48,0.0,551
1,02/01/23,17:00,28.2,42,0.0,463
1,02/01/23,17:30,28.1,45,0.0,418
1,02/01/23,18:00,27.8,41,0.0,271
1,02/01/23,18:30,27.3,36,0.0,208
1,02/01/23,19:00,26.3,42,0.0,93
1,02/01/23,19:30,24.9,49,0.0,21
1,02/01/23,20:00,23.6,54,0.0,3
1,02/01/23,20:30,22.7,57,0.0,0
1,02/01/23,21:00,22.5,54,0.0,0
1,02/01/23,21:30,21.7,55,0.0,0
1,02/01/23,22:00,21.6,57,0.0,0
1,02/01/23,22:30,20.5,62,0.0,0
1,02/01/23,23:00,19.5,74,0.0,0
1,02/01/23,23:30,18.8,79,0.0,0
1,03/01/23,00:00,18.4,80,0.0,0
1,03/01/23,0:30,17.6,84,0.0,0
1,03/01/23,1:00,17.4,86,0.0,0
1,03/01/23,1:30,17.1,86,0.0,0
1,03/01/23,2:00,16.6,87,0.0,0
1,03/01/23,2:30,16.6,88,0.0,0
1,03/01/23,3:00,16.2,88,0.0,0
1,03/01/23,3:30,15.9,89,0.0,0
1,03/01/23,4:00,15.2,90,0.0,0
1,03/01/23,4:30,14.4,90,0.0,0
1,03/01/23,5:00,14.1,92,0.0,0
1,03/01/23,5:30,14.0,92,0.0,0
1,03/01/23,6:00,14.4,94,0.0,24
1,03/01/23,6:30,14.3,95,0.0,69
1,03/01/23,7:00,14.9,94,0.0,199
1,03/01/23,7:30,16.3,92,0.0,334
1,03/01/23,8:00,18.1,82,0.0,435
1,03/01/23,8:30,19.5,75,0.0,571
1,03/01/23,9:00,20.0,71,0.0,682
1,03/01/23,9:30,21.3,59,0.0,785
1,03/01/23,10:00,22.4,54,0.0,877
1,03/01/23,10:30,23.3,46,0.0,958
1,03/01/23,11:00,23.9,41,0.0,1026
1,03/01/23,11:30,24.8,43,0.0,1076
1,03/01/23,12:00,25.8,36,0.0,1111
1,03/01/23,12:30,26.4,34,0.0,1126
1,03/01/23,13:00,26.8,32,0.0,1120
1,03/01/23,13:30,27.9,32,0.0,1101
1,03/01/23,14:00,27.4,30,0.0,1071
1,03/01/23,14:30,28.1,26,0.0,1022
1,03/01/23,15:00,28.1,26,0.0,961
1,03/01/23,15:30,28.4,27,0.0,861
1,03/01/23,16:00,28.2,27,0.0,502
1,03/01/23,16:30,28.3,28,0.0,487
1,03/01/23,17:00,27.8,26,0.0,406
1,03/01/23,17:30,27.5,29,0.0,276
1,03/01/23,18:00,27.6,31,0.0,299
1,03/01/23,18:30,26.3,33,0.0,143
1,03/01/23,19:00,25.4,39,0.0,70
1,03/01/23,19:30,24.3,41,0.0,30
1,03/01/23,20:00,23.4,40,0.0,3
1,03/01/23,20:30,22.8,42,0.0,0
1,03/01/23,21:00,22.2,45,0.0,0
1,03/01/23,21:30,21.4,50,0.0,0
1,03/01/23,22:00,21.1,47,0.0,0
1,03/01/23,22:30,19.8,52,0.0,0
1,03/01/23,23:00,20.1,50,0.0,0
1,03/01/23,23:30,19.2,53,0.0,0
1,04/01/23,00:00,19.1,54,0.0,0
1,04/01/23,0:30,19.1,54,0.0,0
1,04/01/23,1:00,19.0,56,0.0,0
1,04/01/23,1:30,18.6,58,0.0,0
1,04/01/23,2:00,18.6,59,0.0,0
1,04/01/23,2:30,18.2,65,0.0,0
1,04/01/23,3:00,17.8,73,0.0,0
1,04/01/23,3:30,17.5,75,0.0,0
1,04/01/23,4:00,17.0,76,0.0,0
1,04/01/23,4:30,17.1,81,0.0,0
1,04/01/23,5:00,17.1,82,0.0,0
1,04/01/23,5:30,17.1,81,0.0,0
1,04/01/23,6:00,17.6,77,0.0,10
1,04/01/23,6:30,18.0,73,0.0,30
1,04/01/23,7:00,18.2,72,0.0,52
1,04/01/23,7:30,18.3,74,0.0,96
1,04/01/23,8:00,19.6,75,0.0,190
1,04/01/23,8:30,20.2,75,0.0,218
1,04/01/23,9:00,22.6,65,0.0,711
1,04/01/23,9:30,24.7,53,0.0,753
1,04/01/23,10:00,26.2,46,0.0,860
1,04/01/23,10:30,27.1,44,0.0,926
1,04/01/23,11:00,27.8,38,0.0,996
1,04/01/23,11:30,28.6,38,0.0,1045
1,04/01/23,12:00,29.9,35,0.0,1075
1,04/01/23,12:30,29.7,34,0.0,1100
1,04/01/23,13:00,30.1,35,0.0,1167
1,04/01/23,13:30,29.3,35,0.0,896
1,04/01/23,14:00,29.6,35,0.0,605
1,04/01/23,14:30,30.6,34,0.0,823
1,04/01/23,15:00,30.1,33,0.0,613
1,04/01/23,15:30,31.5,30,0.0,794
1,04/01/23,16:00,30.3,33,0.0,441
1,04/01/23,16:30,30.3,32,0.0,432
1,04/01/23,17:00,28.9,43,0.0,283
1,04/01/23,17:30,28.0,49,0.0,267
1,04/01/23,18:00,25.9,60,0.0,134
1,04/01/23,18:30,25.7,60,0.0,144
1,04/01/23,19:00,24.6,65,0.0,138
1,04/01/23,19:30,23.2,69,0.0,38
1,04/01/23,20:00,22.2,71,0.0,6
1,04/01/23,20:30,21.8,74,0.0,0
1,04/01/23,21:00,21.2,75,0.0,0
1,04/01/23,21:30,20.5,81,0.0,0
1,04/01/23,22:00,19.9,86,0.0,0
1,04/01/23,22:30,19.5,88,0.0,0
1,04/01/23,23:00,19.3,87,0.0,0
1,04/01/23,23:30,19.0,86,0.0,0
1,05/01/23,00:00,18.7,87,0.0,0
1,05/01/23,0:30,18.4,88,0.0,0
1,05/01/23,1:00,18.3,90,0.0,0
1,05/01/23,1:30,18.3,91,0.0,0
1,05/01/23,2:00,18.2,92,0.0,0
1,05/01/23,2:30,18.2,92,0.0,0
1,05/01/23,3:00,18.2,92,0.0,0
1,05/01/23,3:30,18.1,92,0.0,0
1,05/01/23,4:00,18.1,92,0.0,0
1,05/01/23,4:30,17.8,93,0.0,0
1,05/01/23,5:00,17.8,93,0.0,0
1,05/01/23,5:30,18.0,94,0.0,0
1,05/01/23,6:00,18.0,95,0.0,12
1,05/01/23,6:30,18.4,95,0.0,71
1,05/01/23,7:00,18.9,94,0.0,169
1,05/01/23,7:30,19.5,92,0.0,306
1,05/01/23,8:00,20.3,88,0.0,430
1,05/01/23,8:30,21.4,84,0.0,543
1,05/01/23,9:00,22.4,78,0.0,653
1,05/01/23,9:30,23.8,71,0.0,756
1,05/01/23,10:00,24.4,72,0.0,847
1,05/01/23,10:30,25.6,61,0.0,925
1,05/01/23,11:00,26.7,57,0.0,993
1,05/01/23,11:30,27.0,53,0.0,1044
1,05/01/23,12:00,28.4,50,0.0,1076
1,05/01/23,12:30,28.7,45,0.0,1081
1,05/01/23,13:00,29.3,45,0.0,1139
1,05/01/23,13:30,29.3,41,0.0,785
1,05/01/23,14:00,30.2,35,0.0,1106
1,05/01/23,14:30,30.0,37,0.0,1076
1,05/01/23,15:00,30.4,36,0.0,979
1,05/01/23,15:30,30.6,39,0.0,885
1,05/01/23,16:00,30.3,37,0.0,593
1,05/01/23,16:30,30.4,35,0.0,534
1,05/01/23,17:00,29.3,42,0.0,223
1,05/01/23,17:30,29.4,46,0.0,396
1,05/01/23,18:00,28.2,52,0.0,291
1,05/01/23,18:30,27.2,56,0.0,186
1,05/01/23,19:00,26.2,60,0.0,89
1,05/01/23,19:30,25.1,63,0.0,26
1,05/01/23,20:00,24.0,67,0.0,4
1,05/01/23,20:30,23.2,70,0.0,0
1,05/01/23,21:00,22.6,73,0.0,0
1,05/01/23,21:30,21.9,75,0.0,0
1,05/01/23,22:00,21.4,77,0.0,0
1,05/01/23,22:30,20.8,78,0.0,0
1,05/01/23,23:00,20.4,80,0.0,0
1,05/01/23,23:30,20.0,81,0.0,0
1,06/01/23,00:00,19.5,83,0.0,0
1,06/01/23,0:30,19.1,84,0.0,0
1,06/01/23,1:00,18.6,86,0.0,0
1,06/01/23,1:30,18.2,87,0.0,0
1,06/01/23,2:00,18.0,88,0.0,0
1,06/01/23,2:30,17.8,89,0.0,0
1,06/01/23,3:00,17.5,90,0.0,0
1,06/01/23,3:30,17.4,90,0.0,0
1,06/01/23,4:00,17.5,90,0.0,0
1,06/01/23,4:30,17.7,90,0.0,0
1,06/01/23,5:00,17.1,91,0.0,0
1,06/01/23,5:30,17.4,91,0.0,0
1,06/01/23,6:00,17.5,91,0.0,12
1,06/01/23,6:30,18.3,90,0.0,76
1,06/01/23,7:00,19.1,87,0.0,195
1,06/01/23,7:30,20.2,83,0.0,322
1,06/01/23,8:00,21.2,76,0.0,442
1,06/01/23,8:30,22.2,70,0.0,559
1,06/01/23,9:00,23.1,66,0.0,671
1,06/01/23,9:30,24.0,64,0.0,776
1,06/01/23,10:00,24.7,58,0.0,866
1,06/01/23,10:30,25.5,53,0.0,947
1,06/01/23,11:00,26.2,49,0.0,1009
1,06/01/23,11:30,26.8,47,0.0,1056
1,06/01/23,12:00,27.6,47,0.0,1088
1,06/01/23,12:30,28.6,43,0.0,1102
1,06/01/23,13:00,28.8,42,0.0,1101
1,06/01/23,13:30,29.1,44,0.0,1084
1,06/01/23,14:00,29.2,43,0.0,1053
1,06/01/23,14:30,29.7,39,0.0,1004
1,06/01/23,15:00,29.8,38,0.0,938
1,06/01/23,15:30,29.9,37,0.0,860
1,06/01/23,16:00,30.2,38,0.0,735
1,06/01/23,16:30,29.8,36,0.0,552
1,06/01/23,17:00,29.3,44,0.0,457
1,06/01/23,17:30,28.6,44,0.0,408
1,06/01/23,18:00,27.7,47,0.0,296
1,06/01/23,18:30,26.7,50,0.0,193
1,06/01/23,19:00,25.8,55,0.0,95
1,06/01/23,19:30,24.4,61,0.0,26
1,06/01/23,20:00,23.1,68,0.0,4
1,06/01/23,20:30,22.2,72,0.0,0
1,06/01/23,21:00,21.3,74,0.0,0
1,06/01/23,21:30,20.7,77,0.0,0
1,06/01/23,22:00,20.2,79,0.0,0
1,06/01/23,22:30,19.8,80,0.0,0
1,06/01/23,23:00,19.3,80,0.0,0
1,06/01/23,23:30,19.0,81,0.0,0
1,07/01/23,00:00,18.7,82,0.0,0
1,07/01/23,0:30,18.4,84,0.0,0
1,07/01/23,1:00,18.1,85,0.0,0
1,07/01/23,1:30,17.8,86,0.0,0
1,07/01/23,2:00,17.4,88,0.0,0
1,07/01/23,2:30,17.3,89,0.0,0
1,07/01/23,3:00,17.2,90,0.0,0
1,07/01/23,3:30,17.0,91,0.0,0
1,07/01/23,4:00,17.0,91,0.0,0
1,07/01/23,4:30,17.3,89,0.0,0
1,07/01/23,5:00,17.1,88,0.0,0
1,07/01/23,5:30,17.1,88,0.0,0
1,07/01/23,6:00,17.3,87,0.0,11
1,07/01/23,6:30,17.8,86,0.0,68
1,07/01/23,7:00,18.9,83,0.0,183
1,07/01/23,7:30,19.7,82,0.0,306
1,07/01/23,8:00,20.7,80,0.0,425
1,07/01/23,8:30,21.6,75,0.0,547
1,07/01/23,9:00,22.3,70,0.0,653
1,07/01/23,9:30,23.1,67,0.0,758
1,07/01/23,10:00,24.1,63,0.0,855
1,07/01/23,10:30,25.3,61,0.0,940
1,07/01/23,11:00,25.4,56,0.0,1008
1,07/01/23,11:30,26.1,58,0.0,1006
1,07/01/23,12:00,26.6,52,0.0,1134
1,07/01/23,12:30,26.9,51,0.0,1161
1,07/01/23,13:00,27.8,48,0.0,1108
1,07/01/23,13:30,28.2,46,0.0,1104
1,07/01/23,14:00,28.6,45,0.0,1077
1,07/01/23,14:30,28.6,44,0.0,835
1,07/01/23,15:00,29.3,45,0.0,974
1,07/01/23,15:30,28.9,44,0.0,725
1,07/01/23,16:00,28.4,48,0.0,664
1,07/01/23,16:30,28.5,48,0.0,590
1,07/01/23,17:00,28.1,50,0.0,486
1,07/01/23,17:30,27.5,51,0.0,409
1,07/01/23,18:00,26.9,54,0.0,298
1,07/01/23,18:30,26.2,57,0.0,188
1,07/01/23,19:00,25.3,60,0.0,93
1,07/01/23,19:30,24.2,64,0.0,26
1,07/01/23,20:00,23.1,69,0.0,4
1,07/01/23,20:30,22.1,73,0.0,0
1,07/01/23,21:00,21.4,75,0.0,0
1,07/01/23,21:30,20.8,76,0.0,0
1,07/01/23,22:00,20.3,78,0.0,0
1,07/01/23,22:30,19.9,81,0.0,0
1,07/01/23,23:00,19.4,84,0.0,0
1,07/01/23,23:30,19.3,85,0.0,0
1,08/01/23,00:00,19.1,87,0.0,0
1,08/01/23,0:30,18.9,88,0.0,0
1,08/01/23,1:00,18.4,89,0.0,0
1,08/01/23,1:30,18.1,90,0.0,0
1,08/01/23,2:00,18.1,88,0.0,0
1,08/01/23,2:30,17.9,89,0.0,0
1,08/01/23,3:00,17.4,91,0.0,0
1,08/01/23,3:30,17.1,91,0.0,0
1,08/01/23,4:00,16.8,92,0.0,0
1,08/01/23,4:30,17.0,93,0.0,0
1,08/01/23,5:00,17.1,92,0.0,0
1,08/01/23,5:30,17.1,92,0.0,0
1,08/01/23,6:00,17.2,93,0.0,10
1,08/01/23,6:30,17.8,92,0.0,65
1,08/01/23,7:00,18.6,90,0.0,178
1,08/01/23,7:30,19.4,87,0.0,299
1,08/01/23,8:00,20.5,83,0.0,421
1,08/01/23,8:30,21.6,78,0.0,535
1,08/01/23,9:00,22.7,72,0.0,686
1,08/01/23,9:30,23.4,67,0.0,739
1,08/01/23,10:00,24.0,63,0.0,869
1,08/01/23,10:30,24.7,63,0.0,980
1,08/01/23,11:00,25.3,58,0.0,1056
1,08/01/23,11:30,26.3,54,0.0,1065
1,08/01/23,12:00,26.7,52,0.0,1130
1,08/01/23,12:30,27.1,48,0.0,1207
1,08/01/23,13:00,27.7,48,0.0,1209
1,08/01/23,13:30,27.4,47,0.0,805
1,08/01/23,14:00,28.4,47,0.0,1116
1,08/01/23,14:30,28.2,45,0.0,972
1,08/01/23,15:00,29.2,42,0.0,941
1,08/01/23,15:30,29.0,43,0.0,962
1,08/01/23,16:00,29.1,45,0.0,615
1,08/01/23,16:30,29.1,44,0.0,422
1,08/01/23,17:00,27.6,50,0.0,370
1,08/01/23,17:30,27.8,51,0.0,404
1,08/01/23,18:00,27.1,54,0.0,278
1,08/01/23,18:30,25.9,57,0.0,185
1,08/01/23,19:00,24.8,61,0.0,92
1,08/01/23,19:30,23.7,65,0.0,27
1,08/01/23,20:00,22.5,70,0.0,4
1,08/01/23,20:30,21.7,74,0.0,0
1,08/01/23,21:00,21.1,77,0.0,0
1,08/01/23,21:30,20.5,79,0.0,0
1,08/01/23,22:00,20.1,81,0.0,0
1,08/01/23,22:30,19.5,83,0.0,0
1,08/01/23,23:00,19.2,85,0.0,0
1,08/01/23,23:30,18.9,86,0.0,0
1,09/01/23,00:00,18.7,88,0.0,0
1,09/01/23,0:30,18.6,88,0.0,0
1,09/01/23,1:00,18.4,89,0.0,0
1,09/01/23,1:30,18.0,90,0.0,0
1,09/01/23,2:00,17.8,91,0.0,0
1,09/01/23,2:30,17.8,91,0.0,0
1,09/01/23,3:00,17.7,91,0.0,0
1,09/01/23,3:30,17.3,93,0.0,0
1,09/01/23,4:00,17.2,93,0.0,0
1,09/01/23,4:30,16.9,94,0.0,0
1,09/01/23,5:00,16.9,94,0.0,0
1,09/01/23,5:30,16.8,94,0.0,0
1,09/01/23,6:00,16.7,94,0.0,9
1,09/01/23,6:30,17.4,93,0.0,64
1,09/01/23,7:00,18.6,91,0.0,178
1,09/01/23,7:30,19.7,86,0.0,304
1,09/01/23,8:00,21.0,81,0.0,425
1,09/01/23,8:30,22.2,75,0.0,541
1,09/01/23,9:00,23.3,70,0.0,653
1,09/01/23,9:30,24.3,64,0.0,782
1,09/01/23,10:00,24.3,61,0.0,766
1,09/01/23,10:30,25.4,57,0.0,964
1,09/01/23,11:00,26.1,56,0.0,954
1,09/01/23,11:30,26.4,51,0.0,1040
1,09/01/23,12:00,27.1,49,0.0,738
1,09/01/23,12:30,27.5,49,0.0,1101
1,09/01/23,13:00,28.6,46,0.0,959
1,09/01/23,13:30,28.8,45,0.0,1085
1,09/01/23,14:00,29.6,45,0.0,1182
1,09/01/23,14:30,29.9,41,0.0,919
1,09/01/23,15:00,30.2,40,0.0,957
1,09/01/23,15:30,30.1,38,0.0,954
1,09/01/23,16:00,30.3,38,0.0,758
1,09/01/23,16:30,29.3,39,0.0,394
1,09/01/23,17:00,28.6,47,0.0,139
1,09/01/23,17:30,29.2,47,0.0,265
1,09/01/23,18:00,27.9,55,0.0,316
1,09/01/23,18:30,27.1,60,0.0,199
1,09/01/23,19:00,25.7,64,0.0,90
1,09/01/23,19:30,24.3,68,0.0,26
1,09/01/23,20:00,23.1,73,0.0,4
1,09/01/23,20:30,22.3,76,0.0,0
1,09/01/23,21:00,21.6,79,0.0,0
1,09/01/23,21:30,21.1,80,0.0,0
1,09/01/23,22:00,20.6,83,0.0,0
1,09/01/23,22:30,20.2,85,0.0,0
1,09/01/23,23:00,19.8,86,0.0,0
1,09/01/23,23:30,19.6,87,0.0,0
1,10/01/23,00:00,19.3,88,0.0,0
1,10/01/23,0:30,18.7,89,0.0,0
1,10/01/23,1:00,18.6,89,0.0,0
1,10/01/23,1:30,18.7,89,0.0,0
1,10/01/23,2:00,18.6,89,0.0,0
1,10/01/23,2:30,18.1,90,0.0,0
1,10/01/23,3:00,17.9,92,0.0,0
1,10/01/23,3:30,17.9,92,0.0,0
1,10/01/23,4:00,18.0,92,0.0,0
1,10/01/23,4:30,17.7,93,0.0,0
1,10/01/23,5:00,17.6,94,0.0,0
1,10/01/23,5:30,17.9,93,0.0,0
1,10/01/23,6:00,17.9,93,0.0,8
1,10/01/23,6:30,18.3,93,0.0,57
1,10/01/23,7:00,19.2,91,0.0,161
1,10/01/23,7:30,20.4,87,0.0,286
1,10/01/23,8:00,22.1,82,0.0,406
1,10/01/23,8:30,23.8,74,0.0,521
1,10/01/23,9:00,25.8,65,0.0,631
1,10/01/23,9:30,27.1,56,0.0,731
1,10/01/23,10:00,28.3,50,0.0,825
1,10/01/23,10:30,28.7,49,0.0,912
1,10/01/23,11:00,29.3,45,0.0,900
1,10/01/23,11:30,29.7,46,0.0,630
1,10/01/23,12:00,29.8,43,0.0,1104
1,10/01/23,12:30,31.2,37,0.0,1275
1,10/01/23,13:00,30.1,44,0.0,1166
1,10/01/23,13:30,30.3,45,0.0,1120
1,10/01/23,14:00,30.1,44,0.0,1025
1,10/01/23,14:30,30.3,43,0.0,1009
1,10/01/23,15:00,30.3,44,0.0,934
1,10/01/23,15:30,30.3,42,0.0,829
1,10/01/23,16:00,27.7,58,0.0,540
1,10/01/23,16:30,28.1,58,0.0,418
1,10/01/23,17:00,27.2,57,0.0,448
1,10/01/23,17:30,26.3,61,0.0,106
1,10/01/23,18:00,25.9,62,0.0,125
1,10/01/23,18:30,24.4,68,0.4,33
1,10/01/23,19:00,22.3,84,13.2,126
1,10/01/23,19:30,22.2,88,0.0,50
1,10/01/23,20:00,21.3,86,0.0,5
1,10/01/23,20:30,20.7,89,0.0,0
1,10/01/23,21:00,21.3,91,0.0,0
1,10/01/23,21:30,21.1,90,0.0,0
1,10/01/23,22:00,20.5,91,0.0,0
1,10/01/23,22:30,20.2,92,0.0,0
1,10/01/23,23:00,19.8,93,0.0,0
1,10/01/23,23:30,19.8,94,0.0,0
1,11/01/23,00:00,19.9,93,0.0,0
1,11/01/23,0:30,19.8,94,0.0,0
1,11/01/23,1:00,19.5,94,0.0,0
1,11/01/23,1:30,19.3,95,0.0,0
1,11/01/23,2:00,19.3,96,0.0,0
1,11/01/23,2:30,19.1,96,0.0,0
1,11/01/23,3:00,19.0,96,0.0,0
1,11/01/23,3:30,18.8,97,0.0,0
1,11/01/23,4:00,18.8,97,0.0,0
1,11/01/23,4:30,18.7,97,0.0,0
1,11/01/23,5:00,18.7,97,0.0,0
1,11/01/23,5:30,18.6,98,0.0,0
1,11/01/23,6:00,18.5,98,0.0,6
1,11/01/23,6:30,18.6,98,0.0,37
1,11/01/23,7:00,19.2,97,0.0,156
1,11/01/23,7:30,20.0,95,0.0,285
1,11/01/23,8:00,21.0,89,0.0,406
1,11/01/23,8:30,22.2,83,0.0,522
1,11/01/23,9:00,23.9,74,0.0,630
1,11/01/23,9:30,25.4,66,0.0,735
1,11/01/23,10:00,27.0,58,0.0,827
1,11/01/23,10:30,28.2,53,0.0,908
1,11/01/23,11:00,29.1,50,0.0,975
1,11/01/23,11:30,29.6,47,0.0,1026
1,11/01/23,12:00,30.4,45,0.0,1032
1,11/01/23,12:30,31.1,45,0.0,1106
1,11/01/23,13:00,31.4,41,0.0,1044
1,11/01/23,13:30,32.3,37,0.0,1119
1,11/01/23,14:00,31.3,41,0.0,377
1,11/01/23,14:30,32.7,36,0.0,911
1,11/01/23,15:00,33.5,34,0.0,900
1,11/01/23,15:30,32.5,37,0.0,297
1,11/01/23,16:00,32.2,39,0.0,261
1,11/01/23,16:30,32.2,39,0.0,243
1,11/01/23,17:00,29.9,47,0.0,145
1,11/01/23,17:30,28.1,53,0.0,92
1,11/01/23,18:00,28.5,50,0.0,119
1,11/01/23,18:30,30.2,41,0.0,231
1,11/01/23,19:00,28.9,44,0.0,63
1,11/01/23,19:30,27.7,49,0.0,24
1,11/01/23,20:00,27.4,51,0.0,1
1,11/01/23,20:30,25.9,54,0.0,0
1,11/01/23,21:00,26.4,52,0.0,0
1,11/01/23,21:30,25.2,56,0.0,0
1,11/01/23,22:00,24.1,60,0.0,0
1,11/01/23,22:30,24.0,63,0.0,0
1,11/01/23,23:00,23.9,63,0.0,0
1,11/01/23,23:30,24.0,64,0.0,0
1,12/01/23,00:00,23.2,70,0.0,0
1,12/01/23,0:30,22.2,71,0.0,0
1,12/01/23,1:00,21.4,78,0.0,0
1,12/01/23,1:30,22.4,72,0.0,0
1,12/01/23,2:00,22.7,72,0.0,0
1,12/01/23,2:30,22.8,71,0.0,0
1,12/01/23,3:00,21.5,75,0.0,0
1,12/01/23,3:30,20.6,78,0.0,0
1,12/01/23,4:00,21.2,76,0.0,0
1,12/01/23,4:30,20.8,77,0.0,0
1,12/01/23,5:00,20.8,79,0.0,0
1,12/01/23,5:30,20.8,79,0.0,0
1,12/01/23,6:00,20.7,80,0.0,8
1,12/01/23,6:30,20.8,79,0.0,20
1,12/01/23,7:00,21.3,78,0.0,42
1,12/01/23,7:30,21.8,78,0.0,97
1,12/01/23,8:00,22.4,76,0.0,158
1,12/01/23,8:30,22.9,75,0.0,167
1,12/01/23,9:00,24.2,72,0.0,472
1,12/01/23,9:30,25.5,67,0.0,592
1,12/01/23,10:00,26.9,62,0.0,836
1,12/01/23,10:30,27.7,57,0.0,898
1,12/01/23,11:00,28.3,56,0.0,965
1,12/01/23,11:30,29.1,52,0.0,1021
1,12/01/23,12:00,29.8,50,0.0,1077
1,12/01/23,12:30,30.3,49,0.0,1087
1,12/01/23,13:00,30.9,47,0.0,1094
1,12/01/23,13:30,31.4,47,0.0,1069
1,12/01/23,14:00,31.4,46,0.0,1026
1,12/01/23,14:30,32.4,41,0.0,1025
1,12/01/23,15:00,32.4,40,0.0,944
1,12/01/23,15:30,32.4,39,0.0,791
1,12/01/23,16:00,31.4,40,0.0,588
1,12/01/23,16:30,32.4,37,0.0,565
1,12/01/23,17:00,32.8,36,0.0,412
1,12/01/23,17:30,31.8,35,0.0,379
1,12/01/23,18:00,31.4,38,0.0,309
1,12/01/23,18:30,27.9,59,0.0,195
1,12/01/23,19:00,26.7,64,0.0,62
1,12/01/23,19:30,25.5,68,0.0,19
1,12/01/23,20:00,24.7,70,0.0,3
1,12/01/23,20:30,23.4,75,0.0,0
1,12/01/23,21:00,23.1,81,0.0,0
1,12/01/23,21:30,22.6,81,0.0,0
1,12/01/23,22:00,22.1,84,0.0,0
1,12/01/23,22:30,21.8,87,0.0,0
1,12/01/23,23:00,21.3,86,0.0,0
1,12/01/23,23:30,21.1,89,0.0,0
1,13/01/23,00:00,21.0,89,0.0,0
1,13/01/23,0:30,20.9,90,0.0,0
1,13/01/23,1:00,20.8,90,0.0,0
1,13/01/23,1:30,20.8,90,0.0,0
1,13/01/23,2:00,20.6,90,0.0,0
1,13/01/23,2:30,20.4,92,0.0,0
1,13/01/23,3:00,20.4,92,0.0,0
1,13/01/23,3:30,20.6,92,0.0,0
1,13/01/23,4:00,20.7,92,0.0,0
1,13/01/23,4:30,20.8,91,0.0,0
1,13/01/23,5:00,20.8,91,0.0,0
1,13/01/23,5:30,20.7,91,0.0,0
1,13/01/23,6:00,20.6,92,0.0,2
1,13/01/23,6:30,20.7,92,0.0,14
1,13/01/23,7:00,20.9,92,0.0,53
1,13/01/23,7:30,21.1,91,0.0,82
1,13/01/23,8:00,21.4,90,0.0,101
1,13/01/23,8:30,21.1,92,2.2,89
1,13/01/23,9:00,21.8,92,0.2,261
1,13/01/23,9:30,22.1,89,0.0,234
1,13/01/23,10:00,22.8,87,0.0,323
1,13/01/23,10:30,22.5,87,0.0,164
1,13/01/23,11:00,22.8,88,0.0,96
1,13/01/23,11:30,23.6,83,0.0,287
1,13/01/23,12:00,22.3,89,0.0,195
1,13/01/23,12:30,22.8,88,0.0,215
1,13/01/23,13:00,23.8,82,0.0,480
1,13/01/23,13:30,24.7,73,0.0,630
1,13/01/23,14:00,24.1,78,0.0,485
1,13/01/23,14:30,21.9,84,0.0,331
1,13/01/23,15:00,20.3,91,0.2,79
1,13/01/23,15:30,19.4,94,5.0,38
1,13/01/23,16:00,19.3,95,3.2,32
1,13/01/23,16:30,18.8,94,1.6,72
1,13/01/23,17:00,18.9,95,0.6,136
1,13/01/23,17:30,18.4,93,0.0,112
1,13/01/23,18:00,18.1,94,0.4,65
1,13/01/23,18:30,18.1,94,0.2,44
1,13/01/23,19:00,18.2,95,0.4,10
1,13/01/23,19:30,17.4,92,1.6,0
1,13/01/23,20:00,17.3,91,0.0,0
1,13/01/23,20:30,17.5,89,0.0,0
1,13/01/23,21:00,17.4,91,0.0,0
1,13/01/23,21:30,17.4,91,0.0,0
1,13/01/23,22:00,17.7,88,0.0,0
1,13/01/23,22:30,17.6,89,0.0,0
1,13/01/23,23:00,17.7,89,0.0,0
1,13/01/23,23:30,17.9,87,0.0,0
1,14/01/23,00:00,18.2,81,0.0,0
1,14/01/23,0:30,18.0,82,0.0,0
1,14/01/23,1:00,18.1,87,0.0,0
1,14/01/23,1:30,18.4,88,0.0,0
1,14/01/23,2:00,17.6,93,0.0,0
1,14/01/23,2:30,17.5,95,0.0,0
1,14/01/23,3:00,17.5,95,0.0,0
1,14/01/23,3:30,17.4,96,0.0,0
1,14/01/23,4:00,17.6,96,0.0,0
1,14/01/23,4:30,17.6,96,0.0,0
1,14/01/23,5:00,17.7,97,0.2,0
1,14/01/23,5:30,17.7,97,0.4,0
1,14/01/23,6:00,17.8,97,0.2,2
1,14/01/23,6:30,17.8,97,0.0,22
1,14/01/23,7:00,17.9,97,0.0,13
1,14/01/23,7:30,18.1,98,0.0,53
1,14/01/23,8:00,18.5,98,0.0,91
1,14/01/23,8:30,19.1,98,0.0,230
1,14/01/23,9:00,19.6,96,0.0,357
1,14/01/23,9:30,20.8,89,0.0,550
1,14/01/23,10:00,22.6,71,0.0,603
1,14/01/23,10:30,23.5,69,0.0,825
1,14/01/23,11:00,24.3,50,0.0,987
1,14/01/23,11:30,25.1,50,0.0,1035
1,14/01/23,12:00,25.4,43,0.0,1068
1,14/01/23,12:30,25.8,39,0.0,1085
1,14/01/23,13:00,26.1,43,0.0,1096
1,14/01/23,13:30,26.4,41,0.0,1051
1,14/01/23,14:00,26.9,39,0.0,1011
1,14/01/23,14:30,27.6,37,0.0,938
1,14/01/23,15:00,27.8,36,0.0,731
1,14/01/23,15:30,28.2,35,0.0,780
1,14/01/23,16:00,27.9,37,0.0,748
1,14/01/23,16:30,27.9,37,0.0,532
1,14/01/23,17:00,28.5,37,0.0,475
1,14/01/23,17:30,27.9,38,0.0,295
1,14/01/23,18:00,27.1,39,0.0,205
1,14/01/23,18:30,26.8,39,0.0,146
1,14/01/23,19:00,24.5,52,0.0,75
1,14/01/23,19:30,23.5,54,0.0,28
1,14/01/23,20:00,22.6,55,0.0,4
1,14/01/23,20:30,22.1,56,0.0,0
1,14/01/23,21:00,22.1,56,0.0,0
1,14/01/23,21:30,21.6,63,0.0,0
1,14/01/23,22:00,21.1,70,0.0,0
1,14/01/23,22:30,20.8,73,0.0,0
1,14/01/23,23:00,20.6,74,0.0,0
1,14/01/23,23:30,20.4,74,0.0,0
1,15/01/23,00:00,20.1,73,0.0,0
1,15/01/23,0:30,19.6,77,0.0,0
1,15/01/23,1:00,19.3,78,0.0,0
1,15/01/23,1:30,19.3,80,0.0,0
1,15/01/23,2:00,18.8,81,0.0,0
1,15/01/23,2:30,18.8,80,0.0,0
1,15/01/23,3:00,18.8,80,0.0,0
1,15/01/23,3:30,18.3,80,0.0,0
1,15/01/23,4:00,18.3,79,0.0,0
1,15/01/23,4:30,18.7,79,0.0,0
1,15/01/23,5:00,18.6,77,0.0,0
1,15/01/23,5:30,18.1,78,0.0,0
1,15/01/23,6:00,18.4,75,0.0,2
1,15/01/23,6:30,19.3,70,0.0,40
1,15/01/23,7:00,20.7,68,0.0,161
1,15/01/23,7:30,22.3,65,0.0,288
1,15/01/23,8:00,23.9,60,0.0,409
1,15/01/23,8:30,25.6,42,0.0,527
1,15/01/23,9:00,26.3,37,0.0,639
1,15/01/23,9:30,27.2,38,0.0,743
1,15/01/23,10:00,27.6,41,0.0,841
1,15/01/23,10:30,28.0,38,0.0,924
1,15/01/23,11:00,28.7,41,0.0,990
1,15/01/23,11:30,28.8,41,0.0,1042
1,15/01/23,12:00,29.1,34,0.0,1081
1,15/01/23,12:30,29.6,34,0.0,1104
1,15/01/23,13:00,29.6,33,0.0,1126
1,15/01/23,13:30,29.9,34,0.0,1104
1,15/01/23,14:00,30.3,34,0.0,1089
1,15/01/23,14:30,30.3,33,0.0,991
1,15/01/23,15:00,30.6,34,0.0,981
1,15/01/23,15:30,30.8,33,0.0,915
1,15/01/23,16:00,30.7,35,0.0,803
1,15/01/23,16:30,30.4,34,0.0,620
1,15/01/23,17:00,29.9,35,0.0,416
1,15/01/23,17:30,29.7,40,0.0,366
1,15/01/23,18:00,28.8,43,0.0,309
1,15/01/23,18:30,28.1,49,0.0,183
1,15/01/23,19:00,27.3,52,0.0,92
1,15/01/23,19:30,26.2,55,0.0,23
1,15/01/23,20:00,24.9,60,0.0,3
1,15/01/23,20:30,24.0,67,0.0,0
1,15/01/23,21:00,23.2,70,0.0,0
1,15/01/23,21:30,22.3,73,0.0,0
1,15/01/23,22:00,21.6,77,0.0,0
1,15/01/23,22:30,21.1,80,0.0,0
1,15/01/23,23:00,20.3,84,0.0,0
1,15/01/23,23:30,20.1,86,0.0,0
1,16/01/23,00:00,19.8,88,0.0,0
1,16/01/23,0:30,19.4,89,0.0,0
1,16/01/23,1:00,19.6,89,0.0,0
1,16/01/23,1:30,19.3,90,0.0,0
1,16/01/23,2:00,19.2,90,0.0,0
1,16/01/23,2:30,18.7,92,0.0,0
1,16/01/23,3:00,18.6,93,0.0,0
1,16/01/23,3:30,18.7,93,0.0,0
1,16/01/23,4:00,18.4,94,0.0,0
1,16/01/23,4:30,17.9,94,0.0,0
1,16/01/23,5:00,17.7,95,0.0,0
1,16/01/23,5:30,18.0,96,0.0,0
1,16/01/23,6:00,17.9,96,0.0,4
1,16/01/23,6:30,18.2,97,0.0,36
1,16/01/23,7:00,18.4,97,0.0,150
1,16/01/23,7:30,19.0,97,0.0,295
1,16/01/23,8:00,20.8,90,0.0,409
1,16/01/23,8:30,21.8,82,0.0,527
1,16/01/23,9:00,22.8,78,0.0,639
1,16/01/23,9:30,24.6,70,0.0,744
1,16/01/23,10:00,26.3,60,0.0,840
1,16/01/23,10:30,27.3,49,0.0,924
1,16/01/23,11:00,28.9,46,0.0,992
1,16/01/23,11:30,29.2,43,0.0,1044
1,16/01/23,12:00,30.1,36,0.0,1082
1,16/01/23,12:30,30.4,32,0.0,1097
1,16/01/23,13:00,30.8,32,0.0,1104
1,16/01/23,13:30,31.2,33,0.0,1108
1,16/01/23,14:00,31.4,32,0.0,1091
1,16/01/23,14:30,31.6,29,0.0,1025
1,16/01/23,15:00,31.8,26,0.0,953
1,16/01/23,15:30,31.8,27,0.0,817
1,16/01/23,16:00,31.7,31,0.0,783
1,16/01/23,16:30,31.2,36,0.0,604
1,16/01/23,17:00,30.9,37,0.0,458
1,16/01/23,17:30,30.4,39,0.0,302
1,16/01/23,18:00,29.7,42,0.0,309
1,16/01/23,18:30,28.9,43,0.0,184
1,16/01/23,19:00,27.9,46,0.0,93
1,16/01/23,19:30,26.7,52,0.0,23
1,16/01/23,20:00,25.2,67,0.0,3
1,16/01/23,20:30,24.2,72,0.0,0
1,16/01/23,21:00,23.2,77,0.0,0
1,16/01/23,21:30,22.3,82,0.0,0
1,16/01/23,22:00,21.7,85,0.0,0
1,16/01/23,22:30,21.2,87,0.0,0
1,16/01/23,23:00,20.7,88,0.0,0
1,16/01/23,23:30,20.1,91,0.0,0
1,17/01/23,00:00,19.8,92,0.0,0
1,17/01/23,0:30,19.7,92,0.0,0
1,17/01/23,1:00,19.1,93,0.0,0
1,17/01/23,1:30,19.1,94,0.0,0
1,17/01/23,2:00,19.2,94,0.0,0
1,17/01/23,2:30,19.4,93,0.0,0
1,17/01/23,3:00,19.4,93,0.0,0
1,17/01/23,3:30,19.5,93,0.0,0
1,17/01/23,4:00,19.3,94,0.0,0
1,17/01/23,4:30,19.1,94,0.0,0
1,17/01/23,5:00,19.0,95,0.0,0
1,17/01/23,5:30,18.9,95,0.0,0
1,17/01/23,6:00,18.7,96,0.0,5
1,17/01/23,6:30,19.4,96,0.0,50
1,17/01/23,7:00,19.7,96,0.0,103
1,17/01/23,7:30,20.6,92,0.0,278
1,17/01/23,8:00,20.8,93,0.0,217
1,17/01/23,8:30,21.9,89,0.0,443
1,17/01/23,9:00,22.5,86,0.0,504
1,17/01/23,9:30,23.3,83,0.0,318
1,17/01/23,10:00,24.7,78,0.0,914
1,17/01/23,10:30,25.8,73,0.0,965
1,17/01/23,11:00,27.0,68,0.0,1047
1,17/01/23,11:30,26.8,67,0.0,1004
1,17/01/23,12:00,27.9,65,0.0,1104
1,17/01/23,12:30,28.4,58,0.0,1094
1,17/01/23,13:00,29.3,57,0.0,1144
1,17/01/23,13:30,29.4,51,0.0,1117
1,17/01/23,14:00,30.0,48,0.0,1092
1,17/01/23,14:30,30.8,47,0.0,1007
1,17/01/23,15:00,30.8,47,0.0,944
1,17/01/23,15:30,31.1,45,0.0,874
1,17/01/23,16:00,30.7,48,0.0,788
1,17/01/23,16:30,30.6,53,0.0,552
1,17/01/23,17:00,29.7,57,0.0,439
1,17/01/23,17:30,28.9,58,0.0,358
1,17/01/23,18:00,27.8,64,0.0,311
1,17/01/23,18:30,26.7,68,0.0,184
1,17/01/23,19:00,25.6,72,0.0,93
1,17/01/23,19:30,24.3,77,0.0,24
1,17/01/23,20:00,23.4,80,0.0,3
1,17/01/23,20:30,22.8,83,0.0,0
1,17/01/23,21:00,22.3,85,0.0,0
1,17/01/23,21:30,22.1,85,0.0,0
1,17/01/23,22:00,21.6,86,0.0,0
1,17/01/23,22:30,21.7,86,0.0,0
1,17/01/23,23:00,21.6,87,0.0,0
1,17/01/23,23:30,21.3,88,0.0,0
1,18/01/23,00:00,20.9,89,0.0,0
1,18/01/23,0:30,20.4,90,0.0,0
1,18/01/23,1:00,20.4,91,0.0,0
1,18/01/23,1:30,20.4,92,0.0,0
1,18/01/23,2:00,20.4,91,0.0,0
1,18/01/23,2:30,20.6,91,0.0,0
1,18/01/23,3:00,20.5,92,0.0,0
1,18/01/23,3:30,20.5,92,0.0,0
1,18/01/23,4:00,20.6,92,0.0,0
1,18/01/23,4:30,20.5,92,0.0,0
1,18/01/23,5:00,20.6,93,0.0,0
1,18/01/23,5:30,20.5,93,0.0,0
1,18/01/23,6:00,20.7,93,0.0,3
1,18/01/23,6:30,20.8,92,0.0,26
1,18/01/23,7:00,21.2,91,0.0,70
1,18/01/23,7:30,21.9,88,0.0,205
1,18/01/23,8:00,22.8,85,0.0,363
1,18/01/23,8:30,23.1,83,0.0,433
1,18/01/23,9:00,24.2,76,0.0,486
1,18/01/23,9:30,24.9,73,0.0,746
1,18/01/23,10:00,25.1,71,0.0,887
1,18/01/23,10:30,26.1,70,0.0,837
1,18/01/23,11:00,26.0,68,0.0,887
1,18/01/23,11:30,26.7,69,0.0,565
1,18/01/23,12:00,26.6,69,0.0,523
1,18/01/23,12:30,27.6,67,0.0,884
1,18/01/23,13:00,28.2,66,0.0,1132
1,18/01/23,13:30,28.8,63,0.0,799
1,18/01/23,14:00,29.0,63,0.0,1130
1,18/01/23,14:30,28.3,64,0.0,500
1,18/01/23,15:00,28.2,64,0.0,428
1,18/01/23,15:30,28.6,62,0.0,560
1,18/01/23,16:00,28.3,64,0.0,464
1,18/01/23,16:30,28.2,63,0.0,463
1,18/01/23,17:00,28.1,64,0.0,457
1,18/01/23,17:30,27.2,66,0.0,297
1,18/01/23,18:00,26.6,70,0.0,305
1,18/01/23,18:30,25.7,72,0.0,183
1,18/01/23,19:00,24.2,77,0.0,89
1,18/01/23,19:30,22.8,81,0.0,22
1,18/01/23,20:00,22.3,83,0.0,2
1,18/01/23,20:30,22.1,83,0.0,0
1,18/01/23,21:00,21.6,85,0.0,0
1,18/01/23,21:30,21.2,86,0.0,0
1,18/01/23,22:00,21.6,86,0.0,0
1,18/01/23,22:30,21.4,86,0.0,0
1,18/01/23,23:00,21.2,87,0.0,0
1,18/01/23,23:30,21.0,89,0.0,0
1,19/01/23,00:00,20.9,89,0.0,0
1,19/01/23,0:30,20.8,89,0.0,0
1,19/01/23,1:00,20.7,89,0.0,0
1,19/01/23,1:30,20.4,90,0.0,0
1,19/01/23,2:00,20.3,90,0.0,0
1,19/01/23,2:30,20.3,91,0.0,0
1,19/01/23,3:00,20.3,91,0.0,0
1,19/01/23,3:30,20.3,92,0.0,0
1,19/01/23,4:00,20.4,93,0.0,0
1,19/01/23,4:30,20.6,93,0.0,0
1,19/01/23,5:00,20.7,93,0.0,0
1,19/01/23,5:30,20.7,92,0.0,0
1,19/01/23,6:00,20.7,92,0.0,1
1,19/01/23,6:30,20.8,91,0.0,17
1,19/01/23,7:00,21.1,91,0.0,75
1,19/01/23,7:30,21.1,91,0.0,110
1,19/01/23,8:00,21.3,90,0.0,194
1,19/01/23,8:30,21.6,90,0.0,231
1,19/01/23,9:00,21.9,89,0.0,255
1,19/01/23,9:30,22.7,87,0.0,349
1,19/01/23,10:00,23.2,84,0.0,452
1,19/01/23,10:30,24.1,81,0.0,512
1,19/01/23,11:00,24.4,80,0.0,495
1,19/01/23,11:30,25.1,77,0.0,486
1,19/01/23,12:00,25.6,76,0.0,536
1,19/01/23,12:30,26.1,74,0.0,524
1,19/01/23,13:00,25.9,75,0.0,354
1,19/01/23,13:30,26.4,75,0.0,440
1,19/01/23,14:00,26.4,77,0.0,543
1,19/01/23,14:30,26.3,75,0.0,386
1,19/01/23,15:00,26.8,73,0.0,438
1,19/01/23,15:30,27.9,71,0.0,805
1,19/01/23,16:00,27.5,70,0.0,813
1,19/01/23,16:30,28.1,66,0.0,593
1,19/01/23,17:00,27.9,68,0.0,445
1,19/01/23,17:30,28.1,68,0.0,383
1,19/01/23,18:00,27.3,69,0.0,264
1,19/01/23,18:30,27.1,71,0.0,212
1,19/01/23,19:00,25.8,74,0.0,73
1,19/01/23,19:30,25.2,76,0.0,22
1,19/01/23,20:00,24.2,79,0.0,3
1,19/01/23,20:30,23.6,82,0.0,0
1,19/01/23,21:00,23.1,85,0.0,0
1,19/01/23,21:30,22.9,86,0.0,0
1,19/01/23,22:00,22.7,87,0.0,0
1,19/01/23,22:30,22.6,88,0.0,0
1,19/01/23,23:00,22.3,87,0.0,0
1,19/01/23,23:30,21.9,88,0.0,0
1,20/01/23,00:00,21.6,90,0.0,0
1,20/01/23,0:30,21.2,91,0.0,0
1,20/01/23,1:00,21.4,90,0.0,0
1,20/01/23,1:30,21.6,88,0.0,0
1,20/01/23,2:00,21.6,89,0.0,0
1,20/01/23,2:30,21.6,87,0.0,0
1,20/01/23,3:00,21.7,86,0.0,0
1,20/01/23,3:30,21.5,87,0.0,0
1,20/01/23,4:00,21.3,88,0.0,0
1,20/01/23,4:30,21.2,88,0.0,0
1,20/01/23,5:00,20.5,90,0.0,0
1,20/01/23,5:30,20.1,91,0.0,0
1,20/01/23,6:00,20.1,92,0.0,3
1,20/01/23,6:30,20.4,91,0.0,31
1,20/01/23,7:00,20.9,90,0.0,96
1,20/01/23,7:30,21.7,88,0.0,220
1,20/01/23,8:00,22.5,86,0.0,241
1,20/01/23,8:30,23.4,84,0.0,475
1,20/01/23,9:00,24.1,81,0.0,638
1,20/01/23,9:30,24.6,81,0.0,676
1,20/01/23,10:00,25.2,78,0.0,560
1,20/01/23,10:30,26.2,76,0.0,364
1,20/01/23,11:00,27.3,72,0.0,750
1,20/01/23,11:30,27.8,67,0.0,867
1,20/01/23,12:00,27.7,68,0.0,349
1,20/01/23,12:30,29.1,63,0.0,832
1,20/01/23,13:00,28.9,63,0.0,909
1,20/01/23,13:30,30.6,57,0.0,1219
1,20/01/23,14:00,30.2,57,0.0,1106
1,20/01/23,14:30,30.6,56,0.0,1046
1,20/01/23,15:00,30.7,58,0.0,947
1,20/01/23,15:30,30.9,56,0.0,709
1,20/01/23,16:00,30.4,58,0.0,553
1,20/01/23,16:30,31.1,58,0.0,631
1,20/01/23,17:00,29.8,62,0.0,253
1,20/01/23,17:30,29.8,63,0.0,279
1,20/01/23,18:00,28.9,66,0.0,244
1,20/01/23,18:30,28.3,69,0.0,186
1,20/01/23,19:00,27.1,72,0.0,78
1,20/01/23,19:30,26.1,77,0.0,19
1,20/01/23,20:00,25.2,79,0.0,2
1,20/01/23,20:30,24.6,83,0.0,0
1,20/01/23,21:00,23.9,84,0.0,0
1,20/01/23,21:30,23.6,86,0.0,0
1,20/01/23,22:00,23.3,87,0.0,0
1,20/01/23,22:30,23.1,88,0.0,0
1,20/01/23,23:00,22.9,88,0.0,0
1,20/01/23,23:30,22.4,88,0.0,0
1,21/01/23,00:00,22.0,89,0.0,0
1,21/01/23,0:30,21.8,90,0.0,0
1,21/01/23,1:00,21.7,90,0.0,0
1,21/01/23,1:30,21.3,91,0.0,0
1,21/01/23,2:00,21.4,91,0.0,0
1,21/01/23,2:30,21.3,92,0.0,0
1,21/01/23,3:00,21.0,93,0.0,0
1,21/01/23,3:30,20.9,93,0.0,0
1,21/01/23,4:00,20.9,93,0.0,0
1,21/01/23,4:30,20.9,93,0.0,0
1,21/01/23,5:00,20.7,94,0.0,0
1,21/01/23,5:30,20.7,94,0.0,0
1,21/01/23,6:00,20.8,94,0.0,10
1,21/01/23,6:30,20.9,93,0.0,30
1,21/01/23,7:00,21.2,93,0.0,96
1,21/01/23,7:30,22.3,89,0.0,276
1,21/01/23,8:00,23.0,87,0.0,290
1,21/01/23,8:30,23.4,86,0.0,257
1,21/01/23,9:00,23.2,87,0.0,195
1,21/01/23,9:30,23.7,85,0.0,210
1,21/01/23,10:00,23.5,86,0.0,137
1,21/01/23,10:30,23.3,88,0.0,195
1,21/01/23,11:00,23.3,89,0.0,239
1,21/01/23,11:30,22.3,90,0.0,199
1,21/01/23,12:00,21.3,92,0.4,120
1,21/01/23,12:30,21.2,92,0.4,154
1,21/01/23,13:00,21.6,92,0.4,199
1,21/01/23,13:30,22.5,88,0.0,362
1,21/01/23,14:00,23.4,86,0.0,474
1,21/01/23,14:30,24.6,81,0.0,560
1,21/01/23,15:00,25.5,78,0.0,606
1,21/01/23,15:30,25.6,78,0.0,398
1,21/01/23,16:00,25.7,78,0.0,329
1,21/01/23,16:30,24.8,79,0.0,204
1,21/01/23,17:00,25.2,77,0.0,189
1,21/01/23,17:30,25.7,75,0.0,198
1,21/01/23,18:00,25.9,73,0.0,235
1,21/01/23,18:30,25.8,75,0.0,48
1,21/01/23,19:00,25.4,77,0.0,43
1,21/01/23,19:30,24.7,82,0.0,26
1,21/01/23,20:00,23.9,86,0.0,7
1,21/01/23,20:30,23.5,87,0.0,0
1,21/01/23,21:00,23.4,88,0.0,0
1,21/01/23,21:30,23.3,87,0.0,0
1,21/01/23,22:00,22.8,89,0.0,0
1,21/01/23,22:30,22.8,88,0.0,0
1,21/01/23,23:00,22.6,89,0.0,0
1,21/01/23,23:30,22.3,91,0.0,0
1,22/01/23,00:00,22.3,91,0.0,0
1,22/01/23,0:30,22.3,91,0.0,0
1,22/01/23,1:00,22.2,92,0.0,0
1,22/01/23,1:30,21.7,93,0.0,0
1,22/01/23,2:00,21.3,94,0.0,0
1,22/01/23,2:30,21.5,94,0.0,0
1,22/01/23,3:00,21.6,95,0.0,0
1,22/01/23,3:30,21.4,95,0.0,0
1,22/01/23,4:00,21.3,95,0.0,0
1,22/01/23,4:30,21.2,95,0.0,0
1,22/01/23,5:00,21.0,95,0.0,0
1,22/01/23,5:30,20.8,95,0.0,0
1,22/01/23,6:00,20.7,95,0.0,3
1,22/01/23,6:30,20.4,95,0.0,30
1,22/01/23,7:00,21.3,95,0.0,124
1,22/01/23,7:30,21.6,94,0.0,248
1,22/01/23,8:00,22.4,91,0.0,375
1,22/01/23,8:30,23.4,85,0.0,492
1,22/01/23,9:00,24.6,80,0.0,607
1,22/01/23,9:30,25.6,76,0.0,706
1,22/01/23,10:00,26.7,68,0.0,759
1,22/01/23,10:30,28.1,57,0.0,897
1,22/01/23,11:00,29.3,54,0.0,973
1,22/01/23,11:30,29.9,48,0.0,1021
1,22/01/23,12:00,30.6,47,0.0,1069
1,22/01/23,12:30,30.8,46,0.0,1109
1,22/01/23,13:00,31.6,42,0.0,1041
1,22/01/23,13:30,32.7,39,0.0,1162
1,22/01/23,14:00,31.6,40,0.0,804
1,22/01/23,14:30,32.9,35,0.0,1005
1,22/01/23,15:00,33.7,36,0.0,1035
1,22/01/23,15:30,32.2,38,0.0,507
1,22/01/23,16:00,32.1,38,0.0,375
1,22/01/23,16:30,31.7,41,0.0,459
1,22/01/23,17:00,32.3,38,0.0,204
1,22/01/23,17:30,32.6,36,0.0,206
1,22/01/23,18:00,32.9,38,0.0,326
1,22/01/23,18:30,32.1,41,0.0,204
1,22/01/23,19:00,28.8,60,0.0,87
1,22/01/23,19:30,27.6,65,0.0,12
1,22/01/23,20:00,26.8,68,0.0,1
1,22/01/23,20:30,25.9,70,0.0,0
1,22/01/23,21:00,24.9,73,0.0,0
1,22/01/23,21:30,23.8,75,0.0,0
1,22/01/23,22:00,23.6,70,0.0,0
1,22/01/23,22:30,23.2,71,0.0,0
1,22/01/23,23:00,22.8,71,0.0,0
1,22/01/23,23:30,22.6,71,0.0,0
1,23/01/23,00:00,22.1,72,0.0,0
1,23/01/23,0:30,22.1,75,0.0,0
1,23/01/23,1:00,21.7,76,0.0,0
1,23/01/23,1:30,20.7,80,0.0,0
1,23/01/23,2:00,20.5,81,0.0,0
1,23/01/23,2:30,20.6,80,0.0,0
1,23/01/23,3:00,21.2,76,0.0,0
1,23/01/23,3:30,19.7,81,0.0,0
1,23/01/23,4:00,19.9,79,0.0,0
1,23/01/23,4:30,20.3,76,0.0,0
1,23/01/23,5:00,19.9,77,0.0,0
1,23/01/23,5:30,20.2,78,0.0,0
1,23/01/23,6:00,20.3,78,0.0,3
1,23/01/23,6:30,20.9,78,0.0,35
1,23/01/23,7:00,21.8,77,0.0,133
1,23/01/23,7:30,22.9,74,0.0,258
1,23/01/23,8:00,23.6,72,0.0,375
1,23/01/23,8:30,24.8,65,0.0,493
1,23/01/23,9:00,26.2,55,0.0,608
1,23/01/23,9:30,27.4,54,0.0,712
1,23/01/23,10:00,28.6,51,0.0,807
1,23/01/23,10:30,29.4,49,0.0,889
1,23/01/23,11:00,30.7,38,0.0,968
1,23/01/23,11:30,31.1,37,0.0,1046
1,23/01/23,12:00,31.6,38,0.0,1104
1,23/01/23,12:30,32.3,35,0.0,1039
1,23/01/23,13:00,33.3,31,0.0,1010
1,23/01/23,13:30,32.3,32,0.0,958
1,23/01/23,14:00,31.9,32,0.0,380
1,23/01/23,14:30,33.3,30,0.0,928
1,23/01/23,15:00,33.1,31,0.0,730
1,23/01/23,15:30,31.8,35,0.0,243
1,23/01/23,16:00,31.8,38,0.0,303
1,23/01/23,16:30,34.0,31,0.0,437
1,23/01/23,17:00,33.3,29,0.0,481
1,23/01/23,17:30,33.5,29,0.0,358
1,23/01/23,18:00,33.1,30,0.0,328
1,23/01/23,18:30,32.0,29,0.0,207
1,23/01/23,19:00,31.7,29,0.0,79
1,23/01/23,19:30,28.8,48,0.0,22
1,23/01/23,20:00,26.3,58,0.0,3
1,23/01/23,20:30,24.6,67,0.0,0
1,23/01/23,21:00,23.3,73,0.0,0
1,23/01/23,21:30,22.5,78,0.0,0
1,23/01/23,22:00,21.8,83,0.0,0
1,23/01/23,22:30,21.3,87,0.0,0
1,23/01/23,23:00,21.1,88,0.0,0
1,23/01/23,23:30,20.8,89,0.0,0
1,24/01/23,00:00,20.6,90,0.0,0
1,24/01/23,0:30,20.4,91,0.0,0
1,24/01/23,1:00,20.4,91,0.0,0
1,24/01/23,1:30,20.4,91,0.0,0
1,24/01/23,2:00,20.3,91,0.0,0
1,24/01/23,2:30,20.2,91,0.0,0
1,24/01/23,3:00,20.2,90,0.0,0
1,24/01/23,3:30,19.8,92,0.0,0
1,24/01/23,4:00,19.8,93,0.0,0
1,24/01/23,4:30,19.7,93,0.0,0
1,24/01/23,5:00,19.4,94,0.0,0
1,24/01/23,5:30,19.2,94,0.0,0
1,24/01/23,6:00,19.2,95,0.0,2
1,24/01/23,6:30,19.4,95,0.0,33
1,24/01/23,7:00,20.0,94,0.0,118
1,24/01/23,7:30,20.8,92,0.0,250
1,24/01/23,8:00,21.8,89,0.0,368
1,24/01/23,8:30,22.7,86,0.0,492
1,24/01/23,9:00,23.7,83,0.0,616
1,24/01/23,9:30,24.7,79,0.0,713
1,24/01/23,10:00,26.3,73,0.0,809
1,24/01/23,10:30,26.9,67,0.0,895
1,24/01/23,11:00,28.2,62,0.0,971
1,24/01/23,11:30,29.1,52,0.0,1035
1,24/01/23,12:00,30.2,52,0.0,1080
1,24/01/23,12:30,31.1,43,0.0,1114
1,24/01/23,13:00,31.2,41,0.0,984
1,24/01/23,13:30,33.1,34,0.0,998
1,24/01/23,14:00,33.6,34,0.0,1068
1,24/01/23,14:30,33.1,34,0.0,982
1,24/01/23,15:00,33.5,34,0.0,935
1,24/01/23,15:30,34.1,30,0.0,848
1,24/01/23,16:00,33.8,30,0.0,779
1,24/01/23,16:30,34.0,30,0.0,595
1,24/01/23,17:00,34.2,32,0.0,451
1,24/01/23,17:30,33.7,33,0.0,355
1,24/01/23,18:00,33.4,32,0.0,281
1,24/01/23,18:30,31.9,34,0.0,151
1,24/01/23,19:00,32.5,33,0.0,75
1,24/01/23,19:30,27.3,68,0.0,21
1,24/01/23,20:00,25.9,74,0.0,2
1,24/01/23,20:30,24.9,78,0.0,0
1,24/01/23,21:00,24.3,81,0.0,0
1,24/01/23,21:30,23.8,84,0.0,0
1,24/01/23,22:00,23.3,87,0.0,0
1,24/01/23,22:30,23.1,88,0.0,0
1,24/01/23,23:00,22.8,89,0.0,0
1,24/01/23,23:30,22.7,90,0.0,0
1,25/01/23,00:00,22.3,91,0.0,0
1,25/01/23,0:30,22.2,91,0.0,0
1,25/01/23,1:00,21.8,92,0.0,0
1,25/01/23,1:30,21.7,92,0.0,0
1,25/01/23,2:00,21.4,93,0.0,0
1,25/01/23,2:30,21.0,94,0.0,0
1,25/01/23,3:00,20.8,95,0.0,0
1,25/01/23,3:30,20.8,95,0.0,0
1,25/01/23,4:00,20.7,95,0.0,0
1,25/01/23,4:30,20.7,95,0.0,0
1,25/01/23,5:00,20.4,95,0.0,0
1,25/01/23,5:30,20.8,94,0.0,0
1,25/01/23,6:00,20.9,94,0.0,1
1,25/01/23,6:30,21.2,94,0.0,47
1,25/01/23,7:00,21.8,92,0.0,125
1,25/01/23,7:30,22.9,88,0.0,247
1,25/01/23,8:00,23.9,84,0.0,350
1,25/01/23,8:30,25.7,76,0.0,502
1,25/01/23,9:00,26.9,72,0.0,608
1,25/01/23,9:30,28.4,64,0.0,771
1,25/01/23,10:00,29.5,59,0.0,822
1,25/01/23,10:30,30.4,51,0.0,642
1,25/01/23,11:00,31.3,47,0.0,639
1,25/01/23,11:30,31.6,45,0.0,682
1,25/01/23,12:00,32.4,44,0.0,617
1,25/01/23,12:30,32.4,41,0.0,626
1,25/01/23,13:00,32.8,41,0.0,656
1,25/01/23,13:30,33.3,38,0.0,632
1,25/01/23,14:00,33.1,37,0.0,804
1,25/01/23,14:30,34.3,36,0.0,794
1,25/01/23,15:00,34.2,34,0.0,634
1,25/01/23,15:30,33.6,36,0.0,322
1,25/01/23,16:00,34.3,31,0.0,513
1,25/01/23,16:30,34.3,30,0.0,597
1,25/01/23,17:00,34.6,29,0.0,412
1,25/01/23,17:30,34.3,29,0.0,306
1,25/01/23,18:00,32.1,47,0.0,179
1,25/01/23,18:30,31.4,47,0.0,184
1,25/01/23,19:00,30.0,52,0.0,55
1,25/01/23,19:30,28.8,58,0.0,31
1,25/01/23,20:00,27.5,64,0.0,1
1,25/01/23,20:30,26.6,71,0.0,0
1,25/01/23,21:00,25.6,78,0.0,0
1,25/01/23,21:30,24.9,82,0.0,0
1,25/01/23,22:00,24.4,83,0.0,0
1,25/01/23,22:30,24.1,83,0.0,0
1,25/01/23,23:00,23.7,85,0.0,0
1,25/01/23,23:30,23.3,87,0.0,0
1,26/01/23,00:00,23.0,88,0.0,0
1,26/01/23,0:30,22.7,89,0.0,0
1,26/01/23,1:00,22.7,90,0.0,0
1,26/01/23,1:30,22.7,87,0.0,0
1,26/01/23,2:00,22.5,88,0.0,0
1,26/01/23,2:30,22.2,88,0.0,0
1,26/01/23,3:00,22.3,89,0.0,0
1,26/01/23,3:30,22.2,89,0.0,0
1,26/01/23,4:00,22.3,89,0.0,0
1,26/01/23,4:30,22.3,89,0.0,0
1,26/01/23,5:00,22.2,90,0.0,0
1,26/01/23,5:30,22.3,90,0.0,0
1,26/01/23,6:00,22.2,91,0.0,0
1,26/01/23,6:30,22.1,90,0.0,2
1,26/01/23,7:00,22.4,90,0.0,23
1,26/01/23,7:30,22.7,89,0.0,55
1,26/01/23,8:00,22.7,89,0.0,71
1,26/01/23,8:30,22.6,90,0.0,52
1,26/01/23,9:00,22.9,91,0.0,135
1,26/01/23,9:30,23.4,89,0.0,145
1,26/01/23,10:00,24.1,86,0.0,226
1,26/01/23,10:30,24.3,86,0.0,213
1,26/01/23,11:00,24.5,85,0.0,164
1,26/01/23,11:30,25.2,82,0.0,271
1,26/01/23,12:00,26.2,78,0.0,386
1,26/01/23,12:30,26.4,78,0.0,439
1,26/01/23,13:00,26.4,79,0.0,482
1,26/01/23,13:30,26.5,76,0.0,300
1,26/01/23,14:00,26.4,78,0.0,242
1,26/01/23,14:30,26.2,79,0.0,282
1,26/01/23,15:00,26.4,77,0.0,371
1,26/01/23,15:30,26.9,71,0.0,296
1,26/01/23,16:00,27.1,72,0.0,341
1,26/01/23,16:30,27.4,68,0.0,320
1,26/01/23,17:00,28.7,63,0.0,421
1,26/01/23,17:30,28.7,65,0.0,352
1,26/01/23,18:00,28.4,65,0.0,303
1,26/01/23,18:30,27.4,70,0.0,91
1,26/01/23,19:00,27.1,73,0.0,71
1,26/01/23,19:30,26.6,76,0.0,34
1,26/01/23,20:00,25.5,80,0.0,3
1,26/01/23,20:30,24.6,83,0.0,0
1,26/01/23,21:00,23.8,85,0.0,0
1,26/01/23,21:30,23.2,86,0.0,0
1,26/01/23,22:00,22.3,89,0.0,0
1,26/01/23,22:30,22.0,90,0.0,0
1,26/01/23,23:00,21.3,92,0.0,0
1,26/01/23,23:30,20.8,92,0.0,0
1,27/01/23,00:00,20.6,92,0.0,0
1,27/01/23,0:30,20.2,93,0.0,0
1,27/01/23,1:00,19.9,93,0.0,0
1,27/01/23,1:30,19.8,94,0.0,0
1,27/01/23,2:00,20.2,93,0.0,0
1,27/01/23,2:30,20.4,91,0.0,0
1,27/01/23,3:00,20.5,90,0.0,0
1,27/01/23,3:30,20.3,92,0.0,0
1,27/01/23,4:00,20.2,93,0.0,0
1,27/01/23,4:30,20.2,93,0.0,0
1,27/01/23,5:00,20.1,94,0.0,0
1,27/01/23,5:30,20.1,94,0.0,0
1,27/01/23,6:00,19.8,94,0.0,1
1,27/01/23,6:30,20.2,94,0.0,24
1,27/01/23,7:00,21.1,92,0.0,104
1,27/01/23,7:30,22.0,90,0.0,223
1,27/01/23,8:00,22.9,88,0.0,341
1,27/01/23,8:30,23.7,84,0.0,458
1,27/01/23,9:00,25.2,77,0.0,572
1,27/01/23,9:30,26.0,74,0.0,679
1,27/01/23,10:00,27.0,71,0.0,775
1,27/01/23,10:30,28.8,63,0.0,859
1,27/01/23,11:00,30.1,56,0.0,933
1,27/01/23,11:30,30.8,54,0.0,989
1,27/01/23,12:00,31.6,52,0.0,1028
1,27/01/23,12:30,32.6,49,0.0,1051
1,27/01/23,13:00,32.6,49,0.0,1068
1,27/01/23,13:30,33.9,46,0.0,1071
1,27/01/23,14:00,33.9,46,0.0,1046
1,27/01/23,14:30,34.3,44,0.0,498
1,27/01/23,15:00,34.2,44,0.0,685
1,27/01/23,15:30,35.4,40,0.0,860
1,27/01/23,16:00,35.2,41,0.0,565
1,27/01/23,16:30,35.9,37,0.0,594
1,27/01/23,17:00,33.9,43,0.0,160
1,27/01/23,17:30,32.1,47,0.0,154
1,27/01/23,18:00,32.1,48,0.0,111
1,27/01/23,18:30,30.4,55,0.0,111
1,27/01/23,19:00,31.5,52,0.0,124
1,27/01/23,19:30,30.8,56,0.0,36
1,27/01/23,20:00,27.7,65,0.0,1
1,27/01/23,20:30,26.9,64,0.0,0
1,27/01/23,21:00,26.4,69,0.0,0
1,27/01/23,21:30,26.3,74,0.0,0
1,27/01/23,22:00,25.8,78,0.0,0
1,27/01/23,22:30,25.4,81,0.0,0
1,27/01/23,23:00,25.4,83,0.0,0
1,27/01/23,23:30,25.3,86,0.0,0
1,28/01/23,00:00,25.1,87,0.0,0
1,28/01/23,0:30,24.6,89,0.0,0
1,28/01/23,1:00,24.8,89,0.0,0
1,28/01/23,1:30,24.7,87,0.0,0
1,28/01/23,2:00,24.4,87,0.0,0
1,28/01/23,2:30,24.6,86,0.0,0
1,28/01/23,3:00,24.4,86,0.0,0
1,28/01/23,3:30,24.5,86,0.0,0
1,28/01/23,4:00,24.2,88,0.0,0
1,28/01/23,4:30,24.3,87,0.0,0
1,28/01/23,5:00,24.7,86,0.0,0
1,28/01/23,5:30,24.2,88,0.0,0
1,28/01/23,6:00,24.0,89,0.0,1
1,28/01/23,6:30,24.4,88,0.0,23
1,28/01/23,7:00,25.3,86,0.0,98
1,28/01/23,7:30,26.6,81,0.0,218
1,28/01/23,8:00,28.1,75,0.0,325
1,28/01/23,8:30,28.9,70,0.0,444
1,28/01/23,9:00,29.3,69,0.0,556
1,28/01/23,9:30,30.6,65,0.0,703
1,28/01/23,10:00,30.9,64,0.0,693
1,28/01/23,10:30,31.7,62,0.0,756
1,28/01/23,11:00,33.0,56,0.0,857
1,28/01/23,11:30,23.9,69,6.6,175
1,28/01/23,12:00,24.3,80,0.6,94
1,28/01/23,12:30,22.9,88,4.0,174
1,28/01/23,13:00,22.3,88,3.6,136
1,28/01/23,13:30,21.5,92,3.6,171
1,28/01/23,14:00,23.3,91,0.0,809
1,28/01/23,14:30,23.7,86,0.0,354
1,28/01/23,15:00,25.3,78,0.0,525
1,28/01/23,15:30,25.1,80,0.0,513
1,28/01/23,16:00,24.8,78,0.0,254
1,28/01/23,16:30,23.8,83,0.2,132
1,28/01/23,17:00,23.1,88,0.2,111
1,28/01/23,17:30,22.9,87,0.0,72
1,28/01/23,18:00,22.8,88,0.0,74
1,28/01/23,18:30,22.8,88,0.0,41
1,28/01/23,19:00,23.0,88,0.0,29
1,28/01/23,19:30,22.8,89,0.0,17
1,28/01/23,20:00,22.3,91,0.0,0
1,28/01/23,20:30,22.2,92,0.0,0
1,28/01/23,21:00,21.9,93,0.0,0
1,28/01/23,21:30,21.8,94,0.0,0
1,28/01/23,22:00,21.6,93,0.0,0
1,28/01/23,22:30,21.8,91,0.0,0
1,28/01/23,23:00,21.6,91,0.0,0
1,28/01/23,23:30,21.1,93,0.0,0
1,29/01/23,00:00,20.8,95,0.0,0
1,29/01/23,0:30,20.9,95,0.0,0
1,29/01/23,1:00,20.8,94,0.0,0
1,29/01/23,1:30,20.5,95,0.0,0
1,29/01/23,2:00,20.4,94,0.0,0
1,29/01/23,2:30,20.4,93,0.0,0
1,29/01/23,3:00,19.9,94,0.0,0
1,29/01/23,3:30,20.1,94,0.0,0
1,29/01/23,4:00,19.8,93,0.0,0
1,29/01/23,4:30,19.5,94,0.0,0
1,29/01/23,5:00,19.1,95,0.0,0
1,29/01/23,5:30,19.1,96,0.0,0
1,29/01/23,6:00,19.0,96,0.0,1
1,29/01/23,6:30,18.9,96,0.0,27
1,29/01/23,7:00,19.7,97,0.0,96
1,29/01/23,7:30,19.9,97,0.0,107
1,29/01/23,8:00,20.3,95,0.0,173
1,29/01/23,8:30,20.7,93,0.0,202
1,29/01/23,9:00,21.2,91,0.0,150
1,29/01/23,9:30,22.3,85,0.0,318
1,29/01/23,10:00,23.4,82,0.0,383
1,29/01/23,10:30,24.7,77,0.0,566
1,29/01/23,11:00,25.3,72,0.0,528
1,29/01/23,11:30,25.8,70,0.0,625
1,29/01/23,12:00,26.9,65,0.0,694
1,29/01/23,12:30,27.6,60,0.0,1171
1,29/01/23,13:00,28.4,56,0.0,1000
1,29/01/23,13:30,28.4,57,0.0,1123
1,29/01/23,14:00,28.8,53,0.0,1078
1,29/01/23,14:30,28.3,57,0.0,1070
1,29/01/23,15:00,29.1,54,0.0,911
1,29/01/23,15:30,29.4,47,0.0,869
1,29/01/23,16:00,28.6,57,0.0,770
1,29/01/23,16:30,28.2,61,0.0,612
1,29/01/23,17:00,27.8,61,0.0,420
1,29/01/23,17:30,26.9,63,0.0,325
1,29/01/23,18:00,26.6,64,0.0,248
1,29/01/23,18:30,25.3,69,0.0,183
1,29/01/23,19:00,24.5,73,0.0,69
1,29/01/23,19:30,23.4,76,0.0,19
1,29/01/23,20:00,22.6,79,0.0,1
1,29/01/23,20:30,22.0,82,0.0,0
1,29/01/23,21:00,21.7,83,0.0,0
1,29/01/23,21:30,21.2,85,0.0,0
1,29/01/23,22:00,20.9,87,0.0,0
1,29/01/23,22:30,20.6,89,0.0,0
1,29/01/23,23:00,20.4,90,0.0,0
1,29/01/23,23:30,20.2,91,0.0,0
1,30/01/23,00:00,19.8,92,0.0,0
1,30/01/23,0:30,19.4,92,0.0,0
1,30/01/23,1:00,19.4,94,0.0,0
1,30/01/23,1:30,19.5,94,0.0,0
1,30/01/23,2:00,19.3,94,0.0,0
1,30/01/23,2:30,19.4,95,0.0,0
1,30/01/23,3:00,19.2,95,0.0,0
1,30/01/23,3:30,19.2,95,0.0,0
1,30/01/23,4:00,19.3,95,0.0,0
1,30/01/23,4:30,19.4,95,0.0,0
1,30/01/23,5:00,19.6,93,0.0,0
1,30/01/23,5:30,19.4,93,0.0,0
1,30/01/23,6:00,19.4,93,0.0,0
1,30/01/23,6:30,19.4,94,0.0,21
1,30/01/23,7:00,20.2,93,0.0,144
1,30/01/23,7:30,20.5,92,0.0,187
1,30/01/23,8:00,21.2,89,0.0,259
1,30/01/23,8:30,22.0,84,0.0,353
1,30/01/23,9:00,23.2,79,0.0,380
1,30/01/23,9:30,23.8,76,0.0,617
1,30/01/23,10:00,24.9,71,0.0,635
1,30/01/23,10:30,25.2,69,0.0,872
1,30/01/23,11:00,25.8,66,0.0,971
1,30/01/23,11:30,26.9,60,0.0,1134
1,30/01/23,12:00,27.6,53,0.0,1162
1,30/01/23,12:30,28.5,50,0.0,1205
1,30/01/23,13:00,29.0,50,0.0,1203
1,30/01/23,13:30,28.9,49,0.0,1149
1,30/01/23,14:00,29.4,49,0.0,1177
1,30/01/23,14:30,29.6,47,0.0,1052
1,30/01/23,15:00,30.3,40,0.0,959
1,30/01/23,15:30,30.8,41,0.0,878
1,30/01/23,16:00,31.1,36,0.0,785
1,30/01/23,16:30,31.4,37,0.0,636
1,30/01/23,17:00,31.3,36,0.0,433
1,30/01/23,17:30,31.2,38,0.0,232
1,30/01/23,18:00,30.1,40,0.0,130
1,30/01/23,18:30,29.4,42,0.0,60
1,30/01/23,19:00,29.6,44,0.0,82
1,30/01/23,19:30,26.9,65,0.0,23
1,30/01/23,20:00,25.9,69,0.0,1
1,30/01/23,20:30,25.3,72,0.0,0
1,30/01/23,21:00,24.6,78,0.0,0
1,30/01/23,21:30,24.2,79,0.0,0
1,30/01/23,22:00,23.6,81,0.0,0
1,30/01/23,22:30,23.3,83,0.0,0
1,30/01/23,23:00,23.1,82,0.0,0
1,30/01/23,23:30,22.7,84,0.0,0
1,31/01/23,00:00,22.3,85,0.0,0
1,31/01/23,0:30,22.3,85,0.0,0
1,31/01/23,1:00,22.0,86,0.0,0
1,31/01/23,1:30,21.9,87,0.0,0
1,31/01/23,2:00,21.8,88,0.0,0
1,31/01/23,2:30,21.4,89,0.0,0
1,31/01/23,3:00,21.4,89,0.0,0
1,31/01/23,3:30,21.4,90,0.0,0
1,31/01/23,4:00,21.3,90,0.0,0
1,31/01/23,4:30,21.2,90,0.0,0
1,31/01/23,5:00,21.1,91,0.0,0
1,31/01/23,5:30,21.1,91,0.0,0
1,31/01/23,6:00,21.6,87,0.0,0
1,31/01/23,6:30,21.7,86,0.0,20
1,31/01/23,7:00,22.5,82,0.0,98
1,31/01/23,7:30,24.3,74,0.0,221
1,31/01/23,8:00,25.7,69,0.0,346
1,31/01/23,8:30,26.6,65,0.0,466
1,31/01/23,9:00,27.3,64,0.0,583
1,31/01/23,9:30,27.8,65,0.0,689
1,31/01/23,10:00,28.8,60,0.0,788
1,31/01/23,10:30,29.1,53,0.0,673
1,31/01/23,11:00,29.6,51,0.0,319
1,31/01/23,11:30,30.4,48,0.0,522
1,31/01/23,12:00,31.3,44,0.0,1096
1,31/01/23,12:30,32.0,40,0.0,840
1,31/01/23,13:00,31.3,38,0.0,846
1,31/01/23,13:30,32.0,37,0.0,832
1,31/01/23,14:00,33.1,34,0.0,1119
1,31/01/23,14:30,32.2,35,0.0,268
1,31/01/23,15:00,33.2,33,0.0,696
1,31/01/23,15:30,31.1,46,0.0,258
1,31/01/23,16:00,31.8,42,0.0,300
1,31/01/23,16:30,31.4,48,0.0,410
1,31/01/23,17:00,29.5,60,0.0,332
1,31/01/23,17:30,27.9,66,0.0,137
1,31/01/23,18:00,28.2,65,0.0,214
1,31/01/23,18:30,27.7,65,0.0,171
1,31/01/23,19:00,27.2,66,0.0,71
1,31/01/23,19:30,26.2,69,0.0,18
1,31/01/23,20:00,25.3,72,0.0,1
1,31/01/23,20:30,24.7,76,0.0,0
1,31/01/23,21:00,24.2,82,0.0,0
1,31/01/23,21:30,23.9,82,0.0,0
1,31/01/23,22:00,23.9,83,0.0,0
1,31/01/23,22:30,23.6,84,0.0,0
1,31/01/23,23:00,23.4,86,0.0,0
1,31/01/23,23:30,23.4,88,0.0,0
1,01/02/23,00:00,22.9,89,0.0,0
1,01/02/23,0:30,22.9,90,0.0,0
1,01/02/23,1:00,22.5,90,0.0,0
1,01/02/23,1:30,22.2,92,0.0,0
1,01/02/23,2:00,21.9,91,0.0,0
1,01/02/23,2:30,21.9,93,0.0,0
1,01/02/23,3:00,21.9,92,0.0,0
1,01/02/23,3:30,21.8,93,0.0,0
1,01/02/23,4:00,21.6,93,0.0,0
1,01/02/23,4:30,21.4,94,0.0,0
1,01/02/23,5:00,20.2,95,0.0,0
1,01/02/23,5:30,20.7,96,0.0,0
1,01/02/23,6:00,20.4,95,0.0,0
1,01/02/23,6:30,20.2,97,0.0,15
1,01/02/23,7:00,21.1,96,0.0,99
1,01/02/23,7:30,22.7,89,0.0,224
1,01/02/23,8:00,24.3,84,0.0,348
1,01/02/23,8:30,24.3,83,0.0,466
1,01/02/23,9:00,25.2,81,0.0,580
1,01/02/23,9:30,25.8,78,0.0,686
1,01/02/23,10:00,27.3,69,0.0,781
1,01/02/23,10:30,28.5,63,0.0,866
1,01/02/23,11:00,29.2,58,0.0,949
1,01/02/23,11:30,29.4,50,0.0,514
1,01/02/23,12:00,30.4,48,0.0,794
1,01/02/23,12:30,30.7,48,0.0,970
1,01/02/23,13:00,30.9,46,0.0,593
1,01/02/23,13:30,31.3,43,0.0,911
1,01/02/23,14:00,32.3,43,0.0,560
1,01/02/23,14:30,32.7,44,0.0,896
1,01/02/23,15:00,31.4,46,0.0,573
1,01/02/23,15:30,32.4,43,0.0,849
1,01/02/23,16:00,32.9,43,0.0,705
1,01/02/23,16:30,31.5,47,0.0,580
1,01/02/23,17:00,31.2,51,0.0,427
1,01/02/23,17:30,30.6,54,0.0,315
1,01/02/23,18:00,30.3,56,0.0,236
1,01/02/23,18:30,29.1,60,0.0,173
1,01/02/23,19:00,28.1,61,0.0,69
1,01/02/23,19:30,26.4,66,0.0,17
1,01/02/23,20:00,25.6,73,0.0,1
1,01/02/23,20:30,24.3,80,0.0,0
1,01/02/23,21:00,23.4,83,0.0,0
1,01/02/23,21:30,22.8,84,0.0,0
1,01/02/23,22:00,22.4,86,0.0,0
1,01/02/23,22:30,22.2,87,0.0,0
1,01/02/23,23:00,21.9,88,0.0,0
1,01/02/23,23:30,21.8,89,0.0,0
1,02/02/23,00:00,21.7,89,0.0,0
1,02/02/23,0:30,21.3,91,0.0,0
1,02/02/23,1:00,21.1,91,0.0,0
1,02/02/23,1:30,20.8,93,0.0,0
1,02/02/23,2:00,20.8,94,0.0,0
1,02/02/23,2:30,20.6,94,0.0,0
1,02/02/23,3:00,20.4,95,0.0,0
1,02/02/23,3:30,20.4,95,0.0,0
1,02/02/23,4:00,20.4,95,0.0,0
1,02/02/23,4:30,20.2,96,0.0,0
1,02/02/23,5:00,20.2,96,0.0,0
1,02/02/23,5:30,20.1,96,0.0,0
1,02/02/23,6:00,20.0,96,0.0,0
1,02/02/23,6:30,20.1,96,0.0,17
1,02/02/23,7:00,20.6,96,0.0,93
1,02/02/23,7:30,21.2,95,0.0,216
1,02/02/23,8:00,22.1,91,0.0,342
1,02/02/23,8:30,23.4,86,0.0,465
1,02/02/23,9:00,24.6,80,0.0,563
1,02/02/23,9:30,24.7,78,0.0,754
1,02/02/23,10:00,25.9,74,0.0,802
1,02/02/23,10:30,26.3,73,0.0,786
1,02/02/23,11:00,27.5,66,0.0,972
1,02/02/23,11:30,28.3,63,0.0,1041
1,02/02/23,12:00,29.1,57,0.0,1145
1,02/02/23,12:30,29.6,55,0.0,1090
1,02/02/23,13:00,29.1,54,0.0,500
1,02/02/23,13:30,28.3,58,0.0,326
1,02/02/23,14:00,28.1,59,0.0,386
1,02/02/23,14:30,27.3,61,0.0,259
1,02/02/23,15:00,26.6,67,0.0,102
1,02/02/23,15:30,25.6,74,0.0,78
1,02/02/23,16:00,24.1,82,0.0,93
1,02/02/23,16:30,23.5,84,0.2,81
1,02/02/23,17:00,23.1,88,0.2,103
1,02/02/23,17:30,23.1,86,0.0,159
1,02/02/23,18:00,23.1,85,0.0,140
1,02/02/23,18:30,22.8,86,0.0,86
1,02/02/23,19:00,22.6,85,0.0,31
1,02/02/23,19:30,22.5,83,0.0,5
1,02/02/23,20:00,22.2,85,0.0,0
1,02/02/23,20:30,21.9,87,0.0,0
1,02/02/23,21:00,21.4,90,0.2,0
1,02/02/23,21:30,21.3,91,0.2,0
1,02/02/23,22:00,21.2,91,0.4,0
1,02/02/23,22:30,21.2,92,0.0,0
1,02/02/23,23:00,21.1,93,0.2,0
1,02/02/23,23:30,21.1,94,0.2,0
1,03/02/23,00:00,21.2,94,0.0,0
1,03/02/23,0:30,21.1,94,0.0,0
1,03/02/23,1:00,20.9,94,0.0,0
1,03/02/23,1:30,20.9,93,0.0,0
1,03/02/23,2:00,20.6,93,0.0,0
1,03/02/23,2:30,20.4,94,0.2,0
1,03/02/23,3:00,20.4,94,0.2,0
1,03/02/23,3:30,20.6,96,0.0,0
1,03/02/23,4:00,20.6,96,0.0,0
1,03/02/23,4:30,20.2,96,0.0,0
1,03/02/23,5:00,20.2,96,0.0,0
1,03/02/23,5:30,20.1,96,0.0,0
1,03/02/23,6:00,20.0,97,0.0,0
1,03/02/23,6:30,20.0,97,0.0,3
1,03/02/23,7:00,20.2,96,0.0,12
1,03/02/23,7:30,20.4,96,0.0,37
1,03/02/23,8:00,21.9,93,0.0,224
1,03/02/23,8:30,21.9,90,0.0,240
1,03/02/23,9:00,22.6,86,0.0,445
1,03/02/23,9:30,23.2,84,0.0,427
1,03/02/23,10:00,24.3,80,0.0,750
1,03/02/23,10:30,24.4,78,0.0,666
1,03/02/23,11:00,25.5,72,0.0,893
1,03/02/23,11:30,26.3,68,0.0,1004
1,03/02/23,12:00,26.3,71,0.0,861
1,03/02/23,12:30,27.7,62,0.0,1032
1,03/02/23,13:00,28.3,60,0.0,929
1,03/02/23,13:30,28.2,59,0.0,528
1,03/02/23,14:00,27.3,61,0.0,474
1,03/02/23,14:30,27.9,58,0.0,395
1,03/02/23,15:00,27.3,60,0.0,343
1,03/02/23,15:30,25.7,70,0.0,219
1,03/02/23,16:00,26.2,65,0.0,585
1,03/02/23,16:30,25.8,69,0.0,425
1,03/02/23,17:00,24.3,72,0.0,405
1,03/02/23,17:30,24.3,70,0.0,317
1,03/02/23,18:00,23.8,68,0.0,221
1,03/02/23,18:30,23.7,67,0.0,166
1,03/02/23,19:00,23.2,71,0.0,71
1,03/02/23,19:30,21.7,77,0.0,15
1,03/02/23,20:00,20.8,81,0.0,0
1,03/02/23,20:30,20.4,85,0.0,0
1,03/02/23,21:00,20.2,87,0.0,0
1,03/02/23,21:30,19.9,87,0.0,0
1,03/02/23,22:00,19.8,87,0.0,0
1,03/02/23,22:30,19.6,88,0.0,0
1,03/02/23,23:00,19.6,89,0.0,0
1,03/02/23,23:30,19.6,89,0.0,0
1,04/02/23,00:00,19.6,89,0.0,0
1,04/02/23,0:30,19.4,89,0.0,0
1,04/02/23,1:00,19.1,89,0.0,0
1,04/02/23,1:30,19.0,90,0.0,0
1,04/02/23,2:00,18.7,90,0.0,0
1,04/02/23,2:30,18.7,91,0.0,0
1,04/02/23,3:00,18.7,90,0.0,0
1,04/02/23,3:30,18.4,92,0.0,0
1,04/02/23,4:00,18.4,93,0.0,0
1,04/02/23,4:30,18.4,93,0.0,0
1,04/02/23,5:00,18.1,95,0.0,0
1,04/02/23,5:30,17.8,95,0.0,0
1,04/02/23,6:00,17.8,95,0.0,0
1,04/02/23,6:30,17.8,96,0.0,7
1,04/02/23,7:00,17.7,96,0.0,22
1,04/02/23,7:30,17.8,97,0.0,67
1,04/02/23,8:00,18.1,97,0.0,152
1,04/02/23,8:30,18.0,97,0.0,163
1,04/02/23,9:00,18.0,96,0.0,161
1,04/02/23,9:30,19.1,95,0.0,314
1,04/02/23,10:00,20.4,84,0.0,614
1,04/02/23,10:30,21.2,78,0.0,462
1,04/02/23,11:00,23.4,66,0.0,1041
1,04/02/23,11:30,24.2,61,0.0,927
1,04/02/23,12:00,25.2,55,0.0,1064
1,04/02/23,12:30,25.7,50,0.0,1186
1,04/02/23,13:00,25.8,49,0.0,1019
1,04/02/23,13:30,25.5,48,0.0,684
1,04/02/23,14:00,26.1,43,0.0,483
1,04/02/23,14:30,27.3,42,0.0,699
1,04/02/23,15:00,26.6,42,0.0,854
1,04/02/23,15:30,27.2,40,0.0,774
1,04/02/23,16:00,27.3,36,0.0,818
1,04/02/23,16:30,27.5,35,0.0,665
1,04/02/23,17:00,27.6,32,0.0,452
1,04/02/23,17:30,27.5,29,0.0,331
1,04/02/23,18:00,27.3,30,0.0,228
1,04/02/23,18:30,26.8,29,0.0,169
1,04/02/23,19:00,26.3,31,0.0,71
1,04/02/23,19:30,23.6,55,0.0,21
1,04/02/23,20:00,22.3,60,0.0,1
1,04/02/23,20:30,21.2,64,0.0,0
1,04/02/23,21:00,20.6,68,0.0,0
1,04/02/23,21:30,20.1,70,0.0,0
1,04/02/23,22:00,20.7,67,0.0,0
1,04/02/23,22:30,19.6,71,0.0,0
1,04/02/23,23:00,18.8,74,0.0,0
1,04/02/23,23:30,18.6,76,0.0,0
1,05/02/23,00:00,18.2,79,0.0,0
1,05/02/23,0:30,18.1,80,0.0,0
1,05/02/23,1:00,17.4,82,0.0,0
1,05/02/23,1:30,16.7,85,0.0,0
1,05/02/23,2:00,15.7,88,0.0,0
1,05/02/23,2:30,15.3,90,0.0,0
1,05/02/23,3:00,15.6,90,0.0,0
1,05/02/23,3:30,15.9,89,0.0,0
1,05/02/23,4:00,15.7,90,0.0,0
1,05/02/23,4:30,15.6,91,0.0,0
1,05/02/23,5:00,15.6,92,0.0,0
1,05/02/23,5:30,15.4,92,0.0,0
1,05/02/23,6:00,15.6,92,0.0,0
1,05/02/23,6:30,15.9,92,0.0,3
1,05/02/23,7:00,16.6,92,0.0,13
1,05/02/23,7:30,16.9,91,0.0,47
1,05/02/23,8:00,17.1,92,0.0,72
1,05/02/23,8:30,17.3,94,0.0,164
1,05/02/23,9:00,18.6,90,0.0,233
1,05/02/23,9:30,19.5,87,0.0,230
1,05/02/23,10:00,20.3,83,0.0,296
1,05/02/23,10:30,21.2,79,0.0,359
1,05/02/23,11:00,22.3,75,0.0,408
1,05/02/23,11:30,22.5,74,0.0,312
1,05/02/23,12:00,24.0,70,0.0,470
1,05/02/23,12:30,25.5,65,0.0,664
1,05/02/23,13:00,25.7,62,0.0,596
1,05/02/23,13:30,26.1,59,0.0,598
1,05/02/23,14:00,25.3,62,0.0,505
1,05/02/23,14:30,27.2,56,0.0,1167
1,05/02/23,15:00,26.4,56,0.0,288
1,05/02/23,15:30,26.8,55,0.0,408
1,05/02/23,16:00,27.7,53,0.0,387
1,05/02/23,16:30,28.3,53,0.0,733
1,05/02/23,17:00,27.4,54,0.0,526
1,05/02/23,17:30,26.6,60,0.0,232
1,05/02/23,18:00,25.8,62,0.0,123
1,05/02/23,18:30,25.3,66,0.0,68
1,05/02/23,19:00,25.0,68,0.0,40
1,05/02/23,19:30,24.3,71,0.0,19
1,05/02/23,20:00,23.4,73,0.0,0
1,05/02/23,20:30,22.6,74,0.0,0
1,05/02/23,21:00,21.8,77,0.0,0
1,05/02/23,21:30,21.3,80,0.0,0
1,05/02/23,22:00,20.8,83,0.0,0
1,05/02/23,22:30,20.4,85,0.0,0
1,05/02/23,23:00,20.2,86,0.0,0
1,05/02/23,23:30,20.1,88,0.0,0
1,06/02/23,00:00,19.7,90,0.0,0
1,06/02/23,0:30,19.7,90,0.0,0
1,06/02/23,1:00,19.3,90,0.0,0
1,06/02/23,1:30,19.0,92,0.0,0
1,06/02/23,2:00,19.0,93,0.0,0
1,06/02/23,2:30,18.8,94,0.0,0
1,06/02/23,3:00,18.6,95,0.0,0
1,06/02/23,3:30,18.6,96,0.0,0
1,06/02/23,4:00,18.6,96,0.0,0
1,06/02/23,4:30,18.4,96,0.0,0
1,06/02/23,5:00,18.4,97,0.0,0
1,06/02/23,5:30,18.3,97,0.0,0
1,06/02/23,6:00,18.6,97,0.0,0
1,06/02/23,6:30,18.9,96,0.0,14
1,06/02/23,7:00,19.5,95,0.0,83
1,06/02/23,7:30,20.4,91,0.0,203
1,06/02/23,8:00,21.2,88,0.0,329
1,06/02/23,8:30,22.3,85,0.0,447
1,06/02/23,9:00,23.2,82,0.0,562
1,06/02/23,9:30,25.2,73,0.0,669
1,06/02/23,10:00,26.4,62,0.0,777
1,06/02/23,10:30,26.9,56,0.0,608
1,06/02/23,11:00,27.3,53,0.0,592
1,06/02/23,11:30,28.9,47,0.0,866
1,06/02/23,12:00,28.8,47,0.0,504
1,06/02/23,12:30,29.3,42,0.0,909
1,06/02/23,13:00,30.0,41,0.0,648
1,06/02/23,13:30,29.9,40,0.0,555
1,06/02/23,14:00,29.9,43,0.0,352
1,06/02/23,14:30,30.0,41,0.0,302
1,06/02/23,15:00,31.9,36,0.0,1045
1,06/02/23,15:30,30.7,38,0.0,355
1,06/02/23,16:00,31.1,38,0.0,274
1,06/02/23,16:30,31.3,37,0.0,352
1,06/02/23,17:00,32.1,37,0.0,410
1,06/02/23,17:30,32.2,35,0.0,391
1,06/02/23,18:00,30.1,44,0.0,258
1,06/02/23,18:30,27.8,43,0.0,61
1,06/02/23,19:00,27.7,40,0.0,57
1,06/02/23,19:30,26.7,43,0.0,25
1,06/02/23,20:00,25.8,45,0.0,0
1,06/02/23,20:30,25.2,46,0.0,0
1,06/02/23,21:00,24.8,52,0.0,0
1,06/02/23,21:30,24.1,64,0.0,0
1,06/02/23,22:00,23.4,69,0.0,0
1,06/02/23,22:30,23.2,71,0.0,0
1,06/02/23,23:00,22.8,74,0.0,0
1,06/02/23,23:30,22.1,78,0.0,0
1,07/02/23,00:00,22.1,78,0.0,0
1,07/02/23,0:30,21.9,80,0.0,0
1,07/02/23,1:00,21.9,80,0.0,0
1,07/02/23,1:30,21.5,83,0.0,0
1,07/02/23,2:00,21.1,85,0.0,0
1,07/02/23,2:30,20.5,87,0.0,0
1,07/02/23,3:00,20.4,89,0.0,0
1,07/02/23,3:30,20.4,90,0.0,0
1,07/02/23,4:00,20.3,92,0.0,0
1,07/02/23,4:30,20.3,92,0.0,0
1,07/02/23,5:00,20.2,92,0.0,0
1,07/02/23,5:30,20.1,93,0.0,0
1,07/02/23,6:00,20.2,92,0.0,0
1,07/02/23,6:30,20.3,92,0.0,12
1,07/02/23,7:00,20.7,90,0.0,79
1,07/02/23,7:30,22.0,86,0.0,201
1,07/02/23,8:00,22.9,85,0.0,323
1,07/02/23,8:30,23.7,80,0.0,443
1,07/02/23,9:00,24.7,74,0.0,558
1,07/02/23,9:30,26.3,69,0.0,666
1,07/02/23,10:00,26.8,63,0.0,765
1,07/02/23,10:30,28.0,58,0.0,848
1,07/02/23,11:00,29.5,53,0.0,922
1,07/02/23,11:30,29.8,49,0.0,989
1,07/02/23,12:00,31.2,40,0.0,1062
1,07/02/23,12:30,31.8,33,0.0,1103
1,07/02/23,13:00,31.7,36,0.0,1108
1,07/02/23,13:30,32.6,33,0.0,1078
1,07/02/23,14:00,33.3,32,0.0,1151
1,07/02/23,14:30,32.1,35,0.0,455
1,07/02/23,15:00,31.8,35,0.0,261
1,07/02/23,15:30,31.9,34,0.0,207
1,07/02/23,16:00,32.6,34,0.0,323
1,07/02/23,16:30,31.7,37,0.0,117
1,07/02/23,17:00,30.2,44,0.0,109
1,07/02/23,17:30,29.4,50,0.0,123
1,07/02/23,18:00,25.3,69,1.0,277
1,07/02/23,18:30,26.6,69,0.0,96
1,07/02/23,19:00,26.1,74,0.0,65
1,07/02/23,19:30,24.9,68,0.0,14
1,07/02/23,20:00,24.0,68,0.0,0
1,07/02/23,20:30,23.3,71,0.0,0
1,07/02/23,21:00,23.4,68,0.0,0
1,07/02/23,21:30,22.6,73,0.0,0
1,07/02/23,22:00,22.4,77,0.0,0
1,07/02/23,22:30,22.1,80,0.0,0
1,07/02/23,23:00,21.8,82,0.0,0
1,07/02/23,23:30,21.3,85,0.0,0
1,08/02/23,00:00,21.2,86,0.0,0
1,08/02/23,0:30,21.0,86,0.0,0
1,08/02/23,1:00,21.0,86,0.0,0
1,08/02/23,1:30,21.1,86,0.0,0
1,08/02/23,2:00,20.7,88,0.0,0
1,08/02/23,2:30,20.5,88,0.0,0
1,08/02/23,3:00,20.6,88,0.0,0
1,08/02/23,3:30,20.3,89,0.0,0
1,08/02/23,4:00,20.1,90,0.0,0
1,08/02/23,4:30,19.9,91,0.0,0
1,08/02/23,5:00,19.9,91,0.0,0
1,08/02/23,5:30,19.9,92,0.0,0
1,08/02/23,6:00,19.6,93,0.0,0
1,08/02/23,6:30,19.4,94,0.0,11
1,08/02/23,7:00,20.0,93,0.0,73
1,08/02/23,7:30,21.3,89,0.0,193
1,08/02/23,8:00,22.7,82,0.0,317
1,08/02/23,8:30,23.3,78,0.0,436
1,08/02/23,9:00,24.4,73,0.0,553
1,08/02/23,9:30,26.2,66,0.0,661
1,08/02/23,10:00,27.6,61,0.0,758
1,08/02/23,10:30,29.1,56,0.0,843
1,08/02/23,11:00,30.2,51,0.0,915
1,08/02/23,11:30,31.4,44,0.0,973
1,08/02/23,12:00,32.1,41,0.0,1013
1,08/02/23,12:30,32.6,39,0.0,1037
1,08/02/23,13:00,33.6,36,0.0,1042
1,08/02/23,13:30,33.9,35,0.0,1097
1,08/02/23,14:00,33.4,35,0.0,635
1,08/02/23,14:30,33.7,35,0.0,618
1,08/02/23,15:00,34.4,33,0.0,758
1,08/02/23,15:30,34.8,31,0.0,886
1,08/02/23,16:00,34.2,31,0.0,541
1,08/02/23,16:30,33.9,33,0.0,320
1,08/02/23,17:00,33.2,34,0.0,168
1,08/02/23,17:30,32.8,35,0.0,117
1,08/02/23,18:00,29.8,45,0.0,79
1,08/02/23,18:30,29.2,47,0.0,43
1,08/02/23,19:00,28.6,50,0.0,34
1,08/02/23,19:30,27.3,62,0.8,4
1,08/02/23,20:00,24.6,69,0.6,0
1,08/02/23,20:30,21.8,84,2.2,0
1,08/02/23,21:00,20.7,89,0.0,0
1,08/02/23,21:30,19.9,91,0.0,0
1,08/02/23,22:00,19.4,91,0.4,0
1,08/02/23,22:30,19.3,92,0.0,0
1,08/02/23,23:00,19.5,93,0.0,0
1,08/02/23,23:30,19.6,92,0.0,0
1,09/02/23,00:00,19.6,91,0.2,0
1,09/02/23,0:30,19.4,92,0.2,0
1,09/02/23,1:00,19.6,92,0.0,0
1,09/02/23,1:30,19.4,93,0.2,0
1,09/02/23,2:00,19.7,92,0.0,0
1,09/02/23,2:30,19.5,93,0.2,0
1,09/02/23,3:00,19.4,94,0.4,0
1,09/02/23,3:30,22.3,72,0.2,0
1,09/02/23,4:00,19.6,92,0.0,0
1,09/02/23,4:30,20.8,83,0.0,0
1,09/02/23,5:00,19.4,93,0.0,0
1,09/02/23,5:30,19.4,94,0.0,0
1,09/02/23,6:00,19.5,92,0.0,0
1,09/02/23,6:30,19.4,92,0.0,6
1,09/02/23,7:00,19.6,92,0.0,37
1,09/02/23,7:30,20.1,93,0.0,140
1,09/02/23,8:00,21.6,88,0.0,303
1,09/02/23,8:30,22.6,82,0.0,430
1,09/02/23,9:00,23.2,80,0.0,542
1,09/02/23,9:30,24.9,76,0.0,648
1,09/02/23,10:00,26.2,69,0.0,745
1,09/02/23,10:30,27.3,66,0.0,830
1,09/02/23,11:00,28.1,64,0.0,898
1,09/02/23,11:30,28.7,60,0.0,935
1,09/02/23,12:00,29.8,58,0.0,1019
1,09/02/23,12:30,25.5,62,4.4,410
1,09/02/23,13:00,27.1,75,2.2,549
1,09/02/23,13:30,28.6,57,0.0,468
1,09/02/23,14:00,29.4,56,0.0,536
1,09/02/23,14:30,30.8,50,0.0,409
1,09/02/23,15:00,30.6,54,0.0,630
1,09/02/23,15:30,30.2,53,0.0,468
1,09/02/23,16:00,29.3,61,0.0,197
1,09/02/23,16:30,26.2,68,0.2,138
1,09/02/23,17:00,27.0,69,0.0,170
1,09/02/23,17:30,27.0,72,0.0,203
1,09/02/23,18:00,27.5,71,0.0,141
1,09/02/23,18:30,27.9,62,0.0,94
1,09/02/23,19:00,27.7,63,0.0,58
1,09/02/23,19:30,26.7,64,0.0,16
1,09/02/23,20:00,25.7,67,0.0,1
1,09/02/23,20:30,25.2,69,0.0,0
1,09/02/23,21:00,24.7,71,0.0,0
1,09/02/23,21:30,24.4,74,0.0,0
1,09/02/23,22:00,24.3,77,0.0,0
1,09/02/23,22:30,23.8,79,0.0,0
1,09/02/23,23:00,23.1,82,0.0,0
1,09/02/23,23:30,22.8,82,0.0,0
1,10/02/23,00:00,22.6,83,0.0,0
1,10/02/23,0:30,22.7,81,0.0,0
1,10/02/23,1:00,22.3,83,0.0,0
1,10/02/23,1:30,22.3,83,0.0,0
1,10/02/23,2:00,22.0,84,0.0,0
1,10/02/23,2:30,22.0,84,0.0,0
1,10/02/23,3:00,22.2,84,0.0,0
1,10/02/23,3:30,22.1,84,0.0,0
1,10/02/23,4:00,22.5,83,0.0,0
1,10/02/23,4:30,22.4,83,0.0,0
1,10/02/23,5:00,22.1,84,0.0,0
1,10/02/23,5:30,21.9,85,0.0,0
1,10/02/23,6:00,22.1,84,0.0,0
1,10/02/23,6:30,22.1,84,0.0,10
1,10/02/23,7:00,23.1,80,0.0,72
1,10/02/23,7:30,23.7,79,0.0,191
1,10/02/23,8:00,25.4,71,0.0,316
1,10/02/23,8:30,26.3,69,0.0,437
1,10/02/23,9:00,27.2,69,0.0,554
1,10/02/23,9:30,28.0,69,0.0,664
1,10/02/23,10:00,29.6,60,0.0,765
1,10/02/23,10:30,30.1,52,0.0,859
1,10/02/23,11:00,31.3,38,0.0,938
1,10/02/23,11:30,31.7,37,0.0,995
1,10/02/23,12:00,32.4,39,0.0,1037
1,10/02/23,12:30,32.3,37,0.0,1103
1,10/02/23,13:00,32.7,37,0.0,867
1,10/02/23,13:30,32.7,37,0.0,975
1,10/02/23,14:00,33.2,36,0.0,1070
1,10/02/23,14:30,33.6,34,0.0,898
1,10/02/23,15:00,33.6,34,0.0,658
1,10/02/23,15:30,33.6,36,0.0,857
1,10/02/23,16:00,33.1,32,0.0,550
1,10/02/23,16:30,32.8,38,0.0,273
1,10/02/23,17:00,33.1,39,0.0,456
1,10/02/23,17:30,32.2,40,0.0,272
1,10/02/23,18:00,31.6,47,0.0,211
1,10/02/23,18:30,30.6,51,0.0,127
1,10/02/23,19:00,29.6,52,0.0,52
1,10/02/23,19:30,28.3,51,0.0,12
1,10/02/23,20:00,27.3,50,0.0,0
1,10/02/23,20:30,26.5,55,0.0,0
1,10/02/23,21:00,25.6,60,0.0,0
1,10/02/23,21:30,24.9,62,0.0,0
1,10/02/23,22:00,24.3,64,0.0,0
1,10/02/23,22:30,23.4,71,0.0,0
1,10/02/23,23:00,23.5,77,0.0,0
1,10/02/23,23:30,23.7,79,0.0,0
1,11/02/23,00:00,23.3,83,0.0,0
1,11/02/23,0:30,22.8,84,0.0,0
1,11/02/23,1:00,22.5,85,0.0,0
1,11/02/23,1:30,22.3,84,0.0,0
1,11/02/23,2:00,22.1,85,0.0,0
1,11/02/23,2:30,21.6,87,0.0,0
1,11/02/23,3:00,21.4,87,0.0,0
1,11/02/23,3:30,21.5,86,0.0,0
1,11/02/23,4:00,21.2,87,0.0,0
1,11/02/23,4:30,21.0,88,0.0,0
1,11/02/23,5:00,21.3,86,0.0,0
1,11/02/23,5:30,21.4,83,0.0,0
1,11/02/23,6:00,21.7,80,0.0,0
1,11/02/23,6:30,22.1,77,0.0,10
1,11/02/23,7:00,22.8,75,0.0,68
1,11/02/23,7:30,23.4,73,0.0,181
1,11/02/23,8:00,25.1,67,0.0,302
1,11/02/23,8:30,25.3,69,0.0,418
1,11/02/23,9:00,26.3,66,0.0,536
1,11/02/23,9:30,28.1,61,0.0,645
1,11/02/23,10:00,29.4,56,0.0,747
1,11/02/23,10:30,30.9,42,0.0,835
1,11/02/23,11:00,31.6,44,0.0,909
1,11/02/23,11:30,32.3,38,0.0,967
1,11/02/23,12:00,33.1,39,0.0,1048
1,11/02/23,12:30,33.8,37,0.0,1127
1,11/02/23,13:00,33.9,35,0.0,811
1,11/02/23,13:30,34.8,34,0.0,1145
1,11/02/23,14:00,34.9,33,0.0,925
1,11/02/23,14:30,35.6,32,0.0,1094
1,11/02/23,15:00,33.8,33,0.0,737
1,11/02/23,15:30,33.7,34,0.0,275
1,11/02/23,16:00,33.7,35,0.0,210
1,11/02/23,16:30,33.9,33,0.0,169
1,11/02/23,17:00,33.7,39,0.0,445
1,11/02/23,17:30,32.4,41,0.0,202
1,11/02/23,18:00,32.5,41,0.0,109
1,11/02/23,18:30,31.8,41,0.0,88
1,11/02/23,19:00,30.7,49,0.0,49
1,11/02/23,19:30,29.5,52,0.0,11
1,11/02/23,20:00,28.2,61,0.0,0
1,11/02/23,20:30,27.3,62,0.0,0
1,11/02/23,21:00,26.4,65,0.0,0
1,11/02/23,21:30,25.4,69,0.0,0
1,11/02/23,22:00,24.6,73,0.0,0
1,11/02/23,22:30,24.0,72,0.0,0
1,11/02/23,23:00,23.6,73,0.0,0
1,11/02/23,23:30,23.6,71,0.0,0
1,12/02/23,00:00,22.9,72,0.0,0
1,12/02/23,0:30,23.3,68,0.0,0
1,12/02/23,1:00,22.9,67,0.0,0
1,12/02/23,1:30,22.9,68,0.0,0
1,12/02/23,2:00,22.9,68,0.0,0
1,12/02/23,2:30,22.3,72,0.0,0
1,12/02/23,3:00,21.7,76,0.0,0
1,12/02/23,3:30,21.7,76,0.0,0
1,12/02/23,4:00,21.2,77,0.0,0
1,12/02/23,4:30,21.0,78,0.0,0
1,12/02/23,5:00,21.3,75,0.0,0
1,12/02/23,5:30,21.1,75,0.0,0
1,12/02/23,6:00,20.9,75,0.0,0
1,12/02/23,6:30,21.1,75,0.0,13
1,12/02/23,7:00,21.7,72,0.0,74
1,12/02/23,7:30,22.8,67,0.0,182
1,12/02/23,8:00,24.7,55,0.0,303
1,12/02/23,8:30,25.9,51,0.0,425
1,12/02/23,9:00,26.9,44,0.0,554
1,12/02/23,9:30,28.3,41,0.0,663
1,12/02/23,10:00,29.3,40,0.0,767
1,12/02/23,10:30,30.5,36,0.0,859
1,12/02/23,11:00,31.4,35,0.0,931
1,12/02/23,11:30,32.6,32,0.0,990
1,12/02/23,12:00,33.8,30,0.0,1032
1,12/02/23,12:30,34.2,27,0.0,1053
1,12/02/23,13:00,34.8,25,0.0,1058
1,12/02/23,13:30,35.6,20,0.0,1052
1,12/02/23,14:00,35.5,18,0.0,1030
1,12/02/23,14:30,35.9,19,0.0,982
1,12/02/23,15:00,35.6,20,0.0,916
1,12/02/23,15:30,36.3,20,0.0,836
1,12/02/23,16:00,35.8,21,0.0,743
1,12/02/23,16:30,35.8,20,0.0,641
1,12/02/23,17:00,35.4,20,0.0,511
1,12/02/23,17:30,35.1,22,0.0,317
1,12/02/23,18:00,34.2,25,0.0,217
1,12/02/23,18:30,32.9,32,0.0,126
1,12/02/23,19:00,31.7,34,0.0,50
1,12/02/23,19:30,30.2,38,0.0,11
1,12/02/23,20:00,28.6,48,0.0,0
1,12/02/23,20:30,27.1,62,0.0,0
1,12/02/23,21:00,25.9,67,0.0,0
1,12/02/23,21:30,25.1,72,0.0,0
1,12/02/23,22:00,24.2,79,0.0,0
1,12/02/23,22:30,23.7,80,0.0,0
1,12/02/23,23:00,23.0,81,0.0,0
1,12/02/23,23:30,22.0,84,0.0,0
1,13/02/23,00:00,21.7,84,0.0,0
1,13/02/23,0:30,21.6,87,0.0,0
1,13/02/23,1:00,21.3,88,0.0,0
1,13/02/23,1:30,21.3,88,0.0,0
1,13/02/23,2:00,21.1,88,0.0,0
1,13/02/23,2:30,20.9,91,0.0,0
1,13/02/23,3:00,20.9,89,0.0,0
1,13/02/23,3:30,20.6,91,0.0,0
1,13/02/23,4:00,20.3,89,0.0,0
1,13/02/23,4:30,19.7,91,0.0,0
1,13/02/23,5:00,19.6,91,0.0,0
1,13/02/23,5:30,19.4,92,0.0,0
1,13/02/23,6:00,19.3,93,0.0,0
1,13/02/23,6:30,19.2,94,0.0,10
1,13/02/23,7:00,19.9,92,0.0,68
1,13/02/23,7:30,20.6,90,0.0,183
1,13/02/23,8:00,22.1,85,0.0,314
1,13/02/23,8:30,23.2,81,0.0,434
1,13/02/23,9:00,24.7,75,0.0,546
1,13/02/23,9:30,25.9,72,0.0,658
1,13/02/23,10:00,27.9,68,0.0,751
1,13/02/23,10:30,30.3,54,0.0,837
1,13/02/23,11:00,31.7,49,0.0,906
1,13/02/23,11:30,33.6,44,0.0,961
1,13/02/23,12:00,33.9,41,0.0,818
1,13/02/23,12:30,34.8,38,0.0,709
1,13/02/23,13:00,35.4,34,0.0,737
1,13/02/23,13:30,35.8,33,0.0,1081
1,13/02/23,14:00,36.3,31,0.0,1061
1,13/02/23,14:30,36.9,28,0.0,989
1,13/02/23,15:00,36.6,29,0.0,906
1,13/02/23,15:30,37.1,28,0.0,853
1,13/02/23,16:00,37.6,30,0.0,779
1,13/02/23,16:30,36.9,32,0.0,602
1,13/02/23,17:00,36.8,33,0.0,508
1,13/02/23,17:30,36.6,33,0.0,334
1,13/02/23,18:00,35.9,33,0.0,173
1,13/02/23,18:30,35.6,32,0.0,125
1,13/02/23,19:00,34.4,34,0.0,45
1,13/02/23,19:30,33.2,35,0.0,9
1,13/02/23,20:00,32.2,36,0.0,0
1,13/02/23,20:30,31.5,42,0.0,0
1,13/02/23,21:00,31.0,43,0.0,0
1,13/02/23,21:30,30.4,47,0.0,0
1,13/02/23,22:00,29.8,50,0.0,0
1,13/02/23,22:30,29.1,51,0.0,0
1,13/02/23,23:00,29.2,52,0.0,0
1,13/02/23,23:30,28.8,52,0.0,0
1,14/02/23,00:00,28.7,52,0.0,0
1,14/02/23,0:30,27.8,54,0.0,0
1,14/02/23,1:00,27.2,55,0.0,0
1,14/02/23,1:30,27.4,53,0.0,0
1,14/02/23,2:00,26.8,56,0.0,0
1,14/02/23,2:30,25.7,61,0.0,0
1,14/02/23,3:00,25.8,60,0.0,0
1,14/02/23,3:30,25.9,60,0.0,0
1,14/02/23,4:00,25.3,61,0.0,0
1,14/02/23,4:30,26.0,63,0.0,0
1,14/02/23,5:00,26.6,63,0.0,0
1,14/02/23,5:30,26.6,67,0.0,0
1,14/02/23,6:00,25.8,68,0.0,0
1,14/02/23,6:30,26.4,65,0.0,6
1,14/02/23,7:00,26.6,66,0.0,9
1,14/02/23,7:30,23.1,84,8.0,16
1,14/02/23,8:00,23.9,82,0.8,33
1,14/02/23,8:30,22.9,86,0.4,67
1,14/02/23,9:00,21.9,91,1.6,24
1,14/02/23,9:30,21.6,91,0.0,21
1,14/02/23,10:00,21.7,88,0.4,81
1,14/02/23,10:30,22.3,85,0.0,131
1,14/02/23,11:00,23.0,81,0.0,192
1,14/02/23,11:30,23.5,83,0.0,297
1,14/02/23,12:00,24.4,79,0.0,426
1,14/02/23,12:30,24.7,81,0.0,183
1,14/02/23,13:00,23.8,86,0.0,169
1,14/02/23,13:30,23.0,88,0.0,137
1,14/02/23,14:00,22.8,89,0.2,52
1,14/02/23,14:30,22.1,91,0.0,29
1,14/02/23,15:00,22.0,90,0.0,44
1,14/02/23,15:30,22.3,88,0.0,65
1,14/02/23,16:00,22.3,88,0.0,26
1,14/02/23,16:30,20.7,91,0.2,18
1,14/02/23,17:00,19.5,93,3.2,27
1,14/02/23,17:30,19.5,91,1.6,27
1,14/02/23,18:00,20.5,85,0.0,28
1,14/02/23,18:30,22.4,77,0.0,67
1,14/02/23,19:00,21.4,82,0.0,27
1,14/02/23,19:30,20.2,87,0.0,6
1,14/02/23,20:00,19.6,90,0.0,0
1,14/02/23,20:30,19.7,89,0.0,0
1,14/02/23,21:00,18.9,92,0.0,0
1,14/02/23,21:30,19.1,94,0.0,0
1,14/02/23,22:00,19.3,94,0.0,0
1,14/02/23,22:30,19.1,91,0.0,0
1,14/02/23,23:00,19.2,90,0.0,0
1,14/02/23,23:30,19.3,90,0.0,0
1,15/02/23,00:00,18.5,92,0.0,0
1,15/02/23,0:30,19.3,91,0.0,0
1,15/02/23,1:00,19.7,88,0.0,0
1,15/02/23,1:30,19.1,89,0.0,0
1,15/02/23,2:00,18.8,91,0.0,0
1,15/02/23,2:30,18.6,92,0.0,0
1,15/02/23,3:00,18.6,93,0.0,0
1,15/02/23,3:30,18.9,92,0.0,0
1,15/02/23,4:00,17.9,92,0.0,0
1,15/02/23,4:30,17.8,94,0.0,0
1,15/02/23,5:00,17.9,94,0.0,0
1,15/02/23,5:30,17.4,95,0.0,0
1,15/02/23,6:00,17.3,95,0.0,0
1,15/02/23,6:30,18.1,95,0.0,6
1,15/02/23,7:00,18.5,94,0.0,44
1,15/02/23,7:30,18.7,96,0.0,154
1,15/02/23,8:00,21.1,92,0.0,254
1,15/02/23,8:30,21.1,92,0.0,405
1,15/02/23,9:00,21.3,91,0.0,344
1,15/02/23,9:30,22.3,87,0.0,599
1,15/02/23,10:00,23.2,83,0.0,657
1,15/02/23,10:30,23.3,82,0.0,471
1,15/02/23,11:00,24.2,82,0.0,471
1,15/02/23,11:30,24.2,80,0.0,807
1,15/02/23,12:00,24.6,78,0.0,1023
1,15/02/23,12:30,25.3,75,0.0,1053
1,15/02/23,13:00,25.9,73,0.0,1194
1,15/02/23,13:30,25.5,73,0.0,936
1,15/02/23,14:00,25.2,74,0.0,306
1,15/02/23,14:30,26.3,71,0.0,610
1,15/02/23,15:00,26.6,71,0.0,669
1,15/02/23,15:30,26.3,68,0.0,668
1,15/02/23,16:00,25.4,72,0.0,286
1,15/02/23,16:30,25.7,70,0.0,338
1,15/02/23,17:00,25.3,71,0.0,216
1,15/02/23,17:30,25.6,69,0.0,272
1,15/02/23,18:00,24.6,74,0.0,122
1,15/02/23,18:30,24.1,74,0.0,89
1,15/02/23,19:00,23.2,77,0.0,46
1,15/02/23,19:30,22.3,79,0.0,9
1,15/02/23,20:00,21.7,81,0.0,0
1,15/02/23,20:30,21.3,81,0.0,0
1,15/02/23,21:00,20.9,83,0.0,0
1,15/02/23,21:30,20.5,85,0.0,0
1,15/02/23,22:00,20.2,86,0.0,0
1,15/02/23,22:30,19.9,88,0.0,0
1,15/02/23,23:00,19.7,90,0.0,0
1,15/02/23,23:30,19.7,90,0.0,0
1,16/02/23,00:00,19.3,92,0.0,0
1,16/02/23,0:30,19.7,92,0.0,0
1,16/02/23,1:00,19.7,92,0.0,0
1,16/02/23,1:30,19.4,94,0.0,0
1,16/02/23,2:00,19.4,93,0.0,0
1,16/02/23,2:30,19.4,94,0.0,0
1,16/02/23,3:00,19.4,95,0.0,0
1,16/02/23,3:30,19.6,95,0.0,0
1,16/02/23,4:00,19.7,95,0.0,0
1,16/02/23,4:30,19.7,95,0.0,0
1,16/02/23,5:00,19.6,96,0.0,0
1,16/02/23,5:30,19.6,96,0.0,0
1,16/02/23,6:00,19.6,96,0.0,0
1,16/02/23,6:30,19.4,96,0.0,6
1,16/02/23,7:00,19.6,97,0.0,44
1,16/02/23,7:30,19.8,96,0.0,134
1,16/02/23,8:00,20.2,96,0.0,166
1,16/02/23,8:30,20.6,94,0.0,180
1,16/02/23,9:00,21.7,91,0.0,409
1,16/02/23,9:30,22.9,87,0.0,550
1,16/02/23,10:00,23.8,83,0.0,583
1,16/02/23,10:30,24.8,81,0.0,611
1,16/02/23,11:00,26.9,71,0.0,672
1,16/02/23,11:30,27.0,69,0.0,462
1,16/02/23,12:00,27.8,69,0.0,946
1,16/02/23,12:30,28.4,66,0.0,822
1,16/02/23,13:00,28.5,62,0.0,440
1,16/02/23,13:30,30.2,59,0.0,798
1,16/02/23,14:00,31.1,52,0.0,940
1,16/02/23,14:30,31.7,44,0.0,832
1,16/02/23,15:00,26.0,66,0.8,266
1,16/02/23,15:30,28.6,57,0.0,497
1,16/02/23,16:00,24.3,69,0.0,298
1,16/02/23,16:30,24.3,70,0.0,373
1,16/02/23,17:00,24.8,68,0.0,346
1,16/02/23,17:30,23.9,74,0.0,205
1,16/02/23,18:00,22.8,79,0.0,137
1,16/02/23,18:30,21.4,80,0.0,98
1,16/02/23,19:00,21.3,78,0.0,35
1,16/02/23,19:30,21.2,78,0.0,1
1,16/02/23,20:00,19.8,87,0.6,0
1,16/02/23,20:30,18.6,92,2.2,0
1,16/02/23,21:00,18.5,93,1.0,0
1,16/02/23,21:30,18.4,94,0.2,0
1,16/02/23,22:00,18.2,95,0.2,0
1,16/02/23,22:30,18.3,95,0.0,0
1,16/02/23,23:00,18.3,93,0.0,0
1,16/02/23,23:30,18.5,94,0.0,0
1,17/02/23,00:00,18.3,94,0.0,0
1,17/02/23,0:30,18.3,95,0.0,0
1,17/02/23,1:00,18.3,96,0.0,0
1,17/02/23,1:30,18.3,96,0.2,0
1,17/02/23,2:00,18.0,96,2.0,0
1,17/02/23,2:30,17.9,96,1.0,0
1,17/02/23,3:00,17.9,96,0.2,0
1,17/02/23,3:30,17.8,97,0.0,0
1,17/02/23,4:00,17.9,97,0.0,0
1,17/02/23,4:30,17.9,97,0.0,0
1,17/02/23,5:00,17.7,97,0.0,0
1,17/02/23,5:30,16.8,97,0.0,0
1,17/02/23,6:00,15.9,96,0.0,0
1,17/02/23,6:30,15.6,96,0.0,0
1,17/02/23,7:00,14.0,96,0.0,4
1,17/02/23,7:30,12.6,97,0.2,11
1,17/02/23,8:00,11.6,94,0.0,56
1,17/02/23,8:30,11.9,92,0.0,103
1,17/02/23,9:00,12.1,90,0.0,195
1,17/02/23,9:30,12.4,85,0.0,325
1,17/02/23,10:00,13.4,75,0.0,689
1,17/02/23,10:30,14.3,73,0.0,765
1,17/02/23,11:00,14.6,66,0.0,838
1,17/02/23,11:30,15.7,49,0.0,971
1,17/02/23,12:00,15.9,49,0.0,1023
1,17/02/23,12:30,16.7,47,0.0,1047
1,17/02/23,13:00,16.9,46,0.0,1052
1,17/02/23,13:30,17.6,44,0.0,1037
1,17/02/23,14:00,17.8,37,0.0,1004
1,17/02/23,14:30,18.9,35,0.0,962
1,17/02/23,15:00,17.7,37,0.0,737
1,17/02/23,15:30,18.3,34,0.0,771
1,17/02/23,16:00,17.8,35,0.0,578
1,17/02/23,16:30,18.1,37,0.0,280
1,17/02/23,17:00,17.9,33,0.0,264
1,17/02/23,17:30,17.8,34,0.0,231
1,17/02/23,18:00,17.7,36,0.0,151
1,17/02/23,18:30,16.7,38,0.0,84
1,17/02/23,19:00,16.8,39,0.0,60
1,17/02/23,19:30,15.4,47,0.0,14
1,17/02/23,20:00,14.6,52,0.0,0
1,17/02/23,20:30,13.8,54,0.0,0
1,17/02/23,21:00,13.2,57,0.0,0
1,17/02/23,21:30,12.7,59,0.0,0
1,17/02/23,22:00,12.2,61,0.0,0
1,17/02/23,22:30,11.7,64,0.0,0
1,17/02/23,23:00,11.4,65,0.0,0
1,17/02/23,23:30,11.2,68,0.0,0
1,18/02/23,00:00,10.5,72,0.0,0
1,18/02/23,0:30,10.2,74,0.0,0
1,18/02/23,1:00,10.1,76,0.0,0
1,18/02/23,1:30,9.4,79,0.0,0
1,18/02/23,2:00,9.0,82,0.0,0
1,18/02/23,2:30,8.7,83,0.0,0
1,18/02/23,3:00,8.3,84,0.0,0
1,18/02/23,3:30,7.9,86,0.0,0
1,18/02/23,4:00,7.3,89,0.0,0
1,18/02/23,4:30,7.0,90,0.0,0
1,18/02/23,5:00,7.2,91,0.0,0
1,18/02/23,5:30,6.8,91,0.0,0
1,18/02/23,6:00,6.7,92,0.0,0
1,18/02/23,6:30,6.7,92,0.0,6
1,18/02/23,7:00,7.3,93,0.0,58
1,18/02/23,7:30,8.2,92,0.0,174
1,18/02/23,8:00,9.7,88,0.0,314
1,18/02/23,8:30,11.0,81,0.0,444
1,18/02/23,9:00,12.1,77,0.0,565
1,18/02/23,9:30,12.7,73,0.0,679
1,18/02/23,10:00,13.9,69,0.0,782
1,18/02/23,10:30,15.1,63,0.0,875
1,18/02/23,11:00,16.1,58,0.0,944
1,18/02/23,11:30,16.7,51,0.0,996
1,18/02/23,12:00,17.9,50,0.0,1035
1,18/02/23,12:30,18.5,42,0.0,1060
1,18/02/23,13:00,19.0,42,0.0,1062
1,18/02/23,13:30,19.6,44,0.0,1051
1,18/02/23,14:00,19.4,44,0.0,1020
1,18/02/23,14:30,20.0,41,0.0,972
1,18/02/23,15:00,20.2,40,0.0,905
1,18/02/23,15:30,20.5,40,0.0,828
1,18/02/23,16:00,21.0,35,0.0,737
1,18/02/23,16:30,20.7,33,0.0,633
1,18/02/23,17:00,21.3,32,0.0,520
1,18/02/23,17:30,20.9,33,0.0,344
1,18/02/23,18:00,20.4,35,0.0,206
1,18/02/23,18:30,19.8,33,0.0,107
1,18/02/23,19:00,19.1,36,0.0,36
1,18/02/23,19:30,17.4,41,0.0,7
1,18/02/23,20:00,16.0,45,0.0,0
1,18/02/23,20:30,15.6,46,0.0,0
1,18/02/23,21:00,15.6,45,0.0,0
1,18/02/23,21:30,15.6,44,0.0,0
1,18/02/23,22:00,15.2,44,0.0,0
1,18/02/23,22:30,14.7,55,0.0,0
1,18/02/23,23:00,13.7,62,0.0,0
1,18/02/23,23:30,13.4,67,0.0,0
1,19/02/23,00:00,13.5,67,0.0,0
1,19/02/23,0:30,12.7,69,0.0,0
1,19/02/23,1:00,12.5,71,0.0,0
1,19/02/23,1:30,12.8,70,0.0,0
1,19/02/23,2:00,12.5,69,0.0,0
1,19/02/23,2:30,12.9,67,0.0,0
1,19/02/23,3:00,13.0,65,0.0,0
1,19/02/23,3:30,13.1,64,0.0,0
1,19/02/23,4:00,12.8,65,0.0,0
1,19/02/23,4:30,13.0,65,0.0,0
1,19/02/23,5:00,13.0,64,0.0,0
1,19/02/23,5:30,13.3,64,0.0,0
1,19/02/23,6:00,13.2,61,0.0,0
1,19/02/23,6:30,12.9,64,0.0,6
1,19/02/23,7:00,13.2,62,0.0,57
1,19/02/23,7:30,15.0,60,0.0,168
1,19/02/23,8:00,16.4,53,0.0,292
1,19/02/23,8:30,17.3,54,0.0,416
1,19/02/23,9:00,18.6,49,0.0,584
1,19/02/23,9:30,18.7,49,0.0,739
1,19/02/23,10:00,18.3,54,0.0,480
1,19/02/23,10:30,19.0,54,0.0,561
1,19/02/23,11:00,19.9,50,0.0,670
1,19/02/23,11:30,20.4,49,0.0,1060
1,19/02/23,12:00,20.1,53,0.0,910
1,19/02/23,12:30,20.8,52,0.0,689
1,19/02/23,13:00,21.7,49,0.0,1077
1,19/02/23,13:30,22.3,47,0.0,1044
1,19/02/23,14:00,23.1,45,0.0,985
1,19/02/23,14:30,23.6,45,0.0,984
1,19/02/23,15:00,23.3,49,0.0,877
1,19/02/23,15:30,22.9,46,0.0,723
1,19/02/23,16:00,23.6,46,0.0,726
1,19/02/23,16:30,23.1,48,0.0,618
1,19/02/23,17:00,22.8,49,0.0,478
1,19/02/23,17:30,23.1,48,0.0,333
1,19/02/23,18:00,22.4,50,0.0,202
1,19/02/23,18:30,21.6,54,0.0,101
1,19/02/23,19:00,20.4,57,0.0,36
1,19/02/23,19:30,19.4,61,0.0,7
1,19/02/23,20:00,18.6,64,0.0,0
1,19/02/23,20:30,17.9,68,0.0,0
1,19/02/23,21:00,17.5,70,0.0,0
1,19/02/23,21:30,17.2,74,0.0,0
1,19/02/23,22:00,16.9,76,0.0,0
1,19/02/23,22:30,16.8,77,0.0,0
1,19/02/23,23:00,16.6,79,0.0,0
1,19/02/23,23:30,16.3,80,0.0,0
1,20/02/23,00:00,16.3,80,0.0,0
1,20/02/23,0:30,16.2,81,0.0,0
1,20/02/23,1:00,16.2,82,0.0,0
1,20/02/23,1:30,16.1,83,0.0,0
1,20/02/23,2:00,15.7,84,0.0,0
1,20/02/23,2:30,15.7,86,0.0,0
1,20/02/23,3:00,16.0,86,0.0,0
1,20/02/23,3:30,16.0,86,0.0,0
1,20/02/23,4:00,15.8,87,0.0,0
1,20/02/23,4:30,16.1,87,0.0,0
1,20/02/23,5:00,16.2,87,0.0,0
1,20/02/23,5:30,16.3,88,0.0,0
1,20/02/23,6:00,16.6,87,0.0,0
1,20/02/23,6:30,16.8,87,0.0,1
1,20/02/23,7:00,16.7,87,0.0,18
1,20/02/23,7:30,17.3,88,0.0,83
1,20/02/23,8:00,18.8,84,0.0,221
1,20/02/23,8:30,19.2,82,0.0,238
1,20/02/23,9:00,20.4,78,0.0,370
1,20/02/23,9:30,20.3,77,0.0,292
1,20/02/23,10:00,20.4,77,0.0,309
1,20/02/23,10:30,21.6,73,0.0,553
1,20/02/23,11:00,22.3,72,0.0,542
1,20/02/23,11:30,22.6,71,0.0,469
1,20/02/23,12:00,21.9,73,0.0,504
1,20/02/23,12:30,22.9,71,0.0,619
1,20/02/23,13:00,24.5,66,0.0,1088
1,20/02/23,13:30,25.1,63,0.0,960
1,20/02/23,14:00,25.0,64,0.0,694
1,20/02/23,14:30,25.6,63,0.0,1035
1,20/02/23,15:00,25.3,66,0.0,961
1,20/02/23,15:30,25.5,69,0.0,575
1,20/02/23,16:00,24.8,69,0.0,432
1,20/02/23,16:30,24.9,68,0.0,464
1,20/02/23,17:00,24.7,70,0.0,319
1,20/02/23,17:30,24.3,71,0.0,256
1,20/02/23,18:00,24.0,71,0.0,178
1,20/02/23,18:30,23.2,77,0.0,114
1,20/02/23,19:00,22.6,80,0.0,48
1,20/02/23,19:30,22.1,81,0.0,15
1,20/02/23,20:00,21.5,83,0.0,0
1,20/02/23,20:30,21.1,85,0.0,0
1,20/02/23,21:00,20.7,86,0.0,0
1,20/02/23,21:30,20.4,88,0.0,0
1,20/02/23,22:00,20.1,89,0.0,0
1,20/02/23,22:30,19.7,91,0.0,0
1,20/02/23,23:00,19.4,93,0.0,0
1,20/02/23,23:30,19.2,93,0.0,0
1,21/02/23,00:00,18.9,93,0.0,0
1,21/02/23,0:30,18.6,93,0.0,0
1,21/02/23,1:00,18.6,94,0.0,0
1,21/02/23,1:30,18.4,93,0.0,0
1,21/02/23,2:00,18.3,93,0.0,0
1,21/02/23,2:30,18.4,93,0.0,0
1,21/02/23,3:00,18.4,92,0.0,0
1,21/02/23,3:30,18.1,93,0.0,0
1,21/02/23,4:00,18.0,94,0.0,0
1,21/02/23,4:30,17.8,94,0.0,0
1,21/02/23,5:00,17.9,95,0.0,0
1,21/02/23,5:30,18.2,95,0.0,0
1,21/02/23,6:00,18.1,95,0.0,0
1,21/02/23,6:30,18.1,95,0.0,0
1,21/02/23,7:00,18.2,95,0.0,33
1,21/02/23,7:30,19.0,95,0.0,176
1,21/02/23,8:00,20.3,85,0.0,185
1,21/02/23,8:30,20.6,83,0.0,221
1,21/02/23,9:00,21.3,81,0.0,296
1,21/02/23,9:30,22.1,78,0.0,428
1,21/02/23,10:00,22.2,77,0.0,399
1,21/02/23,10:30,23.2,73,0.0,691
1,21/02/23,11:00,24.0,67,0.0,547
1,21/02/23,11:30,24.1,65,0.0,538
1,21/02/23,12:00,24.4,64,0.0,528
1,21/02/23,12:30,24.8,61,0.0,413
1,21/02/23,13:00,25.3,62,0.0,546
1,21/02/23,13:30,25.4,60,0.0,472
1,21/02/23,14:00,25.9,58,0.0,624
1,21/02/23,14:30,26.9,54,0.0,915
1,21/02/23,15:00,26.9,56,0.0,958
1,21/02/23,15:30,27.1,56,0.0,699
1,21/02/23,16:00,26.5,57,0.0,246
1,21/02/23,16:30,26.3,58,0.0,264
1,21/02/23,17:00,25.7,62,0.0,371
1,21/02/23,17:30,26.1,62,0.0,158
1,21/02/23,18:00,25.4,63,0.0,135
1,21/02/23,18:30,24.2,67,0.0,70
1,21/02/23,19:00,23.4,70,0.0,26
1,21/02/23,19:30,22.4,73,0.0,5
1,21/02/23,20:00,21.8,74,0.0,0
1,21/02/23,20:30,21.3,75,0.0,0
1,21/02/23,21:00,20.9,76,0.0,0
1,21/02/23,21:30,20.4,80,0.0,0
1,21/02/23,22:00,20.1,84,0.0,0
1,21/02/23,22:30,19.9,86,0.0,0
1,21/02/23,23:00,19.6,87,0.0,0
1,21/02/23,23:30,19.3,89,0.0,0
1,22/02/23,00:00,19.1,90,0.0,0
1,22/02/23,0:30,18.8,91,0.0,0
1,22/02/23,1:00,18.6,92,0.0,0
1,22/02/23,1:30,18.3,92,0.0,0
1,22/02/23,2:00,18.4,92,0.0,0
1,22/02/23,2:30,18.1,92,0.0,0
1,22/02/23,3:00,17.8,93,0.0,0
1,22/02/23,3:30,17.8,94,0.0,0
1,22/02/23,4:00,17.8,94,0.0,0
1,22/02/23,4:30,17.6,95,0.0,0
1,22/02/23,5:00,17.5,95,0.0,0
1,22/02/23,5:30,17.4,95,0.0,0
1,22/02/23,6:00,17.3,95,0.0,0
1,22/02/23,6:30,17.1,95,0.0,4
1,22/02/23,7:00,17.3,95,0.0,45
1,22/02/23,7:30,17.9,95,0.0,154
1,22/02/23,8:00,19.4,91,0.0,289
1,22/02/23,8:30,20.4,86,0.0,408
1,22/02/23,9:00,21.3,79,0.0,530
1,22/02/23,9:30,22.4,73,0.0,640
1,22/02/23,10:00,23.0,70,0.0,742
1,22/02/23,10:30,24.1,67,0.0,830
1,22/02/23,11:00,24.8,63,0.0,887
1,22/02/23,11:30,25.8,55,0.0,967
1,22/02/23,12:00,26.4,51,0.0,1010
1,22/02/23,12:30,26.9,49,0.0,1043
1,22/02/23,13:00,27.6,47,0.0,1088
1,22/02/23,13:30,28.4,47,0.0,1070
1,22/02/23,14:00,28.1,42,0.0,669
1,22/02/23,14:30,29.1,42,0.0,1027
1,22/02/23,15:00,29.3,41,0.0,1005
1,22/02/23,15:30,29.3,42,0.0,737
1,22/02/23,16:00,28.6,42,0.0,284
1,22/02/23,16:30,28.9,43,0.0,547
1,22/02/23,17:00,28.8,45,0.0,429
1,22/02/23,17:30,28.3,46,0.0,187
1,22/02/23,18:00,27.4,49,0.0,167
1,22/02/23,18:30,25.9,59,0.0,74
1,22/02/23,19:00,24.7,65,0.0,29
1,22/02/23,19:30,23.7,69,0.0,4
1,22/02/23,20:00,22.9,71,0.0,0
1,22/02/23,20:30,22.2,74,0.0,0
1,22/02/23,21:00,21.3,78,0.0,0
1,22/02/23,21:30,20.7,82,0.0,0
1,22/02/23,22:00,20.3,85,0.0,0
1,22/02/23,22:30,19.9,87,0.0,0
1,22/02/23,23:00,19.7,88,0.0,0
1,22/02/23,23:30,19.4,89,0.0,0
1,23/02/23,00:00,19.3,88,0.0,0
1,23/02/23,0:30,19.0,89,0.0,0
1,23/02/23,1:00,18.6,90,0.0,0
1,23/02/23,1:30,18.8,90,0.0,0
1,23/02/23,2:00,18.6,91,0.0,0
1,23/02/23,2:30,18.8,90,0.0,0
1,23/02/23,3:00,18.7,90,0.0,0
1,23/02/23,3:30,18.8,90,0.0,0
1,23/02/23,4:00,18.8,90,0.0,0
1,23/02/23,4:30,19.2,90,0.0,0
1,23/02/23,5:00,19.4,90,0.0,0
1,23/02/23,5:30,19.5,91,0.0,0
1,23/02/23,6:00,19.6,90,0.0,0
1,23/02/23,6:30,19.5,90,0.0,0
1,23/02/23,7:00,19.7,90,0.0,15
1,23/02/23,7:30,19.8,90,0.0,65
1,23/02/23,8:00,20.7,88,0.0,222
1,23/02/23,8:30,21.8,84,0.0,351
1,23/02/23,9:00,22.6,82,0.0,300
1,23/02/23,9:30,23.2,80,0.0,352
1,23/02/23,10:00,23.7,79,0.0,359
1,23/02/23,10:30,25.1,74,0.0,590
1,23/02/23,11:00,26.2,70,0.0,962
1,23/02/23,11:30,26.9,68,0.0,712
1,23/02/23,12:00,28.1,64,0.0,916
1,23/02/23,12:30,29.2,61,0.0,967
1,23/02/23,13:00,29.4,59,0.0,951
1,23/02/23,13:30,30.7,56,0.0,1048
1,23/02/23,14:00,30.7,53,0.0,863
1,23/02/23,14:30,31.2,51,0.0,917
1,23/02/23,15:00,30.7,50,0.0,589
1,23/02/23,15:30,31.1,49,0.0,586
1,23/02/23,16:00,30.1,53,0.0,386
1,23/02/23,16:30,28.7,60,0.0,403
1,23/02/23,17:00,28.4,59,0.0,215
1,23/02/23,17:30,27.8,54,0.0,271
1,23/02/23,18:00,23.9,78,0.0,121
1,23/02/23,18:30,23.3,79,0.0,59
1,23/02/23,19:00,23.5,75,0.0,22
1,23/02/23,19:30,23.3,72,0.0,2
1,23/02/23,20:00,22.8,74,0.0,0
1,23/02/23,20:30,22.5,79,0.0,0
1,23/02/23,21:00,22.1,83,0.0,0
1,23/02/23,21:30,21.9,86,0.0,0
1,23/02/23,22:00,21.8,89,0.0,0
1,23/02/23,22:30,22.1,89,0.0,0
1,23/02/23,23:00,21.9,91,0.0,0
1,23/02/23,23:30,21.7,91,0.0,0
1,24/02/23,00:00,21.0,93,0.0,0
1,24/02/23,0:30,21.3,94,0.0,0
1,24/02/23,1:00,21.4,95,0.0,0
1,24/02/23,1:30,21.3,95,0.0,0
1,24/02/23,2:00,21.3,95,0.0,0
1,24/02/23,2:30,21.2,95,0.0,0
1,24/02/23,3:00,21.1,95,0.2,0
1,24/02/23,3:30,20.9,96,0.4,0
1,24/02/23,4:00,20.8,96,0.2,0
1,24/02/23,4:30,20.6,96,0.0,0
1,24/02/23,5:00,20.6,94,0.0,0
1,24/02/23,5:30,20.5,93,0.0,0
1,24/02/23,6:00,20.4,91,0.0,0
1,24/02/23,6:30,20.5,91,0.0,0
1,24/02/23,7:00,20.4,93,0.0,24
1,24/02/23,7:30,21.4,92,0.0,130
1,24/02/23,8:00,21.5,90,0.0,118
1,24/02/23,8:30,21.4,90,0.0,82
1,24/02/23,9:00,22.2,89,0.0,197
1,24/02/23,9:30,22.8,86,0.0,331
1,24/02/23,10:00,24.1,80,0.0,465
1,24/02/23,10:30,25.2,74,0.0,685
1,24/02/23,11:00,25.3,72,0.0,477
1,24/02/23,11:30,26.4,69,0.0,660
1,24/02/23,12:00,26.2,70,0.0,299
1,24/02/23,12:30,22.2,87,0.0,72
1,24/02/23,13:00,19.7,91,15.6,25
1,24/02/23,13:30,19.3,93,7.0,51
1,24/02/23,14:00,20.3,94,1.2,258
1,24/02/23,14:30,22.1,89,0.2,618
1,24/02/23,15:00,23.8,87,0.0,614
1,24/02/23,15:30,24.3,81,0.0,589
1,24/02/23,16:00,24.3,77,0.0,440
1,24/02/23,16:30,24.5,77,0.0,503
1,24/02/23,17:00,24.7,75,0.0,247
1,24/02/23,17:30,23.4,82,0.0,138
1,24/02/23,18:00,22.7,82,0.0,88
1,24/02/23,18:30,22.2,84,0.0,40
1,24/02/23,19:00,21.5,85,0.0,14
1,24/02/23,19:30,20.9,84,0.0,1
1,24/02/23,20:00,20.6,84,0.0,0
1,24/02/23,20:30,20.3,86,0.0,0
1,24/02/23,21:00,20.1,88,0.0,0
1,24/02/23,21:30,20.2,88,0.0,0
1,24/02/23,22:00,20.1,88,0.0,0
1,24/02/23,22:30,19.7,89,0.0,0
1,24/02/23,23:00,19.5,90,0.0,0
1,24/02/23,23:30,19.6,91,0.0,0
1,25/02/23,00:00,19.5,91,0.0,0
1,25/02/23,0:30,19.3,91,0.0,0
1,25/02/23,1:00,19.1,92,0.0,0
1,25/02/23,1:30,19.3,93,0.0,0
1,25/02/23,2:00,19.2,93,0.0,0
1,25/02/23,2:30,19.2,94,0.0,0
1,25/02/23,3:00,19.2,94,0.0,0
1,25/02/23,3:30,19.1,94,0.0,0
1,25/02/23,4:00,19.1,93,0.0,0
1,25/02/23,4:30,19.0,94,0.0,0
1,25/02/23,5:00,18.8,94,0.0,0
1,25/02/23,5:30,18.8,94,0.0,0
1,25/02/23,6:00,18.7,94,0.0,0
1,25/02/23,6:30,18.9,95,0.0,12
1,25/02/23,7:00,19.1,94,0.0,43
1,25/02/23,7:30,19.2,94,0.0,49
1,25/02/23,8:00,19.3,93,0.0,44
1,25/02/23,8:30,19.7,91,0.0,142
1,25/02/23,9:00,20.5,89,0.0,393
1,25/02/23,9:30,21.7,80,0.0,363
1,25/02/23,10:00,22.8,73,0.0,633
1,25/02/23,10:30,24.3,68,0.0,824
1,25/02/23,11:00,24.1,66,0.0,489
1,25/02/23,11:30,18.8,90,2.2,59
1,25/02/23,12:00,17.7,94,1.2,18
1,25/02/23,12:30,17.9,95,1.0,161
1,25/02/23,13:00,19.1,95,0.0,692
1,25/02/23,13:30,21.2,85,0.0,835
1,25/02/23,14:00,23.3,75,0.0,995
1,25/02/23,14:30,24.2,68,0.0,915
1,25/02/23,15:00,25.1,65,0.0,856
1,25/02/23,15:30,25.7,60,0.0,778
1,25/02/23,16:00,25.7,62,0.0,720
1,25/02/23,16:30,25.4,64,0.0,383
1,25/02/23,17:00,25.1,64,0.0,229
1,25/02/23,17:30,19.2,89,2.0,17
1,25/02/23,18:00,19.1,91,3.0,32
1,25/02/23,18:30,18.7,92,9.8,48
1,25/02/23,19:00,19.3,92,0.0,44
1,25/02/23,19:30,19.5,91,0.0,4
1,25/02/23,20:00,19.5,90,0.0,0
1,25/02/23,20:30,19.3,91,0.0,0
1,25/02/23,21:00,18.9,92,0.0,0
1,25/02/23,21:30,18.8,92,0.0,0
1,25/02/23,22:00,18.9,90,0.0,0
1,25/02/23,22:30,18.6,91,0.0,0
1,25/02/23,23:00,18.6,91,0.0,0
1,25/02/23,23:30,18.5,89,0.0,0
1,26/02/23,00:00,18.8,88,0.0,0
1,26/02/23,0:30,18.9,88,0.0,0
1,26/02/23,1:00,19.4,86,0.0,0
1,26/02/23,1:30,19.4,84,0.0,0
1,26/02/23,2:00,19.6,82,0.0,0
1,26/02/23,2:30,20.3,77,0.0,0
1,26/02/23,3:00,20.3,78,0.0,0
1,26/02/23,3:30,20.1,77,0.0,0
1,26/02/23,4:00,20.8,73,0.0,0
1,26/02/23,4:30,20.9,74,0.0,0
1,26/02/23,5:00,20.8,76,0.0,0
1,26/02/23,5:30,19.4,81,0.0,0
1,26/02/23,6:00,19.4,82,0.0,0
1,26/02/23,6:30,18.4,86,0.0,2
1,26/02/23,7:00,19.1,83,0.0,26
1,26/02/23,7:30,20.2,81,0.0,89
1,26/02/23,8:00,20.9,77,0.0,159
1,26/02/23,8:30,20.8,83,0.0,411
1,26/02/23,9:00,21.4,81,0.0,456
1,26/02/23,9:30,23.6,75,0.0,591
1,26/02/23,10:00,24.8,73,0.0,659
1,26/02/23,10:30,25.8,69,0.0,805
1,26/02/23,11:00,27.1,62,0.0,838
1,26/02/23,11:30,28.0,57,0.0,931
1,26/02/23,12:00,28.7,60,0.0,951
1,26/02/23,12:30,28.7,56,0.0,978
1,26/02/23,13:00,29.4,58,0.0,989
1,26/02/23,13:30,29.8,56,0.0,1048
1,26/02/23,14:00,29.8,52,0.0,757
1,26/02/23,14:30,30.3,51,0.0,697
1,26/02/23,15:00,30.3,49,0.0,736
1,26/02/23,15:30,30.3,49,0.0,665
1,26/02/23,16:00,29.2,50,0.0,175
1,26/02/23,16:30,29.6,48,0.0,219
1,26/02/23,17:00,29.6,51,0.0,203
1,26/02/23,17:30,28.8,53,0.0,89
1,26/02/23,18:00,21.8,68,6.8,27
1,26/02/23,18:30,22.4,74,0.0,170
1,26/02/23,19:00,22.3,77,0.0,51
1,26/02/23,19:30,22.6,81,0.0,4
1,26/02/23,20:00,22.0,87,0.0,0
1,26/02/23,20:30,22.2,86,0.0,0
1,26/02/23,21:00,21.3,83,0.0,0
1,26/02/23,21:30,20.7,85,0.0,0
1,26/02/23,22:00,20.2,86,0.0,0
1,26/02/23,22:30,19.8,87,0.0,0
1,26/02/23,23:00,19.4,87,0.0,0
1,26/02/23,23:30,19.2,87,0.0,0
1,27/02/23,00:00,18.8,87,0.0,0
1,27/02/23,0:30,18.7,87,0.0,0
1,27/02/23,1:00,18.6,88,0.0,0
1,27/02/23,1:30,18.4,89,0.0,0
1,27/02/23,2:00,18.4,89,0.0,0
1,27/02/23,2:30,18.3,89,0.0,0
1,27/02/23,3:00,18.3,88,0.0,0
1,27/02/23,3:30,18.3,89,0.0,0
1,27/02/23,4:00,17.9,91,0.0,0
1,27/02/23,4:30,17.6,93,0.0,0
1,27/02/23,5:00,17.9,92,0.0,0
1,27/02/23,5:30,17.8,92,0.0,0
1,27/02/23,6:00,18.0,92,0.0,0
1,27/02/23,6:30,18.0,92,0.0,3
1,27/02/23,7:00,18.5,91,0.0,30
1,27/02/23,7:30,19.3,90,0.0,125
1,27/02/23,8:00,20.3,88,0.0,240
1,27/02/23,8:30,20.8,87,0.0,360
1,27/02/23,9:00,21.7,86,0.0,477
1,27/02/23,9:30,22.4,85,0.0,594
1,27/02/23,10:00,23.2,83,0.0,692
1,27/02/23,10:30,24.3,80,0.0,777
1,27/02/23,11:00,24.9,78,0.0,850
1,27/02/23,11:30,25.5,76,0.0,906
1,27/02/23,12:00,26.4,71,0.0,947
1,27/02/23,12:30,27.1,71,0.0,972
1,27/02/23,13:00,27.9,68,0.0,978
1,27/02/23,13:30,26.6,70,0.0,517
1,27/02/23,14:00,21.3,80,5.8,80
1,27/02/23,14:30,22.2,78,1.6,29
1,27/02/23,15:00,20.5,85,7.0,31
1,27/02/23,15:30,20.6,84,0.8,32
1,27/02/23,16:00,20.1,87,2.8,19
1,27/02/23,16:30,20.5,84,2.6,21
1,27/02/23,17:00,20.8,86,0.2,103
1,27/02/23,17:30,22.6,80,0.0,172
1,27/02/23,18:00,21.3,87,0.0,138
1,27/02/23,18:30,21.5,85,0.0,130
1,27/02/23,19:00,21.3,87,0.0,48
1,27/02/23,19:30,21.1,87,0.0,8
1,27/02/23,20:00,20.7,86,0.0,0
1,27/02/23,20:30,20.1,87,0.0,0
1,27/02/23,21:00,19.6,90,0.0,0
1,27/02/23,21:30,19.6,89,0.0,0
1,27/02/23,22:00,19.9,87,0.0,0
1,27/02/23,22:30,19.9,86,0.0,0
1,27/02/23,23:00,20.4,83,0.0,0
1,27/02/23,23:30,20.4,83,0.0,0
1,28/02/23,00:00,19.7,86,0.0,0
1,28/02/23,0:30,19.2,90,0.0,0
1,28/02/23,1:00,18.9,92,0.0,0
1,28/02/23,1:30,18.7,93,0.0,0
1,28/02/23,2:00,18.9,95,0.0,0
1,28/02/23,2:30,18.8,95,0.0,0
1,28/02/23,3:00,18.7,96,0.0,0
1,28/02/23,3:30,18.7,96,0.0,0
1,28/02/23,4:00,18.6,96,0.0,0
1,28/02/23,4:30,18.4,97,0.0,0
1,28/02/23,5:00,18.3,97,0.0,0
1,28/02/23,5:30,18.3,97,0.0,0
1,28/02/23,6:00,18.6,98,0.0,0
1,28/02/23,6:30,18.6,98,0.0,2
1,28/02/23,7:00,18.8,97,0.0,31
1,28/02/23,7:30,19.6,96,0.0,137
1,28/02/23,8:00,20.6,94,0.0,261
1,28/02/23,8:30,21.7,90,0.0,377
1,28/02/23,9:00,22.4,88,0.0,490
1,28/02/23,9:30,23.2,86,0.0,599
1,28/02/23,10:00,24.1,84,0.0,696
1,28/02/23,10:30,25.5,80,0.0,782
1,28/02/23,11:00,26.3,76,0.0,858
1,28/02/23,11:30,27.2,74,0.0,914
1,28/02/23,12:00,28.6,67,0.0,954
1,28/02/23,12:30,29.4,59,0.0,980
1,28/02/23,13:00,30.1,56,0.0,904
1,28/02/23,13:30,30.7,50,0.0,939
1,28/02/23,14:00,30.9,54,0.0,839
1,28/02/23,14:30,30.9,47,0.0,930
1,28/02/23,15:00,30.9,48,0.0,805
1,28/02/23,15:30,30.4,52,0.0,823
1,28/02/23,16:00,30.8,46,0.0,683
1,28/02/23,16:30,29.7,49,0.0,464
1,28/02/23,17:00,28.7,55,0.0,156
1,28/02/23,17:30,26.9,60,0.0,116
1,28/02/23,18:00,27.4,58,0.0,87
1,28/02/23,18:30,27.5,62,0.0,103
1,28/02/23,19:00,26.9,65,0.0,45
1,28/02/23,19:30,26.9,62,0.0,6
1,28/02/23,20:00,26.3,62,0.0,0
1,28/02/23,20:30,25.6,63,0.0,0
1,28/02/23,21:00,24.5,68,0.0,0
1,28/02/23,21:30,24.6,68,0.0,0
1,28/02/23,22:00,24.3,68,0.0,0
1,28/02/23,22:30,23.7,69,0.0,0
1,28/02/23,23:00,23.4,72,0.0,0
1,28/02/23,23:30,22.4,74,0.0,0
1,01/03/23,00:00,22.3,76,0.0,0
1,01/03/23,0:30,22.1,78,0.0,0
1,01/03/23,1:00,21.8,78,0.0,0
1,01/03/23,1:30,21.6,78,0.0,0
1,01/03/23,2:00,21.1,78,0.0,0
1,01/03/23,2:30,20.9,75,0.0,0
1,01/03/23,3:00,21.1,76,0.0,0
1,01/03/23,3:30,21.1,72,0.0,0
1,01/03/23,4:00,21.6,67,0.0,0
1,01/03/23,4:30,21.4,65,0.0,0
1,01/03/23,5:00,21.6,67,0.0,0
1,01/03/23,5:30,21.1,69,0.0,0
1,01/03/23,6:00,20.6,71,0.0,0
1,01/03/23,6:30,20.7,73,0.0,2
1,01/03/23,7:00,20.9,74,0.0,32
1,01/03/23,7:30,21.7,73,0.0,129
1,01/03/23,8:00,22.3,73,0.0,256
1,01/03/23,8:30,23.1,74,0.0,378
1,01/03/23,9:00,23.7,74,0.0,491
1,01/03/23,9:30,24.7,70,0.0,598
1,01/03/23,10:00,25.2,70,0.0,697
1,01/03/23,10:30,26.2,68,0.0,784
1,01/03/23,11:00,26.9,68,0.0,857
1,01/03/23,11:30,27.9,66,0.0,912
1,01/03/23,12:00,28.9,60,0.0,953
1,01/03/23,12:30,29.7,53,0.0,978
1,01/03/23,13:00,30.3,52,0.0,982
1,01/03/23,13:30,30.7,52,0.0,976
1,01/03/23,14:00,31.1,47,0.0,826
1,01/03/23,14:30,31.8,46,0.0,905
1,01/03/23,15:00,31.8,48,0.0,843
1,01/03/23,15:30,32.2,41,0.0,762
1,01/03/23,16:00,31.9,42,0.0,659
1,01/03/23,16:30,31.7,41,0.0,554
1,01/03/23,17:00,31.8,42,0.0,441
1,01/03/23,17:30,31.8,39,0.0,326
1,01/03/23,18:00,31.3,39,0.0,183
1,01/03/23,18:30,30.4,45,0.0,74
1,01/03/23,19:00,29.3,47,0.0,21
1,01/03/23,19:30,27.6,54,0.0,1
1,01/03/23,20:00,26.3,59,0.0,0
1,01/03/23,20:30,26.1,65,0.0,0
1,01/03/23,21:00,25.2,67,0.0,0
1,01/03/23,21:30,24.3,67,0.0,0
1,01/03/23,22:00,23.7,69,0.0,0
1,01/03/23,22:30,23.3,72,0.0,0
1,01/03/23,23:00,22.7,78,0.0,0
1,01/03/23,23:30,22.4,81,0.0,0
1,02/03/23,00:00,22.0,83,0.0,0
1,02/03/23,0:30,21.7,85,0.0,0
1,02/03/23,1:00,21.2,87,0.0,0
1,02/03/23,1:30,21.4,86,0.0,0
1,02/03/23,2:00,21.7,83,0.0,0
1,02/03/23,2:30,21.9,83,0.0,0
1,02/03/23,3:00,21.4,85,0.0,0
1,02/03/23,3:30,21.7,85,0.0,0
1,02/03/23,4:00,21.3,87,0.0,0
1,02/03/23,4:30,21.9,85,0.0,0
1,02/03/23,5:00,21.4,86,0.0,0
1,02/03/23,5:30,21.4,87,0.0,0
1,02/03/23,6:00,21.4,87,0.0,0
1,02/03/23,6:30,21.3,87,0.0,1
1,02/03/23,7:00,21.2,87,0.0,19
1,02/03/23,7:30,20.6,90,0.0,70
1,02/03/23,8:00,21.4,89,0.0,185
1,02/03/23,8:30,21.9,89,0.0,342
1,02/03/23,9:00,23.4,84,0.0,475
1,02/03/23,9:30,25.1,76,0.0,599
1,02/03/23,10:00,26.2,73,0.0,710
1,02/03/23,10:30,28.1,63,0.0,801
1,02/03/23,11:00,28.3,63,0.0,800
1,02/03/23,11:30,28.7,60,0.0,557
1,02/03/23,12:00,28.6,59,0.0,501
1,02/03/23,12:30,28.6,60,0.0,434
1,02/03/23,13:00,28.8,58,0.0,586
1,02/03/23,13:30,29.7,59,0.0,922
1,02/03/23,14:00,29.7,58,0.0,876
1,02/03/23,14:30,29.7,59,0.0,846
1,02/03/23,15:00,30.1,60,0.0,649
1,02/03/23,15:30,30.4,57,0.0,780
1,02/03/23,16:00,30.6,59,0.0,707
1,02/03/23,16:30,29.7,60,0.0,326
1,02/03/23,17:00,30.0,60,0.0,284
1,02/03/23,17:30,29.8,59,0.0,255
1,02/03/23,18:00,29.2,59,0.0,194
1,02/03/23,18:30,29.5,58,0.0,106
1,02/03/23,19:00,28.2,64,0.0,30
1,02/03/23,19:30,27.3,65,0.0,1
1,02/03/23,20:00,25.7,68,0.0,0
1,02/03/23,20:30,25.3,71,0.0,0
1,02/03/23,21:00,25.5,73,0.0,0
1,02/03/23,21:30,25.1,75,0.0,0
1,02/03/23,22:00,24.4,77,0.0,0
1,02/03/23,22:30,24.1,78,0.0,0
1,02/03/23,23:00,24.0,80,0.0,0
1,02/03/23,23:30,23.6,83,0.0,0
1,03/03/23,00:00,22.7,85,0.0,0
1,03/03/23,0:30,22.2,87,0.0,0
1,03/03/23,1:00,21.9,88,0.0,0
1,03/03/23,1:30,22.6,87,0.0,0
1,03/03/23,2:00,22.6,87,0.0,0
1,03/03/23,2:30,22.0,89,0.0,0
1,03/03/23,3:00,22.1,89,0.0,0
1,03/03/23,3:30,21.6,89,0.0,0
1,03/03/23,4:00,21.1,93,0.0,0
1,03/03/23,4:30,21.2,93,0.0,0
1,03/03/23,5:00,20.7,93,0.0,0
1,03/03/23,5:30,20.9,93,0.0,0
1,03/03/23,6:00,20.8,94,0.0,0
1,03/03/23,6:30,21.3,93,0.0,2
1,03/03/23,7:00,21.0,93,0.0,29
1,03/03/23,7:30,22.2,91,0.0,126
1,03/03/23,8:00,22.6,88,0.0,140
1,03/03/23,8:30,23.8,84,0.0,208
1,03/03/23,9:00,24.8,80,0.0,442
1,03/03/23,9:30,24.9,79,0.0,333
1,03/03/23,10:00,25.5,74,0.0,474
1,03/03/23,10:30,25.8,75,0.0,475
1,03/03/23,11:00,25.6,74,0.0,477
1,03/03/23,11:30,26.0,73,0.0,495
1,03/03/23,12:00,26.1,73,0.0,512
1,03/03/23,12:30,25.8,74,0.0,343
1,03/03/23,13:00,25.1,78,0.0,183
1,03/03/23,13:30,25.1,77,0.0,198
1,03/03/23,14:00,25.4,75,0.0,307
1,03/03/23,14:30,25.1,76,0.0,244
1,03/03/23,15:00,24.8,79,0.0,185
1,03/03/23,15:30,23.6,84,0.0,132
1,03/03/23,16:00,20.2,93,5.8,24
1,03/03/23,16:30,20.8,95,3.0,58
1,03/03/23,17:00,20.9,96,0.2,63
1,03/03/23,17:30,21.0,95,0.2,50
1,03/03/23,18:00,21.1,96,0.2,44
1,03/03/23,18:30,21.3,96,0.0,20
1,03/03/23,19:00,21.4,96,0.2,19
1,03/03/23,19:30,21.3,97,0.4,0
1,03/03/23,20:00,21.4,97,0.0,0
1,03/03/23,20:30,21.5,97,0.0,0
1,03/03/23,21:00,21.4,97,0.0,0
1,03/03/23,21:30,21.6,97,0.0,0
1,03/03/23,22:00,21.6,97,0.0,0
1,03/03/23,22:30,21.5,97,0.0,0
1,03/03/23,23:00,21.3,97,0.0,0
1,03/03/23,23:30,21.3,97,0.0,0
1,04/03/23,00:00,21.3,97,0.0,0
1,04/03/23,0:30,21.3,97,0.0,0
1,04/03/23,1:00,21.2,97,0.0,0
1,04/03/23,1:30,21.2,97,0.6,0
1,04/03/23,2:00,21.1,97,0.0,0
1,04/03/23,2:30,21.0,97,0.0,0
1,04/03/23,3:00,20.9,97,0.2,0
1,04/03/23,3:30,20.9,97,0.0,0
1,04/03/23,4:00,20.8,97,0.0,0
1,04/03/23,4:30,20.9,97,0.0,0
1,04/03/23,5:00,20.9,97,0.0,0
1,04/03/23,5:30,20.9,97,0.0,0
1,04/03/23,6:00,20.9,97,0.0,0
1,04/03/23,6:30,20.9,97,0.0,0
1,04/03/23,7:00,21.0,97,0.0,17
1,04/03/23,7:30,21.2,97,0.0,48
1,04/03/23,8:00,21.4,98,0.0,91
1,04/03/23,8:30,21.8,97,0.0,150
1,04/03/23,9:00,21.9,97,0.0,106
1,04/03/23,9:30,22.1,97,0.6,115
1,04/03/23,10:00,22.0,97,0.0,146
1,04/03/23,10:30,22.1,97,0.0,281
1,04/03/23,11:00,22.9,95,0.0,233
1,04/03/23,11:30,24.1,89,0.0,415
1,04/03/23,12:00,24.6,92,0.6,569
1,04/03/23,12:30,23.3,94,1.0,351
1,04/03/23,13:00,25.4,84,0.0,732
1,04/03/23,13:30,24.1,87,0.0,261
1,04/03/23,14:00,23.6,91,0.4,226
1,04/03/23,14:30,24.1,85,0.0,347
1,04/03/23,15:00,25.5,83,0.0,792
1,04/03/23,15:30,24.6,80,0.0,208
1,04/03/23,16:00,24.2,82,0.0,110
1,04/03/23,16:30,21.4,91,1.4,46
1,04/03/23,17:00,21.5,92,0.6,33
1,04/03/23,17:30,21.8,92,0.2,60
1,04/03/23,18:00,22.2,92,0.0,153
1,04/03/23,18:30,22.5,91,0.0,93
1,04/03/23,19:00,22.2,91,0.0,23
1,04/03/23,19:30,21.6,93,0.0,0
1,04/03/23,20:00,21.3,94,0.0,0
1,04/03/23,20:30,20.7,93,0.0,0
1,04/03/23,21:00,20.3,93,0.0,0
1,04/03/23,21:30,20.1,94,0.0,0
1,04/03/23,22:00,20.1,92,0.0,0
1,04/03/23,22:30,20.0,91,0.0,0
1,04/03/23,23:00,19.9,91,0.0,0
1,04/03/23,23:30,19.9,93,0.0,0
1,05/03/23,00:00,19.7,93,0.0,0
1,05/03/23,0:30,19.6,93,0.0,0
1,05/03/23,1:00,19.3,94,0.0,0
1,05/03/23,1:30,18.9,94,0.0,0
1,05/03/23,2:00,18.7,95,0.0,0
1,05/03/23,2:30,18.4,95,0.0,0
1,05/03/23,3:00,18.7,96,0.0,0
1,05/03/23,3:30,18.9,96,0.0,0
1,05/03/23,4:00,19.1,97,0.0,0
1,05/03/23,4:30,19.0,97,0.0,0
1,05/03/23,5:00,18.7,97,0.0,0
1,05/03/23,5:30,18.4,97,0.0,0
1,05/03/23,6:00,18.5,97,0.0,0
1,05/03/23,6:30,18.3,97,0.0,0
1,05/03/23,7:00,18.7,98,0.0,5
1,05/03/23,7:30,19.2,97,0.0,31
1,05/03/23,8:00,19.7,96,0.0,81
1,05/03/23,8:30,20.2,92,0.0,164
1,05/03/23,9:00,20.7,90,0.0,249
1,05/03/23,9:30,21.3,88,0.0,332
1,05/03/23,10:00,22.3,85,0.0,772
1,05/03/23,10:30,23.1,81,0.0,790
1,05/03/23,11:00,23.5,79,0.0,483
1,05/03/23,11:30,24.1,77,0.0,620
1,05/03/23,12:00,25.1,74,0.0,1060
1,05/03/23,12:30,25.4,72,0.0,697
1,05/03/23,13:00,25.5,70,0.0,540
1,05/03/23,13:30,25.8,69,0.0,764
1,05/03/23,14:00,26.9,64,0.0,859
1,05/03/23,14:30,26.9,67,0.0,947
1,05/03/23,15:00,27.2,63,0.0,730
1,05/03/23,15:30,27.0,60,0.0,701
1,05/03/23,16:00,26.9,59,0.0,663
1,05/03/23,16:30,26.8,61,0.0,556
1,05/03/23,17:00,26.6,60,0.0,443
1,05/03/23,17:30,26.4,60,0.0,324
1,05/03/23,18:00,25.9,62,0.0,186
1,05/03/23,18:30,24.8,69,0.0,63
1,05/03/23,19:00,23.6,72,0.0,16
1,05/03/23,19:30,22.4,76,0.0,1
1,05/03/23,20:00,21.6,79,0.0,0
1,05/03/23,20:30,21.1,82,0.0,0
1,05/03/23,21:00,20.5,87,0.0,0
1,05/03/23,21:30,20.1,89,0.0,0
1,05/03/23,22:00,19.6,91,0.0,0
1,05/03/23,22:30,19.3,92,0.0,0
1,05/03/23,23:00,19.5,92,0.0,0
1,05/03/23,23:30,19.2,93,0.0,0
1,06/03/23,00:00,19.2,93,0.0,0
1,06/03/23,0:30,19.2,93,0.0,0
1,06/03/23,1:00,19.2,93,0.0,0
1,06/03/23,1:30,19.1,93,0.0,0
1,06/03/23,2:00,19.0,93,0.0,0
1,06/03/23,2:30,18.8,93,0.0,0
1,06/03/23,3:00,18.7,93,0.0,0
1,06/03/23,3:30,18.6,93,0.0,0
1,06/03/23,4:00,18.8,93,0.0,0
1,06/03/23,4:30,18.8,92,0.0,0
1,06/03/23,5:00,18.9,92,0.0,0
1,06/03/23,5:30,18.9,92,0.0,0
1,06/03/23,6:00,18.8,93,0.0,0
1,06/03/23,6:30,18.7,93,0.0,0
1,06/03/23,7:00,18.5,93,0.0,22
1,06/03/23,7:30,18.8,93,0.0,99
1,06/03/23,8:00,19.5,91,0.0,261
1,06/03/23,8:30,20.3,87,0.0,363
1,06/03/23,9:00,21.3,82,0.0,522
1,06/03/23,9:30,22.0,78,0.0,584
1,06/03/23,10:00,22.8,78,0.0,727
1,06/03/23,10:30,22.8,78,0.0,687
1,06/03/23,11:00,23.3,76,0.0,730
1,06/03/23,11:30,23.8,75,0.0,740
1,06/03/23,12:00,24.7,72,0.0,978
1,06/03/23,12:30,24.1,75,0.0,925
1,06/03/23,13:00,24.9,74,0.0,542
1,06/03/23,13:30,25.2,74,0.0,666
1,06/03/23,14:00,25.3,73,0.0,580
1,06/03/23,14:30,25.8,73,0.0,981
1,06/03/23,15:00,25.9,73,0.0,841
1,06/03/23,15:30,25.3,75,0.0,354
1,06/03/23,16:00,25.1,76,0.0,408
1,06/03/23,16:30,23.9,82,0.0,391
1,06/03/23,17:00,23.6,84,0.0,233
1,06/03/23,17:30,22.7,88,0.0,166
1,06/03/23,18:00,22.7,88,0.0,82
1,06/03/23,18:30,22.6,89,0.0,52
1,06/03/23,19:00,21.9,93,0.0,24
1,06/03/23,19:30,21.9,93,0.0,3
1,06/03/23,20:00,22.1,92,0.0,0
1,06/03/23,20:30,22.1,92,0.0,0
1,06/03/23,21:00,22.2,92,0.0,0
1,06/03/23,21:30,22.3,92,0.0,0
1,06/03/23,22:00,22.1,92,0.0,0
1,06/03/23,22:30,21.9,93,0.0,0
1,06/03/23,23:00,21.9,93,0.0,0
1,06/03/23,23:30,21.7,92,0.0,0
1,07/03/23,00:00,21.7,92,0.0,0
1,07/03/23,0:30,21.8,92,0.0,0
1,07/03/23,1:00,21.6,93,0.0,0
1,07/03/23,1:30,21.7,93,0.0,0
1,07/03/23,2:00,21.4,94,0.0,0
1,07/03/23,2:30,21.4,95,0.0,0
1,07/03/23,3:00,21.4,95,0.0,0
1,07/03/23,3:30,21.3,95,0.0,0
1,07/03/23,4:00,21.2,94,0.0,0
1,07/03/23,4:30,21.2,95,0.0,0
1,07/03/23,5:00,21.2,95,0.0,0
1,07/03/23,5:30,21.1,95,0.0,0
1,07/03/23,6:00,21.1,96,0.0,0
1,07/03/23,6:30,21.2,95,0.0,0
1,07/03/23,7:00,21.3,95,0.0,15
1,07/03/23,7:30,21.7,94,0.0,63
1,07/03/23,8:00,22.1,93,0.0,168
1,07/03/23,8:30,22.7,91,0.0,358
1,07/03/23,9:00,23.2,88,0.0,428
1,07/03/23,9:30,23.2,89,0.0,286
1,07/03/23,10:00,24.2,87,0.0,377
1,07/03/23,10:30,23.0,93,0.0,314
1,07/03/23,11:00,24.4,89,0.0,659
1,07/03/23,11:30,25.1,86,0.0,487
1,07/03/23,12:00,24.9,85,0.0,290
1,07/03/23,12:30,25.3,83,0.2,281
1,07/03/23,13:00,23.3,93,4.6,279
1,07/03/23,13:30,24.9,87,1.0,615
1,07/03/23,14:00,24.5,87,0.0,474
1,07/03/23,14:30,24.8,85,0.0,383
1,07/03/23,15:00,25.4,83,0.0,479
1,07/03/23,15:30,25.9,78,0.0,403
1,07/03/23,16:00,26.1,78,0.0,362
1,07/03/23,16:30,26.4,78,0.0,393
1,07/03/23,17:00,26.3,76,0.0,439
1,07/03/23,17:30,26.3,77,0.0,295
1,07/03/23,18:00,25.5,81,0.0,239
1,07/03/23,18:30,24.9,83,0.0,80
1,07/03/23,19:00,24.3,85,0.0,14
1,07/03/23,19:30,23.7,89,0.0,0
1,07/03/23,20:00,23.3,92,0.0,0
1,07/03/23,20:30,22.9,93,0.0,0
1,07/03/23,21:00,22.6,93,0.0,0
1,07/03/23,21:30,22.3,93,0.0,0
1,07/03/23,22:00,22.2,92,0.0,0
1,07/03/23,22:30,21.9,92,0.0,0
1,07/03/23,23:00,21.6,93,0.0,0
1,07/03/23,23:30,21.3,94,0.0,0
1,08/03/23,00:00,21.2,95,0.0,0
1,08/03/23,0:30,21.3,96,0.0,0
1,08/03/23,1:00,21.1,95,0.0,0
1,08/03/23,1:30,20.9,96,0.0,0
1,08/03/23,2:00,21.2,96,0.0,0
1,08/03/23,2:30,20.7,96,0.0,0
1,08/03/23,3:00,20.8,96,0.0,0
1,08/03/23,3:30,20.6,97,0.0,0
1,08/03/23,4:00,20.3,97,0.0,0
1,08/03/23,4:30,20.9,97,0.0,0
1,08/03/23,5:00,20.7,97,0.0,0
1,08/03/23,5:30,20.8,97,0.0,0
1,08/03/23,6:00,20.4,98,0.0,0
1,08/03/23,6:30,20.8,97,0.0,0
1,08/03/23,7:00,20.8,98,0.0,14
1,08/03/23,7:30,21.1,98,0.0,48
1,08/03/23,8:00,21.8,98,0.0,176
1,08/03/23,8:30,21.7,98,0.0,319
1,08/03/23,9:00,22.1,98,0.0,323
1,08/03/23,9:30,23.2,97,0.0,445
1,08/03/23,10:00,24.9,88,0.0,755
1,08/03/23,10:30,26.4,81,0.0,776
1,08/03/23,11:00,27.7,74,0.0,872
1,08/03/23,11:30,28.2,70,0.0,887
1,08/03/23,12:00,28.9,71,0.0,684
1,08/03/23,12:30,28.7,71,0.0,345
1,08/03/23,13:00,29.1,70,0.0,342
1,08/03/23,13:30,28.7,69,0.0,295
1,08/03/23,14:00,30.4,61,0.0,623
1,08/03/23,14:30,30.9,59,0.0,1001
1,08/03/23,15:00,30.3,59,0.0,819
1,08/03/23,15:30,30.3,58,0.0,550
1,08/03/23,16:00,30.4,58,0.0,467
1,08/03/23,16:30,30.1,61,0.0,192
1,08/03/23,17:00,30.4,60,0.0,207
1,08/03/23,17:30,30.7,54,0.0,222
1,08/03/23,18:00,30.3,56,0.0,122
1,08/03/23,18:30,28.6,69,0.0,48
1,08/03/23,19:00,27.3,74,0.0,16
1,08/03/23,19:30,26.5,78,0.0,0
1,08/03/23,20:00,26.2,79,0.0,0
1,08/03/23,20:30,25.8,81,0.0,0
1,08/03/23,21:00,25.3,83,0.0,0
1,08/03/23,21:30,24.7,86,0.0,0
1,08/03/23,22:00,24.4,87,0.0,0
1,08/03/23,22:30,24.4,87,0.0,0
1,08/03/23,23:00,24.3,88,0.0,0
1,08/03/23,23:30,23.9,89,0.0,0
1,09/03/23,00:00,23.6,90,0.0,0
1,09/03/23,0:30,23.4,90,0.0,0
1,09/03/23,1:00,23.2,90,0.0,0
1,09/03/23,1:30,22.9,91,0.0,0
1,09/03/23,2:00,22.9,91,0.0,0
1,09/03/23,2:30,22.7,92,0.0,0
1,09/03/23,3:00,22.7,92,0.0,0
1,09/03/23,3:30,22.6,92,0.0,0
1,09/03/23,4:00,23.2,89,0.0,0
1,09/03/23,4:30,22.8,91,0.0,0
1,09/03/23,5:00,22.7,91,0.0,0
1,09/03/23,5:30,23.1,90,0.0,0
1,09/03/23,6:00,23.3,89,0.0,0
1,09/03/23,6:30,22.9,90,0.0,0
1,09/03/23,7:00,22.7,92,0.0,20
1,09/03/23,7:30,23.3,91,0.0,104
1,09/03/23,8:00,24.4,88,0.0,222
1,09/03/23,8:30,25.5,84,0.0,343
1,09/03/23,9:00,25.7,84,0.0,463
1,09/03/23,9:30,26.1,83,0.0,570
1,09/03/23,10:00,26.7,82,0.0,667
1,09/03/23,10:30,27.6,78,0.0,752
1,09/03/23,11:00,28.7,73,0.0,822
1,09/03/23,11:30,29.6,69,0.0,873
1,09/03/23,12:00,30.3,61,0.0,917
1,09/03/23,12:30,31.2,62,0.0,963
1,09/03/23,13:00,31.7,52,0.0,880
1,09/03/23,13:30,32.1,49,0.0,889
1,09/03/23,14:00,32.3,49,0.0,956
1,09/03/23,14:30,33.1,47,0.0,926
1,09/03/23,15:00,32.5,52,0.0,716
1,09/03/23,15:30,31.9,62,0.0,712
1,09/03/23,16:00,31.3,64,0.0,648
1,09/03/23,16:30,30.1,70,0.0,467
1,09/03/23,17:00,27.9,72,0.0,156
1,09/03/23,17:30,27.0,76,0.0,47
1,09/03/23,18:00,26.1,76,0.0,31
1,09/03/23,18:30,25.8,81,0.0,48
1,09/03/23,19:00,24.9,87,0.0,28
1,09/03/23,19:30,24.6,89,0.0,2
1,09/03/23,20:00,24.2,91,0.0,0
1,09/03/23,20:30,23.8,91,0.0,0
1,09/03/23,21:00,23.8,91,0.0,0
1,09/03/23,21:30,23.3,91,0.0,0
1,09/03/23,22:00,22.9,92,0.0,0
1,09/03/23,22:30,22.6,94,0.0,0
1,09/03/23,23:00,22.5,93,0.0,0
1,09/03/23,23:30,22.3,93,0.0,0
1,10/03/23,00:00,22.1,93,0.0,0
1,10/03/23,0:30,21.8,94,0.0,0
1,10/03/23,1:00,21.9,95,0.0,0
1,10/03/23,1:30,22.2,93,0.0,0
1,10/03/23,2:00,22.1,94,0.0,0
1,10/03/23,2:30,22.1,94,0.0,0
1,10/03/23,3:00,22.1,94,0.0,0
1,10/03/23,3:30,21.8,95,0.0,0
1,10/03/23,4:00,21.7,95,0.0,0
1,10/03/23,4:30,21.6,95,0.0,0
1,10/03/23,5:00,21.6,96,0.0,0
1,10/03/23,5:30,21.5,96,0.0,0
1,10/03/23,6:00,21.3,96,0.0,0
1,10/03/23,6:30,21.2,97,0.0,0
1,10/03/23,7:00,21.0,96,0.0,15
1,10/03/23,7:30,21.2,97,0.0,42
1,10/03/23,8:00,21.4,97,0.0,80
1,10/03/23,8:30,22.3,95,0.0,316
1,10/03/23,9:00,23.3,91,0.0,463
1,10/03/23,9:30,24.8,86,0.0,569
1,10/03/23,10:00,26.1,80,0.0,665
1,10/03/23,10:30,27.1,75,0.0,748
1,10/03/23,11:00,27.5,74,0.0,819
1,10/03/23,11:30,28.3,71,0.0,875
1,10/03/23,12:00,29.1,68,0.0,921
1,10/03/23,12:30,29.3,63,0.0,917
1,10/03/23,13:00,30.1,59,0.0,889
1,10/03/23,13:30,30.7,52,0.0,931
1,10/03/23,14:00,30.9,53,0.0,903
1,10/03/23,14:30,31.7,51,0.0,857
1,10/03/23,15:00,31.8,51,0.0,795
1,10/03/23,15:30,32.4,49,0.0,754
1,10/03/23,16:00,31.8,52,0.0,688
1,10/03/23,16:30,31.8,55,0.0,453
1,10/03/23,17:00,31.7,50,0.0,404
1,10/03/23,17:30,31.3,56,0.0,319
1,10/03/23,18:00,30.6,58,0.0,164
1,10/03/23,18:30,29.8,57,0.0,45
1,10/03/23,19:00,28.9,61,0.0,11
1,10/03/23,19:30,27.4,72,0.0,0
1,10/03/23,20:00,27.0,74,0.0,0
1,10/03/23,20:30,26.3,77,0.0,0
1,10/03/23,21:00,25.6,81,0.0,0
1,10/03/23,21:30,24.9,84,0.0,0
1,10/03/23,22:00,24.4,89,0.0,0
1,10/03/23,22:30,24.1,90,0.0,0
1,10/03/23,23:00,23.7,90,0.0,0
1,10/03/23,23:30,23.3,91,0.0,0
1,11/03/23,00:00,22.9,93,0.0,0
1,11/03/23,0:30,22.5,93,0.0,0
1,11/03/23,1:00,22.3,94,0.0,0
1,11/03/23,1:30,22.1,94,0.0,0
1,11/03/23,2:00,21.8,94,0.0,0
1,11/03/23,2:30,21.6,95,0.0,0
1,11/03/23,3:00,21.2,95,0.0,0
1,11/03/23,3:30,20.9,95,0.0,0
1,11/03/23,4:00,20.7,96,0.0,0
1,11/03/23,4:30,20.5,96,0.0,0
1,11/03/23,5:00,20.3,97,0.0,0
1,11/03/23,5:30,20.3,97,0.0,0
1,11/03/23,6:00,20.2,97,0.0,0
1,11/03/23,6:30,20.3,98,0.0,1
1,11/03/23,7:00,20.4,98,0.0,20
1,11/03/23,7:30,21.1,97,0.0,113
1,11/03/23,8:00,21.9,96,0.0,239
1,11/03/23,8:30,22.9,93,0.0,353
1,11/03/23,9:00,24.1,88,0.0,468
1,11/03/23,9:30,25.0,83,0.0,580
1,11/03/23,10:00,25.7,80,0.0,680
1,11/03/23,10:30,27.1,73,0.0,765
1,11/03/23,11:00,28.1,65,0.0,834
1,11/03/23,11:30,28.6,57,0.0,887
1,11/03/23,12:00,29.5,58,0.0,928
1,11/03/23,12:30,30.3,53,0.0,947
1,11/03/23,13:00,30.5,56,0.0,946
1,11/03/23,13:30,31.2,46,0.0,933
1,11/03/23,14:00,31.3,47,0.0,904
1,11/03/23,14:30,31.8,48,0.0,853
1,11/03/23,15:00,31.9,50,0.0,784
1,11/03/23,15:30,31.7,53,0.0,700
1,11/03/23,16:00,31.8,49,0.0,612
1,11/03/23,16:30,31.7,53,0.0,510
1,11/03/23,17:00,31.3,52,0.0,394
1,11/03/23,17:30,31.0,60,0.0,281
1,11/03/23,18:00,30.3,57,0.0,154
1,11/03/23,18:30,29.4,61,0.0,55
1,11/03/23,19:00,28.1,66,0.0,17
1,11/03/23,19:30,26.9,75,0.0,1
1,11/03/23,20:00,25.8,79,0.0,0
1,11/03/23,20:30,24.8,82,0.0,0
1,11/03/23,21:00,24.3,85,0.0,0
1,11/03/23,21:30,23.5,88,0.0,0
1,11/03/23,22:00,23.1,91,0.0,0
1,11/03/23,22:30,22.9,91,0.0,0
1,11/03/23,23:00,22.6,91,0.0,0
1,11/03/23,23:30,22.5,91,0.0,0
1,12/03/23,00:00,22.1,91,0.0,0
1,12/03/23,0:30,22.0,92,0.0,0
1,12/03/23,1:00,21.9,92,0.0,0
1,12/03/23,1:30,21.9,92,0.0,0
1,12/03/23,2:00,21.9,91,0.0,0
1,12/03/23,2:30,21.7,92,0.0,0
1,12/03/23,3:00,21.4,93,0.0,0
1,12/03/23,3:30,21.3,93,0.0,0
1,12/03/23,4:00,21.1,94,0.0,0
1,12/03/23,4:30,20.8,94,0.0,0
1,12/03/23,5:00,20.6,95,0.0,0
1,12/03/23,5:30,20.6,96,0.0,0
1,12/03/23,6:00,20.5,96,0.0,0
1,12/03/23,6:30,20.4,96,0.0,0
1,12/03/23,7:00,20.7,96,0.0,18
1,12/03/23,7:30,21.4,94,0.0,101
1,12/03/23,8:00,22.3,92,0.0,226
1,12/03/23,8:30,23.4,88,0.0,346
1,12/03/23,9:00,24.5,84,0.0,460
1,12/03/23,9:30,25.7,77,0.0,567
1,12/03/23,10:00,26.5,71,0.0,665
1,12/03/23,10:30,27.1,70,0.0,749
1,12/03/23,11:00,27.6,69,0.0,817
1,12/03/23,11:30,28.2,68,0.0,872
1,12/03/23,12:00,28.7,65,0.0,907
1,12/03/23,12:30,29.0,65,0.0,927
1,12/03/23,13:00,29.3,63,0.0,932
1,12/03/23,13:30,29.8,61,0.0,939
1,12/03/23,14:00,29.9,58,0.0,881
1,12/03/23,14:30,30.2,62,0.0,845
1,12/03/23,15:00,30.4,59,0.0,821
1,12/03/23,15:30,29.9,62,0.0,692
1,12/03/23,16:00,30.1,60,0.0,611
1,12/03/23,16:30,29.8,61,0.0,501
1,12/03/23,17:00,30.0,59,0.0,398
1,12/03/23,17:30,29.6,63,0.0,299
1,12/03/23,18:00,28.8,66,0.0,163
1,12/03/23,18:30,27.7,70,0.0,48
1,12/03/23,19:00,26.7,71,0.0,10
1,12/03/23,19:30,25.7,80,0.0,0
1,12/03/23,20:00,25.0,83,0.0,0
1,12/03/23,20:30,24.4,86,0.0,0
1,12/03/23,21:00,23.9,88,0.0,0
1,12/03/23,21:30,23.7,90,0.0,0
1,12/03/23,22:00,23.5,90,0.0,0
1,12/03/23,22:30,23.3,89,0.0,0
1,12/03/23,23:00,23.1,89,0.0,0
1,12/03/23,23:30,23.1,88,0.0,0
1,13/03/23,00:00,22.7,89,0.0,0
1,13/03/23,0:30,22.3,91,0.0,0
1,13/03/23,1:00,22.1,91,0.0,0
1,13/03/23,1:30,21.9,92,0.0,0
1,13/03/23,2:00,22.1,91,0.0,0
1,13/03/23,2:30,21.7,92,0.0,0
1,13/03/23,3:00,21.7,92,0.0,0
1,13/03/23,3:30,21.7,92,0.0,0
1,13/03/23,4:00,21.4,93,0.0,0
1,13/03/23,4:30,21.4,93,0.0,0
1,13/03/23,5:00,21.6,93,0.0,0
1,13/03/23,5:30,21.4,93,0.0,0
1,13/03/23,6:00,21.3,94,0.0,0
1,13/03/23,6:30,21.2,95,0.0,0
1,13/03/23,7:00,21.2,95,0.0,17
1,13/03/23,7:30,21.8,94,0.0,97
1,13/03/23,8:00,22.5,92,0.0,220
1,13/03/23,8:30,23.3,88,0.0,341
1,13/03/23,9:00,24.2,85,0.0,453
1,13/03/23,9:30,25.0,82,0.0,559
1,13/03/23,10:00,25.8,77,0.0,657
1,13/03/23,10:30,26.8,76,0.0,741
1,13/03/23,11:00,27.7,71,0.0,813
1,13/03/23,11:30,28.1,70,0.0,868
1,13/03/23,12:00,28.4,69,0.0,904
1,13/03/23,12:30,29.2,67,0.0,927
1,13/03/23,13:00,29.4,66,0.0,945
1,13/03/23,13:30,29.6,64,0.0,937
1,13/03/23,14:00,30.2,61,0.0,852
1,13/03/23,14:30,30.6,60,0.0,864
1,13/03/23,15:00,30.9,58,0.0,812
1,13/03/23,15:30,30.5,59,0.0,628
1,13/03/23,16:00,30.8,60,0.0,631
1,13/03/23,16:30,30.7,58,0.0,528
1,13/03/23,17:00,30.4,61,0.0,402
1,13/03/23,17:30,30.2,60,0.0,240
1,13/03/23,18:00,29.7,64,0.0,165
1,13/03/23,18:30,28.7,67,0.0,46
1,13/03/23,19:00,27.4,74,0.0,8
1,13/03/23,19:30,26.4,79,0.0,0
1,13/03/23,20:00,25.7,82,0.0,0
1,13/03/23,20:30,25.1,82,0.0,0
1,13/03/23,21:00,24.7,84,0.0,0
1,13/03/23,21:30,24.0,86,0.0,0
1,13/03/23,22:00,23.2,88,0.0,0
1,13/03/23,22:30,22.9,90,0.0,0
1,13/03/23,23:00,22.8,90,0.0,0
1,13/03/23,23:30,22.8,90,0.0,0
1,14/03/23,00:00,22.6,90,0.0,0
1,14/03/23,0:30,22.1,91,0.0,0
1,14/03/23,1:00,22.2,91,0.0,0
1,14/03/23,1:30,21.7,92,0.0,0
1,14/03/23,2:00,21.8,92,0.0,0
1,14/03/23,2:30,22.1,91,0.0,0
1,14/03/23,3:00,22.3,92,0.0,0
1,14/03/23,3:30,22.3,92,0.0,0
1,14/03/23,4:00,22.3,93,0.0,0
1,14/03/23,4:30,22.2,93,0.0,0
1,14/03/23,5:00,22.0,94,0.0,0
1,14/03/23,5:30,21.7,94,0.0,0
1,14/03/23,6:00,21.4,95,0.0,0
1,14/03/23,6:30,21.3,95,0.0,0
1,14/03/23,7:00,21.3,95,0.0,15
1,14/03/23,7:30,22.2,93,0.0,95
1,14/03/23,8:00,23.1,89,0.0,217
1,14/03/23,8:30,23.9,85,0.0,334
1,14/03/23,9:00,24.9,81,0.0,449
1,14/03/23,9:30,25.6,78,0.0,551
1,14/03/23,10:00,26.3,75,0.0,648
1,14/03/23,10:30,26.9,73,0.0,731
1,14/03/23,11:00,27.4,68,0.0,802
1,14/03/23,11:30,28.2,66,0.0,859
1,14/03/23,12:00,28.7,63,0.0,897
1,14/03/23,12:30,29.1,64,0.0,917
1,14/03/23,13:00,30.1,63,0.0,920
1,14/03/23,13:30,30.1,61,0.0,910
1,14/03/23,14:00,30.3,58,0.0,870
1,14/03/23,14:30,30.6,60,0.0,796
1,14/03/23,15:00,30.6,58,0.0,821
1,14/03/23,15:30,30.2,59,0.0,435
1,14/03/23,16:00,29.9,61,0.0,430
1,14/03/23,16:30,30.5,59,0.0,563
1,14/03/23,17:00,30.4,60,0.0,397
1,14/03/23,17:30,30.0,60,0.0,269
1,14/03/23,18:00,29.1,63,0.0,95
1,14/03/23,18:30,28.9,64,0.0,35
1,14/03/23,19:00,27.9,72,0.0,14
1,14/03/23,19:30,26.8,79,0.0,0
1,14/03/23,20:00,26.1,80,0.0,0
1,14/03/23,20:30,25.6,81,0.0,0
1,14/03/23,21:00,25.3,82,0.0,0
1,14/03/23,21:30,24.8,84,0.0,0
1,14/03/23,22:00,24.3,85,0.0,0
1,14/03/23,22:30,24.3,86,0.0,0
1,14/03/23,23:00,23.8,88,0.0,0
1,14/03/23,23:30,23.3,90,0.0,0
1,15/03/23,00:00,23.3,90,0.0,0
1,15/03/23,0:30,23.5,90,0.0,0
1,15/03/23,1:00,23.2,91,0.0,0
1,15/03/23,1:30,23.2,92,0.0,0
1,15/03/23,2:00,23.2,92,0.0,0
1,15/03/23,2:30,23.2,92,0.0,0
1,15/03/23,3:00,23.1,92,0.0,0
1,15/03/23,3:30,23.0,92,0.0,0
1,15/03/23,4:00,22.9,92,0.0,0
1,15/03/23,4:30,22.9,93,0.0,0
1,15/03/23,5:00,22.9,93,0.0,0
1,15/03/23,5:30,22.8,93,0.0,0
1,15/03/23,6:00,22.8,93,0.0,0
1,15/03/23,6:30,22.9,93,0.0,0
1,15/03/23,7:00,22.8,92,0.0,10
1,15/03/23,7:30,23.1,91,0.0,35
1,15/03/23,8:00,23.3,90,0.0,73
1,15/03/23,8:30,23.7,88,0.0,128
1,15/03/23,9:00,24.1,86,0.0,185
1,15/03/23,9:30,24.2,84,0.0,220
1,15/03/23,10:00,24.7,84,0.0,316
1,15/03/23,10:30,25.0,83,0.0,412
1,15/03/23,11:00,25.3,82,0.0,398
1,15/03/23,11:30,25.3,83,0.0,369
1,15/03/23,12:00,25.6,82,0.0,483
1,15/03/23,12:30,25.4,82,0.0,426
1,15/03/23,13:00,27.2,74,0.0,686
1,15/03/23,13:30,27.8,72,0.0,700
1,15/03/23,14:00,28.5,69,0.0,668
1,15/03/23,14:30,28.1,73,0.0,532
1,15/03/23,15:00,29.1,71,0.0,629
1,15/03/23,15:30,29.3,68,0.0,681
1,15/03/23,16:00,28.6,67,0.0,308
1,15/03/23,16:30,28.9,69,0.0,446
1,15/03/23,17:00,28.9,66,0.0,449
1,15/03/23,17:30,28.2,67,0.0,157
1,15/03/23,18:00,27.8,70,0.0,49
1,15/03/23,18:30,27.6,72,0.0,18
1,15/03/23,19:00,27.3,73,0.0,3
1,15/03/23,19:30,27.1,73,0.0,0
1,15/03/23,20:00,27.0,73,0.0,0
1,15/03/23,20:30,26.7,74,0.0,0
1,15/03/23,21:00,26.3,76,0.0,0
1,15/03/23,21:30,24.9,82,0.0,0
1,15/03/23,22:00,24.3,85,0.0,0
1,15/03/23,22:30,23.8,88,0.0,0
1,15/03/23,23:00,23.2,90,0.0,0
1,15/03/23,23:30,23.0,91,0.0,0
1,16/03/23,00:00,23.1,92,0.0,0
1,16/03/23,0:30,24.2,88,0.0,0
1,16/03/23,1:00,24.1,89,0.0,0
1,16/03/23,1:30,23.7,89,0.0,0
1,16/03/23,2:00,23.7,89,0.0,0
1,16/03/23,2:30,23.3,90,0.0,0
1,16/03/23,3:00,23.2,91,0.0,0
1,16/03/23,3:30,23.1,92,0.0,0
1,16/03/23,4:00,23.0,92,0.0,0
1,16/03/23,4:30,22.8,93,0.0,0
1,16/03/23,5:00,22.6,93,0.0,0
1,16/03/23,5:30,22.6,93,0.0,0
1,16/03/23,6:00,22.6,93,0.0,0
1,16/03/23,6:30,22.5,93,0.0,0
1,16/03/23,7:00,22.4,93,0.0,9
1,16/03/23,7:30,22.8,92,0.0,93
1,16/03/23,8:00,23.8,88,0.0,277
1,16/03/23,8:30,24.6,84,0.0,367
1,16/03/23,9:00,24.4,84,0.0,340
1,16/03/23,9:30,25.1,81,0.0,487
1,16/03/23,10:00,26.1,80,0.0,487
1,16/03/23,10:30,26.9,78,0.0,498
1,16/03/23,11:00,28.2,72,0.0,789
1,16/03/23,11:30,28.8,70,0.0,530
1,16/03/23,12:00,30.8,65,0.0,907
1,16/03/23,12:30,30.4,63,0.0,823
1,16/03/23,13:00,30.2,63,0.0,428
1,16/03/23,13:30,30.6,62,0.0,624
1,16/03/23,14:00,30.7,61,0.0,396
1,16/03/23,14:30,30.3,64,0.0,276
1,16/03/23,15:00,31.9,57,0.0,858
1,16/03/23,15:30,32.3,58,0.0,714
1,16/03/23,16:00,30.6,61,0.0,233
1,16/03/23,16:30,29.1,68,0.0,103
1,16/03/23,17:00,27.1,77,0.0,114
1,16/03/23,17:30,26.0,81,0.0,64
1,16/03/23,18:00,25.9,82,0.0,48
1,16/03/23,18:30,24.5,90,3.0,10
1,16/03/23,19:00,24.4,89,0.2,0
1,16/03/23,19:30,24.1,91,0.0,0
1,16/03/23,20:00,23.4,94,0.6,0
1,16/03/23,20:30,23.1,96,0.2,0
1,16/03/23,21:00,22.9,96,0.0,0
1,16/03/23,21:30,23.3,96,0.0,0
1,16/03/23,22:00,23.3,96,0.2,0
1,16/03/23,22:30,23.3,95,0.0,0
1,16/03/23,23:00,23.4,95,0.0,0
1,16/03/23,23:30,23.4,95,0.0,0
1,17/03/23,00:00,23.5,94,0.0,0
1,17/03/23,0:30,23.3,94,0.0,0
1,17/03/23,1:00,23.1,92,0.0,0
1,17/03/23,1:30,22.9,91,0.0,0
1,17/03/23,2:00,22.7,91,0.0,0
1,17/03/23,2:30,22.3,92,0.0,0
1,17/03/23,3:00,22.1,93,0.0,0
1,17/03/23,3:30,22.1,92,0.0,0
1,17/03/23,4:00,21.7,94,0.0,0
1,17/03/23,4:30,21.4,94,0.0,0
1,17/03/23,5:00,21.3,94,0.0,0
1,17/03/23,5:30,21.4,94,0.0,0
1,17/03/23,6:00,21.4,94,0.0,0
1,17/03/23,6:30,22.3,92,0.0,0
1,17/03/23,7:00,23.2,85,0.0,12
1,17/03/23,7:30,23.1,87,0.0,47
1,17/03/23,8:00,22.9,89,0.0,74
1,17/03/23,8:30,22.8,89,0.0,123
1,17/03/23,9:00,23.9,87,0.0,211
1,17/03/23,9:30,25.0,83,0.0,647
1,17/03/23,10:00,25.2,85,0.0,459
1,17/03/23,10:30,26.4,83,0.0,481
1,17/03/23,11:00,27.8,75,0.0,387
1,17/03/23,11:30,28.8,75,0.0,820
1,17/03/23,12:00,29.9,70,0.0,868
1,17/03/23,12:30,30.8,64,0.0,904
1,17/03/23,13:00,31.7,59,0.0,963
1,17/03/23,13:30,28.3,69,0.0,602
1,17/03/23,14:00,29.0,69,0.0,296
1,17/03/23,14:30,29.6,67,0.0,291
1,17/03/23,15:00,29.2,71,0.0,325
1,17/03/23,15:30,26.5,82,0.0,241
1,17/03/23,16:00,26.9,80,0.0,661
1,17/03/23,16:30,26.6,81,0.0,227
1,17/03/23,17:00,26.4,81,0.0,126
1,17/03/23,17:30,25.7,86,0.0,38
1,17/03/23,18:00,25.2,88,0.0,19
1,17/03/23,18:30,24.8,89,0.0,10
1,17/03/23,19:00,24.4,87,0.0,0
1,17/03/23,19:30,21.4,93,0.0,0
1,17/03/23,20:00,21.8,87,0.0,0
1,17/03/23,20:30,21.1,85,0.0,0
1,17/03/23,21:00,21.6,88,0.0,0
1,17/03/23,21:30,21.8,91,0.0,0
1,17/03/23,22:00,22.5,92,0.0,0
1,17/03/23,22:30,23.4,90,0.0,0
1,17/03/23,23:00,23.3,90,0.0,0
1,17/03/23,23:30,23.1,91,0.0,0
1,18/03/23,00:00,22.9,92,0.0,0
1,18/03/23,0:30,22.8,93,0.0,0
1,18/03/23,1:00,22.8,93,0.0,0
1,18/03/23,1:30,22.7,93,0.0,0
1,18/03/23,2:00,22.7,93,0.0,0
1,18/03/23,2:30,22.8,92,0.0,0
1,18/03/23,3:00,22.6,92,0.0,0
1,18/03/23,3:30,22.4,92,0.0,0
1,18/03/23,4:00,22.4,92,0.0,0
1,18/03/23,4:30,22.0,93,0.0,0
1,18/03/23,5:00,22.0,93,0.0,0
1,18/03/23,5:30,22.8,89,0.0,0
1,18/03/23,6:00,22.7,90,0.0,0
1,18/03/23,6:30,22.3,91,0.0,0
1,18/03/23,7:00,22.2,92,0.0,9
1,18/03/23,7:30,23.2,90,0.0,91
1,18/03/23,8:00,24.2,84,0.0,201
1,18/03/23,8:30,25.9,76,0.0,378
1,18/03/23,9:00,27.2,73,0.0,575
1,18/03/23,9:30,26.2,76,0.0,398
1,18/03/23,10:00,25.1,86,0.0,352
1,18/03/23,10:30,26.8,75,0.0,827
1,18/03/23,11:00,27.1,72,0.0,516
1,18/03/23,11:30,27.9,72,0.0,473
1,18/03/23,12:00,28.2,75,0.0,605
1,18/03/23,12:30,27.4,76,0.0,580
1,18/03/23,13:00,27.8,74,0.0,500
1,18/03/23,13:30,28.3,72,0.0,469
1,18/03/23,14:00,29.1,68,0.0,927
1,18/03/23,14:30,29.2,67,0.0,563
1,18/03/23,15:00,28.9,68,0.0,370
1,18/03/23,15:30,29.7,68,0.0,674
1,18/03/23,16:00,28.7,67,0.0,357
1,18/03/23,16:30,28.8,70,0.0,494
1,18/03/23,17:00,28.2,72,0.0,348
1,18/03/23,17:30,27.4,76,0.0,206
1,18/03/23,18:00,26.9,77,0.0,125
1,18/03/23,18:30,25.9,81,0.0,28
1,18/03/23,19:00,25.2,82,0.0,4
1,18/03/23,19:30,24.6,86,0.0,0
1,18/03/23,20:00,24.3,88,0.0,0
1,18/03/23,20:30,24.0,89,0.0,0
1,18/03/23,21:00,23.7,88,0.0,0
1,18/03/23,21:30,23.6,89,0.0,0
1,18/03/23,22:00,23.1,91,0.0,0
1,18/03/23,22:30,22.8,92,0.0,0
1,18/03/23,23:00,22.6,93,0.0,0
1,18/03/23,23:30,22.6,94,0.0,0
1,19/03/23,00:00,22.3,94,0.0,0
1,19/03/23,0:30,22.1,94,0.0,0
1,19/03/23,1:00,22.2,92,0.0,0
1,19/03/23,1:30,22.1,93,0.0,0
1,19/03/23,2:00,22.2,93,0.0,0
1,19/03/23,2:30,22.1,94,0.0,0
1,19/03/23,3:00,21.8,95,0.0,0
1,19/03/23,3:30,21.6,95,0.0,0
1,19/03/23,4:00,21.5,96,0.0,0
1,19/03/23,4:30,21.5,96,0.0,0
1,19/03/23,5:00,21.5,96,0.0,0
1,19/03/23,5:30,21.4,96,0.0,0
1,19/03/23,6:00,21.4,96,0.0,0
1,19/03/23,6:30,21.4,96,0.0,0
1,19/03/23,7:00,21.4,96,0.0,8
1,19/03/23,7:30,21.4,96,0.0,35
1,19/03/23,8:00,22.2,95,0.0,127
1,19/03/23,8:30,23.7,90,0.0,322
1,19/03/23,9:00,24.4,88,0.0,249
1,19/03/23,9:30,24.8,85,0.0,210
1,19/03/23,10:00,24.8,87,0.0,203
1,19/03/23,10:30,25.8,81,0.0,298
1,19/03/23,11:00,27.9,75,0.0,788
1,19/03/23,11:30,28.7,72,0.0,850
1,19/03/23,12:00,29.4,70,0.0,858
1,19/03/23,12:30,30.4,66,0.0,836
1,19/03/23,13:00,30.8,60,0.0,779
1,19/03/23,13:30,30.3,61,0.0,481
1,19/03/23,14:00,30.5,60,0.0,263
1,19/03/23,14:30,31.6,57,0.0,693
1,19/03/23,15:00,31.0,59,0.0,200
1,19/03/23,15:30,30.8,59,0.0,150
1,19/03/23,16:00,27.0,74,0.0,78
1,19/03/23,16:30,27.1,75,0.0,396
1,19/03/23,17:00,27.2,76,0.0,242
1,19/03/23,17:30,28.5,73,0.0,224
1,19/03/23,18:00,28.1,76,0.0,108
1,19/03/23,18:30,27.5,76,0.0,34
1,19/03/23,19:00,26.5,80,0.0,3
1,19/03/23,19:30,26.1,79,0.0,0
1,19/03/23,20:00,25.8,79,0.0,0
1,19/03/23,20:30,25.5,79,0.0,0
1,19/03/23,21:00,25.1,80,0.0,0
1,19/03/23,21:30,25.7,79,0.0,0
1,19/03/23,22:00,24.0,86,0.0,0
1,19/03/23,22:30,23.8,88,0.0,0
1,19/03/23,23:00,23.9,87,0.0,0
1,19/03/23,23:30,24.0,87,0.0,0
1,20/03/23,00:00,23.7,89,0.0,0
1,20/03/23,0:30,23.4,91,0.0,0
1,20/03/23,1:00,23.4,90,0.0,0
1,20/03/23,1:30,23.3,89,0.0,0
1,20/03/23,2:00,23.3,88,0.0,0
1,20/03/23,2:30,23.5,87,0.0,0
1,20/03/23,3:00,23.1,88,0.0,0
1,20/03/23,3:30,23.0,89,0.0,0
1,20/03/23,4:00,23.6,86,0.0,0
1,20/03/23,4:30,23.6,85,0.0,0
1,20/03/23,5:00,23.3,86,0.0,0
1,20/03/23,5:30,23.3,86,0.0,0
1,20/03/23,6:00,23.3,86,0.0,0
1,20/03/23,6:30,23.3,86,0.0,0
1,20/03/23,7:00,23.4,85,0.0,8
1,20/03/23,7:30,24.4,83,0.0,70
1,20/03/23,8:00,25.4,80,0.0,192
1,20/03/23,8:30,25.8,79,0.0,314
1,20/03/23,9:00,26.6,80,0.0,428
1,20/03/23,9:30,27.7,78,0.0,434
1,20/03/23,10:00,29.3,70,0.0,438
1,20/03/23,10:30,29.3,69,0.0,352
1,20/03/23,11:00,29.2,69,0.0,265
1,20/03/23,11:30,27.9,73,0.0,234
1,20/03/23,12:00,25.3,78,0.0,534
1,20/03/23,12:30,26.7,76,0.0,577
1,20/03/23,13:00,27.2,75,0.0,421
1,20/03/23,13:30,27.0,75,0.0,307
1,20/03/23,14:00,28.0,73,0.0,609
1,20/03/23,14:30,28.2,72,0.0,501
1,20/03/23,15:00,28.7,69,0.0,585
1,20/03/23,15:30,29.1,66,0.0,632
1,20/03/23,16:00,29.1,67,0.0,548
1,20/03/23,16:30,28.3,68,0.0,444
1,20/03/23,17:00,26.4,73,0.0,195
1,20/03/23,17:30,26.3,73,0.0,163
1,20/03/23,18:00,25.2,77,0.0,86
1,20/03/23,18:30,24.4,79,0.0,11
1,20/03/23,19:00,23.7,82,0.0,1
1,20/03/23,19:30,23.3,84,0.0,0
1,20/03/23,20:00,22.8,86,0.0,0
1,20/03/23,20:30,22.5,88,0.0,0
1,20/03/23,21:00,22.7,88,0.0,0
1,20/03/23,21:30,22.4,88,0.0,0
1,20/03/23,22:00,21.9,90,0.0,0
1,20/03/23,22:30,21.4,92,0.0,0
1,20/03/23,23:00,21.4,94,0.0,0
1,20/03/23,23:30,20.8,94,0.0,0
1,21/03/23,00:00,20.4,94,0.0,0
1,21/03/23,0:30,20.3,94,0.0,0
1,21/03/23,1:00,20.3,94,0.0,0
1,21/03/23,1:30,20.2,95,0.0,0
1,21/03/23,2:00,20.1,95,0.0,0
1,21/03/23,2:30,19.3,95,0.0,0
1,21/03/23,3:00,19.2,94,0.0,0
1,21/03/23,3:30,19.2,93,0.0,0
1,21/03/23,4:00,19.2,93,0.0,0
1,21/03/23,4:30,19.0,93,0.0,0
1,21/03/23,5:00,18.8,93,0.0,0
1,21/03/23,5:30,18.6,94,0.0,0
1,21/03/23,6:00,18.5,93,0.0,0
1,21/03/23,6:30,18.4,92,0.0,0
1,21/03/23,7:00,18.6,92,0.0,5
1,21/03/23,7:30,18.8,90,0.0,38
1,21/03/23,8:00,19.1,89,0.0,104
1,21/03/23,8:30,19.6,86,0.0,145
1,21/03/23,9:00,19.8,83,0.0,131
1,21/03/23,9:30,19.4,84,0.0,96
1,21/03/23,10:00,19.0,85,0.0,136
1,21/03/23,10:30,18.9,86,0.0,103
1,21/03/23,11:00,19.5,86,0.0,136
1,21/03/23,11:30,21.1,82,0.0,312
1,21/03/23,12:00,20.8,84,0.0,391
1,21/03/23,12:30,22.5,81,0.0,874
1,21/03/23,13:00,23.1,78,0.0,553
1,21/03/23,13:30,23.5,77,0.0,630
1,21/03/23,14:00,22.7,80,0.0,455
1,21/03/23,14:30,22.6,81,0.0,351
1,21/03/23,15:00,22.6,80,0.0,285
1,21/03/23,15:30,21.7,82,0.0,212
1,21/03/23,16:00,21.0,84,0.0,98
1,21/03/23,16:30,20.4,86,0.0,69
1,21/03/23,17:00,20.1,87,0.0,49
1,21/03/23,17:30,19.9,87,0.0,47
1,21/03/23,18:00,19.9,86,0.0,38
1,21/03/23,18:30,19.6,87,0.0,12
1,21/03/23,19:00,19.7,87,0.0,0
1,21/03/23,19:30,19.6,90,0.0,0
1,21/03/23,20:00,19.7,89,0.0,0
1,21/03/23,20:30,19.5,90,0.0,0
1,21/03/23,21:00,19.6,88,0.0,0
1,21/03/23,21:30,19.3,89,0.0,0
1,21/03/23,22:00,19.3,90,0.0,0
1,21/03/23,22:30,19.1,91,0.0,0
1,21/03/23,23:00,19.1,91,0.0,0
1,21/03/23,23:30,19.2,89,0.0,0
1,22/03/23,00:00,19.2,89,0.0,0
1,22/03/23,0:30,19.1,90,0.0,0
1,22/03/23,1:00,18.8,91,0.0,0
1,22/03/23,1:30,18.8,91,0.0,0
1,22/03/23,2:00,18.7,92,0.0,0
1,22/03/23,2:30,18.8,92,0.0,0
1,22/03/23,3:00,18.8,92,0.0,0
1,22/03/23,3:30,18.9,92,0.0,0
1,22/03/23,4:00,18.9,92,0.0,0
1,22/03/23,4:30,19.2,91,0.0,0
1,22/03/23,5:00,19.1,92,0.0,0
1,22/03/23,5:30,19.1,92,0.0,0
1,22/03/23,6:00,19.1,92,0.0,0
1,22/03/23,6:30,19.1,92,0.0,0
1,22/03/23,7:00,19.0,92,0.0,4
1,22/03/23,7:30,19.3,93,0.0,40
1,22/03/23,8:00,19.6,92,0.0,108
1,22/03/23,8:30,20.0,91,0.0,171
1,22/03/23,9:00,20.6,89,0.0,256
1,22/03/23,9:30,20.8,87,0.0,319
1,22/03/23,10:00,21.4,86,0.0,354
1,22/03/23,10:30,22.0,84,0.0,457
1,22/03/23,11:00,22.7,81,0.0,611
1,22/03/23,11:30,23.1,79,0.0,499
1,22/03/23,12:00,23.3,78,0.0,552
1,22/03/23,12:30,23.7,78,0.0,477
1,22/03/23,13:00,24.1,76,0.0,435
1,22/03/23,13:30,24.8,74,0.0,555
1,22/03/23,14:00,24.3,77,0.0,422
1,22/03/23,14:30,24.8,75,0.0,456
1,22/03/23,15:00,24.7,77,0.0,433
1,22/03/23,15:30,24.3,78,0.0,382
1,22/03/23,16:00,24.6,77,0.0,324
1,22/03/23,16:30,24.2,78,0.0,169
1,22/03/23,17:00,23.6,81,0.0,122
1,22/03/23,17:30,23.6,80,0.0,120
1,22/03/23,18:00,23.1,83,0.0,73
1,22/03/23,18:30,22.6,83,0.0,26
1,22/03/23,19:00,22.2,85,0.0,2
1,22/03/23,19:30,21.9,84,0.0,0
1,22/03/23,20:00,21.7,85,0.0,0
1,22/03/23,20:30,21.3,88,0.0,0
1,22/03/23,21:00,21.1,88,0.0,0
1,22/03/23,21:30,21.1,89,0.0,0
1,22/03/23,22:00,20.8,89,0.0,0
1,22/03/23,22:30,20.9,88,0.0,0
1,22/03/23,23:00,20.8,87,0.0,0
1,22/03/23,23:30,20.6,88,0.0,0
1,23/03/23,00:00,20.3,88,0.0,0
1,23/03/23,0:30,20.6,88,0.0,0
1,23/03/23,1:00,20.7,88,0.0,0
1,23/03/23,1:30,20.7,87,0.0,0
1,23/03/23,2:00,20.6,88,0.0,0
1,23/03/23,2:30,20.4,88,0.0,0
1,23/03/23,3:00,20.4,88,0.0,0
1,23/03/23,3:30,19.9,91,0.2,0
1,23/03/23,4:00,19.5,92,0.2,0
1,23/03/23,4:30,19.4,93,3.0,0
1,23/03/23,5:00,19.1,95,11.2,0
1,23/03/23,5:30,19.2,95,0.8,0
1,23/03/23,6:00,19.2,95,0.2,0
1,23/03/23,6:30,19.1,95,1.0,0
1,23/03/23,7:00,19.1,96,0.6,2
1,23/03/23,7:30,19.3,95,0.0,17
1,23/03/23,8:00,19.6,95,0.0,67
1,23/03/23,8:30,20.3,95,0.0,157
1,23/03/23,9:00,20.8,94,0.0,204
1,23/03/23,9:30,21.3,93,0.0,237
1,23/03/23,10:00,21.6,92,0.0,260
1,23/03/23,10:30,21.9,91,0.0,346
1,23/03/23,11:00,22.8,89,0.0,562
1,23/03/23,11:30,22.8,88,0.0,528
1,23/03/23,12:00,23.3,87,0.0,515
1,23/03/23,12:30,23.8,85,0.0,459
1,23/03/23,13:00,24.4,82,0.0,522
1,23/03/23,13:30,25.1,81,0.0,451
1,23/03/23,14:00,25.2,81,0.0,417
1,23/03/23,14:30,25.8,77,0.0,485
1,23/03/23,15:00,25.9,77,0.0,412
1,23/03/23,15:30,26.1,75,0.0,473
1,23/03/23,16:00,25.9,77,0.0,218
1,23/03/23,16:30,25.8,76,0.0,203
1,23/03/23,17:00,25.4,80,0.0,93
1,23/03/23,17:30,24.6,84,0.0,66
1,23/03/23,18:00,24.1,86,0.0,61
1,23/03/23,18:30,23.5,88,0.0,23
1,23/03/23,19:00,23.0,89,0.0,0
1,23/03/23,19:30,22.7,91,0.0,0
1,23/03/23,20:00,22.1,92,0.0,0
1,23/03/23,20:30,21.7,92,0.0,0
1,23/03/23,21:00,21.4,93,0.0,0
1,23/03/23,21:30,21.2,93,0.0,0
1,23/03/23,22:00,21.0,94,0.0,0
1,23/03/23,22:30,21.1,94,0.0,0
1,23/03/23,23:00,20.8,94,0.0,0
1,23/03/23,23:30,20.6,95,0.0,0
1,24/03/23,00:00,20.4,95,0.0,0
1,24/03/23,0:30,20.5,95,0.0,0
1,24/03/23,1:00,20.4,95,0.0,0
1,24/03/23,1:30,20.1,95,0.0,0
1,24/03/23,2:00,19.9,96,0.0,0
1,24/03/23,2:30,19.9,96,0.0,0
1,24/03/23,3:00,20.0,96,0.0,0
1,24/03/23,3:30,20.0,96,0.0,0
1,24/03/23,4:00,19.9,96,0.0,0
1,24/03/23,4:30,19.8,96,0.0,0
1,24/03/23,5:00,19.7,96,0.0,0
1,24/03/23,5:30,19.4,96,0.0,0
1,24/03/23,6:00,19.4,97,0.0,0
1,24/03/23,6:30,19.1,96,0.0,0
1,24/03/23,7:00,19.3,97,0.0,7
1,24/03/23,7:30,19.9,96,0.0,72
1,24/03/23,8:00,21.0,93,0.0,191
1,24/03/23,8:30,21.1,95,0.0,311
1,24/03/23,9:00,23.1,86,0.0,425
1,24/03/23,9:30,23.9,82,0.0,530
1,24/03/23,10:00,24.2,80,0.0,629
1,24/03/23,10:30,24.6,80,0.0,712
1,24/03/23,11:00,25.1,79,0.0,797
1,24/03/23,11:30,25.2,77,0.0,913
1,24/03/23,12:00,25.0,78,0.0,934
1,24/03/23,12:30,25.6,77,0.0,934
1,24/03/23,13:00,25.9,75,0.0,923
1,24/03/23,13:30,25.1,76,0.0,624
1,24/03/23,14:00,25.7,74,0.0,856
1,24/03/23,14:30,25.8,72,0.0,800
1,24/03/23,15:00,26.0,72,0.0,736
1,24/03/23,15:30,26.4,70,0.0,617
1,24/03/23,16:00,26.6,70,0.0,551
1,24/03/23,16:30,26.6,69,0.0,436
1,24/03/23,17:00,26.5,69,0.0,323
1,24/03/23,17:30,26.2,70,0.0,219
1,24/03/23,18:00,25.8,72,0.0,105
1,24/03/23,18:30,24.1,83,0.0,27
1,24/03/23,19:00,23.3,87,0.0,1
1,24/03/23,19:30,23.1,87,0.0,0
1,24/03/23,20:00,22.6,87,0.0,0
1,24/03/23,20:30,22.2,89,0.0,0
1,24/03/23,21:00,21.9,90,0.0,0
1,24/03/23,21:30,21.6,92,0.0,0
1,24/03/23,22:00,21.4,91,0.0,0
1,24/03/23,22:30,20.9,91,0.0,0
1,24/03/23,23:00,20.6,91,0.0,0
1,24/03/23,23:30,20.1,93,0.0,0
1,25/03/23,00:00,20.3,94,0.0,0
1,25/03/23,0:30,20.4,93,0.0,0
1,25/03/23,1:00,20.4,93,0.0,0
1,25/03/23,1:30,20.3,93,0.0,0
1,25/03/23,2:00,20.3,93,0.0,0
1,25/03/23,2:30,20.3,93,0.0,0
1,25/03/23,3:00,20.2,93,0.0,0
1,25/03/23,3:30,20.2,93,0.0,0
1,25/03/23,4:00,20.0,94,0.0,0
1,25/03/23,4:30,19.9,93,0.0,0
1,25/03/23,5:00,19.9,93,0.0,0
1,25/03/23,5:30,20.0,93,0.0,0
1,25/03/23,6:00,20.1,93,0.0,0
1,25/03/23,6:30,20.2,92,0.0,0
1,25/03/23,7:00,19.9,93,0.0,0
1,25/03/23,7:30,19.8,95,1.2,14
1,25/03/23,8:00,19.9,95,0.0,50
1,25/03/23,8:30,20.3,95,0.0,121
1,25/03/23,9:00,20.1,95,1.0,33
1,25/03/23,9:30,20.1,96,2.2,50
1,25/03/23,10:00,20.1,96,1.2,95
1,25/03/23,10:30,20.2,96,2.2,143
1,25/03/23,11:00,20.2,96,1.4,138
1,25/03/23,11:30,20.1,96,3.8,63
1,25/03/23,12:00,20.3,97,1.4,83
1,25/03/23,12:30,20.1,97,1.4,96
1,25/03/23,13:00,20.2,97,2.4,74
1,25/03/23,13:30,20.4,97,1.4,49
1,25/03/23,14:00,20.2,97,17.0,23
1,25/03/23,14:30,20.3,97,4.0,26
1,25/03/23,15:00,20.4,97,3.6,50
1,25/03/23,15:30,20.7,98,0.2,41
1,25/03/23,16:00,21.4,98,0.2,192
1,25/03/23,16:30,22.0,97,0.0,112
1,25/03/23,17:00,22.8,95,0.0,115
1,25/03/23,17:30,23.3,91,0.2,172
1,25/03/23,18:00,22.9,91,0.0,35
1,25/03/23,18:30,22.1,94,0.2,38
1,25/03/23,19:00,21.9,94,0.0,2
1,25/03/23,19:30,22.1,94,0.0,0
1,25/03/23,20:00,22.2,93,0.0,0
1,25/03/23,20:30,21.8,94,0.4,0
1,25/03/23,21:00,21.4,94,0.0,0
1,25/03/23,21:30,20.8,95,1.0,0
1,25/03/23,22:00,19.3,95,0.0,0
1,25/03/23,22:30,19.0,96,0.0,0
1,25/03/23,23:00,18.8,97,0.0,0
1,25/03/23,23:30,18.7,97,0.0,0
1,26/03/23,00:00,18.6,96,0.0,0
1,26/03/23,0:30,18.6,96,0.0,0
1,26/03/23,1:00,18.2,96,0.2,0
1,26/03/23,1:30,18.1,96,0.0,0
1,26/03/23,2:00,17.9,96,0.0,0
1,26/03/23,2:30,17.9,97,0.0,0
1,26/03/23,3:00,17.8,97,0.0,0
1,26/03/23,3:30,17.8,96,0.0,0
1,26/03/23,4:00,17.6,96,0.0,0
1,26/03/23,4:30,17.5,97,0.0,0
1,26/03/23,5:00,17.5,97,0.0,0
1,26/03/23,5:30,17.6,97,0.0,0
1,26/03/23,6:00,17.7,97,0.0,0
1,26/03/23,6:30,17.7,97,0.0,0
1,26/03/23,7:00,17.7,96,0.0,1
1,26/03/23,7:30,17.8,96,0.0,21
1,26/03/23,8:00,17.9,96,0.0,41
1,26/03/23,8:30,18.1,96,0.0,70
1,26/03/23,9:00,18.3,96,0.0,152
1,26/03/23,9:30,19.6,89,0.0,523
1,26/03/23,10:00,19.8,86,0.0,458
1,26/03/23,10:30,20.6,83,0.0,709
1,26/03/23,11:00,21.3,78,0.0,787
1,26/03/23,11:30,21.9,76,0.0,836
1,26/03/23,12:00,22.6,72,0.0,882
1,26/03/23,12:30,22.7,72,0.0,895
1,26/03/23,13:00,23.1,70,0.0,931
1,26/03/23,13:30,23.7,68,0.0,916
1,26/03/23,14:00,23.8,66,0.0,863
1,26/03/23,14:30,24.4,65,0.0,814
1,26/03/23,15:00,24.2,64,0.0,591
1,26/03/23,15:30,24.8,63,0.0,704
1,26/03/23,16:00,24.3,67,0.0,602
1,26/03/23,16:30,23.8,67,0.0,360
1,26/03/23,17:00,24.4,63,0.0,292
1,26/03/23,17:30,24.1,63,0.0,216
1,26/03/23,18:00,23.4,64,0.0,104
1,26/03/23,18:30,22.3,66,0.0,32
1,26/03/23,19:00,20.8,71,0.0,1
1,26/03/23,19:30,20.3,71,0.0,0
1,26/03/23,20:00,19.9,71,0.0,0
1,26/03/23,20:30,19.4,75,0.0,0
1,26/03/23,21:00,18.7,77,0.0,0
1,26/03/23,21:30,17.9,80,0.0,0
1,26/03/23,22:00,17.8,78,0.0,0
1,26/03/23,22:30,17.8,78,0.0,0
1,26/03/23,23:00,16.7,83,0.0,0
1,26/03/23,23:30,16.0,86,0.0,0
1,27/03/23,00:00,15.9,88,0.0,0
1,27/03/23,0:30,15.7,89,0.0,0
1,27/03/23,1:00,15.6,90,0.0,0
1,27/03/23,1:30,15.7,90,0.0,0
1,27/03/23,2:00,16.1,89,0.0,0
1,27/03/23,2:30,15.4,90,0.0,0
1,27/03/23,3:00,15.0,92,0.0,0
1,27/03/23,3:30,14.8,93,0.0,0
1,27/03/23,4:00,15.1,94,0.0,0
1,27/03/23,4:30,14.9,95,0.0,0
1,27/03/23,5:00,14.9,96,0.0,0
1,27/03/23,5:30,15.1,96,0.0,0
1,27/03/23,6:00,15.1,97,0.0,0
1,27/03/23,6:30,15.1,97,0.0,0
1,27/03/23,7:00,15.1,96,0.0,7
1,27/03/23,7:30,15.4,96,0.0,71
1,27/03/23,8:00,16.2,95,0.0,190
1,27/03/23,8:30,17.3,90,0.0,312
1,27/03/23,9:00,18.3,83,0.0,426
1,27/03/23,9:30,19.3,79,0.0,534
1,27/03/23,10:00,20.1,75,0.0,635
1,27/03/23,10:30,20.7,72,0.0,714
1,27/03/23,11:00,21.0,70,0.0,771
1,27/03/23,11:30,21.6,70,0.0,849
1,27/03/23,12:00,21.9,70,0.0,904
1,27/03/23,12:30,21.9,70,0.0,852
1,27/03/23,13:00,22.9,66,0.0,740
1,27/03/23,13:30,22.7,67,0.0,709
1,27/03/23,14:00,23.6,63,0.0,871
1,27/03/23,14:30,23.8,60,0.0,804
1,27/03/23,15:00,23.8,58,0.0,731
1,27/03/23,15:30,24.2,57,0.0,643
1,27/03/23,16:00,24.2,56,0.0,547
1,27/03/23,16:30,24.2,56,0.0,441
1,27/03/23,17:00,24.1,57,0.0,325
1,27/03/23,17:30,23.8,56,0.0,206
1,27/03/23,18:00,23.0,58,0.0,90
1,27/03/23,18:30,21.7,63,0.0,21
1,27/03/23,19:00,20.5,68,0.0,1
1,27/03/23,19:30,19.8,71,0.0,0
1,27/03/23,20:00,19.4,72,0.0,0
1,27/03/23,20:30,18.7,77,0.0,0
1,27/03/23,21:00,18.1,81,0.0,0
1,27/03/23,21:30,17.6,82,0.0,0
1,27/03/23,22:00,17.1,83,0.0,0
1,27/03/23,22:30,16.3,85,0.0,0
1,27/03/23,23:00,16.2,83,0.0,0
1,27/03/23,23:30,16.3,82,0.0,0
1,28/03/23,00:00,16.2,84,0.0,0
1,28/03/23,0:30,16.2,85,0.0,0
1,28/03/23,1:00,16.1,85,0.0,0
1,28/03/23,1:30,15.8,85,0.0,0
1,28/03/23,2:00,15.2,87,0.0,0
1,28/03/23,2:30,14.8,90,0.0,0
1,28/03/23,3:00,15.0,90,0.0,0
1,28/03/23,3:30,14.7,91,0.0,0
1,28/03/23,4:00,14.8,91,0.0,0
1,28/03/23,4:30,14.9,89,0.0,0
1,28/03/23,5:00,15.2,89,0.0,0
1,28/03/23,5:30,15.2,89,0.0,0
1,28/03/23,6:00,15.2,89,0.0,0
1,28/03/23,6:30,15.1,90,0.0,0
1,28/03/23,7:00,15.1,91,0.0,7
1,28/03/23,7:30,15.7,90,0.0,55
1,28/03/23,8:00,16.9,86,0.0,187
1,28/03/23,8:30,17.9,84,0.0,315
1,28/03/23,9:00,19.1,79,0.0,429
1,28/03/23,9:30,19.9,76,0.0,537
1,28/03/23,10:00,21.1,73,0.0,634
1,28/03/23,10:30,21.8,71,0.0,728
1,28/03/23,11:00,22.6,69,0.0,796
1,28/03/23,11:30,22.8,72,0.0,863
1,28/03/23,12:00,23.7,71,0.0,833
1,28/03/23,12:30,24.2,67,0.0,935
1,28/03/23,13:00,24.8,65,0.0,570
1,28/03/23,13:30,25.6,59,0.0,964
1,28/03/23,14:00,25.4,61,0.0,626
1,28/03/23,14:30,25.4,64,0.0,345
1,28/03/23,15:00,26.2,61,0.0,688
1,28/03/23,15:30,25.6,61,0.0,225
1,28/03/23,16:00,26.4,60,0.0,416
1,28/03/23,16:30,26.3,61,0.0,372
1,28/03/23,17:00,26.7,59,0.0,320
1,28/03/23,17:30,26.2,57,0.0,193
1,28/03/23,18:00,26.2,61,0.0,90
1,28/03/23,18:30,24.5,70,0.0,18
1,28/03/23,19:00,23.9,69,0.0,1
1,28/03/23,19:30,23.3,69,0.0,0
1,28/03/23,20:00,22.9,70,0.0,0
1,28/03/23,20:30,22.8,70,0.0,0
1,28/03/23,21:00,22.7,71,0.0,0
1,28/03/23,21:30,22.8,71,0.0,0
1,28/03/23,22:00,21.4,76,0.0,0
1,28/03/23,22:30,20.7,83,0.0,0
1,28/03/23,23:00,20.5,84,0.0,0
1,28/03/23,23:30,19.8,87,0.0,0
1,29/03/23,00:00,19.8,87,0.0,0
1,29/03/23,0:30,19.7,88,0.0,0
1,29/03/23,1:00,19.6,88,0.0,0
1,29/03/23,1:30,19.4,88,0.0,0
1,29/03/23,2:00,19.6,89,0.0,0
1,29/03/23,2:30,19.5,89,0.0,0
1,29/03/23,3:00,19.3,90,0.0,0
1,29/03/23,3:30,18.9,91,0.0,0
1,29/03/23,4:00,18.7,92,0.0,0
1,29/03/23,4:30,18.6,93,0.0,0
1,29/03/23,5:00,18.6,94,0.0,0
1,29/03/23,5:30,18.6,94,0.0,0
1,29/03/23,6:00,18.4,95,0.0,0
1,29/03/23,6:30,18.6,95,0.0,0
1,29/03/23,7:00,20.1,90,0.0,6
1,29/03/23,7:30,20.6,88,0.0,53
1,29/03/23,8:00,21.3,86,0.0,176
1,29/03/23,8:30,21.7,86,0.0,275
1,29/03/23,9:00,22.2,86,0.0,402
1,29/03/23,9:30,23.4,84,0.0,484
1,29/03/23,10:00,25.6,76,0.0,589
1,29/03/23,10:30,26.8,72,0.0,799
1,29/03/23,11:00,27.3,69,0.0,527
1,29/03/23,11:30,25.3,76,0.0,304
1,29/03/23,12:00,24.7,83,0.2,292
1,29/03/23,12:30,24.2,83,0.4,348
1,29/03/23,13:00,24.6,82,0.2,199
1,29/03/23,13:30,25.6,80,0.0,355
1,29/03/23,14:00,26.8,76,0.0,381
1,29/03/23,14:30,27.0,77,0.0,244
1,29/03/23,15:00,28.4,68,0.0,431
1,29/03/23,15:30,29.1,65,0.0,479
1,29/03/23,16:00,29.4,65,0.0,382
1,29/03/23,16:30,29.3,65,0.0,368
1,29/03/23,17:00,28.8,68,0.0,234
1,29/03/23,17:30,27.4,72,0.0,77
1,29/03/23,18:00,26.6,74,0.0,28
1,29/03/23,18:30,26.4,74,0.0,8
1,29/03/23,19:00,26.1,75,0.0,0
1,29/03/23,19:30,25.4,77,0.0,0
1,29/03/23,20:00,24.7,81,0.0,0
1,29/03/23,20:30,24.7,82,0.0,0
1,29/03/23,21:00,23.8,85,0.0,0
1,29/03/23,21:30,23.7,86,0.0,0
1,29/03/23,22:00,23.1,87,0.0,0
1,29/03/23,22:30,22.9,87,0.0,0
1,29/03/23,23:00,22.6,86,0.0,0
1,29/03/23,23:30,22.7,85,0.0,0
1,30/03/23,00:00,22.6,84,0.0,0
1,30/03/23,0:30,22.3,86,0.0,0
1,30/03/23,1:00,21.8,90,0.0,0
1,30/03/23,1:30,21.7,90,0.0,0
1,30/03/23,2:00,20.9,92,0.0,0
1,30/03/23,2:30,20.7,92,0.0,0
1,30/03/23,3:00,20.6,91,0.0,0
1,30/03/23,3:30,20.3,91,0.0,0
1,30/03/23,4:00,19.8,93,9.2,0
1,30/03/23,4:30,19.4,94,7.4,0
1,30/03/23,5:00,19.0,94,0.0,0
1,30/03/23,5:30,19.2,94,0.0,0
1,30/03/23,6:00,19.3,95,1.0,0
1,30/03/23,6:30,19.2,95,1.8,0
1,30/03/23,7:00,19.2,96,3.6,0
1,30/03/23,7:30,19.3,96,1.0,12
1,30/03/23,8:00,19.4,96,0.0,37
1,30/03/23,8:30,19.7,95,0.0,109
1,30/03/23,9:00,20.3,94,0.0,245
1,30/03/23,9:30,20.7,93,0.0,317
1,30/03/23,10:00,20.8,93,0.0,256
1,30/03/23,10:30,21.2,91,0.0,350
1,30/03/23,11:00,21.9,88,0.0,366
1,30/03/23,11:30,23.1,84,0.0,662
1,30/03/23,12:00,23.9,82,0.0,863
1,30/03/23,12:30,24.9,78,0.0,871
1,30/03/23,13:00,24.7,76,0.0,579
1,30/03/23,13:30,25.5,74,0.0,499
1,30/03/23,14:00,25.1,75,0.0,329
1,30/03/23,14:30,24.9,76,0.0,327
1,30/03/23,15:00,25.1,76,0.0,306
1,30/03/23,15:30,25.4,76,0.0,321
1,30/03/23,16:00,25.1,77,0.0,255
1,30/03/23,16:30,24.4,80,0.0,214
1,30/03/23,17:00,23.8,82,0.0,90
1,30/03/23,17:30,23.4,83,0.0,62
1,30/03/23,18:00,23.1,84,0.0,34
1,30/03/23,18:30,22.7,85,0.0,10
1,30/03/23,19:00,22.2,89,0.0,0
1,30/03/23,19:30,21.8,90,0.0,0
1,30/03/23,20:00,21.6,91,0.0,0
1,30/03/23,20:30,21.4,92,0.0,0
1,30/03/23,21:00,21.2,93,0.0,0
1,30/03/23,21:30,20.9,93,0.0,0
1,30/03/23,22:00,20.9,93,0.0,0
1,30/03/23,22:30,20.8,93,0.0,0
1,30/03/23,23:00,20.8,93,0.0,0
1,30/03/23,23:30,20.7,93,0.0,0
1,31/03/23,00:00,20.7,93,0.0,0
1,31/03/23,0:30,20.7,93,0.0,0
1,31/03/23,1:00,20.9,92,0.0,0
1,31/03/23,1:30,20.7,92,0.0,0
1,31/03/23,2:00,20.4,93,0.0,0
1,31/03/23,2:30,20.2,94,0.0,0
1,31/03/23,3:00,20.0,94,0.0,0
1,31/03/23,3:30,19.9,94,0.0,0
1,31/03/23,4:00,19.7,95,0.0,0
1,31/03/23,4:30,19.5,95,0.0,0
1,31/03/23,5:00,19.5,96,0.0,0
1,31/03/23,5:30,19.4,96,0.0,0
1,31/03/23,6:00,19.2,97,0.0,0
1,31/03/23,6:30,19.3,97,0.0,0
1,31/03/23,7:00,19.3,97,0.0,5
1,31/03/23,7:30,19.4,97,0.0,46
1,31/03/23,8:00,20.1,97,0.0,162
1,31/03/23,8:30,21.1,95,0.0,279
1,31/03/23,9:00,22.2,91,0.0,389
1,31/03/23,9:30,23.1,86,0.0,501
1,31/03/23,10:00,23.9,85,0.0,593
1,31/03/23,10:30,24.7,83,0.0,618
1,31/03/23,11:00,25.4,79,0.0,383
1,31/03/23,11:30,26.4,77,0.0,625
1,31/03/23,12:00,27.1,76,0.0,787
1,31/03/23,12:30,26.4,74,0.0,468
1,31/03/23,13:00,26.1,76,0.0,155
1,31/03/23,13:30,23.8,86,1.0,17
1,31/03/23,14:00,20.4,95,21.2,31
1,31/03/23,14:30,20.6,96,0.0,31
1,31/03/23,15:00,20.8,97,0.0,43
1,31/03/23,15:30,18.3,95,9.0,153
1,31/03/23,16:00,17.2,94,0.2,159
1,31/03/23,16:30,17.3,93,0.4,47
1,31/03/23,17:00,17.8,93,0.0,62
1,31/03/23,17:30,17.9,93,0.0,62
1,31/03/23,18:00,18.1,93,0.0,48
1,31/03/23,18:30,17.7,94,0.0,18
1,31/03/23,19:00,17.4,94,0.0,0
1,31/03/23,19:30,17.1,95,0.0,0
1,31/03/23,20:00,16.8,96,0.0,0
1,31/03/23,20:30,16.8,96,0.0,0
1,31/03/23,21:00,16.7,85,0.0,0
1,31/03/23,21:30,15.4,82,0.0,0
1,31/03/23,22:00,14.8,82,0.0,0
1,31/03/23,22:30,13.9,77,0.0,0
1,31/03/23,23:00,13.1,79,0.0,0
1,31/03/23,23:30,12.7,80,0.0,0
1,01/04/23,00:00,12.2,81,0.0,0
1,01/04/23,0:30,11.9,82,0.0,0
1,01/04/23,1:00,11.6,83,0.0,0
1,01/04/23,1:30,10.9,85,0.0,0
1,01/04/23,2:00,10.6,86,0.0,0
1,01/04/23,2:30,10.1,87,0.0,0
1,01/04/23,3:00,10.1,87,0.0,0
1,01/04/23,3:30,10.0,86,0.0,0
1,01/04/23,4:00,9.4,88,0.0,0
1,01/04/23,4:30,9.5,88,0.0,0
1,01/04/23,5:00,9.0,89,0.0,0
1,01/04/23,5:30,9.1,90,0.0,0
1,01/04/23,6:00,8.9,91,0.0,0
1,01/04/23,6:30,8.6,91,0.0,0
1,01/04/23,7:00,8.7,91,0.0,6
1,01/04/23,7:30,9.1,91,0.0,53
1,01/04/23,8:00,9.4,92,0.0,174
1,01/04/23,8:30,10.3,91,0.0,301
1,01/04/23,9:00,11.2,88,0.0,411
1,01/04/23,9:30,12.2,87,0.0,521
1,01/04/23,10:00,13.2,85,0.0,615
1,01/04/23,10:30,14.7,84,0.0,700
1,01/04/23,11:00,15.2,82,0.0,769
1,01/04/23,11:30,16.1,81,0.0,804
1,01/04/23,12:00,16.8,79,0.0,858
1,01/04/23,12:30,17.6,75,0.0,875
1,01/04/23,13:00,18.8,74,0.0,884
1,01/04/23,13:30,19.2,73,0.0,899
1,01/04/23,14:00,19.2,69,0.0,712
1,01/04/23,14:30,20.1,70,0.0,881
1,01/04/23,15:00,20.6,66,0.0,715
1,01/04/23,15:30,20.5,64,0.0,688
1,01/04/23,16:00,20.5,64,0.0,545
1,01/04/23,16:30,20.4,63,0.0,375
1,01/04/23,17:00,20.1,61,0.0,329
1,01/04/23,17:30,19.9,64,0.0,202
1,01/04/23,18:00,18.8,68,0.0,65
1,01/04/23,18:30,17.7,72,0.0,15
1,01/04/23,19:00,16.0,78,0.0,0
1,01/04/23,19:30,15.8,79,0.0,0
1,01/04/23,20:00,15.4,80,0.0,0
1,01/04/23,20:30,15.1,82,0.0,0
1,01/04/23,21:00,14.9,83,0.0,0
1,01/04/23,21:30,14.5,84,0.0,0
1,01/04/23,22:00,14.5,83,0.0,0
1,01/04/23,22:30,14.6,83,0.0,0
1,01/04/23,23:00,14.1,85,0.0,0
1,01/04/23,23:30,13.6,86,0.0,0
1,02/04/23,00:00,13.6,87,0.0,0
1,02/04/23,0:30,13.4,88,0.0,0
1,02/04/23,1:00,13.2,89,0.0,0
1,02/04/23,1:30,12.9,90,0.0,0
1,02/04/23,2:00,12.6,91,0.0,0
1,02/04/23,2:30,12.8,92,0.0,0
1,02/04/23,3:00,13.0,92,0.0,0
1,02/04/23,3:30,13.1,92,0.0,0
1,02/04/23,4:00,12.6,93,0.0,0
1,02/04/23,4:30,12.4,94,0.0,0
1,02/04/23,5:00,11.6,94,0.0,0
1,02/04/23,5:30,11.7,94,0.0,0
1,02/04/23,6:00,12.0,95,0.0,0
1,02/04/23,6:30,11.8,95,0.0,0
1,02/04/23,7:00,12.6,96,0.0,5
1,02/04/23,7:30,12.8,95,0.0,51
1,02/04/23,8:00,13.8,95,0.0,166
1,02/04/23,8:30,13.9,94,0.0,277
1,02/04/23,9:00,15.8,91,0.0,409
1,02/04/23,9:30,17.9,84,0.0,520
1,02/04/23,10:00,18.9,75,0.0,612
1,02/04/23,10:30,19.4,72,0.0,697
1,02/04/23,11:00,19.9,67,0.0,769
1,02/04/23,11:30,20.1,65,0.0,821
1,02/04/23,12:00,20.5,63,0.0,853
1,02/04/23,12:30,21.0,63,0.0,866
1,02/04/23,13:00,21.4,64,0.0,866
1,02/04/23,13:30,21.9,63,0.0,848
1,02/04/23,14:00,22.3,62,0.0,815
1,02/04/23,14:30,22.6,63,0.0,717
1,02/04/23,15:00,22.7,60,0.0,677
1,02/04/23,15:30,23.0,60,0.0,602
1,02/04/23,16:00,23.1,60,0.0,534
1,02/04/23,16:30,23.3,61,0.0,417
1,02/04/23,17:00,23.1,59,0.0,284
1,02/04/23,17:30,22.6,62,0.0,176
1,02/04/23,18:00,21.6,66,0.0,56
1,02/04/23,18:30,19.9,71,0.0,13
1,02/04/23,19:00,19.1,75,0.0,0
1,02/04/23,19:30,18.6,76,0.0,0
1,02/04/23,20:00,18.1,77,0.0,0
1,02/04/23,20:30,18.1,78,0.0,0
1,02/04/23,21:00,17.4,79,0.0,0
1,02/04/23,21:30,16.8,81,0.0,0
1,02/04/23,22:00,16.8,83,0.0,0
1,02/04/23,22:30,15.3,88,0.0,0
1,02/04/23,23:00,15.4,87,0.0,0
1,02/04/23,23:30,15.2,86,0.0,0
1,03/04/23,00:00,14.8,87,0.0,0
1,03/04/23,0:30,14.7,87,0.0,0
1,03/04/23,1:00,14.6,87,0.0,0
1,03/04/23,1:30,14.4,88,0.0,0
1,03/04/23,2:00,14.4,88,0.0,0
1,03/04/23,2:30,13.9,88,0.0,0
1,03/04/23,3:00,13.6,92,0.0,0
1,03/04/23,3:30,14.1,91,0.0,0
1,03/04/23,4:00,14.2,90,0.0,0
1,03/04/23,4:30,14.7,91,0.0,0
1,03/04/23,5:00,13.9,90,0.0,0
1,03/04/23,5:30,14.2,93,0.0,0
1,03/04/23,6:00,14.4,93,0.0,0
1,03/04/23,6:30,13.9,93,0.0,0
1,03/04/23,7:00,14.1,93,0.0,11
1,03/04/23,7:30,14.8,93,0.0,64
1,03/04/23,8:00,15.3,93,0.0,79
1,03/04/23,8:30,16.7,90,0.0,252
1,03/04/23,9:00,18.2,86,0.0,385
1,03/04/23,9:30,19.3,83,0.0,453
1,03/04/23,10:00,19.9,80,0.0,591
1,03/04/23,10:30,20.8,79,0.0,689
1,03/04/23,11:00,21.1,78,0.0,745
1,03/04/23,11:30,21.7,74,0.0,801
1,03/04/23,12:00,22.6,74,0.0,833
1,03/04/23,12:30,23.2,68,0.0,849
1,03/04/23,13:00,22.8,69,0.0,476
1,03/04/23,13:30,23.4,64,0.0,865
1,03/04/23,14:00,23.7,64,0.0,675
1,03/04/23,14:30,23.6,66,0.0,753
1,03/04/23,15:00,23.6,67,0.0,559
1,03/04/23,15:30,23.1,67,0.0,531
1,03/04/23,16:00,23.0,67,0.0,259
1,03/04/23,16:30,22.6,67,0.0,219
1,03/04/23,17:00,22.1,70,0.0,104
1,03/04/23,17:30,21.7,72,0.0,69
1,03/04/23,18:00,21.3,73,0.0,46
1,03/04/23,18:30,21.0,74,0.0,6
1,03/04/23,19:00,20.7,77,0.0,0
1,03/04/23,19:30,20.2,78,0.0,0
1,03/04/23,20:00,19.5,81,0.0,0
1,03/04/23,20:30,19.4,81,0.0,0
1,03/04/23,21:00,19.2,83,0.0,0
1,03/04/23,21:30,19.2,84,0.0,0
1,03/04/23,22:00,18.9,86,0.0,0
1,03/04/23,22:30,18.8,87,0.0,0
1,03/04/23,23:00,18.7,87,0.0,0
1,03/04/23,23:30,18.4,89,0.0,0
1,04/04/23,00:00,18.3,90,0.0,0
1,04/04/23,0:30,18.1,90,0.0,0
1,04/04/23,1:00,18.5,89,0.0,0
1,04/04/23,1:30,18.1,90,0.0,0
1,04/04/23,2:00,17.8,91,0.0,0
1,04/04/23,2:30,17.7,92,0.0,0
1,04/04/23,3:00,17.3,93,0.0,0
1,04/04/23,3:30,17.7,92,0.0,0
1,04/04/23,4:00,17.2,93,0.0,0
1,04/04/23,4:30,17.1,94,0.0,0
1,04/04/23,5:00,17.0,94,0.0,0
1,04/04/23,5:30,16.9,94,0.0,0
1,04/04/23,6:00,17.1,95,0.0,0
1,04/04/23,6:30,17.2,94,0.0,0
1,04/04/23,7:00,17.1,95,0.0,3
1,04/04/23,7:30,16.7,96,0.0,39
1,04/04/23,8:00,17.1,97,0.0,100
1,04/04/23,8:30,17.4,97,0.0,130
1,04/04/23,9:00,18.0,96,0.0,158
1,04/04/23,9:30,18.6,95,0.0,262
1,04/04/23,10:00,19.4,93,0.0,238
1,04/04/23,10:30,20.1,89,0.0,295
1,04/04/23,11:00,20.3,88,0.0,289
1,04/04/23,11:30,21.6,81,0.0,732
1,04/04/23,12:00,21.9,77,0.0,670
1,04/04/23,12:30,21.9,77,0.0,359
1,04/04/23,13:00,22.3,73,0.0,390
1,04/04/23,13:30,22.3,77,0.0,516
1,04/04/23,14:00,21.8,75,0.0,463
1,04/04/23,14:30,22.6,71,0.0,511
1,04/04/23,15:00,22.3,71,0.0,308
1,04/04/23,15:30,22.1,69,0.0,274
1,04/04/23,16:00,22.1,68,0.0,254
1,04/04/23,16:30,21.9,67,0.0,187
1,04/04/23,17:00,21.6,69,0.0,170
1,04/04/23,17:30,20.9,71,0.0,91
1,04/04/23,18:00,20.4,73,0.0,42
1,04/04/23,18:30,19.9,75,0.0,8
1,04/04/23,19:00,19.6,78,0.0,0
1,04/04/23,19:30,19.4,78,0.0,0
1,04/04/23,20:00,19.2,81,0.0,0
1,04/04/23,20:30,19.0,82,0.0,0
1,04/04/23,21:00,18.8,84,0.0,0
1,04/04/23,21:30,18.7,86,0.0,0
1,04/04/23,22:00,18.3,88,0.0,0
1,04/04/23,22:30,18.1,88,0.0,0
1,04/04/23,23:00,17.9,89,0.0,0
1,04/04/23,23:30,17.8,90,0.0,0
1,05/04/23,00:00,17.7,90,0.0,0
1,05/04/23,0:30,17.7,91,0.0,0
1,05/04/23,1:00,17.7,91,0.0,0
1,05/04/23,1:30,17.6,92,0.0,0
1,05/04/23,2:00,17.7,92,0.0,0
1,05/04/23,2:30,17.6,92,0.0,0
1,05/04/23,3:00,17.4,93,0.0,0
1,05/04/23,3:30,17.2,94,0.0,0
1,05/04/23,4:00,17.2,94,0.0,0
1,05/04/23,4:30,17.2,94,0.0,0
1,05/04/23,5:00,17.2,93,0.0,0
1,05/04/23,5:30,17.2,93,0.0,0
1,05/04/23,6:00,17.1,92,0.0,0
1,05/04/23,6:30,16.9,93,0.0,0
1,05/04/23,7:00,16.6,93,0.0,2
1,05/04/23,7:30,16.7,94,0.0,28
1,05/04/23,8:00,17.3,93,0.0,126
1,05/04/23,8:30,18.4,89,0.0,289
1,05/04/23,9:00,19.1,87,0.0,332
1,05/04/23,9:30,19.5,85,0.0,336
1,05/04/23,10:00,20.3,81,0.0,382
1,05/04/23,10:30,20.8,76,0.0,644
1,05/04/23,11:00,21.6,72,0.0,748
1,05/04/23,11:30,22.2,71,0.0,856
1,05/04/23,12:00,22.2,72,0.0,734
1,05/04/23,12:30,22.5,68,0.0,902
1,05/04/23,13:00,22.4,70,0.0,772
1,05/04/23,13:30,23.1,68,0.0,634
1,05/04/23,14:00,23.6,64,0.0,705
1,05/04/23,14:30,23.6,65,0.0,752
1,05/04/23,15:00,23.5,66,0.0,684
1,05/04/23,15:30,23.7,61,0.0,613
1,05/04/23,16:00,23.8,62,0.0,362
1,05/04/23,16:30,22.7,66,0.0,200
1,05/04/23,17:00,22.7,62,0.0,239
1,05/04/23,17:30,21.9,66,0.0,139
1,05/04/23,18:00,21.3,69,0.0,53
1,05/04/23,18:30,20.1,77,0.0,13
1,05/04/23,19:00,19.3,80,0.0,0
1,05/04/23,19:30,18.9,81,0.0,0
1,05/04/23,20:00,18.5,82,0.0,0
1,05/04/23,20:30,18.4,84,0.0,0
1,05/04/23,21:00,18.1,85,0.0,0
1,05/04/23,21:30,17.8,86,0.0,0
1,05/04/23,22:00,17.7,86,0.0,0
1,05/04/23,22:30,17.7,86,0.0,0
1,05/04/23,23:00,17.4,86,0.0,0
1,05/04/23,23:30,17.2,88,0.0,0
1,06/04/23,00:00,16.9,89,0.0,0
1,06/04/23,0:30,16.8,90,0.0,0
1,06/04/23,1:00,16.8,90,0.0,0
1,06/04/23,1:30,16.7,90,0.0,0
1,06/04/23,2:00,16.6,90,0.0,0
1,06/04/23,2:30,16.4,90,0.0,0
1,06/04/23,3:00,16.5,90,0.0,0
1,06/04/23,3:30,16.5,91,0.0,0
1,06/04/23,4:00,16.5,90,0.0,0
1,06/04/23,4:30,16.4,90,0.0,0
1,06/04/23,5:00,16.3,91,0.0,0
1,06/04/23,5:30,16.4,91,0.0,0
1,06/04/23,6:00,16.4,92,0.0,0
1,06/04/23,6:30,16.4,93,0.0,0
1,06/04/23,7:00,16.6,93,0.0,0
1,06/04/23,7:30,16.7,94,0.0,15
1,06/04/23,8:00,16.9,93,0.0,47
1,06/04/23,8:30,17.1,91,0.0,99
1,06/04/23,9:00,17.6,89,0.0,175
1,06/04/23,9:30,18.3,86,0.0,239
1,06/04/23,10:00,18.9,84,0.0,355
1,06/04/23,10:30,19.5,81,0.0,512
1,06/04/23,11:00,19.6,79,0.0,430
1,06/04/23,11:30,20.7,75,0.0,526
1,06/04/23,12:00,20.8,76,0.0,706
1,06/04/23,12:30,21.7,75,0.0,713
1,06/04/23,13:00,22.2,73,0.0,883
1,06/04/23,13:30,21.9,69,0.0,629
1,06/04/23,14:00,21.7,67,0.0,363
1,06/04/23,14:30,22.1,67,0.0,343
1,06/04/23,15:00,22.3,66,0.0,425
1,06/04/23,15:30,22.1,67,0.0,392
1,06/04/23,16:00,22.4,68,0.0,508
1,06/04/23,16:30,21.6,65,0.0,216
1,06/04/23,17:00,21.9,66,0.0,237
1,06/04/23,17:30,21.3,68,0.0,146
1,06/04/23,18:00,20.7,69,0.0,75
1,06/04/23,18:30,19.8,71,0.0,14
1,06/04/23,19:00,19.2,74,0.0,0
1,06/04/23,19:30,18.7,77,0.0,0
1,06/04/23,20:00,18.1,82,0.0,0
1,06/04/23,20:30,17.7,85,0.0,0
1,06/04/23,21:00,17.3,87,0.0,0
1,06/04/23,21:30,17.0,89,0.0,0
1,06/04/23,22:00,16.7,90,0.0,0
1,06/04/23,22:30,16.4,91,0.0,0
1,06/04/23,23:00,16.3,91,0.0,0
1,06/04/23,23:30,16.2,90,0.0,0
1,07/04/23,00:00,15.9,91,0.0,0
1,07/04/23,0:30,15.7,91,0.0,0
1,07/04/23,1:00,15.4,92,0.0,0
1,07/04/23,1:30,15.3,92,0.0,0
1,07/04/23,2:00,15.3,93,0.0,0
1,07/04/23,2:30,15.2,93,0.0,0
1,07/04/23,3:00,15.1,92,0.0,0
1,07/04/23,3:30,15.1,91,0.0,0
1,07/04/23,4:00,14.8,90,0.0,0
1,07/04/23,4:30,14.7,90,0.0,0
1,07/04/23,5:00,14.6,91,0.0,0
1,07/04/23,5:30,14.8,92,0.0,0
1,07/04/23,6:00,15.2,90,0.0,0
1,07/04/23,6:30,15.4,90,0.0,0
1,07/04/23,7:00,15.3,90,0.0,1
1,07/04/23,7:30,15.8,88,0.0,32
1,07/04/23,8:00,16.1,88,0.0,73
1,07/04/23,8:30,16.6,87,0.0,116
1,07/04/23,9:00,17.4,86,0.0,155
1,07/04/23,9:30,17.9,85,0.0,206
1,07/04/23,10:00,18.7,85,0.0,317
1,07/04/23,10:30,19.3,82,0.0,585
1,07/04/23,11:00,19.8,76,0.0,454
1,07/04/23,11:30,20.3,69,0.0,448
1,07/04/23,12:00,20.5,68,0.0,406
1,07/04/23,12:30,20.3,71,0.0,304
1,07/04/23,13:00,20.1,72,0.0,295
1,07/04/23,13:30,20.7,69,0.0,384
1,07/04/23,14:00,20.6,66,0.0,277
1,07/04/23,14:30,17.9,79,0.2,153
1,07/04/23,15:00,19.8,75,0.0,168
1,07/04/23,15:30,19.0,81,0.0,92
1,07/04/23,16:00,18.7,83,0.0,102
1,07/04/23,16:30,18.3,87,0.2,65
1,07/04/23,17:00,18.6,83,0.0,53
1,07/04/23,17:30,18.9,82,0.0,44
1,07/04/23,18:00,19.0,82,0.0,17
1,07/04/23,18:30,18.8,83,0.0,3
1,07/04/23,19:00,17.8,86,0.0,0
1,07/04/23,19:30,17.4,90,0.0,0
1,07/04/23,20:00,17.3,90,0.0,0
1,07/04/23,20:30,17.3,90,0.0,0
1,07/04/23,21:00,17.0,91,0.0,0
1,07/04/23,21:30,17.3,90,0.0,0
1,07/04/23,22:00,17.4,89,0.0,0
1,07/04/23,22:30,17.5,88,0.0,0
1,07/04/23,23:00,17.4,88,0.0,0
1,07/04/23,23:30,17.3,88,0.0,0
1,08/04/23,00:00,17.2,88,0.0,0
1,08/04/23,0:30,17.2,88,0.0,0
1,08/04/23,1:00,17.1,88,0.0,0
1,08/04/23,1:30,17.1,88,0.0,0
1,08/04/23,2:00,16.7,89,0.0,0
1,08/04/23,2:30,16.3,90,0.0,0
1,08/04/23,3:00,16.2,91,0.0,0
1,08/04/23,3:30,16.0,92,0.0,0
1,08/04/23,4:00,16.4,92,0.0,0
1,08/04/23,4:30,16.7,91,0.0,0
1,08/04/23,5:00,16.7,91,0.0,0
1,08/04/23,5:30,16.3,91,0.0,0
1,08/04/23,6:00,16.0,92,0.0,0
1,08/04/23,6:30,16.3,91,0.0,0
1,08/04/23,7:00,16.2,90,0.0,2
1,08/04/23,7:30,16.2,90,0.0,34
1,08/04/23,8:00,17.0,88,0.0,148
1,08/04/23,8:30,18.3,85,0.0,270
1,08/04/23,9:00,19.0,85,0.0,380
1,08/04/23,9:30,19.6,81,0.0,483
1,08/04/23,10:00,20.2,79,0.0,581
1,08/04/23,10:30,20.7,76,0.0,658
1,08/04/23,11:00,21.3,76,0.0,745
1,08/04/23,11:30,21.7,73,0.0,837
1,08/04/23,12:00,22.2,67,0.0,928
1,08/04/23,12:30,22.9,63,0.0,985
1,08/04/23,13:00,22.6,63,0.0,680
1,08/04/23,13:30,23.1,63,0.0,664
1,08/04/23,14:00,22.8,64,0.0,458
1,08/04/23,14:30,23.0,60,0.0,505
1,08/04/23,15:00,23.1,63,0.0,540
1,08/04/23,15:30,22.6,65,0.0,170
1,08/04/23,16:00,22.6,63,0.0,285
1,08/04/23,16:30,22.8,68,0.0,179
1,08/04/23,17:00,22.1,67,0.0,185
1,08/04/23,17:30,21.9,69,0.0,105
1,08/04/23,18:00,21.1,73,0.0,38
1,08/04/23,18:30,20.2,76,0.0,9
1,08/04/23,19:00,19.4,79,0.0,0
1,08/04/23,19:30,18.9,81,0.0,0
1,08/04/23,20:00,18.4,83,0.0,0
1,10/04/23,8:00,20.4,84,0.0,187
1,10/04/23,8:30,21.7,81,0.0,258
1,10/04/23,9:00,23.1,78,0.0,366
1,10/04/23,9:30,23.6,77,0.0,467
1,10/04/23,10:00,24.4,74,0.0,557
1,10/04/23,10:30,25.5,72,0.0,637
1,10/04/23,11:00,26.7,66,0.0,769
1,10/04/23,11:30,26.2,67,0.0,421
1,10/04/23,12:00,26.2,62,0.0,385
1,10/04/23,12:30,25.6,67,0.0,220
1,10/04/23,13:00,25.8,63,0.0,293
1,10/04/23,13:30,27.1,60,0.0,838
1,10/04/23,14:00,27.1,59,0.0,737
1,10/04/23,14:30,27.4,61,0.0,754
1,10/04/23,15:00,27.9,57,0.0,691
1,10/04/23,15:30,26.0,74,0.0,593
1,10/04/23,16:00,25.6,74,0.0,450
1,10/04/23,16:30,25.6,74,0.0,343
1,10/04/23,17:00,25.4,73,0.0,267
1,10/04/23,17:30,24.7,75,0.0,158
1,10/04/23,18:00,23.8,78,0.0,50
1,10/04/23,18:30,23.0,79,0.0,9
1,10/04/23,19:00,22.4,81,0.0,0
1,10/04/23,19:30,22.0,82,0.0,0
1,10/04/23,20:00,21.5,85,0.0,0
1,10/04/23,20:30,21.1,87,0.0,0
1,10/04/23,21:00,20.8,87,0.0,0
1,10/04/23,21:30,20.5,87,0.0,0
1,10/04/23,22:00,20.1,89,0.0,0
1,10/04/23,22:30,19.7,90,0.0,0
1,10/04/23,23:00,19.5,92,0.0,0
1,10/04/23,23:30,19.5,93,0.0,0
1,11/04/23,00:00,19.5,93,0.0,0
1,11/04/23,0:30,19.4,93,0.0,0
1,11/04/23,1:00,19.3,94,0.0,0
1,11/04/23,1:30,18.9,95,0.0,0
1,11/04/23,2:00,18.7,95,0.0,0
1,11/04/23,2:30,18.3,95,0.0,0
1,11/04/23,3:00,18.4,95,0.0,0
1,11/04/23,3:30,18.2,95,0.0,0
1,11/04/23,4:00,18.3,95,0.0,0
1,11/04/23,4:30,18.3,96,0.0,0
1,11/04/23,5:00,18.3,96,0.0,0
1,11/04/23,5:30,18.2,96,0.0,0
1,11/04/23,6:00,18.1,96,0.0,0
1,11/04/23,6:30,18.1,96,0.0,0
1,11/04/23,7:00,18.1,96,0.0,2
1,11/04/23,7:30,18.2,96,0.0,25
1,11/04/23,8:00,18.6,96,0.0,109
1,11/04/23,8:30,19.0,95,0.0,182
1,11/04/23,9:00,19.9,93,0.0,354
1,11/04/23,9:30,20.9,90,0.0,459
1,11/04/23,10:00,21.7,88,0.0,548
1,11/04/23,10:30,23.2,82,0.0,632
1,11/04/23,11:00,24.3,81,0.0,699
1,11/04/23,11:30,25.6,70,0.0,749
1,11/04/23,12:00,26.3,66,0.0,788
1,11/04/23,12:30,26.8,61,0.0,824
1,11/04/23,13:00,28.0,52,0.0,810
1,11/04/23,13:30,28.2,50,0.0,785
1,11/04/23,15:03,---,---,0.0,---
1,11/04/23,15:30,29.2,46,0.0,534
1,11/04/23,16:00,29.2,47,0.0,451
1,11/04/23,16:30,28.8,46,0.0,349
1,11/04/23,17:00,28.4,48,0.0,239
1,11/04/23,17:30,27.8,53,0.0,123
1,11/04/23,18:00,26.3,55,0.0,36
1,11/04/23,18:30,25.3,56,0.0,4
1,11/04/23,19:00,24.7,56,0.0,0
1,11/04/23,19:30,24.7,57,0.0,0
1,11/04/23,20:00,24.5,58,0.0,0
1,11/04/23,20:30,24.3,60,0.0,0
1,11/04/23,21:00,24.3,61,0.0,0
1,11/04/23,21:30,24.1,63,0.0,0
1,11/04/23,22:00,23.8,63,0.0,0
1,11/04/23,22:30,23.9,63,0.0,0
1,11/04/23,23:00,23.7,65,0.0,0
1,11/04/23,23:30,23.5,64,0.0,0
1,12/04/23,00:00,22.6,68,0.0,0
1,12/04/23,0:30,22.8,70,0.0,0
1,12/04/23,1:00,22.7,67,0.0,0
1,12/04/23,1:30,22.6,67,0.0,0
1,12/04/23,2:00,21.8,70,0.0,0
1,12/04/23,2:30,21.2,73,0.0,0
1,12/04/23,3:00,21.3,71,0.0,0
1,12/04/23,3:30,21.0,71,0.0,0
1,12/04/23,4:00,21.4,70,0.0,0
1,12/04/23,4:30,21.1,70,0.0,0
1,12/04/23,5:00,21.1,71,0.0,0
1,12/04/23,5:30,20.3,73,0.0,0
1,12/04/23,6:00,19.7,75,0.0,0
1,12/04/23,6:30,19.6,76,0.0,0
1,12/04/23,7:00,20.7,71,0.0,0
1,12/04/23,7:30,20.6,72,0.0,43
1,12/04/23,8:00,21.3,71,0.0,86
1,12/04/23,8:30,22.4,68,0.0,139
1,12/04/23,9:00,22.3,71,0.0,146
1,12/04/23,9:30,21.7,75,0.0,247
1,12/04/23,10:00,21.3,78,0.0,188
1,12/04/23,10:30,20.8,79,0.0,86
1,12/04/23,11:00,19.2,87,0.0,33
1,12/04/23,11:30,18.4,91,0.2,46
1,12/04/23,12:00,18.2,92,0.6,38
1,12/04/23,12:30,17.8,94,7.4,2
1,12/04/23,13:00,17.7,95,5.0,26
1,12/04/23,13:30,18.1,96,0.0,99
1,12/04/23,14:00,18.2,95,0.4,60
1,12/04/23,14:30,18.4,96,0.6,58
1,12/04/23,15:00,19.2,96,0.0,92
1,12/04/23,15:30,19.8,94,0.0,116
1,12/04/23,16:00,20.3,93,0.0,121
1,12/04/23,16:30,20.4,91,0.0,116
1,12/04/23,17:00,21.3,88,0.0,160
1,12/04/23,17:30,21.1,88,0.0,36
1,12/04/23,18:00,20.8,89,0.0,10
1,12/04/23,18:30,20.5,90,0.0,0
1,12/04/23,19:00,20.1,91,0.0,0
1,12/04/23,19:30,19.9,91,0.0,0
1,12/04/23,20:00,19.8,92,0.0,0
1,12/04/23,20:30,19.8,92,0.0,0
1,12/04/23,21:00,19.7,92,0.0,0
1,12/04/23,21:30,19.5,93,0.4,0
1,12/04/23,22:00,19.2,94,0.2,0
1,12/04/23,22:30,19.3,95,0.2,0
1,12/04/23,23:00,19.0,95,0.0,0
1,12/04/23,23:30,18.3,95,0.4,0
1,13/04/23,00:00,18.0,93,0.0,0
1,13/04/23,0:30,16.9,94,0.0,0
1,13/04/23,1:00,15.8,95,0.4,0
1,13/04/23,1:30,15.2,93,0.2,0
1,13/04/23,2:00,14.8,94,0.4,0
1,13/04/23,2:30,14.9,94,0.0,0
1,13/04/23,3:00,14.8,94,0.0,0
1,13/04/23,3:30,14.6,94,0.0,0
1,13/04/23,4:00,14.1,92,0.0,0
1,13/04/23,4:30,14.0,93,0.0,0
1,13/04/23,5:00,13.1,94,0.0,0
1,13/04/23,5:30,12.9,90,0.0,0
1,13/04/23,6:00,12.8,91,0.0,0
1,13/04/23,6:30,12.8,90,0.0,0
1,13/04/23,7:00,12.3,90,0.0,0
1,13/04/23,7:30,12.4,90,0.0,28
1,13/04/23,8:00,12.6,90,0.0,82
1,13/04/23,8:30,13.1,88,0.0,134
1,13/04/23,9:00,13.7,87,0.0,197
1,13/04/23,9:30,14.4,85,0.0,234
1,13/04/23,10:00,15.0,83,0.0,383
1,13/04/23,10:30,15.6,79,0.0,554
1,13/04/23,11:00,15.9,79,0.0,518
1,13/04/23,11:30,16.2,76,0.0,461
1,13/04/23,12:00,16.6,75,0.0,546
1,13/04/23,12:30,16.8,73,0.0,493
1,13/04/23,13:00,16.7,74,0.0,393
1,13/04/23,13:30,16.8,74,0.0,352
1,13/04/23,14:00,17.3,72,0.0,422
1,13/04/23,14:30,17.4,73,0.0,365
1,13/04/23,15:00,17.2,74,0.0,279
1,13/04/23,15:30,17.3,74,0.0,311
1,13/04/23,16:00,17.3,74,0.0,280
1,13/04/23,16:30,16.9,75,0.0,212
1,13/04/23,18:00,15.8,77,0.0,36
1,13/04/23,18:30,15.4,79,0.0,7
1,13/04/23,19:00,15.4,81,0.0,0
1,13/04/23,19:30,14.8,83,0.0,0
1,13/04/23,20:00,14.8,86,0.0,0
1,13/04/23,20:30,14.8,85,0.0,0
1,13/04/23,21:00,13.8,87,0.0,0
1,13/04/23,21:30,13.1,88,0.0,0
1,13/04/23,22:00,13.0,85,0.0,0
1,13/04/23,22:30,12.8,84,0.0,0
1,13/04/23,23:00,12.8,84,0.0,0
1,13/04/23,23:30,11.9,87,0.0,0
1,14/04/23,00:00,11.7,88,0.0,0
1,14/04/23,0:30,11.9,87,0.0,0
1,14/04/23,1:00,11.8,87,0.0,0
1,14/04/23,1:30,11.7,87,0.0,0
1,14/04/23,2:00,11.2,88,0.0,0
1,14/04/23,2:30,11.1,86,0.0,0
1,14/04/23,3:00,10.3,88,0.0,0
1,14/04/23,3:30,10.2,87,0.0,0
1,14/04/23,4:00,10.3,87,0.0,0
1,14/04/23,4:30,10.2,88,0.0,0
1,14/04/23,5:00,10.1,87,0.0,0
1,14/04/23,5:30,10.5,88,0.0,0
1,14/04/23,6:00,9.9,88,0.0,0
1,14/04/23,6:30,9.8,91,0.0,0
1,14/04/23,7:00,9.9,90,0.0,2
1,14/04/23,7:30,10.4,88,0.0,32
1,14/04/23,8:00,11.5,86,0.0,135
1,14/04/23,8:30,12.7,83,0.0,260
1,14/04/23,9:00,13.9,78,0.0,371
1,14/04/23,9:30,15.0,74,0.0,473
1,14/04/23,10:00,14.9,74,0.0,565
1,14/04/23,10:30,15.3,76,0.0,644
1,14/04/23,11:00,15.7,76,0.0,709
1,14/04/23,11:30,16.4,74,0.0,761
1,14/04/23,12:00,17.2,68,0.0,790
1,14/04/23,12:30,17.6,69,0.0,811
1,14/04/23,13:00,17.7,68,0.0,803
1,14/04/23,13:30,18.1,66,0.0,797
1,14/04/23,14:00,18.7,64,0.0,765
1,14/04/23,14:30,18.5,64,0.0,652
1,14/04/23,15:00,19.0,62,0.0,628
1,14/04/23,15:30,19.3,63,0.0,542
1,14/04/23,16:00,19.2,61,0.0,450
1,14/04/23,16:30,19.1,63,0.0,324
1,14/04/23,17:00,18.7,65,0.0,234
1,14/04/23,17:30,18.0,67,0.0,97
1,14/04/23,18:00,17.0,71,0.0,30
1,14/04/23,18:30,15.9,77,0.0,4
1,14/04/23,19:00,15.2,79,0.0,0
1,14/04/23,19:30,14.6,81,0.0,0
1,14/04/23,20:00,14.1,81,0.0,0
1,14/04/23,20:30,13.6,83,0.0,0
1,14/04/23,21:00,13.2,85,0.0,0
1,14/04/23,21:30,13.1,85,0.0,0
1,14/04/23,22:00,12.7,85,0.0,0
1,14/04/23,22:30,12.3,86,0.0,0
1,14/04/23,23:00,12.1,85,0.0,0
1,14/04/23,23:30,11.9,84,0.0,0
1,15/04/23,00:00,12.2,82,0.0,0
1,15/04/23,0:30,12.7,81,0.0,0
1,15/04/23,1:00,12.9,80,0.0,0
1,15/04/23,1:30,13.1,78,0.0,0
1,15/04/23,2:00,13.2,77,0.0,0
1,15/04/23,2:30,13.3,76,0.0,0
1,15/04/23,3:00,13.4,76,0.0,0
1,15/04/23,3:30,13.6,77,0.0,0
1,15/04/23,4:00,13.6,78,0.0,0
1,15/04/23,4:30,13.5,79,0.0,0
1,15/04/23,5:00,13.4,80,0.0,0
1,15/04/23,5:30,13.3,81,0.0,0
1,15/04/23,6:00,13.4,81,0.0,0
1,15/04/23,6:30,13.2,82,0.0,0
1,15/04/23,7:00,13.2,82,0.0,0
1,15/04/23,7:30,13.3,82,0.0,26
1,15/04/23,8:00,13.7,81,0.0,52
1,15/04/23,8:30,14.1,81,0.0,119
1,15/04/23,9:00,14.6,80,0.0,156
1,15/04/23,9:30,14.8,79,0.0,150
1,15/04/23,10:00,15.5,78,0.0,187
1,15/04/23,10:30,16.7,75,0.0,332
1,15/04/23,12:00,18.2,75,0.0,649
1,15/04/23,12:30,18.1,76,0.0,292
1,15/04/23,13:00,18.2,76,0.0,329
1,15/04/23,14:00,18.5,76,0.0,502
1,15/04/23,14:30,18.7,76,0.0,424
1,15/04/23,15:00,18.9,76,0.0,467
1,15/04/23,15:30,19.0,78,0.0,556
1,15/04/23,16:00,18.6,78,0.0,283
1,15/04/23,16:30,18.4,79,0.0,272
1,15/04/23,17:00,17.8,81,0.0,73
1,15/04/23,17:30,17.5,83,0.0,54
1,15/04/23,18:00,17.2,84,0.0,20
1,15/04/23,18:30,16.9,85,0.0,2
1,16/04/23,8:10,---,---,0.0,---
1,16/04/23,8:30,17.3,95,0.0,133
1,16/04/23,9:00,17.6,94,0.0,203
1,16/04/23,9:30,17.7,93,0.0,192
1,16/04/23,10:00,17.8,92,0.0,161
1,16/04/23,10:30,18.1,91,0.0,235
1,16/04/23,11:00,18.8,90,0.0,229
1,16/04/23,11:30,18.9,89,0.0,261
1,16/04/23,12:00,19.2,87,0.0,237
1,16/04/23,12:30,19.4,86,0.0,147
1,16/04/23,13:00,19.3,88,0.0,253
1,16/04/23,13:30,19.8,85,0.0,186
1,16/04/23,14:00,19.7,86,0.0,185
1,16/04/23,14:30,20.5,82,0.0,329
1,16/04/23,15:00,19.7,86,0.0,309
1,16/04/23,15:30,19.2,87,0.0,234
1,16/04/23,16:00,19.6,84,0.0,308
1,16/04/23,16:30,19.1,87,0.0,163
1,16/04/23,17:00,18.7,87,0.0,65
1,16/04/23,17:30,18.2,89,0.0,56
1,16/04/23,18:00,17.6,90,0.0,33
1,16/04/23,18:30,17.1,92,0.0,4
1,16/04/23,19:00,16.6,93,0.0,0
1,16/04/23,19:30,16.3,95,0.0,0
1,16/04/23,20:00,16.3,95,0.0,0
1,16/04/23,20:30,15.7,95,0.0,0
1,16/04/23,21:00,15.4,94,0.0,0
1,16/04/23,21:30,15.3,95,0.0,0
1,16/04/23,22:00,15.1,95,0.0,0
1,16/04/23,22:30,15.1,95,0.0,0
1,16/04/23,23:00,14.8,95,0.0,0
1,16/04/23,23:30,14.7,96,0.0,0
1,17/04/23,00:00,14.3,95,0.0,0
1,17/04/23,0:30,14.2,95,0.0,0
1,17/04/23,1:00,14.3,95,0.0,0
1,17/04/23,1:30,14.2,94,0.0,0
1,17/04/23,2:00,14.1,94,0.0,0
1,17/04/23,2:30,14.1,94,0.0,0
1,17/04/23,3:00,14.2,94,0.0,0
1,17/04/23,3:30,14.1,94,0.0,0
1,17/04/23,4:00,14.1,94,0.0,0
1,17/04/23,4:30,13.6,94,0.0,0
1,17/04/23,5:00,13.4,95,0.0,0
1,17/04/23,5:30,13.2,95,0.0,0
1,17/04/23,6:00,13.2,96,0.0,0
1,17/04/23,6:30,13.2,96,0.0,0
1,17/04/23,7:00,12.9,96,0.0,0
1,17/04/23,7:30,12.7,96,0.0,13
1,17/04/23,8:00,12.8,96,0.0,91
1,17/04/23,8:30,13.2,96,0.0,127
1,17/04/23,9:00,13.6,96,0.0,137
1,17/04/23,9:30,14.5,94,0.0,213
1,17/04/23,10:00,15.1,88,0.0,209
1,17/04/23,10:30,16.0,83,0.0,438
1,17/04/23,11:00,15.9,84,0.0,222
1,17/04/23,11:30,16.9,76,0.0,318
1,17/04/23,12:00,17.3,75,0.0,327
1,17/04/23,12:30,17.3,75,0.0,380
1,17/04/23,13:00,18.2,71,0.0,742
1,17/04/23,13:30,17.9,69,0.0,563
1,17/04/23,14:00,18.3,73,0.0,406
1,17/04/23,14:30,18.2,70,0.0,540
1,17/04/23,15:00,18.2,68,0.0,296
1,17/04/23,15:30,18.2,67,0.0,468
1,17/04/23,16:00,18.3,70,0.0,197
1,17/04/23,16:30,18.1,66,0.0,186
1,17/04/23,17:00,17.7,70,0.0,119
1,17/04/23,17:30,17.5,70,0.0,73
1,17/04/23,18:00,16.6,75,0.0,26
1,17/04/23,18:30,15.6,79,0.0,3
1,17/04/23,19:00,15.2,81,0.0,0
1,17/04/23,19:30,14.6,83,0.0,0
1,17/04/23,20:00,14.2,82,0.0,0
1,17/04/23,20:30,14.1,81,0.0,0
1,17/04/23,21:00,14.3,80,0.0,0
1,17/04/23,21:30,14.1,80,0.0,0
1,17/04/23,22:00,14.1,79,0.0,0
1,17/04/23,22:30,13.5,80,0.0,0
1,17/04/23,23:00,13.4,80,0.0,0
1,17/04/23,23:30,13.1,82,0.0,0
1,18/04/23,00:00,12.5,86,0.0,0
1,18/04/23,0:30,12.4,88,0.0,0
1,18/04/23,1:00,12.2,89,0.0,0
1,18/04/23,1:30,12.3,91,0.0,0
1,18/04/23,2:00,12.1,91,0.0,0
1,18/04/23,2:30,11.7,91,0.0,0
1,18/04/23,3:00,11.7,92,0.0,0
1,18/04/23,3:30,11.6,92,0.0,0
1,18/04/23,4:00,11.7,93,0.0,0
1,18/04/23,4:30,11.1,93,0.0,0
1,18/04/23,5:00,11.7,94,0.0,0
1,18/04/23,5:30,11.1,93,0.0,0
1,18/04/23,6:00,11.6,94,0.0,0
1,18/04/23,6:30,11.5,94,0.0,0
1,18/04/23,7:00,11.8,95,0.0,0
1,18/04/23,7:30,12.2,95,0.0,20
1,18/04/23,8:00,12.6,94,0.0,78
1,18/04/23,8:30,13.5,93,0.0,207
1,18/04/23,9:00,13.6,91,0.0,343
1,18/04/23,9:30,15.1,90,0.0,449
1,18/04/23,10:00,16.3,78,0.0,549
1,18/04/23,10:30,16.8,74,0.0,625
1,18/04/23,11:00,17.3,69,0.0,707
1,18/04/23,11:30,17.9,61,0.0,787
1,18/04/23,12:00,18.2,62,0.0,733
1,18/04/23,12:30,19.1,59,0.0,817
1,18/04/23,13:00,19.0,58,0.0,546
1,18/04/23,13:30,19.4,53,0.0,759
1,18/04/23,14:00,19.8,53,0.0,755
1,18/04/23,14:30,19.4,52,0.0,673
1,18/04/23,15:00,20.0,51,0.0,626
1,18/04/23,15:30,19.6,48,0.0,522
1,18/04/23,16:00,19.1,52,0.0,418
1,18/04/23,16:30,19.3,49,0.0,325
1,18/04/23,17:00,18.7,51,0.0,213
1,18/04/23,17:30,17.8,49,0.0,95
1,18/04/23,18:00,16.2,53,0.0,18
1,18/04/23,18:30,15.3,53,0.0,2
1,18/04/23,19:00,15.2,50,0.0,0
1,18/04/23,19:30,14.8,52,0.0,0
1,18/04/23,20:00,14.3,50,0.0,0
1,18/04/23,20:30,13.3,56,0.0,0
1,18/04/23,21:00,12.5,60,0.0,0
1,18/04/23,21:30,12.1,62,0.0,0
1,18/04/23,22:00,12.3,61,0.0,0
1,18/04/23,22:30,12.1,64,0.0,0
1,18/04/23,23:00,11.6,68,0.0,0
1,18/04/23,23:30,11.1,71,0.0,0
1,19/04/23,00:00,10.2,74,0.0,0
1,19/04/23,0:30,9.8,75,0.0,0
1,19/04/23,1:00,9.4,75,0.0,0
1,19/04/23,1:30,9.2,76,0.0,0
1,19/04/23,2:00,9.2,77,0.0,0
1,19/04/23,2:30,9.4,76,0.0,0
1,19/04/23,3:00,8.8,77,0.0,0
1,19/04/23,3:30,8.4,79,0.0,0
1,19/04/23,4:00,8.1,81,0.0,0
1,19/04/23,4:30,7.8,82,0.0,0
1,19/04/23,5:00,8.3,83,0.0,0
1,19/04/23,5:30,8.2,83,0.0,0
1,19/04/23,6:00,8.4,83,0.0,0
1,19/04/23,6:30,8.3,83,0.0,0
1,19/04/23,7:00,8.4,83,0.0,0
1,19/04/23,7:30,8.4,83,0.0,20
1,19/04/23,8:00,9.3,82,0.0,76
1,19/04/23,8:30,9.9,80,0.0,78
1,19/04/23,9:00,11.5,75,0.0,166
1,19/04/23,9:30,12.1,69,0.0,238
1,19/04/23,10:00,13.0,67,0.0,343
1,19/04/23,10:30,12.4,67,0.0,202
1,19/04/23,11:00,12.7,67,0.0,163
1,19/04/23,11:30,13.1,70,0.0,176
1,19/04/23,12:00,11.9,76,0.0,220
1,19/04/23,12:30,11.4,80,0.0,179
1,19/04/23,13:00,11.7,80,0.0,138
1,19/04/23,13:30,12.2,79,0.0,146
1,19/04/23,14:00,11.4,87,0.4,241
1,19/04/23,14:30,11.8,83,0.2,305
1,19/04/23,15:00,11.8,83,0.0,177
1,19/04/23,15:30,12.5,84,0.0,226
1,19/04/23,16:00,12.9,80,0.0,274
1,19/04/23,16:30,14.2,76,0.0,319
1,19/04/23,17:00,13.7,78,0.0,153
1,19/04/23,17:30,12.8,81,0.0,35
1,19/04/23,18:00,12.4,81,0.0,24
1,19/04/23,18:30,11.3,83,0.0,3
1,19/04/23,19:00,10.9,84,0.0,0
1,19/04/23,19:30,10.6,85,0.0,0
1,19/04/23,20:00,10.3,87,0.0,0
1,19/04/23,20:30,10.4,88,0.0,0
1,19/04/23,21:00,9.9,89,0.0,0
1,19/04/23,21:30,9.7,91,0.0,0
1,19/04/23,22:00,9.5,92,0.0,0
1,19/04/23,22:30,9.4,92,0.0,0
1,19/04/23,23:00,8.9,93,0.0,0
1,19/04/23,23:30,9.0,94,0.0,0
1,20/04/23,00:00,8.4,93,0.0,0
1,20/04/23,0:30,8.3,94,0.0,0
1,20/04/23,1:00,8.2,95,0.0,0
1,20/04/23,1:30,8.1,95,0.0,0
1,20/04/23,2:00,7.2,95,0.0,0
1,20/04/23,2:30,7.8,96,0.0,0
1,20/04/23,3:00,7.5,96,0.0,0
1,20/04/23,3:30,8.5,96,0.0,0
1,20/04/23,4:00,8.3,96,0.0,0
1,20/04/23,4:30,8.2,96,0.0,0
1,20/04/23,5:00,7.8,96,0.0,0
1,20/04/23,5:30,8.3,97,0.0,0
1,20/04/23,6:00,8.4,97,0.0,0
1,20/04/23,6:30,8.2,97,0.0,0
1,20/04/23,7:00,8.1,97,0.0,0
1,20/04/23,7:30,8.3,97,0.0,11
1,20/04/23,8:00,8.4,97,0.0,30
1,20/04/23,8:30,8.4,97,0.0,70
1,20/04/23,9:00,8.9,98,0.0,88
1,20/04/23,9:30,9.6,98,0.0,196
1,20/04/23,10:00,9.9,98,0.0,350
1,20/04/23,10:30,10.2,97,0.2,535
1,20/04/23,11:00,11.4,95,0.0,757
1,20/04/23,11:30,13.2,88,0.0,836
1,20/04/23,12:00,14.1,83,0.0,813
1,20/04/23,12:30,14.7,79,0.0,806
1,20/04/23,13:00,15.4,76,0.0,888
1,20/04/23,13:30,15.0,72,0.0,798
1,20/04/23,14:00,15.8,70,0.0,757
1,20/04/23,14:30,16.4,68,0.0,666
1,20/04/23,15:00,17.0,67,0.0,598
1,20/04/23,15:30,17.3,62,0.0,518
1,20/04/23,16:00,17.3,63,0.0,424
1,20/04/23,16:30,17.6,61,0.0,319
1,20/04/23,17:00,17.6,61,0.0,206
1,20/04/23,17:30,17.2,61,0.0,94
1,20/04/23,18:00,17.1,63,0.0,19
1,20/04/23,18:30,14.8,69,0.0,2
1,20/04/23,19:00,14.0,72,0.0,0
1,20/04/23,19:30,13.2,76,0.0,0
1,20/04/23,20:00,12.4,78,0.0,0
1,20/04/23,20:30,12.3,77,0.0,0
1,20/04/23,21:00,12.8,76,0.0,0
1,20/04/23,21:30,12.9,75,0.0,0
1,20/04/23,22:00,12.4,77,0.0,0
1,20/04/23,22:30,12.1,79,0.0,0
1,20/04/23,23:00,12.6,78,0.0,0
1,20/04/23,23:30,11.1,82,0.0,0
1,21/04/23,00:00,11.4,83,0.0,0
1,21/04/23,0:30,10.4,85,0.0,0
1,21/04/23,1:00,11.1,84,0.0,0
1,21/04/23,1:30,11.4,82,0.0,0
1,21/04/23,2:00,11.8,81,0.0,0
1,21/04/23,2:30,11.4,82,0.0,0
1,21/04/23,3:00,11.3,83,0.0,0
1,21/04/23,3:30,11.1,83,0.0,0
1,21/04/23,4:00,11.0,85,0.0,0
1,21/04/23,4:30,10.6,86,0.0,0
1,21/04/23,5:00,10.7,90,0.0,0
1,21/04/23,5:30,10.2,91,0.0,0
1,21/04/23,6:00,10.6,92,0.0,0
1,21/04/23,6:30,10.7,92,0.0,0
1,21/04/23,7:00,10.5,92,0.0,1
1,21/04/23,7:30,10.6,93,0.0,26
1,21/04/23,8:00,11.4,92,0.0,111
1,21/04/23,8:30,12.4,91,0.0,217
1,21/04/23,9:00,13.7,92,0.0,231
1,21/04/23,9:30,15.0,88,0.0,452
1,21/04/23,10:00,16.2,84,0.0,489
1,21/04/23,10:30,17.2,80,0.0,625
1,21/04/23,11:00,17.9,76,0.0,682
1,21/04/23,11:30,17.9,76,0.0,685
1,21/04/23,12:00,18.7,73,0.0,632
1,21/04/23,12:30,19.4,69,0.0,751
1,21/04/23,13:00,19.2,70,0.0,466
1,21/04/23,13:30,20.1,68,0.0,767
1,21/04/23,14:00,20.6,67,0.0,668
1,21/04/23,14:30,21.3,63,0.0,685
1,21/04/23,15:00,21.6,61,0.0,590
1,21/04/23,15:30,22.1,58,0.0,502
1,21/04/23,16:00,21.7,52,0.0,332
1,21/04/23,16:30,21.4,52,0.0,250
1,21/04/23,17:00,21.8,49,0.0,221
1,21/04/23,17:30,20.8,56,0.0,81
1,21/04/23,18:00,19.6,59,0.0,20
1,21/04/23,18:30,18.8,59,0.0,1
1,21/04/23,19:00,17.9,64,0.0,0
1,21/04/23,19:30,17.2,67,0.0,0
1,21/04/23,20:00,16.9,65,0.0,0
1,21/04/23,20:30,16.1,67,0.0,0
1,21/04/23,21:00,15.8,73,0.0,0
1,21/04/23,21:30,15.5,81,0.0,0
1,21/04/23,22:00,16.2,82,0.0,0
1,21/04/23,22:30,16.1,82,0.0,0
1,21/04/23,23:00,15.2,85,0.0,0
1,21/04/23,23:30,14.9,87,0.0,0
1,22/04/23,00:00,14.7,88,0.0,0
1,22/04/23,0:30,14.8,88,0.0,0
1,22/04/23,1:00,14.9,89,0.0,0
1,22/04/23,1:30,14.5,91,0.0,0
1,22/04/23,2:00,14.2,92,0.0,0
1,22/04/23,2:30,14.3,92,0.0,0
1,22/04/23,3:00,14.4,92,0.0,0
1,22/04/23,3:30,14.4,92,0.0,0
1,22/04/23,4:00,14.6,91,0.0,0
1,22/04/23,4:30,14.5,91,0.0,0
1,22/04/23,5:00,15.1,89,0.0,0
1,22/04/23,5:30,15.1,89,0.0,0
1,22/04/23,6:00,15.2,89,0.0,0
1,22/04/23,6:30,14.6,90,0.0,0
1,22/04/23,7:00,14.5,91,0.0,0
1,22/04/23,7:30,14.3,91,0.0,18
1,22/04/23,8:00,14.5,92,0.0,70
1,22/04/23,8:30,15.2,91,0.0,182
1,22/04/23,9:00,16.5,88,0.0,380
1,22/04/23,9:30,16.8,87,0.0,371
1,22/04/23,10:00,17.6,85,0.0,380
1,22/04/23,10:30,18.9,80,0.0,637
1,22/04/23,11:00,19.7,79,0.0,605
1,22/04/23,11:30,20.2,79,0.0,512
1,22/04/23,12:00,21.2,76,0.0,624
1,22/04/23,12:30,22.2,63,0.0,703
1,22/04/23,13:00,22.4,63,0.0,567
1,22/04/23,13:30,23.3,60,0.0,648
1,22/04/23,14:00,23.4,55,0.0,595
1,22/04/23,14:30,23.6,58,0.0,602
1,22/04/23,15:00,23.8,57,0.0,387
1,22/04/23,15:30,23.4,51,0.0,378
1,22/04/23,16:00,23.8,53,0.0,312
1,22/04/23,16:30,23.7,60,0.0,259
1,22/04/23,17:00,22.9,63,0.0,244
1,22/04/23,17:30,21.6,68,0.0,77
1,22/04/23,18:00,20.6,72,0.0,21
1,22/04/23,18:30,19.6,73,0.0,0
1,22/04/23,19:00,19.1,71,0.0,0
1,22/04/23,19:30,17.9,75,0.0,0
1,22/04/23,20:00,17.2,77,0.0,0
1,22/04/23,20:30,17.1,80,0.0,0
1,22/04/23,21:00,17.1,80,0.0,0
1,22/04/23,21:30,16.4,83,0.0,0
1,22/04/23,22:00,16.3,85,0.0,0
1,22/04/23,22:30,16.6,87,0.0,0
1,22/04/23,23:00,16.4,87,0.0,0
1,22/04/23,23:30,16.6,87,0.0,0
1,23/04/23,00:00,16.6,86,0.0,0
1,23/04/23,0:30,16.4,85,0.0,0
1,23/04/23,1:00,16.0,87,0.0,0
1,23/04/23,1:30,15.6,88,0.0,0
1,23/04/23,2:00,15.6,89,0.0,0
1,23/04/23,2:30,15.3,91,0.0,0
1,23/04/23,3:00,15.1,91,0.0,0
1,23/04/23,3:30,14.6,92,0.0,0
1,23/04/23,4:00,14.6,93,0.0,0
1,23/04/23,4:30,15.3,89,0.0,0
1,23/04/23,5:00,15.3,88,0.0,0
1,23/04/23,5:30,15.1,88,0.0,0
1,23/04/23,6:00,15.7,85,0.0,0
1,23/04/23,6:30,15.4,86,0.0,0
1,23/04/23,7:00,14.8,88,0.0,0
1,23/04/23,7:30,15.7,83,0.0,23
1,23/04/23,8:00,15.7,83,0.0,74
1,23/04/23,8:30,16.4,82,0.0,179
1,23/04/23,9:00,17.9,78,0.0,351
1,23/04/23,9:30,19.3,72,0.0,547
1,23/04/23,10:00,20.4,67,0.0,586
1,23/04/23,10:30,20.2,66,0.0,361
1,23/04/23,11:00,21.3,64,0.0,541
1,23/04/23,11:30,22.1,60,0.0,731
1,23/04/23,12:00,21.9,56,0.0,449
1,23/04/23,12:30,22.2,57,0.0,668
1,23/04/23,13:00,22.1,59,0.0,483
1,23/04/23,13:30,22.2,59,0.0,432
1,23/04/23,14:00,22.8,58,0.0,508
1,23/04/23,14:30,22.7,58,0.0,468
1,23/04/23,15:00,22.4,65,0.0,408
1,23/04/23,15:30,22.2,66,0.0,274
1,23/04/23,16:00,22.5,65,0.0,257
1,23/04/23,16:30,22.4,65,0.0,311
1,23/04/23,17:00,21.6,65,0.0,147
1,23/04/23,17:30,21.1,67,0.0,62
1,23/04/23,18:00,20.2,71,0.0,27
1,23/04/23,18:30,19.2,78,0.0,0
1,23/04/23,19:00,18.6,82,0.0,0
1,23/04/23,19:30,18.2,85,0.0,0
1,23/04/23,20:00,18.2,86,0.0,0
1,23/04/23,20:30,17.9,87,0.0,0
1,23/04/23,21:00,17.6,88,0.0,0
1,23/04/23,21:30,17.3,90,0.0,0
1,23/04/23,22:00,16.9,91,0.0,0
1,23/04/23,22:30,16.8,92,0.0,0
1,23/04/23,23:00,16.3,92,0.0,0
1,23/04/23,23:30,15.9,94,0.0,0
1,24/04/23,00:00,16.3,94,0.0,0
1,24/04/23,0:30,16.4,94,0.0,0
1,24/04/23,1:00,16.8,93,0.0,0
1,24/04/23,1:30,17.0,92,0.0,0
1,24/04/23,2:00,16.9,92,0.0,0
1,24/04/23,2:30,16.9,92,0.0,0
1,24/04/23,3:00,16.4,92,0.0,0
1,24/04/23,3:30,16.4,93,0.0,0
1,24/04/23,4:00,16.4,94,0.0,0
1,24/04/23,4:30,16.8,93,0.0,0
1,24/04/23,5:00,16.9,93,0.0,0
1,24/04/23,5:30,16.8,93,0.0,0
1,24/04/23,6:00,16.7,93,0.0,0
1,24/04/23,6:30,16.4,94,0.0,0
1,24/04/23,7:00,16.5,95,0.0,0
1,24/04/23,7:30,16.7,95,0.0,20
1,24/04/23,8:00,17.2,93,0.0,96
1,24/04/23,8:30,17.6,93,0.0,214
1,24/04/23,9:00,18.3,91,0.0,318
1,24/04/23,9:30,19.4,88,0.0,413
1,24/04/23,10:00,20.2,83,0.0,508
1,24/04/23,10:30,21.0,81,0.0,578
1,24/04/23,11:00,22.1,78,0.0,646
1,24/04/23,11:30,22.4,75,0.0,685
1,24/04/23,12:00,22.8,73,0.0,685
1,24/04/23,12:30,23.7,72,0.0,706
1,24/04/23,13:00,24.3,65,0.0,741
1,24/04/23,13:30,24.6,64,0.0,716
1,24/04/23,14:00,25.2,61,0.0,683
1,24/04/23,14:30,25.2,63,0.0,650
1,24/04/23,15:00,24.5,64,0.0,157
1,24/04/23,15:30,24.1,64,0.0,102
1,24/04/23,16:00,25.2,60,0.0,359
1,24/04/23,16:30,25.2,58,0.0,327
1,24/04/23,17:00,25.0,60,0.0,217
1,24/04/23,17:30,24.2,64,0.0,101
1,24/04/23,18:00,23.0,67,0.0,18
1,24/04/23,18:30,21.8,70,0.0,0
1,24/04/23,19:00,21.2,72,0.0,0
1,24/04/23,19:30,20.4,73,0.0,0
1,24/04/23,20:00,20.2,78,0.0,0
1,24/04/23,20:30,19.8,83,0.0,0
1,24/04/23,21:00,19.7,86,0.0,0
1,24/04/23,21:30,19.3,86,0.0,0
1,24/04/23,22:00,18.8,88,0.0,0
1,24/04/23,22:30,18.4,88,0.0,0
1,24/04/23,23:00,17.9,89,0.0,0
1,24/04/23,23:30,17.9,89,0.0,0
1,25/04/23,00:00,17.6,90,0.0,0
1,25/04/23,0:30,17.2,92,0.0,0
1,25/04/23,1:00,17.0,93,0.0,0
1,25/04/23,1:30,16.8,94,0.0,0
1,25/04/23,2:00,17.2,94,0.0,0
1,25/04/23,2:30,16.7,94,0.0,0
1,25/04/23,3:00,16.7,95,0.0,0
1,25/04/23,3:30,16.7,95,0.0,0
1,25/04/23,4:00,16.9,96,0.0,0
1,25/04/23,4:30,16.9,96,0.0,0
1,25/04/23,5:00,16.8,96,0.0,0
1,25/04/23,5:30,17.2,96,0.0,0
1,25/04/23,6:00,17.2,96,0.0,0
1,25/04/23,6:30,17.2,96,0.0,0
1,25/04/23,7:00,17.2,96,0.0,0
1,25/04/23,7:30,17.1,96,0.6,1
1,25/04/23,8:00,17.1,97,0.2,11
1,25/04/23,8:30,17.6,96,0.0,70
1,25/04/23,9:00,17.9,95,0.0,121
1,25/04/23,9:30,18.3,93,0.0,132
1,25/04/23,10:00,18.4,93,0.0,135
1,25/04/23,10:30,18.5,92,0.0,158
1,25/04/23,11:00,18.4,92,0.0,196
1,25/04/23,11:30,18.8,91,0.0,292
1,25/04/23,12:00,19.9,88,0.0,507
1,25/04/23,12:30,20.9,84,0.0,582
1,25/04/23,13:00,21.1,84,0.0,309
1,25/04/23,13:30,21.1,83,0.0,243
1,25/04/23,14:00,21.0,82,0.0,143
1,25/04/23,14:30,21.2,79,0.0,179
1,25/04/23,15:00,20.8,80,0.0,180
1,25/04/23,15:30,20.4,83,0.0,174
1,25/04/23,16:00,20.3,84,0.0,130
1,25/04/23,16:30,20.0,85,0.0,100
1,25/04/23,17:00,19.6,86,0.0,52
1,25/04/23,17:30,19.1,88,0.0,22
1,25/04/23,18:00,18.7,91,0.0,3
1,25/04/23,18:30,18.5,92,0.0,0
1,25/04/23,19:00,18.3,92,0.0,0
1,25/04/23,19:30,18.2,92,0.0,0
1,25/04/23,20:00,18.0,91,0.0,0
1,25/04/23,20:30,17.7,91,0.0,0
1,25/04/23,21:00,17.4,91,0.0,0
1,25/04/23,21:30,17.0,92,0.0,0
1,25/04/23,22:00,16.9,93,0.0,0
1,25/04/23,22:30,16.8,93,0.0,0
1,25/04/23,23:00,16.7,94,0.0,0
1,25/04/23,23:30,16.6,94,0.0,0
1,26/04/23,00:00,16.4,94,0.0,0
1,26/04/23,0:30,16.4,94,0.0,0
1,26/04/23,1:00,16.3,94,0.0,0
1,26/04/23,1:30,16.3,94,0.0,0
1,26/04/23,2:00,16.2,94,0.0,0
1,26/04/23,2:30,16.2,95,0.0,0
1,26/04/23,3:00,16.1,95,0.4,0
1,26/04/23,3:30,16.1,96,0.4,0
1,26/04/23,4:00,15.9,96,0.8,0
1,26/04/23,4:30,15.8,96,0.2,0
1,26/04/23,5:00,15.8,97,0.0,0
1,26/04/23,5:30,15.7,96,0.0,0
1,26/04/23,6:00,15.8,97,0.0,0
1,26/04/23,6:30,15.9,97,0.0,0
1,26/04/23,7:00,16.1,97,0.0,0
1,26/04/23,7:30,16.2,97,0.0,4
1,26/04/23,8:00,16.1,97,0.2,17
1,26/04/23,8:30,16.2,97,0.0,24
1,26/04/23,9:00,16.4,97,0.0,58
1,26/04/23,9:30,16.6,97,0.0,63
1,26/04/23,10:00,16.7,97,0.0,33
1,26/04/23,10:30,17.2,97,0.0,127
1,26/04/23,11:00,17.1,98,0.0,190
1,26/04/23,11:30,17.3,97,0.0,99
1,26/04/23,12:00,17.8,98,0.0,164
1,26/04/23,12:30,18.4,95,0.0,313
1,26/04/23,13:00,19.4,89,0.0,209
1,26/04/23,13:30,20.2,85,0.0,311
1,26/04/23,14:00,20.6,78,0.0,361
1,26/04/23,14:30,21.3,72,0.0,508
1,26/04/23,15:00,22.2,71,0.0,568
1,26/04/23,15:30,21.1,72,0.0,251
1,26/04/23,16:00,21.6,72,0.0,356
1,26/04/23,16:30,21.4,70,0.0,281
1,26/04/23,17:00,21.1,69,0.0,170
1,26/04/23,17:30,20.3,74,0.0,67
1,26/04/23,18:00,19.0,78,0.0,16
1,26/04/23,18:30,17.7,81,0.0,0
1,26/04/23,19:00,17.2,85,0.0,0
1,26/04/23,19:30,17.1,87,0.0,0
1,26/04/23,20:00,16.8,88,0.0,0
1,26/04/23,20:30,16.6,89,0.0,0
1,26/04/23,21:00,16.4,90,0.0,0
1,26/04/23,21:30,16.2,91,0.0,0
1,26/04/23,22:00,15.9,92,0.0,0
1,26/04/23,22:30,16.0,93,0.0,0
1,26/04/23,23:00,15.8,93,0.0,0
1,26/04/23,23:30,15.4,94,0.0,0
1,27/04/23,00:00,15.0,95,0.0,0
1,27/04/23,0:30,15.4,96,0.0,0
1,27/04/23,1:00,15.6,96,0.0,0
1,27/04/23,1:30,15.6,96,0.0,0
1,27/04/23,2:00,15.5,97,0.0,0
1,27/04/23,2:30,15.8,97,0.0,0
1,27/04/23,3:00,15.8,97,0.0,0
1,27/04/23,3:30,15.7,97,0.0,0
1,27/04/23,4:00,15.8,97,0.0,0
1,27/04/23,4:30,15.9,97,0.0,0
1,27/04/23,5:00,15.8,97,0.0,0
1,27/04/23,5:30,15.7,97,0.0,0
1,27/04/23,6:00,15.7,98,0.0,0
1,27/04/23,6:30,15.5,97,0.0,0
1,27/04/23,7:00,15.3,98,0.0,0
1,27/04/23,7:30,15.2,98,0.0,14
1,27/04/23,8:00,15.4,98,0.0,68
1,27/04/23,8:30,15.7,98,0.0,105
1,27/04/23,9:00,15.5,97,0.0,211
1,27/04/23,9:30,16.8,95,0.0,314
1,27/04/23,10:00,17.4,90,0.0,573
1,27/04/23,10:30,17.6,86,0.0,614
1,27/04/23,11:00,18.1,85,0.0,668
1,27/04/23,11:30,18.5,82,0.0,693
1,27/04/23,12:00,19.3,80,0.0,720
1,27/04/23,12:30,19.2,81,0.0,717
1,27/04/23,13:00,19.9,79,0.0,724
1,27/04/23,13:30,20.3,76,0.0,700
1,27/04/23,14:00,21.1,71,0.0,667
1,27/04/23,14:30,21.3,70,0.0,613
1,27/04/23,15:00,21.6,67,0.0,549
1,27/04/23,15:30,21.8,66,0.0,471
1,27/04/23,16:00,21.6,65,0.0,377
1,27/04/23,16:30,21.4,67,0.0,272
1,27/04/23,17:00,21.4,67,0.0,163
1,27/04/23,17:30,20.8,67,0.0,64
1,27/04/23,18:00,19.5,71,0.0,13
1,27/04/23,18:30,18.3,75,0.0,0
1,27/04/23,19:00,17.8,77,0.0,0
1,27/04/23,19:30,17.2,80,0.0,0
1,27/04/23,20:00,17.3,79,0.0,0
1,27/04/23,20:30,16.7,81,0.0,0
1,27/04/23,21:00,16.6,82,0.0,0
1,27/04/23,21:30,16.3,85,0.0,0
1,27/04/23,22:00,16.1,82,0.0,0
1,27/04/23,22:30,16.3,81,0.0,0
1,27/04/23,23:00,16.4,81,0.0,0
1,27/04/23,23:30,16.4,80,0.0,0
1,28/04/23,00:00,16.3,82,0.0,0
1,28/04/23,0:30,16.4,84,0.0,0
1,28/04/23,1:00,16.4,81,0.0,0
1,28/04/23,1:30,16.1,82,0.0,0
1,28/04/23,2:00,16.1,82,0.0,0
1,28/04/23,2:30,16.3,82,0.0,0
1,28/04/23,3:00,14.7,87,0.0,0
1,28/04/23,3:30,13.9,90,0.0,0
1,28/04/23,4:00,14.7,89,0.0,0
1,28/04/23,4:30,14.9,88,0.0,0
1,28/04/23,5:00,14.8,88,0.0,0
1,28/04/23,5:30,15.2,87,0.0,0
1,28/04/23,6:00,15.3,87,0.0,0
1,28/04/23,6:30,15.1,88,0.0,0
1,28/04/23,7:00,14.7,89,0.0,0
1,28/04/23,7:30,14.4,91,0.0,15
1,28/04/23,8:00,14.9,88,0.0,89
1,28/04/23,8:30,16.0,90,0.0,201
1,28/04/23,9:00,17.3,87,0.0,309
1,28/04/23,9:30,18.1,84,0.0,404
1,28/04/23,10:00,19.1,78,0.0,488
1,28/04/23,10:30,19.8,71,0.0,565
1,28/04/23,11:00,20.5,65,0.0,626
1,28/04/23,11:30,21.1,64,0.0,674
1,28/04/23,12:00,21.6,63,0.0,705
1,28/04/23,12:30,21.7,63,0.0,716
1,28/04/23,13:00,22.2,60,0.0,712
1,28/04/23,13:30,22.6,59,0.0,691
1,28/04/23,14:00,22.9,60,0.0,654
1,28/04/23,14:30,23.0,59,0.0,600
1,28/04/23,15:00,23.6,58,0.0,534
1,28/04/23,15:30,23.8,58,0.0,454
1,28/04/23,16:00,23.6,58,0.0,365
1,28/04/23,16:30,23.5,60,0.0,268
1,28/04/23,17:00,22.8,60,0.0,159
1,28/04/23,17:30,22.2,61,0.0,60
1,28/04/23,18:00,20.5,66,0.0,13
1,28/04/23,18:30,19.8,70,0.0,0
1,28/04/23,19:00,19.7,69,0.0,0
1,28/04/23,19:30,19.3,69,0.0,0
1,28/04/23,20:00,18.2,71,0.0,0
1,28/04/23,20:30,18.6,71,0.0,0
1,28/04/23,21:00,18.2,71,0.0,0
1,28/04/23,21:30,16.7,75,0.0,0
1,28/04/23,22:00,16.1,77,0.0,0
1,28/04/23,22:30,15.7,78,0.0,0
1,28/04/23,23:00,15.1,80,0.0,0
1,28/04/23,23:30,14.9,81,0.0,0
1,29/04/23,00:00,14.8,82,0.0,0
1,29/04/23,0:30,14.4,84,0.0,0
1,29/04/23,1:00,14.3,84,0.0,0
1,29/04/23,1:30,14.1,84,0.0,0
1,29/04/23,2:00,13.6,86,0.0,0
1,29/04/23,2:30,14.1,84,0.0,0
1,29/04/23,3:00,13.6,86,0.0,0
1,29/04/23,3:30,13.3,86,0.0,0
1,29/04/23,4:00,12.9,87,0.0,0
1,29/04/23,4:30,13.1,87,0.0,0
1,29/04/23,5:00,13.1,87,0.0,0
1,29/04/23,5:30,12.6,88,0.0,0
1,29/04/23,6:00,12.5,89,0.0,0
1,29/04/23,6:30,12.8,89,0.0,0
1,29/04/23,7:00,12.1,91,0.0,0
1,29/04/23,7:30,12.7,90,0.0,16
1,29/04/23,8:00,13.7,87,0.0,91
1,29/04/23,8:30,14.7,87,0.0,201
1,29/04/23,9:00,16.3,82,0.0,315
1,29/04/23,9:30,17.3,79,0.0,409
1,29/04/23,10:00,18.1,75,0.0,496
1,29/04/23,10:30,19.0,71,0.0,574
1,29/04/23,11:00,20.4,69,0.0,632
1,29/04/23,11:30,20.8,64,0.0,677
1,29/04/23,12:00,21.9,62,0.0,707
1,29/04/23,12:30,22.6,62,0.0,719
1,29/04/23,13:00,23.1,62,0.0,715
1,29/04/23,13:30,23.9,61,0.0,693
1,29/04/23,14:00,24.3,61,0.0,653
1,29/04/23,14:30,24.7,60,0.0,605
1,29/04/23,15:00,25.0,56,0.0,534
1,29/04/23,15:30,25.2,55,0.0,450
1,29/04/23,16:00,25.3,58,0.0,364
1,29/04/23,16:30,25.1,57,0.0,268
1,29/04/23,17:00,24.7,59,0.0,156
1,29/04/23,17:30,23.9,60,0.0,57
1,29/04/23,18:00,22.3,67,0.0,12
1,29/04/23,18:30,21.4,69,0.0,0
1,29/04/23,19:00,20.4,72,0.0,0
1,29/04/23,19:30,19.3,74,0.0,0
1,29/04/23,20:00,18.6,76,0.0,0
1,29/04/23,20:30,18.4,79,0.0,0
1,29/04/23,21:00,18.2,81,0.0,0
1,29/04/23,21:30,18.1,81,0.0,0
1,29/04/23,22:00,17.9,82,0.0,0
1,29/04/23,22:30,18.1,82,0.0,0
1,29/04/23,23:00,17.9,83,0.0,0
1,29/04/23,23:30,17.7,84,0.0,0
1,30/04/23,00:00,17.3,85,0.0,0
1,30/04/23,0:30,16.8,87,0.0,0
1,30/04/23,1:00,16.3,88,0.0,0
1,30/04/23,1:30,16.3,88,0.0,0
1,30/04/23,2:00,15.9,88,0.0,0
1,30/04/23,2:30,16.3,87,0.0,0
1,30/04/23,3:00,16.3,87,0.0,0
1,30/04/23,3:30,15.9,88,0.0,0
1,30/04/23,4:00,15.8,88,0.0,0
1,30/04/23,4:30,15.8,88,0.0,0
1,30/04/23,5:00,15.8,88,0.0,0
1,30/04/23,5:30,15.6,88,0.0,0
1,30/04/23,6:00,15.3,89,0.0,0
1,30/04/23,6:30,15.3,88,0.0,0
1,30/04/23,7:00,15.1,89,0.0,0
1,30/04/23,7:30,15.4,89,0.0,13
1,30/04/23,8:00,16.7,86,0.0,84
1,30/04/23,8:30,17.5,85,0.0,195
1,30/04/23,9:00,18.2,83,0.0,300
1,30/04/23,9:30,19.3,82,0.0,395
1,30/04/23,10:00,20.6,77,0.0,480
1,30/04/23,10:30,21.7,75,0.0,554
1,30/04/23,11:00,22.2,75,0.0,616
1,30/04/23,11:30,22.8,73,0.0,667
1,30/04/23,12:00,24.3,67,0.0,694
1,30/04/23,12:30,25.5,61,0.0,707
1,30/04/23,13:00,26.3,58,0.0,698
1,30/04/23,13:30,26.8,57,0.0,683
1,30/04/23,14:00,27.8,49,0.0,637
1,30/04/23,14:30,28.1,45,0.0,596
1,30/04/23,15:00,28.1,46,0.0,537
1,30/04/23,15:30,28.2,49,0.0,448
1,30/04/23,16:00,28.3,51,0.0,358
1,30/04/23,16:30,28.1,53,0.0,253
1,30/04/23,17:00,27.4,57,0.0,148
1,30/04/23,17:30,26.4,59,0.0,50
1,30/04/23,18:00,25.1,63,0.0,11
1,30/04/23,18:30,23.9,67,0.0,0
1,30/04/23,19:00,23.6,68,0.0,0
1,30/04/23,19:30,23.0,70,0.0,0
1,30/04/23,20:00,22.3,72,0.0,0
1,30/04/23,20:30,21.8,73,0.0,0
1,30/04/23,21:00,21.4,75,0.0,0
1,30/04/23,21:30,21.1,77,0.0,0
1,30/04/23,22:00,20.8,77,0.0,0
1,30/04/23,22:30,20.8,77,0.0,0
1,30/04/23,23:00,20.9,76,0.0,0
1,30/04/23,23:30,21.1,76,0.0,0
1,01/05/23,00:00,21.1,75,0.0,0
1,01/05/23,0:30,20.6,76,0.0,0
1,01/05/23,1:00,20.6,77,0.0,0
1,01/05/23,1:30,20.8,75,0.0,0
1,01/05/23,2:00,20.7,75,0.0,0
1,01/05/23,2:30,20.7,75,0.0,0
1,01/05/23,3:00,20.6,75,0.0,0
1,01/05/23,3:30,20.1,77,0.0,0
1,01/05/23,4:00,20.2,78,0.0,0
1,01/05/23,4:30,20.3,78,0.0,0
1,01/05/23,5:00,20.9,77,0.0,0
1,01/05/23,5:30,20.9,78,0.0,0
1,01/05/23,6:00,19.8,82,0.0,0
1,01/05/23,6:30,17.8,92,0.0,0
1,01/05/23,7:00,16.1,93,0.0,0
1,01/05/23,7:30,15.3,92,0.0,0
1,02/05/23,8:00,11.9,95,0.0,7
1,02/05/23,8:30,12.1,94,0.2,9
1,02/05/23,9:00,12.1,95,0.4,32
1,02/05/23,9:30,12.8,92,0.0,47
1,02/05/23,10:00,13.1,92,0.0,72
1,02/05/23,10:30,13.3,92,0.0,60
1,02/05/23,11:00,13.2,93,0.0,160
1,02/05/23,11:30,13.3,93,0.0,154
1,02/05/23,12:00,13.3,94,0.0,120
1,02/05/23,12:30,13.5,94,0.6,95
1,02/05/23,13:00,13.8,94,0.2,240
1,02/05/23,13:30,13.9,93,0.0,192
1,02/05/23,14:00,14.1,92,0.0,129
1,02/05/23,14:30,14.3,93,0.2,263
1,02/05/23,15:00,14.4,93,0.0,147
1,02/05/23,15:30,14.2,93,0.0,74
1,02/05/23,16:00,14.0,94,0.6,73
1,02/05/23,16:30,14.3,93,0.0,68
1,02/05/23,17:00,14.4,92,0.0,48
1,02/05/23,17:30,14.4,92,0.0,11
1,02/05/23,18:00,14.1,94,0.4,3
1,02/05/23,18:30,14.0,94,0.2,0
1,02/05/23,19:00,14.2,94,0.2,0
1,02/05/23,19:30,14.1,94,0.0,0
1,02/05/23,20:00,14.0,94,0.0,0
1,02/05/23,20:30,14.0,93,0.2,0
1,02/05/23,21:00,14.1,93,0.0,0
1,02/05/23,21:30,14.1,94,0.0,0
1,02/05/23,22:00,14.0,94,0.0,0
1,02/05/23,22:30,14.1,94,0.0,0
1,02/05/23,23:00,14.0,92,0.0,0
1,02/05/23,23:30,14.0,92,0.0,0
1,03/05/23,00:00,13.9,92,0.0,0
1,03/05/23,0:30,13.7,92,0.0,0
1,03/05/23,1:00,13.5,92,0.0,0
1,03/05/23,1:30,13.6,92,0.0,0
1,03/05/23,2:00,13.6,92,0.0,0
1,03/05/23,2:30,13.7,90,0.0,0
1,03/05/23,3:00,13.7,91,0.0,0
1,03/05/23,3:30,13.7,91,0.0,0
1,03/05/23,4:00,13.6,90,0.0,0
1,03/05/23,4:30,13.6,90,0.0,0
1,03/05/23,5:00,13.6,92,0.0,0
1,03/05/23,5:30,13.6,93,0.0,0
1,03/05/23,6:00,13.7,94,0.0,0
1,03/05/23,6:30,13.8,94,0.0,0
1,03/05/23,7:00,13.9,94,0.0,0
1,03/05/23,7:30,13.9,94,0.0,3
1,03/05/23,8:00,13.9,94,0.0,36
1,03/05/23,8:30,14.1,94,0.2,53
1,03/05/23,9:00,14.3,94,0.0,73
1,03/05/23,9:30,14.4,94,0.0,144
1,03/05/23,10:00,14.8,92,0.0,168
1,03/05/23,10:30,14.8,93,0.0,202
1,03/05/23,11:00,15.1,93,0.0,223
1,03/05/23,11:30,15.4,92,0.0,270
1,03/05/23,12:00,15.5,91,0.0,214
1,03/05/23,12:30,15.7,90,0.0,176
1,03/05/23,13:00,15.4,92,0.0,168
1,03/05/23,13:30,15.0,92,0.0,103
1,03/05/23,14:00,14.8,95,5.2,127
1,03/05/23,14:30,14.8,94,0.6,157
1,03/05/23,15:00,14.9,93,0.0,73
1,03/05/23,15:30,14.6,92,4.0,30
1,03/05/23,16:00,14.6,94,2.2,119
1,03/05/23,16:30,14.1,92,0.0,47
1,03/05/23,17:00,13.8,93,0.4,23
1,03/05/23,17:30,13.8,94,0.4,17
1,03/05/23,18:00,13.7,94,0.4,3
1,03/05/23,18:30,13.8,94,0.2,0
1,03/05/23,19:00,13.8,95,0.2,0
1,03/05/23,19:30,14.1,94,0.0,0
1,03/05/23,20:00,14.2,94,0.0,0
1,03/05/23,20:30,14.4,94,0.0,0
1,03/05/23,21:00,14.5,94,0.0,0
1,03/05/23,21:30,14.6,94,0.0,0
1,03/05/23,22:00,14.7,94,0.0,0
1,03/05/23,22:30,14.7,94,0.0,0
1,03/05/23,23:00,14.6,94,0.0,0
1,03/05/23,23:30,14.8,94,0.0,0
1,04/05/23,00:00,14.9,95,0.0,0
1,04/05/23,0:30,14.8,94,0.0,0
1,04/05/23,1:00,15.1,94,0.0,0
1,04/05/23,1:30,15.0,94,0.0,0
1,04/05/23,2:00,15.0,94,0.0,0
1,04/05/23,2:30,15.1,94,0.0,0
1,04/05/23,3:00,15.1,94,0.0,0
1,04/05/23,3:30,15.2,95,0.0,0
1,04/05/23,4:00,15.3,95,0.0,0
1,04/05/23,4:30,15.4,95,0.0,0
1,04/05/23,5:00,15.4,94,0.0,0
1,04/05/23,5:30,15.5,94,0.0,0
1,04/05/23,6:00,15.6,94,0.0,0
1,04/05/23,6:30,15.7,95,0.0,0
1,04/05/23,7:00,15.9,94,0.0,0
1,04/05/23,7:30,16.0,95,0.0,11
1,04/05/23,8:00,16.3,95,0.0,46
1,04/05/23,8:30,16.6,95,0.0,91
1,04/05/23,9:00,16.9,94,0.0,169
1,04/05/23,9:30,17.3,93,0.0,196
1,04/05/23,10:00,17.6,92,0.0,243
1,04/05/23,10:30,17.9,91,0.0,274
1,04/05/23,11:00,18.1,91,0.0,341
1,04/05/23,11:30,18.6,90,0.0,461
1,04/05/23,12:00,19.2,89,0.0,515
1,04/05/23,12:30,19.4,89,0.0,400
1,04/05/23,14:00,19.7,89,0.0,387
1,04/05/23,14:30,19.9,89,0.0,328
1,04/05/23,15:00,20.3,88,0.0,270
1,04/05/23,15:30,19.9,88,0.0,196
1,04/05/23,16:00,19.6,91,0.0,168
1,04/05/23,16:30,19.4,91,0.0,136
1,04/05/23,17:00,19.1,93,0.0,76
1,04/05/23,17:30,18.9,94,0.0,43
1,04/05/23,18:00,18.6,95,0.0,7
1,04/05/23,18:30,18.6,95,0.0,0
1,04/05/23,19:00,18.6,95,0.0,0
1,04/05/23,19:30,18.4,95,0.0,0
1,04/05/23,20:00,18.4,96,0.0,0
1,04/05/23,20:30,18.3,96,0.0,0
1,04/05/23,21:00,18.2,96,0.0,0
1,04/05/23,21:30,18.2,96,0.0,0
1,04/05/23,22:00,18.2,97,0.0,0
1,04/05/23,22:30,18.2,97,0.0,0
1,04/05/23,23:00,18.2,97,0.0,0
1,04/05/23,23:30,18.2,96,0.0,0
1,05/05/23,00:00,18.2,96,0.0,0
1,05/05/23,0:30,18.1,96,0.0,0
1,05/05/23,1:00,18.0,97,0.0,0
1,05/05/23,1:30,18.1,97,0.0,0
1,05/05/23,2:00,18.2,97,0.2,0
1,05/05/23,2:30,18.2,97,0.0,0
1,05/05/23,3:00,18.2,97,0.0,0
1,05/05/23,3:30,18.2,97,0.0,0
1,05/05/23,4:00,18.3,97,0.0,0
1,05/05/23,4:30,18.3,97,0.0,0
1,05/05/23,5:00,18.3,97,0.2,0
1,05/05/23,5:30,18.4,97,0.0,0
1,05/05/23,6:00,18.4,97,0.8,0
1,05/05/23,6:30,18.4,97,1.0,0
1,05/05/23,7:00,18.4,97,0.2,0
1,05/05/23,7:30,18.4,97,1.6,0
1,05/05/23,8:00,18.5,97,0.6,3
1,05/05/23,8:30,18.5,97,0.2,4
1,05/05/23,9:10,---,---,0.0,---
1,05/05/23,9:30,18.7,97,0.0,26
1,05/05/23,10:00,18.7,97,0.2,12
1,05/05/23,10:30,18.6,97,2.2,23
1,05/05/23,11:00,18.7,97,1.4,28
1,05/05/23,11:30,18.7,97,1.0,55
1,05/05/23,12:00,18.8,97,0.2,33
1,05/05/23,12:30,18.8,97,0.6,36
1,05/05/23,13:00,18.8,97,0.2,27
1,05/05/23,13:30,18.7,97,1.4,31
1,05/05/23,14:00,18.8,97,1.4,39
1,05/05/23,14:30,18.9,98,0.6,39
1,05/05/23,15:00,18.9,98,0.8,35
1,05/05/23,15:30,18.6,97,0.6,30
1,05/05/23,16:00,18.6,97,0.8,14
1,05/05/23,16:30,18.5,97,1.6,5
1,05/05/23,17:00,18.3,97,4.2,0
1,05/05/23,17:30,18.2,98,3.6,0
1,05/05/23,18:00,18.2,98,3.6,0
1,05/05/23,18:30,18.1,98,1.4,0
1,05/05/23,19:00,18.1,97,0.4,0
1,05/05/23,19:30,18.1,97,1.4,0
1,05/05/23,20:00,18.0,98,2.2,0
1,05/05/23,20:30,17.9,98,1.0,0
1,05/05/23,21:00,17.9,98,0.2,0
1,05/05/23,21:30,17.9,97,0.0,0
1,05/05/23,22:00,18.0,97,0.0,0
1,06/05/23,17:00,19.9,98,0.0,15
1,06/05/23,17:30,19.9,98,0.0,9
1,06/05/23,18:00,19.9,98,0.0,0
1,06/05/23,18:30,19.8,98,0.4,0
1,06/05/23,19:39,---,---,0.0,---
1,06/05/23,20:00,19.8,98,0.0,0
1,06/05/23,20:30,19.8,98,0.2,0
1,06/05/23,21:00,19.8,98,0.0,0
1,06/05/23,21:30,18.5,98,0.0,0
1,06/05/23,22:00,18.1,98,1.6,0
1,06/05/23,22:30,18.0,98,0.0,0
1,07/05/23,9:49,---,---,0.0,---
1,07/05/23,10:00,18.5,99,0.0,25
1,07/05/23,10:30,18.4,99,0.0,24
1,07/05/23,11:00,18.4,99,6.0,21
1,07/05/23,11:30,18.4,99,2.2,14
1,07/05/23,12:00,18.5,99,3.6,12
1,07/05/23,12:30,18.6,99,4.0,18
1,07/05/23,13:00,18.7,99,4.0,26
1,07/05/23,13:30,17.0,99,13.2,17
1,07/05/23,14:00,16.7,99,1.6,39
1,07/05/23,14:30,16.7,99,3.0,27
1,07/05/23,15:00,16.8,99,2.4,34
1,07/05/23,15:30,16.9,99,6.0,31
1,07/05/23,16:00,16.4,99,4.8,19
1,07/05/23,16:30,15.8,99,12.6,11
1,07/05/23,17:00,15.9,99,1.6,14
1,07/05/23,17:30,16.6,99,0.6,6
1,07/05/23,18:00,16.6,99,0.2,1
1,07/05/23,18:30,16.7,99,0.0,0
1,07/05/23,19:00,16.1,99,0.0,0
1,07/05/23,19:30,15.7,99,0.0,0
1,07/05/23,20:00,15.6,99,0.0,0
1,07/05/23,20:30,15.6,99,0.0,0
1,07/05/23,21:00,15.3,99,0.0,0
1,07/05/23,21:30,15.2,99,0.2,0
1,07/05/23,22:00,15.2,99,0.0,0
1,07/05/23,22:30,14.4,99,0.2,0
1,07/05/23,23:00,14.2,99,0.2,0
1,07/05/23,23:30,14.1,99,0.0,0
1,08/05/23,00:00,14.1,99,0.0,0
1,08/05/23,0:30,13.9,99,0.0,0
1,08/05/23,1:00,13.8,99,0.0,0
1,08/05/23,1:30,13.4,99,0.2,0
1,08/05/23,2:00,13.3,99,0.0,0
1,08/05/23,2:30,13.4,99,0.0,0
1,08/05/23,3:00,13.1,99,0.0,0
1,08/05/23,3:30,13.1,99,0.0,0
1,08/05/23,4:00,13.1,99,0.0,0
1,08/05/23,4:30,12.8,99,0.0,0
1,08/05/23,5:00,12.8,99,0.0,0
1,08/05/23,5:30,12.4,99,0.0,0
1,08/05/23,6:00,12.1,99,0.0,0
1,08/05/23,6:30,11.9,99,0.0,0
1,08/05/23,7:00,11.8,99,0.0,0
1,08/05/23,7:30,11.8,99,0.0,7
1,08/05/23,8:00,11.7,99,0.2,25
1,08/05/23,8:30,12.2,99,0.0,80
1,08/05/23,9:00,12.8,99,0.0,125
1,08/05/23,10:00,13.9,98,0.0,478
1,08/05/23,10:30,15.2,94,0.0,539
1,08/05/23,11:00,16.2,86,0.0,590
1,08/05/23,11:30,16.8,82,0.0,639
1,08/05/23,12:00,17.5,80,0.0,670
1,08/05/23,12:30,18.1,76,0.0,684
1,08/05/23,13:00,18.3,75,0.0,687
1,08/05/23,13:30,18.8,73,0.0,651
1,08/05/23,14:00,18.9,71,0.0,619
1,08/05/23,14:30,19.4,69,0.0,569
1,08/05/23,15:00,19.8,66,0.0,500
1,08/05/23,15:30,19.6,68,0.0,429
1,08/05/23,16:00,19.7,68,0.0,338
1,08/05/23,16:30,19.5,71,0.0,236
1,08/05/23,17:00,19.4,71,0.0,130
1,08/05/23,17:30,18.4,74,0.0,38
1,08/05/23,18:00,17.0,74,0.0,6
1,08/05/23,18:30,16.3,75,0.0,0
1,08/05/23,19:00,16.4,75,0.0,0
1,08/05/23,19:30,16.3,76,0.0,0
1,08/05/23,20:00,16.2,77,0.0,0
1,08/05/23,20:30,15.9,78,0.0,0
1,08/05/23,21:00,15.6,83,0.0,0
1,08/05/23,21:30,15.5,85,0.0,0
1,08/05/23,22:00,15.5,84,0.0,0
1,08/05/23,22:30,15.4,83,0.0,0
1,08/05/23,23:00,15.5,82,0.0,0
1,08/05/23,23:30,15.1,84,0.0,0
1,09/05/23,00:00,15.0,84,0.0,0
1,09/05/23,0:30,14.8,85,0.0,0
1,09/05/23,1:00,15.0,86,0.0,0
1,09/05/23,1:30,15.1,86,0.0,0
1,09/05/23,2:00,14.6,88,0.0,0
1,09/05/23,2:30,14.3,89,0.0,0
1,09/05/23,3:00,14.1,89,0.0,0
1,09/05/23,3:30,13.9,91,0.0,0
1,09/05/23,4:00,14.2,90,0.0,0
1,09/05/23,4:30,14.2,90,0.0,0
1,09/05/23,5:00,14.1,90,0.0,0
1,09/05/23,5:30,13.9,90,0.0,0
1,09/05/23,6:00,13.7,91,0.0,0
1,09/05/23,6:30,13.3,92,0.0,0
1,09/05/23,7:00,12.9,92,0.0,0
1,09/05/23,7:30,12.8,94,0.0,8
1,09/05/23,8:00,13.1,94,0.0,47
1,09/05/23,8:30,13.2,95,0.0,49
1,09/05/23,9:00,13.3,95,0.0,79
1,09/05/23,9:30,13.6,95,0.0,138
1,09/05/23,10:00,14.0,95,0.0,161
1,09/05/23,10:30,14.7,93,0.0,380
1,09/05/23,11:00,15.5,91,0.0,520
1,09/05/23,11:30,16.7,86,0.0,649
1,09/05/23,12:00,17.6,81,0.0,663
1,09/05/23,12:30,18.2,77,0.0,697
1,09/05/23,13:00,17.7,79,0.0,642
1,09/05/23,13:30,18.4,77,0.0,726
1,09/05/23,14:00,18.8,73,0.0,745
1,09/05/23,14:30,18.4,73,0.0,588
1,09/05/23,15:00,19.2,70,0.0,371
1,09/05/23,15:30,19.1,67,0.0,480
1,09/05/23,16:00,17.6,75,0.0,79
1,09/05/23,16:30,19.2,67,0.0,218
1,09/05/23,17:00,17.3,76,0.0,94
1,09/05/23,17:30,16.9,75,0.0,32
1,09/05/23,18:00,15.9,78,0.0,7
1,09/05/23,18:30,15.0,79,0.0,0
1,09/05/23,19:00,14.3,82,0.0,0
1,09/05/23,19:30,14.3,82,0.0,0
1,09/05/23,20:00,14.2,83,0.0,0
1,09/05/23,20:30,13.9,83,0.0,0
1,09/05/23,21:00,13.8,82,0.0,0
1,09/05/23,21:30,13.3,83,0.0,0
1,09/05/23,22:00,12.9,86,0.0,0
1,09/05/23,22:30,13.2,87,0.0,0
1,09/05/23,23:00,13.1,86,0.0,0
1,09/05/23,23:30,12.8,87,0.0,0
1,10/05/23,00:00,12.8,88,0.0,0
1,10/05/23,0:30,12.8,87,0.0,0
1,10/05/23,1:00,12.6,88,0.0,0
1,10/05/23,1:30,12.6,89,0.0,0
1,10/05/23,2:00,12.7,90,0.0,0
1,10/05/23,2:30,12.2,91,0.0,0
1,10/05/23,3:00,12.2,90,0.0,0
1,10/05/23,3:30,11.1,91,0.0,0
1,10/05/23,4:00,11.9,93,0.0,0
1,10/05/23,4:30,12.0,89,0.0,0
1,10/05/23,5:00,10.6,93,0.0,0
1,10/05/23,5:30,11.2,93,0.0,0
1,10/05/23,6:00,11.2,94,0.0,0
1,10/05/23,6:30,11.2,93,0.0,0
1,10/05/23,7:00,11.4,93,0.0,0
1,10/05/23,7:30,11.2,92,0.0,5
1,10/05/23,8:00,10.7,94,0.0,46
1,10/05/23,8:30,10.6,95,0.0,91
1,10/05/23,9:00,11.2,95,0.0,170
1,10/05/23,9:30,12.1,95,0.0,376
1,10/05/23,10:00,12.9,94,0.0,456
1,10/05/23,10:30,14.1,91,0.0,526
1,10/05/23,11:00,15.3,86,0.0,606
1,10/05/23,11:30,15.4,81,0.0,290
1,10/05/23,12:00,16.2,80,0.0,668
1,10/05/23,12:30,16.6,76,0.0,535
1,10/05/23,13:00,16.7,77,0.0,450
1,10/05/23,13:30,17.2,71,0.0,622
1,10/05/23,14:00,17.5,70,0.0,624
1,10/05/23,14:30,17.6,69,0.0,569
1,10/05/23,15:00,17.7,66,0.0,495
1,10/05/23,15:30,17.9,64,0.0,418
1,10/05/23,16:00,17.6,62,0.0,324
1,10/05/23,16:30,17.1,64,0.0,224
1,10/05/23,17:00,16.7,66,0.0,121
1,10/05/23,17:30,15.7,69,0.0,36
1,10/05/23,18:00,14.6,73,0.0,6
1,10/05/23,18:30,13.6,76,0.0,0
1,10/05/23,19:00,13.4,77,0.0,0
1,10/05/23,19:30,13.2,78,0.0,0
1,10/05/23,20:00,13.2,78,0.0,0
1,10/05/23,20:30,13.2,79,0.0,0
1,10/05/23,21:00,12.9,80,0.0,0
1,10/05/23,21:30,12.3,83,0.0,0
1,10/05/23,22:00,11.9,85,0.0,0
1,10/05/23,22:30,11.4,86,0.0,0
1,10/05/23,23:00,11.3,87,0.0,0
1,10/05/23,23:30,10.6,88,0.0,0
1,11/05/23,00:00,10.9,87,0.0,0
1,11/05/23,0:30,10.6,87,0.0,0
1,11/05/23,1:00,10.2,88,0.0,0
1,11/05/23,1:30,9.8,90,0.0,0
1,11/05/23,2:00,8.9,92,0.0,0
1,11/05/23,2:30,8.7,93,0.0,0
1,11/05/23,3:00,8.2,94,0.0,0
1,11/05/23,3:30,8.3,94,0.0,0
1,11/05/23,4:00,8.3,93,0.0,0
1,11/05/23,4:30,7.9,94,0.0,0
1,11/05/23,5:00,7.5,94,0.0,0
1,11/05/23,5:30,6.3,93,0.0,0
1,11/05/23,6:00,6.3,95,0.0,0
1,11/05/23,6:30,6.4,95,0.0,0
1,11/05/23,7:00,6.9,96,0.0,0
1,11/05/23,7:30,6.9,96,0.0,11
1,11/05/23,8:00,6.6,96,0.0,34
1,11/05/23,8:30,6.6,96,0.0,74
1,11/05/23,9:00,7.9,97,0.0,138
1,11/05/23,9:30,8.2,97,0.0,216
1,11/05/23,10:00,8.9,97,0.0,470
1,11/05/23,10:30,10.1,96,0.0,262
1,11/05/23,11:00,11.3,92,0.0,598
1,11/05/23,11:30,12.3,87,0.0,662
1,11/05/23,12:00,12.9,84,0.0,662
1,11/05/23,12:30,13.8,81,0.0,683
1,11/05/23,13:00,14.2,80,0.0,393
1,11/05/23,13:30,15.1,75,0.0,533
1,11/05/23,14:00,15.9,70,0.0,621
1,11/05/23,14:30,15.7,69,0.0,548
1,11/05/23,15:00,15.9,67,0.0,483
1,11/05/23,15:30,16.1,66,0.0,424
1,11/05/23,16:00,16.3,65,0.0,339
1,11/05/23,16:30,15.4,68,0.0,153
1,11/05/23,17:00,15.4,71,0.0,118
1,11/05/23,17:30,15.0,72,0.0,50
1,11/05/23,18:00,14.2,78,0.0,6
1,11/05/23,18:30,13.3,81,0.0,0
1,11/05/23,19:00,12.9,83,0.0,0
1,11/05/23,19:30,12.4,84,0.0,0
1,11/05/23,20:00,12.0,86,0.0,0
1,11/05/23,20:30,11.6,88,0.0,0
1,11/05/23,21:00,11.5,90,0.0,0
1,11/05/23,21:30,11.5,90,0.0,0
1,11/05/23,22:00,11.5,90,0.0,0
1,11/05/23,22:30,11.4,91,0.0,0
1,11/05/23,23:00,11.3,92,0.0,0
1,11/05/23,23:30,10.9,92,0.0,0
1,12/05/23,00:00,10.7,93,0.0,0
1,12/05/23,0:30,10.9,94,0.0,0
1,12/05/23,1:00,10.6,93,0.0,0
1,12/05/23,1:30,10.4,93,0.0,0
1,12/05/23,2:00,10.8,94,0.0,0
1,12/05/23,2:30,11.4,93,0.0,0
1,12/05/23,3:00,11.7,92,0.0,0
1,12/05/23,3:30,11.8,90,0.0,0
1,12/05/23,4:00,12.1,86,0.0,0
1,12/05/23,4:30,11.4,86,0.0,0
1,12/05/23,5:00,10.9,86,0.0,0
1,12/05/23,5:30,10.7,86,0.0,0
1,12/05/23,6:00,10.6,87,0.0,0
1,12/05/23,6:30,10.4,87,0.0,0
1,12/05/23,7:00,10.4,88,0.0,0
1,12/05/23,7:30,10.4,85,0.0,6
1,12/05/23,8:00,10.6,85,0.0,57
1,12/05/23,8:30,10.3,87,0.0,163
1,12/05/23,9:00,10.7,90,0.0,272
1,12/05/23,9:30,12.1,88,0.0,361
1,12/05/23,10:00,13.1,85,0.0,449
1,12/05/23,10:30,14.3,82,0.0,493
1,12/05/23,11:00,16.0,68,0.0,598
1,12/05/23,11:30,15.6,67,0.0,227
1,12/05/23,12:00,16.8,62,0.0,812
1,12/05/23,12:30,16.3,62,0.0,329
1,12/05/23,13:00,16.0,62,0.0,199
1,12/05/23,13:30,16.9,62,0.0,687
1,12/05/23,14:00,17.0,59,0.0,518
1,12/05/23,14:30,17.3,58,0.0,487
1,12/05/23,15:00,17.9,54,0.0,553
1,12/05/23,15:30,16.8,62,0.0,187
1,12/05/23,16:00,16.4,60,0.0,82
1,12/05/23,16:30,17.1,62,0.0,137
1,12/05/23,17:00,16.1,67,0.0,115
1,12/05/23,17:30,15.1,70,0.0,35
1,12/05/23,18:00,13.9,73,0.0,4
1,12/05/23,18:30,13.2,74,0.0,0
1,12/05/23,19:00,13.2,73,0.0,0
1,12/05/23,19:30,12.9,73,0.0,0
1,12/05/23,20:00,12.9,72,0.0,0
1,12/05/23,20:30,13.2,70,0.0,0
1,12/05/23,21:00,12.9,72,0.0,0
1,12/05/23,21:30,12.6,72,0.0,0
1,12/05/23,22:00,12.2,73,0.0,0
1,12/05/23,22:30,13.0,71,0.0,0
1,12/05/23,23:00,13.3,72,0.0,0
1,12/05/23,23:30,13.1,69,0.0,0
1,13/05/23,00:00,12.8,69,0.0,0
1,13/05/23,0:30,12.6,72,0.0,0
1,13/05/23,1:00,11.9,76,0.0,0
1,13/05/23,1:30,11.6,79,0.0,0
1,13/05/23,2:00,11.5,80,0.0,0
1,13/05/23,2:30,11.3,81,0.0,0
1,13/05/23,3:00,11.0,82,0.0,0
1,13/05/23,3:30,10.9,83,0.0,0
1,13/05/23,4:00,10.8,83,0.0,0
1,13/05/23,4:30,10.7,83,0.0,0
1,13/05/23,5:00,10.5,83,0.0,0
1,13/05/23,5:30,9.9,85,0.0,0
1,13/05/23,6:00,9.8,87,0.0,0
1,13/05/23,6:30,10.3,85,0.0,0
1,13/05/23,7:00,10.1,85,0.0,0
1,13/05/23,7:30,9.7,86,0.0,7
1,13/05/23,8:00,10.1,86,0.0,51
1,13/05/23,8:30,10.3,86,0.0,146
1,13/05/23,9:00,11.6,84,0.0,245
1,13/05/23,9:30,12.8,83,0.0,339
1,13/05/23,10:00,13.9,82,0.0,426
1,13/05/23,10:30,15.3,75,0.0,496
1,13/05/23,11:00,16.2,71,0.0,555
1,13/05/23,11:30,16.6,72,0.0,603
1,13/05/23,12:00,17.7,67,0.0,652
1,13/05/23,12:30,17.9,65,0.0,677
1,13/05/23,13:00,18.2,63,0.0,650
1,13/05/23,13:30,18.4,59,0.0,612
1,13/05/23,14:00,18.8,56,0.0,535
1,13/05/23,14:30,18.8,55,0.0,434
1,13/05/23,15:00,18.4,61,0.0,381
1,13/05/23,15:30,18.2,62,0.0,193
1,13/05/23,16:00,19.2,57,0.0,248
1,13/05/23,16:30,19.2,54,0.0,239
1,13/05/23,17:00,18.1,63,0.0,66
1,13/05/23,17:30,18.0,62,0.0,43
1,13/05/23,18:00,16.4,68,0.0,8
1,13/05/23,18:30,16.3,67,0.0,0
1,13/05/23,19:00,16.3,67,0.0,0
1,13/05/23,19:30,15.7,70,0.0,0
1,13/05/23,20:00,15.7,72,0.0,0
1,13/05/23,20:30,15.8,73,0.0,0
1,13/05/23,21:00,15.7,74,0.0,0
1,13/05/23,21:30,15.8,74,0.0,0
1,13/05/23,22:00,15.7,75,0.0,0
1,13/05/23,22:30,15.6,76,0.0,0
1,13/05/23,23:00,15.7,75,0.0,0
1,13/05/23,23:30,15.6,75,0.0,0
1,14/05/23,00:00,15.3,76,0.0,0
1,14/05/23,0:30,14.9,77,0.0,0
1,14/05/23,1:00,14.7,77,0.0,0
1,14/05/23,1:30,14.3,79,0.0,0
1,14/05/23,2:00,13.9,79,0.0,0
1,14/05/23,2:30,13.3,81,0.0,0
1,14/05/23,3:00,12.8,84,0.0,0
1,14/05/23,3:30,12.9,84,0.0,0
1,14/05/23,4:00,13.2,83,0.0,0
1,14/05/23,4:30,13.2,83,0.0,0
1,14/05/23,5:00,13.1,83,0.0,0
1,14/05/23,5:30,12.9,84,0.0,0
1,14/05/23,6:00,13.1,84,0.0,0
1,14/05/23,6:30,12.7,85,0.0,0
1,14/05/23,7:00,12.8,85,0.0,0
1,14/05/23,7:30,13.0,84,0.0,5
1,14/05/23,8:00,13.6,83,0.0,49
1,14/05/23,8:30,14.1,82,0.0,128
1,14/05/23,9:00,14.8,82,0.0,222
1,14/05/23,9:30,15.2,79,0.0,335
1,14/05/23,10:00,16.1,79,0.0,419
1,14/05/23,10:30,16.8,77,0.0,488
1,14/05/23,11:00,17.8,77,0.0,541
1,14/05/23,11:30,18.4,73,0.0,592
1,14/05/23,12:00,19.1,71,0.0,621
1,14/05/23,12:30,20.0,69,0.0,631
1,14/05/23,13:00,20.4,69,0.0,629
1,14/05/23,13:30,20.7,70,0.0,608
1,14/05/23,14:00,21.3,67,0.0,569
1,14/05/23,14:30,21.3,67,0.0,519
1,14/05/23,15:00,21.6,68,0.0,460
1,14/05/23,15:30,21.6,66,0.0,387
1,14/05/23,16:00,21.5,67,0.0,300
1,14/05/23,16:30,20.7,69,0.0,167
1,14/05/23,17:00,19.8,73,0.0,60
1,14/05/23,17:30,19.7,73,0.0,39
1,14/05/23,18:00,18.9,71,0.0,8
1,14/05/23,18:30,18.4,73,0.0,0
1,14/05/23,19:00,18.2,72,0.0,0
1,14/05/23,19:30,18.1,72,0.0,0
1,14/05/23,20:00,17.3,76,0.0,0
1,14/05/23,20:30,16.9,75,0.0,0
1,14/05/23,21:00,16.9,75,0.0,0
1,14/05/23,21:30,16.8,74,0.0,0
1,14/05/23,22:00,16.4,75,0.0,0
1,14/05/23,22:30,16.4,76,0.0,0
1,14/05/23,23:00,16.2,77,0.0,0
1,14/05/23,23:30,15.3,79,0.0,0
1,15/05/23,00:00,15.7,78,0.0,0
1,15/05/23,0:30,15.8,78,0.0,0
1,15/05/23,1:00,15.6,79,0.0,0
1,15/05/23,1:30,15.5,78,0.0,0
1,15/05/23,2:00,15.3,79,0.0,0
1,15/05/23,2:30,15.0,80,0.0,0
1,15/05/23,3:00,14.5,81,0.0,0
1,15/05/23,3:30,14.4,81,0.0,0
1,15/05/23,4:00,14.2,82,0.0,0
1,15/05/23,4:30,14.1,81,0.0,0
1,15/05/23,5:00,13.8,82,0.0,0
1,15/05/23,5:30,13.8,81,0.0,0
1,15/05/23,6:00,13.6,82,0.0,0
1,15/05/23,6:30,13.8,80,0.0,0
1,15/05/23,7:00,13.5,81,0.0,0
1,15/05/23,7:30,12.9,83,0.0,7
1,15/05/23,8:00,13.3,82,0.0,45
1,15/05/23,8:30,14.2,81,0.0,149
1,15/05/23,9:00,14.8,81,0.0,265
1,15/05/23,9:30,15.4,80,0.0,355
1,15/05/23,10:00,16.2,80,0.0,433
1,15/05/23,10:30,17.5,76,0.0,503
1,15/05/23,11:00,18.7,72,0.0,565
1,15/05/23,11:30,19.3,68,0.0,607
1,15/05/23,12:00,19.9,68,0.0,635
1,15/05/23,12:30,20.1,65,0.0,646
1,15/05/23,13:00,20.7,64,0.0,642
1,15/05/23,13:30,21.0,61,0.0,620
1,15/05/23,14:00,21.6,64,0.0,585
1,15/05/23,14:30,21.7,63,0.0,533
1,15/05/23,15:00,21.8,63,0.0,468
1,15/05/23,15:30,22.2,63,0.0,392
1,15/05/23,16:00,21.7,63,0.0,308
1,15/05/23,16:30,21.7,64,0.0,213
1,15/05/23,17:00,21.2,67,0.0,103
1,15/05/23,17:30,20.2,69,0.0,28
1,15/05/23,18:00,19.4,71,0.0,5
1,15/05/23,18:30,18.7,73,0.0,0
1,15/05/23,19:00,18.6,73,0.0,0
1,15/05/23,19:30,17.8,76,0.0,0
1,15/05/23,20:00,17.9,76,0.0,0
1,15/05/23,20:30,18.2,75,0.0,0
1,15/05/23,21:00,17.9,75,0.0,0
1,15/05/23,21:30,17.7,76,0.0,0
1,15/05/23,22:00,17.3,77,0.0,0
1,15/05/23,22:30,16.9,78,0.0,0
1,15/05/23,23:00,16.7,80,0.0,0
1,15/05/23,23:30,16.3,80,0.0,0
1,16/05/23,00:00,15.7,82,0.0,0
1,16/05/23,0:30,15.8,84,0.0,0
1,16/05/23,1:00,15.8,84,0.0,0
1,16/05/23,1:30,15.5,85,0.0,0
1,16/05/23,2:00,15.7,84,0.0,0
1,16/05/23,2:30,14.9,86,0.0,0
1,16/05/23,3:00,14.5,87,0.0,0
1,16/05/23,3:30,14.7,88,0.0,0
1,16/05/23,4:00,14.3,87,0.0,0
1,16/05/23,4:30,14.0,88,0.0,0
1,16/05/23,5:00,14.1,88,0.0,0
1,16/05/23,5:30,14.0,87,0.0,0
1,16/05/23,6:00,14.6,87,0.0,0
1,16/05/23,6:30,14.7,86,0.0,0
1,16/05/23,7:00,14.4,86,0.0,0
1,16/05/23,7:30,13.6,84,0.0,5
1,16/05/23,8:00,14.3,81,0.0,48
1,16/05/23,8:30,15.2,70,0.0,144
1,16/05/23,9:00,16.6,71,0.0,256
1,16/05/23,9:30,17.1,72,0.0,351
1,16/05/23,10:00,17.8,74,0.0,434
1,16/05/23,10:30,18.3,74,0.0,506
1,16/05/23,11:00,19.1,75,0.0,564
1,16/05/23,11:30,19.7,75,0.0,606
1,16/05/23,12:00,20.2,75,0.0,635
1,16/05/23,12:30,20.9,71,0.0,646
1,16/05/23,13:00,20.9,74,0.0,642
1,16/05/23,13:30,21.3,73,0.0,623
1,16/05/23,14:00,21.7,70,0.0,584
1,16/05/23,14:30,21.8,69,0.0,536
1,16/05/23,15:00,22.1,69,0.0,468
1,16/05/23,15:30,21.9,70,0.0,383
1,16/05/23,16:00,21.9,68,0.0,304
1,16/05/23,16:30,21.7,69,0.0,209
1,16/05/23,17:00,20.8,70,0.0,102
1,16/05/23,17:30,19.7,75,0.0,28
1,16/05/23,18:00,18.7,79,0.0,4
1,16/05/23,18:30,18.2,81,0.0,0
1,16/05/23,19:00,17.7,80,0.0,0
1,16/05/23,19:30,16.7,85,0.0,0
1,16/05/23,20:00,16.2,87,0.0,0
1,16/05/23,20:30,15.4,88,0.0,0
1,16/05/23,21:00,14.7,90,0.0,0
1,16/05/23,21:30,14.3,91,0.0,0
1,16/05/23,22:00,14.0,91,0.0,0
1,16/05/23,22:30,13.9,91,0.0,0
1,16/05/23,23:00,13.7,91,0.0,0
1,16/05/23,23:30,13.3,91,0.0,0
1,17/05/23,00:00,12.8,92,0.0,0
1,17/05/23,0:30,12.6,92,0.0,0
1,17/05/23,1:00,12.6,92,0.0,0
1,17/05/23,1:30,12.7,92,0.0,0
1,17/05/23,2:00,12.4,93,0.0,0
1,17/05/23,2:30,12.7,92,0.0,0
1,17/05/23,3:00,12.7,92,0.0,0
1,17/05/23,3:30,12.3,93,0.0,0
1,17/05/23,4:00,12.3,94,0.0,0
1,17/05/23,4:30,12.4,95,0.0,0
1,17/05/23,5:00,12.1,95,0.0,0
1,17/05/23,5:30,12.1,95,0.0,0
1,17/05/23,6:00,12.2,95,0.0,0
1,17/05/23,6:30,12.2,95,0.0,0
1,17/05/23,7:00,12.1,95,0.0,0
1,17/05/23,7:30,11.6,95,0.0,5
1,17/05/23,8:00,11.8,95,0.0,55
1,17/05/23,8:30,12.7,95,0.0,153
1,17/05/23,9:00,13.6,94,0.0,263
1,17/05/23,9:30,14.5,91,0.0,358
1,17/05/23,10:00,15.4,87,0.0,443
1,17/05/23,10:30,16.3,84,0.0,516
1,17/05/23,11:00,17.2,80,0.0,574
1,17/05/23,11:30,18.2,79,0.0,617
1,17/05/23,12:00,19.1,74,0.0,644
1,17/05/23,12:30,19.8,72,0.0,658
1,17/05/23,13:00,20.7,70,0.0,652
1,17/05/23,13:30,21.2,70,0.0,631
1,17/05/23,14:00,21.7,72,0.0,592
1,17/05/23,14:30,22.0,66,0.0,537
1,17/05/23,15:00,22.1,68,0.0,474
1,17/05/23,15:30,22.3,64,0.0,393
1,17/05/23,16:00,21.9,67,0.0,311
1,17/05/23,16:30,21.4,69,0.0,215
1,17/05/23,17:00,20.6,73,0.0,100
1,17/05/23,17:30,19.6,76,0.0,27
1,17/05/23,18:00,18.1,82,0.0,4
1,17/05/23,18:30,17.3,85,0.0,0
1,17/05/23,19:00,16.8,86,0.0,0
1,17/05/23,19:30,16.4,87,0.0,0
1,17/05/23,20:00,16.6,86,0.0,0
1,17/05/23,20:30,15.9,87,0.0,0
1,17/05/23,21:00,16.2,87,0.0,0
1,17/05/23,21:30,16.0,88,0.0,0
1,17/05/23,22:00,15.5,88,0.0,0
1,17/05/23,22:30,15.1,89,0.0,0
1,17/05/23,23:00,13.9,92,0.0,0
1,17/05/23,23:30,14.1,93,0.0,0
1,18/05/23,00:00,13.9,92,0.0,0
1,18/05/23,0:30,13.5,93,0.0,0
1,18/05/23,1:00,13.3,94,0.0,0
1,18/05/23,1:30,13.3,94,0.0,0
1,18/05/23,2:00,13.1,94,0.0,0
1,18/05/23,2:30,12.8,95,0.0,0
1,18/05/23,3:00,12.4,95,0.0,0
1,18/05/23,3:30,12.2,95,0.0,0
1,18/05/23,4:00,11.7,96,0.0,0
1,18/05/23,4:30,11.8,96,0.0,0
1,18/05/23,5:00,11.8,96,0.0,0
1,18/05/23,5:30,12.6,97,0.0,0
1,18/05/23,6:00,12.3,96,0.0,0
1,18/05/23,6:30,12.2,97,0.0,0
1,18/05/23,7:00,13.8,93,0.0,0
1,18/05/23,7:30,13.7,91,0.0,5
1,18/05/23,8:00,15.2,87,0.0,46
1,18/05/23,8:30,15.3,87,0.0,133
1,18/05/23,9:00,15.5,87,0.0,249
1,18/05/23,9:30,16.2,86,0.0,335
1,18/05/23,10:00,17.7,85,0.0,459
1,18/05/23,10:30,19.6,80,0.0,548
1,18/05/23,11:00,20.1,78,0.0,389
1,18/05/23,11:30,21.2,77,0.0,601
1,18/05/23,12:00,21.8,74,0.0,625
1,18/05/23,12:30,22.8,68,0.0,628
1,18/05/23,13:00,23.8,63,0.0,619
1,18/05/23,13:30,23.9,62,0.0,601
1,18/05/23,14:00,24.2,63,0.0,560
1,18/05/23,14:30,24.3,62,0.0,511
1,18/05/23,15:00,24.6,60,0.0,448
1,18/05/23,15:30,24.6,61,0.0,371
1,18/05/23,16:00,24.4,62,0.0,292
1,18/05/23,16:30,24.1,62,0.0,188
1,18/05/23,17:00,23.3,67,0.0,91
1,18/05/23,17:30,22.4,68,0.0,29
1,18/05/23,18:00,21.3,70,0.0,6
1,18/05/23,18:30,20.4,71,0.0,0
1,18/05/23,19:00,20.3,72,0.0,0
1,18/05/23,19:30,19.9,74,0.0,0
1,18/05/23,20:00,19.5,76,0.0,0
1,18/05/23,20:30,19.4,78,0.0,0
1,18/05/23,21:00,17.9,83,0.0,0
1,18/05/23,21:30,18.8,80,0.0,0
1,18/05/23,22:00,18.1,82,0.0,0
1,18/05/23,22:30,18.1,81,0.0,0
1,18/05/23,23:00,18.6,81,0.0,0
1,18/05/23,23:30,18.4,81,0.0,0
1,19/05/23,00:00,18.2,83,0.0,0
1,19/05/23,0:30,17.9,85,0.0,0
1,19/05/23,1:00,17.8,85,0.0,0
1,19/05/23,1:30,17.8,85,0.0,0
1,19/05/23,2:00,17.1,86,0.0,0
1,19/05/23,2:30,17.0,88,0.0,0
1,19/05/23,3:00,16.6,88,0.0,0
1,19/05/23,3:30,16.4,88,0.0,0
1,19/05/23,4:00,16.6,88,0.0,0
1,19/05/23,4:30,16.3,89,0.0,0
1,19/05/23,5:00,16.2,90,0.0,0
1,19/05/23,5:30,16.3,89,0.0,0
1,19/05/23,6:00,16.6,88,0.0,0
1,19/05/23,6:30,16.6,88,0.0,0
1,19/05/23,7:00,16.8,87,0.0,0
1,19/05/23,7:30,16.9,86,0.0,7
1,19/05/23,8:00,16.8,87,0.0,45
1,19/05/23,8:30,17.4,86,0.0,130
1,19/05/23,9:00,17.2,88,0.0,115
1,19/05/23,9:30,17.6,87,0.0,164
1,19/05/23,10:00,18.1,87,0.0,198
1,19/05/23,10:30,18.4,86,0.0,202
1,19/05/23,11:00,19.9,83,0.0,474
1,19/05/23,11:30,20.8,81,0.0,561
1,19/05/23,12:00,21.4,78,0.0,614
1,19/05/23,12:30,21.8,74,0.0,625
1,19/05/23,13:00,22.2,70,0.0,621
1,19/05/23,13:30,22.4,66,0.0,600
1,19/05/23,14:00,22.6,66,0.0,562
1,19/05/23,14:30,22.7,65,0.0,511
1,19/05/23,15:00,22.8,63,0.0,450
1,19/05/23,15:30,22.8,66,0.0,376
1,19/05/23,16:00,22.6,65,0.0,281
1,19/05/23,16:30,22.2,66,0.0,187
1,19/05/23,17:00,21.3,70,0.0,72
1,19/05/23,17:30,19.9,74,0.0,26
1,19/05/23,18:00,19.7,75,0.0,3
1,19/05/23,18:30,19.3,78,0.0,0
1,19/05/23,19:00,19.4,79,0.0,0
1,19/05/23,19:30,19.2,80,0.0,0
1,19/05/23,20:00,19.1,80,0.0,0
1,19/05/23,20:30,18.3,81,0.0,0
1,19/05/23,21:00,18.3,81,0.0,0
1,19/05/23,21:30,18.1,81,0.0,0
1,19/05/23,22:00,18.1,81,0.0,0
1,19/05/23,22:30,18.1,80,0.0,0
1,19/05/23,23:00,18.4,80,0.0,0
1,19/05/23,23:30,18.1,81,0.0,0
1,20/05/23,00:00,17.9,82,0.0,0
1,20/05/23,0:30,17.3,82,0.0,0
1,20/05/23,1:00,16.7,85,0.0,0
1,20/05/23,1:30,17.2,86,0.0,0
1,20/05/23,2:00,17.2,86,0.0,0
1,20/05/23,2:30,17.0,86,0.0,0
1,20/05/23,3:00,16.9,86,0.0,0
1,20/05/23,3:30,16.7,87,0.0,0
1,20/05/23,4:00,16.7,87,0.0,0
1,20/05/23,4:30,16.6,86,0.0,0
1,20/05/23,5:00,16.3,88,0.0,0
1,20/05/23,5:30,16.0,89,0.0,0
1,20/05/23,6:00,15.8,89,0.0,0
1,20/05/23,6:30,16.2,87,0.0,0
1,20/05/23,7:00,14.8,90,0.0,0
1,20/05/23,7:30,16.1,88,0.0,6
1,20/05/23,8:00,16.2,85,0.0,28
1,20/05/23,8:30,16.6,85,0.0,67
1,20/05/23,9:00,16.8,88,0.0,122
1,20/05/23,9:30,17.5,84,0.0,188
1,20/05/23,10:00,17.8,86,0.0,327
1,20/05/23,10:30,18.9,80,0.0,441
1,20/05/23,11:00,19.4,81,0.0,416
1,20/05/23,11:30,20.1,79,0.0,376
1,20/05/23,12:00,20.6,79,0.0,437
1,20/05/23,12:30,20.7,78,0.0,385
1,20/05/23,13:00,20.9,79,0.0,378
1,20/05/23,13:30,20.3,82,0.0,258
1,20/05/23,14:00,20.2,83,0.0,225
1,20/05/23,14:30,20.5,82,0.0,253
1,20/05/23,15:00,19.7,85,0.0,196
1,20/05/23,15:30,19.7,85,0.0,242
1,20/05/23,16:00,19.3,86,0.0,169
1,20/05/23,16:30,18.9,86,0.0,106
1,20/05/23,17:00,18.1,88,0.0,54
1,20/05/23,17:30,17.5,90,0.0,21
1,20/05/23,18:00,17.2,90,0.0,1
1,20/05/23,18:30,16.9,91,0.0,0
1,20/05/23,19:00,16.8,92,0.0,0
1,20/05/23,19:30,16.6,93,0.0,0
1,20/05/23,20:00,16.7,92,0.0,0
1,20/05/23,20:30,16.6,92,0.0,0
1,20/05/23,21:00,16.4,93,0.0,0
1,20/05/23,21:30,16.3,95,0.0,0
1,20/05/23,22:00,16.6,94,0.0,0
1,20/05/23,22:30,16.7,94,0.0,0
1,20/05/23,23:00,16.6,94,0.0,0
1,20/05/23,23:30,16.7,94,0.0,0
1,21/05/23,00:00,16.8,94,0.0,0
1,21/05/23,0:30,16.6,93,0.0,0
1,21/05/23,1:00,16.4,93,0.0,0
1,21/05/23,1:30,16.2,94,0.0,0
1,21/05/23,2:00,16.1,93,0.0,0
1,21/05/23,2:30,15.9,94,0.0,0
1,21/05/23,3:00,15.8,94,0.0,0
1,21/05/23,3:30,15.8,94,0.0,0
1,21/05/23,4:00,15.8,94,0.0,0
1,21/05/23,4:30,15.9,94,0.0,0
1,21/05/23,5:00,15.9,94,0.0,0
1,21/05/23,5:30,15.9,94,0.0,0
1,21/05/23,6:00,15.9,94,0.0,0
1,21/05/23,6:30,15.7,94,0.0,0
1,21/05/23,7:00,15.3,95,0.0,0
1,21/05/23,7:30,15.6,95,0.0,0
1,21/05/23,8:00,15.8,94,0.0,20
1,21/05/23,8:30,15.9,94,0.0,62
1,21/05/23,9:00,16.0,94,0.0,77
1,21/05/23,9:30,16.7,93,0.0,200
1,21/05/23,10:00,17.4,91,0.0,334
1,21/05/23,10:30,18.1,88,0.0,389
1,21/05/23,11:00,18.4,86,0.0,320
1,21/05/23,11:30,18.9,85,0.0,363
1,21/05/23,12:00,19.4,83,0.0,391
1,21/05/23,12:30,19.7,82,0.0,354
1,21/05/23,13:00,20.1,81,0.0,314
1,21/05/23,13:30,20.3,79,0.0,304
1,21/05/23,14:00,20.1,80,0.0,259
1,21/05/23,14:30,20.3,81,0.0,215
1,21/05/23,15:00,20.8,78,0.0,425
1,21/05/23,15:30,20.7,77,0.0,231
1,21/05/23,16:00,20.3,77,0.0,156
1,21/05/23,16:30,19.8,79,0.0,82
1,21/05/23,17:00,19.2,85,0.0,39
1,21/05/23,17:30,18.8,86,0.0,10
1,21/05/23,18:00,18.4,88,0.0,0
1,21/05/23,18:30,18.2,89,0.0,0
1,21/05/23,19:00,17.9,90,0.0,0
1,21/05/23,19:30,17.8,90,0.0,0
1,21/05/23,20:00,17.4,92,0.0,0
1,21/05/23,20:30,17.3,92,0.0,0
1,21/05/23,21:00,17.3,92,0.0,0
1,21/05/23,21:30,17.1,93,0.0,0
1,21/05/23,22:00,16.9,93,0.0,0
1,21/05/23,22:30,17.0,92,0.0,0
1,21/05/23,23:00,16.6,93,0.0,0
1,21/05/23,23:30,16.4,94,0.0,0
1,22/05/23,00:00,16.6,95,0.0,0
1,22/05/23,0:30,16.7,95,0.0,0
1,22/05/23,1:00,16.5,95,0.0,0
1,22/05/23,1:30,16.4,96,0.0,0
1,22/05/23,2:00,16.2,96,0.0,0
1,22/05/23,2:30,16.0,96,0.0,0
1,22/05/23,3:00,15.8,96,0.0,0
1,22/05/23,3:30,15.6,96,0.0,0
1,22/05/23,4:00,15.5,96,0.0,0
1,22/05/23,4:30,15.2,96,0.0,0
1,22/05/23,5:00,14.9,97,0.0,0
1,22/05/23,5:30,14.8,97,0.0,0
1,22/05/23,6:00,14.5,97,0.0,0
1,22/05/23,6:30,14.4,97,0.0,0
1,22/05/23,7:00,14.6,97,0.0,0
1,22/05/23,7:30,14.6,98,0.0,0
1,22/05/23,8:00,14.7,98,0.0,23
1,22/05/23,8:30,14.4,98,0.0,54
1,22/05/23,9:00,14.9,98,0.0,189
1,22/05/23,9:30,15.5,97,0.0,274
1,22/05/23,10:00,16.4,94,0.0,419
1,22/05/23,10:30,---,---,0.0,448
1,22/05/23,11:00,---,---,0.0,---
1,22/05/23,11:30,---,---,0.0,---
1,22/05/23,12:00,---,---,0.0,---
1,22/05/23,12:30,---,---,0.0,---
1,22/05/23,13:00,---,---,0.0,---
1,22/05/23,13:30,21.2,75,0.0,584
1,22/05/23,14:00,21.4,73,0.0,549
1,22/05/23,14:30,21.2,75,0.0,218
1,22/05/23,15:00,21.9,74,0.0,294
1,22/05/23,15:30,---,---,0.0,554
1,22/05/23,16:00,---,---,0.0,---
1,22/05/23,16:30,---,---,0.0,---
1,22/05/23,17:00,---,---,0.0,---
1,22/05/23,17:30,---,---,0.0,---
1,22/05/23,18:00,19.5,81,0.0,0
1,22/05/23,18:30,18.8,84,0.0,0
1,22/05/23,19:00,18.5,86,0.0,0
1,22/05/23,19:30,18.3,87,0.0,0
1,22/05/23,20:00,18.2,88,0.0,0
1,22/05/23,20:30,17.7,89,0.0,0
1,22/05/23,21:00,17.4,90,0.0,0
1,22/05/23,21:30,17.0,91,0.0,0
1,22/05/23,22:00,16.7,92,0.0,0
1,22/05/23,22:30,16.6,93,0.0,0
1,22/05/23,23:00,16.6,93,0.0,0
1,22/05/23,23:30,16.4,93,0.0,0
1,23/05/23,00:00,16.1,95,0.0,0
1,23/05/23,0:30,15.9,95,0.0,0
1,23/05/23,1:00,15.9,95,0.0,0
1,23/05/23,1:30,15.8,96,0.0,0
1,23/05/23,2:00,15.7,95,0.0,0
1,23/05/23,2:30,15.8,96,0.0,0
1,23/05/23,3:00,16.2,95,0.0,0
1,23/05/23,3:30,16.3,94,0.0,0
1,23/05/23,4:00,16.1,93,0.0,0
1,23/05/23,4:30,16.2,93,0.0,0
1,23/05/23,5:00,16.6,92,0.0,0
1,23/05/23,5:30,16.6,91,0.0,0
1,23/05/23,6:00,17.1,90,0.0,0
1,23/05/23,6:30,17.1,89,0.0,0
1,23/05/23,7:00,16.9,90,0.0,0
1,23/05/23,7:30,16.7,91,0.0,3
1,23/05/23,8:00,16.6,92,0.0,38
1,23/05/23,8:30,17.1,91,0.0,113
1,23/05/23,9:00,17.8,91,0.0,202
1,23/05/23,9:30,18.8,89,0.0,305
1,23/05/23,10:00,19.9,87,0.0,386
1,23/05/23,10:30,20.4,85,0.0,451
1,23/05/23,11:00,21.0,84,0.0,497
1,23/05/23,11:30,---,---,0.0,542
1,23/05/23,12:00,---,---,0.0,---
1,23/05/23,12:30,22.2,82,0.0,542
1,23/05/23,13:00,22.6,81,0.0,584
1,23/05/23,13:30,23.1,79,0.0,562
1,23/05/23,14:00,23.5,77,0.0,515
1,23/05/23,14:30,---,---,0.0,514
1,23/05/23,15:00,---,---,0.0,---
1,23/05/23,15:30,---,---,0.0,---
1,23/05/23,16:00,---,---,0.0,---
1,23/05/23,16:30,---,---,0.0,---
1,23/05/23,17:00,---,---,0.0,---
1,23/05/23,17:30,---,---,0.0,---
1,23/05/23,18:00,20.9,84,0.0,5
1,23/05/23,18:30,20.3,86,0.0,0
1,23/05/23,19:00,20.4,86,0.0,0
1,23/05/23,19:30,20.1,87,0.0,0
1,23/05/23,20:00,19.4,88,0.0,0
1,23/05/23,20:30,19.1,89,0.0,0
1,23/05/23,21:00,18.6,91,0.0,0
1,23/05/23,21:30,18.9,91,0.0,0
1,23/05/23,22:00,19.1,90,0.0,0
1,23/05/23,22:30,18.7,91,0.0,0
1,23/05/23,23:00,18.3,92,0.0,0
1,23/05/23,23:30,18.0,93,0.0,0
1,24/05/23,00:00,17.8,94,0.0,0
1,24/05/23,0:30,17.6,94,0.0,0
1,24/05/23,1:00,17.7,94,0.0,0
1,24/05/23,1:30,17.7,93,0.0,0
1,24/05/23,2:00,17.6,92,0.0,0
1,24/05/23,2:30,17.8,92,0.0,0
1,24/05/23,3:00,17.8,92,0.0,0
1,24/05/23,3:30,17.6,92,0.0,0
1,24/05/23,4:00,17.3,93,0.0,0
1,24/05/23,4:30,17.3,92,0.0,0
1,24/05/23,5:00,17.1,92,0.0,0
1,24/05/23,5:30,16.9,93,0.0,0
1,24/05/23,6:00,16.8,93,0.0,0
1,24/05/23,6:30,16.9,92,0.0,0
1,24/05/23,7:00,16.8,93,0.0,0
1,24/05/23,7:30,17.2,92,0.0,5
1,24/05/23,8:00,17.6,90,0.0,44
1,24/05/23,8:30,18.2,89,0.0,141
1,24/05/23,9:00,19.1,88,0.0,209
1,24/05/23,9:30,19.4,88,0.0,256
1,24/05/23,10:00,20.3,86,0.0,337
1,24/05/23,10:30,20.9,84,0.0,374
1,24/05/23,11:00,21.3,83,0.0,406
1,24/05/23,11:30,21.5,81,0.0,388
1,24/05/23,12:00,22.5,80,0.0,429
1,24/05/23,12:30,23.5,77,0.0,443
1,24/05/23,13:00,24.0,76,0.0,430
1,24/05/23,13:30,24.4,75,0.0,395
1,24/05/23,14:00,24.9,74,0.0,417
1,24/05/23,14:30,25.1,75,0.0,413
1,24/05/23,15:00,24.4,79,0.0,280
1,24/05/23,15:30,24.2,79,0.0,215
1,24/05/23,16:00,23.7,81,0.0,141
1,24/05/23,16:30,23.3,82,0.0,104
1,24/05/23,17:00,22.8,84,0.0,60
1,24/05/23,17:30,22.4,84,0.0,23
1,24/05/23,18:00,21.8,86,0.0,1
1,24/05/23,18:30,21.2,88,0.0,0
1,24/05/23,19:00,20.8,88,0.0,0
1,24/05/23,19:30,21.2,87,0.0,0
1,24/05/23,20:00,21.0,88,0.0,0
1,24/05/23,20:30,20.9,88,0.0,0
1,24/05/23,21:00,20.7,88,0.0,0
1,24/05/23,21:30,20.4,89,0.0,0
1,24/05/23,22:00,20.2,90,0.0,0
1,24/05/23,22:30,20.1,90,0.0,0
1,24/05/23,23:00,19.7,91,0.0,0
1,24/05/23,23:30,19.4,91,0.0,0
1,25/05/23,00:00,19.3,92,0.0,0
1,25/05/23,0:30,19.3,91,0.0,0
1,25/05/23,1:00,19.1,92,0.0,0
1,25/05/23,1:30,19.4,91,0.0,0
1,25/05/23,2:00,19.3,90,0.0,0
1,25/05/23,2:30,19.6,88,0.0,0
1,25/05/23,3:00,19.2,87,0.0,0
1,25/05/23,3:30,18.5,89,0.0,0
1,25/05/23,4:00,18.3,93,0.0,0
1,25/05/23,4:30,18.4,93,0.0,0
1,25/05/23,5:00,19.9,83,0.0,0
1,25/05/23,5:30,19.8,83,0.0,0
1,25/05/23,6:00,19.3,84,0.0,0
1,25/05/23,6:30,19.0,86,0.0,0
1,25/05/23,7:00,18.8,86,0.0,0
1,25/05/23,7:30,19.1,85,0.0,1
1,25/05/23,8:00,19.3,84,0.0,21
1,25/05/23,8:30,18.6,86,0.0,41
1,25/05/23,9:00,18.7,86,0.0,88
1,25/05/23,9:30,---,---,0.0,---
1,25/05/23,10:00,---,---,0.0,---
1,25/05/23,10:30,---,---,0.0,---
1,25/05/23,11:00,---,---,0.0,---
1,25/05/23,11:30,---,---,0.0,---
1,25/05/23,12:00,---,---,0.0,---
1,25/05/23,12:30,---,---,0.0,---
1,25/05/23,13:00,---,---,0.0,---
1,25/05/23,13:30,24.4,73,0.0,554
1,25/05/23,14:00,24.9,66,0.0,550
1,25/05/23,14:30,25.0,68,0.0,457
1,25/05/23,15:00,25.3,67,0.0,430
1,25/05/23,15:30,25.5,66,0.0,360
1,25/05/23,16:00,25.1,68,0.0,271
1,25/05/23,16:30,24.3,71,0.0,158
1,25/05/23,17:00,23.5,74,0.0,90
1,25/05/23,17:30,22.6,76,0.0,26
1,25/05/23,18:00,21.4,79,0.0,6
1,25/05/23,18:30,20.9,81,0.0,0
1,25/05/23,19:00,20.1,83,0.0,0
1,25/05/23,19:30,19.7,84,0.0,0
1,25/05/23,20:00,19.2,85,0.0,0
1,25/05/23,20:30,19.3,85,0.0,0
1,25/05/23,21:00,19.2,84,0.0,0
1,25/05/23,21:30,19.3,84,0.0,0
1,25/05/23,22:00,18.8,86,0.0,0
1,25/05/23,22:30,18.3,86,0.0,0
1,25/05/23,23:00,17.9,87,0.0,0
1,25/05/23,23:30,17.6,88,0.0,0
1,26/05/23,00:00,17.7,87,0.0,0
1,26/05/23,0:30,17.4,88,0.0,0
1,26/05/23,1:00,17.2,88,0.0,0
1,26/05/23,1:30,16.7,88,0.0,0
1,26/05/23,2:00,16.5,90,0.0,0
1,26/05/23,2:30,16.7,90,0.0,0
1,26/05/23,3:00,16.7,90,0.0,0
1,26/05/23,3:30,16.5,90,0.0,0
1,26/05/23,4:00,16.7,89,0.0,0
1,26/05/23,4:30,16.5,90,0.0,0
1,26/05/23,5:00,16.3,90,0.0,0
1,26/05/23,5:30,16.6,89,0.0,0
1,26/05/23,6:00,16.0,91,0.0,0
1,26/05/23,6:30,16.3,91,0.0,0
1,26/05/23,7:00,16.3,90,0.0,0
1,26/05/23,7:30,16.3,90,0.0,0
1,26/05/23,8:00,16.6,89,0.0,28
1,26/05/23,8:30,16.7,89,0.0,81
1,26/05/23,9:00,17.3,87,0.0,155
1,26/05/23,9:30,17.4,87,0.0,236
1,26/05/23,10:00,18.9,83,0.0,303
1,26/05/23,10:30,19.7,82,0.0,347
1,26/05/23,11:00,20.4,78,0.0,239
1,26/05/23,11:30,21.2,77,0.0,259
1,26/05/23,12:00,21.1,78,0.0,216
1,26/05/23,12:30,21.2,78,0.0,204
1,26/05/23,13:00,21.6,78,0.0,198
1,26/05/23,13:30,22.2,77,0.0,295
1,26/05/23,14:00,23.4,73,0.0,209
1,26/05/23,14:30,23.7,71,0.0,179
1,26/05/23,15:00,23.3,71,0.0,111
1,26/05/23,15:30,23.1,73,0.0,50
1,26/05/23,16:00,22.7,75,0.0,31
1,26/05/23,16:30,22.2,77,0.0,12
1,26/05/23,17:00,19.1,93,5.6,0
1,26/05/23,17:30,18.8,95,1.2,0
1,26/05/23,18:00,18.8,95,2.6,0
1,26/05/23,18:30,18.7,96,3.0,0
1,26/05/23,19:00,18.7,96,7.2,0
1,26/05/23,19:30,18.4,96,3.6,0
1,26/05/23,20:00,18.1,96,1.4,0
1,26/05/23,20:30,18.0,97,0.2,0
1,26/05/23,21:00,17.8,97,0.0,0
1,26/05/23,21:30,17.7,97,0.0,0
1,26/05/23,22:00,17.6,97,0.0,0
1,26/05/23,22:30,17.7,97,0.0,0
1,26/05/23,23:00,17.6,97,0.0,0
1,26/05/23,23:30,17.6,97,0.0,0
1,27/05/23,00:00,17.4,97,0.0,0
1,27/05/23,0:30,17.3,97,0.0,0
1,27/05/23,1:00,17.4,97,0.0,0
1,27/05/23,1:30,17.4,97,0.0,0
1,27/05/23,2:00,17.4,97,0.0,0
1,27/05/23,2:30,17.4,97,0.0,0
1,27/05/23,3:00,17.4,97,0.0,0
1,27/05/23,3:30,17.4,97,0.0,0
1,27/05/23,4:00,17.5,97,0.0,0
1,27/05/23,4:30,17.4,97,0.0,0
1,27/05/23,5:00,16.9,97,0.2,0
1,27/05/23,5:30,16.7,96,0.0,0
1,27/05/23,6:00,16.1,96,0.0,0
1,27/05/23,6:30,16.1,95,0.0,0
1,27/05/23,7:00,15.8,95,0.0,0
1,27/05/23,7:30,15.9,94,0.0,0
1,27/05/23,8:00,15.5,95,0.0,1
1,27/05/23,8:30,15.4,95,0.0,37
1,27/05/23,9:00,15.4,95,0.0,108
1,27/05/23,9:30,15.1,95,0.0,93
1,27/05/23,10:00,15.3,93,0.0,133
1,27/05/23,10:30,15.5,91,0.0,205
1,27/05/23,11:00,15.8,89,0.0,309
1,27/05/23,11:30,16.6,83,0.0,433
1,27/05/23,12:00,16.6,78,0.0,341
1,27/05/23,12:30,16.5,80,0.0,486
1,27/05/23,13:00,16.3,80,0.0,342
1,27/05/23,13:30,16.7,77,0.0,434
1,27/05/23,14:00,16.8,76,0.0,516
1,27/05/23,14:30,17.0,74,0.0,362
1,27/05/23,15:00,17.1,66,0.0,388
1,27/05/23,15:30,16.7,72,0.0,294
1,27/05/23,16:00,16.0,78,0.0,134
1,27/05/23,16:30,15.6,78,0.0,46
1,27/05/23,17:00,15.4,80,0.0,39
1,27/05/23,17:30,14.9,76,0.0,15
1,27/05/23,18:00,14.0,74,0.0,1
1,27/05/23,18:30,13.3,73,0.0,0
1,27/05/23,19:00,12.4,76,0.0,0
1,27/05/23,19:30,11.9,79,0.0,0
1,27/05/23,20:00,11.9,80,0.0,0
1,27/05/23,20:30,11.2,82,0.0,0
1,27/05/23,21:00,11.0,82,0.0,0
1,27/05/23,21:30,11.0,85,0.0,0
1,27/05/23,22:00,10.6,88,0.0,0
1,27/05/23,22:30,10.3,88,0.0,0
1,27/05/23,23:00,10.0,86,0.0,0
1,27/05/23,23:30,9.6,86,0.0,0
1,28/05/23,00:00,9.4,84,0.0,0
1,28/05/23,0:30,9.3,83,0.0,0
1,28/05/23,1:00,9.0,83,0.0,0
1,28/05/23,1:30,8.6,85,0.0,0
1,28/05/23,2:00,8.3,83,0.0,0
1,28/05/23,2:30,7.9,83,0.0,0
1,28/05/23,3:00,7.7,84,0.0,0
1,28/05/23,3:30,7.6,84,0.0,0
1,28/05/23,4:00,7.4,84,0.0,0
1,28/05/23,4:30,7.1,85,0.0,0
1,28/05/23,5:00,7.0,85,0.0,0
1,28/05/23,5:30,6.7,86,0.0,0
1,28/05/23,6:00,6.1,88,0.0,0
1,28/05/23,6:30,6.3,88,0.0,0
1,28/05/23,7:00,6.3,87,0.0,0
1,28/05/23,7:30,6.3,87,0.0,1
1,28/05/23,8:00,6.8,87,0.0,29
1,28/05/23,8:30,7.7,85,0.0,116
1,28/05/23,9:00,8.9,81,0.0,223
1,28/05/23,9:30,9.7,78,0.0,314
1,28/05/23,10:00,10.3,76,0.0,402
1,28/05/23,10:30,10.7,73,0.0,466
1,28/05/23,11:00,11.4,71,0.0,530
1,28/05/23,11:30,11.9,70,0.0,572
1,28/05/23,12:00,12.3,69,0.0,599
1,28/05/23,12:30,12.6,70,0.0,613
1,28/05/23,13:00,13.1,68,0.0,616
1,28/05/23,13:30,13.2,67,0.0,602
1,28/05/23,14:00,13.7,67,0.0,590
1,28/05/23,14:30,13.6,67,0.0,529
1,28/05/23,15:00,13.8,64,0.0,489
1,28/05/23,15:30,13.9,61,0.0,294
1,28/05/23,16:00,13.2,70,0.0,275
1,28/05/23,16:30,13.3,68,0.0,122
1,28/05/23,17:00,12.6,71,0.0,91
1,28/05/23,17:30,11.5,75,0.0,21
1,28/05/23,18:00,10.7,79,0.0,4
1,28/05/23,18:30,9.5,82,0.0,0
1,28/05/23,19:00,8.9,85,0.0,0
1,28/05/23,19:30,8.4,85,0.0,0
1,28/05/23,20:00,8.5,85,0.0,0
1,28/05/23,20:30,8.4,85,0.0,0
1,28/05/23,21:00,8.2,85,0.0,0
1,28/05/23,21:30,8.2,85,0.0,0
1,28/05/23,22:00,7.9,85,0.0,0
1,28/05/23,22:30,8.1,83,0.0,0
1,28/05/23,23:00,8.0,82,0.0,0
1,28/05/23,23:30,7.4,84,0.0,0
1,29/05/23,00:00,7.1,85,0.0,0
1,29/05/23,0:30,7.1,86,0.0,0
1,29/05/23,1:00,7.1,86,0.0,0
1,29/05/23,1:30,7.1,86,0.0,0
1,29/05/23,2:00,6.9,86,0.0,0
1,29/05/23,2:30,6.9,86,0.0,0
1,29/05/23,3:00,6.9,86,0.0,0
1,29/05/23,3:30,7.1,85,0.0,0
1,29/05/23,4:00,7.3,84,0.0,0
1,29/05/23,4:30,7.4,83,0.0,0
1,29/05/23,5:00,7.0,83,0.0,0
1,29/05/23,5:30,7.0,83,0.0,0
1,29/05/23,6:00,6.8,83,0.0,0
1,29/05/23,6:30,6.7,83,0.0,0
1,29/05/23,7:00,6.6,82,0.0,0
1,29/05/23,7:30,6.6,83,0.0,2
1,29/05/23,8:00,6.9,82,0.0,27
1,29/05/23,9:00,9.3,80,0.0,269
1,29/05/23,9:30,10.6,77,0.0,318
1,29/05/23,10:00,11.7,76,0.0,397
1,29/05/23,10:30,12.3,75,0.0,472
1,29/05/23,11:00,12.8,76,0.0,527
1,29/05/23,11:30,13.3,76,0.0,572
1,29/05/23,12:00,13.6,73,0.0,605
1,29/05/23,12:30,13.9,72,0.0,626
1,29/05/23,13:00,14.1,71,0.0,605
1,29/05/23,13:30,14.4,70,0.0,599
1,29/05/23,14:00,14.6,71,0.0,584
1,29/05/23,14:30,14.2,72,0.0,191
1,29/05/23,15:00,14.8,71,0.0,316
1,29/05/23,15:30,15.2,72,0.0,246
1,29/05/23,16:00,---,---,0.0,---
1,29/05/23,16:30,---,---,0.0,---
1,29/05/23,17:00,14.2,75,0.0,35
1,29/05/23,17:30,13.6,78,0.0,24
1,29/05/23,18:00,12.8,80,0.0,2
1,29/05/23,18:30,12.2,82,0.0,0
1,29/05/23,19:00,11.7,83,0.0,0
1,29/05/23,19:30,11.4,83,0.0,0
1,29/05/23,20:00,11.2,85,0.0,0
1,29/05/23,20:30,10.9,86,0.0,0
1,29/05/23,21:00,10.6,88,0.0,0
1,29/05/23,21:30,10.4,90,0.0,0
1,29/05/23,22:00,10.4,90,0.0,0
1,29/05/23,22:30,10.4,91,0.0,0
1,29/05/23,23:00,10.3,91,0.0,0
1,29/05/23,23:30,10.1,92,0.0,0
1,30/05/23,00:00,10.2,93,0.0,0
1,30/05/23,0:30,10.1,93,0.0,0
1,30/05/23,1:00,9.9,93,0.0,0
1,30/05/23,1:30,10.9,94,0.0,0
1,30/05/23,2:00,11.1,93,0.0,0
1,30/05/23,2:30,10.9,94,0.0,0
1,30/05/23,3:00,10.9,94,0.0,0
1,30/05/23,3:30,11.0,94,0.0,0
1,30/05/23,4:00,10.4,93,0.0,0
1,30/05/23,4:30,10.2,95,0.0,0
1,30/05/23,5:00,10.8,95,0.0,0
1,30/05/23,5:30,11.1,94,0.0,0
1,30/05/23,6:00,11.0,94,0.0,0
1,30/05/23,6:30,10.9,94,0.0,0
1,30/05/23,7:00,11.0,94,0.0,0
1,30/05/23,7:30,11.2,94,0.0,0
1,30/05/23,8:00,11.3,94,0.0,20
1,30/05/23,8:30,11.6,95,0.0,57
1,30/05/23,9:00,12.3,95,0.0,121
1,30/05/23,9:30,13.3,92,0.0,272
1,30/05/23,10:00,13.8,91,0.0,368
1,30/05/23,10:30,14.4,89,0.0,487
1,30/05/23,11:00,15.1,87,0.0,467
1,30/05/23,11:30,15.2,86,0.0,228
1,30/05/23,12:00,15.3,86,0.0,264
1,30/05/23,12:30,16.3,84,0.0,486
1,30/05/23,13:00,---,---,0.0,696
1,30/05/23,13:30,---,---,0.0,---
1,30/05/23,14:00,---,---,0.0,---
1,30/05/23,14:30,---,---,0.0,---
1,30/05/23,15:00,---,---,0.0,---
1,30/05/23,15:30,---,---,0.0,---
1,30/05/23,16:00,---,---,0.0,---
1,30/05/23,16:30,---,---,0.0,---
1,30/05/23,17:00,16.8,81,0.0,56
1,30/05/23,17:30,16.7,82,0.0,26
1,30/05/23,18:00,16.2,83,0.0,4
1,30/05/23,18:30,15.0,86,0.0,0
1,30/05/23,19:00,14.6,88,0.0,0
1,30/05/23,19:30,14.2,89,0.0,0
1,30/05/23,20:00,14.1,91,0.0,0
1,30/05/23,20:30,13.7,91,0.0,0
1,30/05/23,21:00,13.9,92,0.0,0
1,30/05/23,21:30,13.6,92,0.0,0
1,30/05/23,22:00,13.6,93,0.0,0
1,30/05/23,22:30,13.4,94,0.0,0
1,30/05/23,23:00,13.3,94,0.0,0
1,30/05/23,23:30,13.0,94,0.0,0
1,31/05/23,00:00,13.0,94,0.0,0
1,31/05/23,0:30,12.9,94,0.0,0
1,31/05/23,1:00,13.1,94,0.0,0
1,31/05/23,1:30,13.1,94,0.0,0
1,31/05/23,2:00,12.8,94,0.0,0
1,31/05/23,2:30,12.9,94,0.0,0
1,31/05/23,3:00,13.1,94,0.0,0
1,31/05/23,3:30,12.6,93,0.0,0
1,31/05/23,4:00,12.9,94,0.0,0
1,31/05/23,4:30,13.2,94,0.0,0
1,31/05/23,5:00,12.6,93,0.0,0
1,31/05/23,5:30,12.7,94,0.0,0
1,31/05/23,6:00,13.1,94,0.0,0
1,31/05/23,6:30,12.9,95,0.0,0
1,31/05/23,7:00,13.1,95,0.0,0
1,31/05/23,7:30,12.8,95,0.0,1
1,31/05/23,8:00,13.1,95,0.0,28
1,31/05/23,8:30,13.9,95,0.0,102
1,31/05/23,9:00,13.6,93,0.0,200
1,31/05/23,9:30,14.2,93,0.0,309
1,31/05/23,10:00,14.7,93,0.0,373
1,31/05/23,10:30,15.7,91,0.0,444
1,31/05/23,11:00,16.4,88,0.0,514
1,31/05/23,11:30,16.9,84,0.0,531
1,31/05/23,12:00,18.0,82,0.0,576
1,31/05/23,12:30,---,---,0.0,589
1,31/05/23,13:00,---,---,0.0,---
1,31/05/23,13:30,---,---,0.0,---
1,31/05/23,14:00,---,---,0.0,---
1,31/05/23,14:30,---,---,0.0,---
1,31/05/23,15:00,---,---,0.0,---
1,31/05/23,15:30,---,---,0.0,---
1,31/05/23,16:00,---,---,0.0,---
1,31/05/23,16:30,19.5,72,0.0,127
1,31/05/23,17:00,19.0,69,0.0,75
1,31/05/23,17:30,18.9,73,0.0,26
1,31/05/23,18:00,17.9,74,0.0,2
1,31/05/23,18:30,17.2,77,0.0,0
1,31/05/23,19:00,16.6,79,0.0,0
1,31/05/23,19:30,15.5,84,0.0,0
1,31/05/23,20:00,15.5,87,0.0,0
1,31/05/23,20:30,15.4,87,0.0,0
1,31/05/23,21:00,15.4,88,0.0,0
1,31/05/23,21:30,14.4,91,0.0,0
1,31/05/23,22:00,14.4,91,0.0,0
1,31/05/23,22:30,14.5,92,0.0,0
1,31/05/23,23:00,14.3,91,0.0,0
1,31/05/23,23:30,13.9,91,0.0,0
1,01/06/23,00:00,13.8,91,0.0,0
1,01/06/23,0:30,14.3,87,0.0,0
1,01/06/23,1:00,13.9,88,0.0,0
1,01/06/23,1:30,14.1,89,0.0,0
1,01/06/23,2:00,14.1,90,0.0,0
1,01/06/23,2:30,14.3,90,0.0,0
1,01/06/23,3:00,14.3,90,0.0,0
1,01/06/23,3:30,14.6,90,0.0,0
1,01/06/23,4:00,14.7,89,0.0,0
1,01/06/23,4:30,14.8,88,0.0,0
1,01/06/23,5:00,15.1,87,0.0,0
1,01/06/23,5:30,15.3,81,0.0,0
1,01/06/23,6:00,15.9,76,0.0,0
1,01/06/23,6:30,16.0,76,0.0,0
1,01/06/23,7:00,15.8,79,0.0,0
1,01/06/23,7:30,15.7,81,0.0,0
1,01/06/23,8:00,16.0,83,0.0,18
1,01/06/23,8:30,16.3,83,0.0,60
1,01/06/23,9:00,17.4,82,0.0,219
1,01/06/23,9:30,17.6,83,0.0,280
1,01/06/23,10:00,17.9,84,0.0,348
1,01/06/23,10:30,19.3,84,0.0,396
1,01/06/23,11:00,19.6,85,0.0,155
1,01/06/23,11:30,---,---,0.0,---
1,01/06/23,12:00,---,---,0.0,---
1,01/06/23,12:30,20.7,84,0.0,190
1,01/06/23,13:00,20.8,82,0.0,225
1,01/06/23,13:30,21.3,83,0.0,218
1,01/06/23,14:00,---,---,0.0,213
1,01/06/23,14:30,---,---,0.0,---
1,01/06/23,15:00,20.7,84,0.0,310
1,01/06/23,15:30,20.7,85,0.0,124
1,01/06/23,16:00,20.3,85,0.0,129
1,01/06/23,16:30,20.4,85,0.0,112
1,01/06/23,17:00,19.8,86,0.0,43
1,01/06/23,17:30,19.4,87,0.0,22
1,01/06/23,18:00,18.6,89,0.0,1
1,01/06/23,18:30,17.8,91,0.0,0
1,01/06/23,19:00,18.3,90,0.0,0
1,01/06/23,19:30,18.4,90,0.0,0
1,01/06/23,20:00,18.2,89,0.0,0
1,01/06/23,20:30,17.9,90,0.0,0
1,01/06/23,21:00,18.1,90,0.0,0
1,01/06/23,21:30,18.2,89,0.0,0
1,01/06/23,22:00,17.3,90,0.0,0
1,01/06/23,22:30,17.3,92,0.0,0
1,01/06/23,23:00,17.1,92,0.0,0
1,01/06/23,23:30,16.3,93,0.0,0
1,02/06/23,00:00,16.6,93,0.0,0
1,02/06/23,0:30,16.2,94,0.0,0
1,02/06/23,1:00,16.3,95,0.0,0
1,02/06/23,1:30,16.3,96,0.0,0
1,02/06/23,2:00,16.3,96,0.0,0
1,02/06/23,2:30,16.2,96,0.0,0
1,02/06/23,3:00,15.8,96,0.0,0
1,02/06/23,3:30,15.2,96,0.0,0
1,02/06/23,4:00,14.5,97,0.0,0
1,02/06/23,4:30,14.1,97,0.0,0
1,02/06/23,5:00,14.0,97,0.0,0
1,02/06/23,5:30,13.9,98,0.0,0
1,02/06/23,6:00,14.5,98,0.0,0
1,02/06/23,6:30,14.3,98,0.0,0
1,02/06/23,7:00,14.2,98,0.0,0
1,02/06/23,7:30,14.1,98,0.0,1
1,02/06/23,8:00,13.8,98,0.0,17
1,02/06/23,8:30,14.3,98,0.0,107
1,02/06/23,9:00,14.9,98,0.0,207
1,02/06/23,9:30,15.9,98,0.0,292
1,02/06/23,10:00,16.7,98,0.0,378
1,02/06/23,10:30,17.6,96,0.0,430
1,02/06/23,11:00,18.0,91,0.0,464
1,02/06/23,11:30,18.2,89,0.0,524
1,02/06/23,12:00,19.1,86,0.0,574
1,02/06/23,12:30,20.2,82,0.0,562
1,02/06/23,13:00,20.7,80,0.0,594
1,02/06/23,13:30,20.8,81,0.0,555
1,02/06/23,14:00,21.4,78,0.0,517
1,02/06/23,14:30,21.8,75,0.0,472
1,02/06/23,15:00,22.0,74,0.0,426
1,02/06/23,15:30,22.3,69,0.0,334
1,02/06/23,16:00,22.2,67,0.0,261
1,02/06/23,16:30,21.9,72,0.0,188
1,02/06/23,17:00,21.3,73,0.0,70
1,02/06/23,17:30,20.1,78,0.0,17
1,02/06/23,18:00,18.9,82,0.0,1
1,02/06/23,18:30,17.8,85,0.0,0
1,02/06/23,19:00,17.4,86,0.0,0
1,02/06/23,19:30,17.3,87,0.0,0
1,02/06/23,20:00,17.3,88,0.0,0
1,02/06/23,20:30,16.8,87,0.0,0
1,02/06/23,21:00,16.9,86,0.0,0
1,02/06/23,21:30,17.1,85,0.0,0
1,02/06/23,22:00,16.8,86,0.0,0
1,02/06/23,22:30,16.6,87,0.0,0
1,02/06/23,23:00,16.4,87,0.0,0
1,02/06/23,23:30,16.2,87,0.0,0
1,03/06/23,00:00,16.2,87,0.0,0
1,03/06/23,0:30,15.9,87,0.0,0
1,03/06/23,1:00,16.0,86,0.0,0
1,03/06/23,1:30,15.6,87,0.0,0
1,03/06/23,2:00,15.2,87,0.0,0
1,03/06/23,2:30,14.7,91,0.0,0
1,03/06/23,3:00,15.4,90,0.0,0
1,03/06/23,3:30,15.6,89,0.0,0
1,03/06/23,4:00,15.4,89,0.0,0
1,03/06/23,4:30,14.9,89,0.0,0
1,03/06/23,5:00,14.8,90,0.0,0
1,03/06/23,5:30,14.9,89,0.0,0
1,03/06/23,6:00,14.6,88,0.0,0
1,03/06/23,6:30,13.3,90,0.0,0
1,03/06/23,7:00,13.6,91,0.0,0
1,03/06/23,7:30,14.2,90,0.0,1
1,03/06/23,8:00,14.4,89,0.0,29
1,03/06/23,8:30,14.6,91,0.0,97
1,03/06/23,9:00,15.7,89,0.0,198
1,03/06/23,9:30,16.3,88,0.0,274
1,03/06/23,10:00,16.8,87,0.0,267
1,03/06/23,10:30,17.8,84,0.0,460
1,03/06/23,11:00,17.8,86,0.0,300
1,03/06/23,11:30,19.2,84,0.0,496
1,03/06/23,12:00,19.6,83,0.0,599
1,03/06/23,12:30,20.2,81,0.0,571
1,03/06/23,13:00,20.9,81,0.0,575
1,03/06/23,13:30,21.3,78,0.0,535
1,03/06/23,14:00,21.8,79,0.0,246
1,03/06/23,14:30,22.2,76,0.0,254
1,03/06/23,15:00,22.9,75,0.0,435
1,03/06/23,15:30,21.9,78,0.0,193
1,03/06/23,16:00,22.0,79,0.0,91
1,03/06/23,16:30,21.7,80,0.0,78
1,03/06/23,17:00,21.4,80,0.0,57
1,03/06/23,17:30,20.9,83,0.0,15
1,03/06/23,18:00,20.1,86,0.0,0
1,03/06/23,18:30,20.0,86,0.0,0
1,03/06/23,19:00,19.7,86,0.0,0
1,03/06/23,19:30,19.7,85,0.0,0
1,03/06/23,20:00,19.3,86,0.0,0
1,03/06/23,20:30,18.8,88,0.0,0
1,03/06/23,21:00,18.4,89,0.0,0
1,03/06/23,21:30,17.9,92,0.0,0
1,03/06/23,22:00,18.7,90,0.0,0
1,03/06/23,22:30,18.7,90,0.0,0
1,03/06/23,23:00,18.4,89,0.0,0
1,03/06/23,23:30,18.5,90,0.0,0
1,04/06/23,00:00,18.3,90,0.0,0
1,04/06/23,0:30,18.2,90,0.0,0
1,04/06/23,1:00,18.0,91,0.0,0
1,04/06/23,1:30,18.0,90,0.0,0
1,04/06/23,2:00,17.8,91,0.0,0
1,04/06/23,2:30,17.6,91,0.0,0
1,04/06/23,3:00,17.3,92,0.0,0
1,04/06/23,3:30,17.5,91,0.0,0
1,04/06/23,4:00,17.3,92,0.0,0
1,04/06/23,4:30,17.3,91,0.0,0
1,04/06/23,5:00,17.2,92,0.0,0
1,04/06/23,5:30,17.3,91,0.0,0
1,04/06/23,6:00,17.2,91,0.0,0
1,04/06/23,6:30,16.9,91,0.0,0
1,04/06/23,7:00,16.7,91,0.0,0
1,04/06/23,7:30,16.1,92,0.0,0
1,04/06/23,8:00,16.5,92,0.0,26
1,04/06/23,8:30,17.1,92,0.0,75
1,04/06/23,9:00,17.9,89,0.0,147
1,04/06/23,9:30,17.8,90,0.0,235
1,04/06/23,10:00,18.7,88,0.0,345
1,04/06/23,10:30,20.2,85,0.0,439
1,04/06/23,11:00,21.3,82,0.0,341
1,04/06/23,11:30,21.9,80,0.0,324
1,04/06/23,12:00,21.4,82,0.0,194
1,04/06/23,12:30,20.9,82,0.0,261
1,04/06/23,13:00,18.9,91,0.0,131
1,04/06/23,13:30,17.7,95,0.4,100
1,04/06/23,14:00,17.7,96,0.6,150
1,04/06/23,14:30,17.6,96,1.0,120
1,04/06/23,15:00,17.4,97,0.6,67
1,04/06/23,15:30,17.6,97,0.0,52
1,04/06/23,16:00,17.6,97,4.8,26
1,04/06/23,16:30,17.4,97,0.2,37
1,04/06/23,17:00,17.4,97,0.0,13
1,04/06/23,17:30,17.5,97,0.4,0
1,04/06/23,18:00,17.4,97,0.2,0
1,04/06/23,18:30,17.3,97,0.0,0
1,04/06/23,19:00,17.3,97,0.0,0
1,04/06/23,19:30,17.2,97,0.2,0
1,04/06/23,20:00,17.1,98,0.0,0
1,04/06/23,20:30,17.0,97,0.0,0
1,04/06/23,21:00,16.9,98,0.0,0
1,04/06/23,21:30,16.9,98,0.0,0
1,04/06/23,22:00,16.8,98,0.0,0
1,04/06/23,22:30,17.0,98,0.0,0
1,04/06/23,23:00,17.0,98,0.0,0
1,04/06/23,23:30,16.9,98,0.0,0
1,05/06/23,00:00,16.8,98,0.0,0
1,05/06/23,0:30,16.8,98,0.0,0
1,05/06/23,1:00,16.7,98,0.0,0
1,05/06/23,1:30,15.2,98,0.0,0
1,05/06/23,2:00,14.9,98,0.0,0
1,05/06/23,2:30,14.5,97,0.0,0
1,05/06/23,3:00,14.1,97,0.0,0
1,05/06/23,3:30,13.4,97,0.0,0
1,05/06/23,4:00,13.0,90,0.0,0
1,05/06/23,4:30,12.6,87,0.0,0
1,05/06/23,5:00,12.3,86,0.0,0
1,05/06/23,5:30,11.8,88,0.0,0
1,05/06/23,6:00,11.1,91,0.0,0
1,05/06/23,6:30,10.6,92,0.0,0
1,05/06/23,7:00,10.1,92,0.0,0
1,05/06/23,7:30,9.7,93,0.0,0
1,05/06/23,8:00,9.6,95,0.0,17
1,05/06/23,8:30,9.9,95,0.0,91
1,05/06/23,9:00,10.4,92,0.0,212
1,05/06/23,9:30,11.2,89,0.0,314
1,05/06/23,10:00,12.3,85,0.0,385
1,05/06/23,10:30,13.1,80,0.0,415
1,05/06/23,11:00,14.1,77,0.0,530
1,05/06/23,11:30,14.5,72,0.0,527
1,05/06/23,12:00,15.0,74,0.0,535
1,05/06/23,12:30,15.2,67,0.0,555
1,05/06/23,13:00,15.9,65,0.0,574
1,05/06/23,13:30,16.2,65,0.0,562
1,05/06/23,14:00,16.8,63,0.0,512
1,05/06/23,14:30,16.8,61,0.0,331
1,05/06/23,15:00,17.1,64,0.0,388
1,05/06/23,15:30,16.8,59,0.0,349
1,05/06/23,16:00,16.8,66,0.0,267
1,05/06/23,16:30,16.6,69,0.0,172
1,05/06/23,17:00,15.7,72,0.0,98
1,05/06/23,17:30,14.9,75,0.0,30
1,05/06/23,18:00,13.4,79,0.0,3
1,05/06/23,18:30,12.7,82,0.0,0
1,05/06/23,19:00,12.4,83,0.0,0
1,05/06/23,19:30,13.2,80,0.0,0
1,05/06/23,20:00,12.4,81,0.0,0
1,05/06/23,20:30,12.3,81,0.0,0
1,05/06/23,21:00,11.6,85,0.0,0
1,05/06/23,21:30,11.7,86,0.0,0
1,05/06/23,22:00,11.7,86,0.0,0
1,05/06/23,22:30,11.4,87,0.0,0
1,05/06/23,23:00,11.1,89,0.0,0
1,05/06/23,23:30,10.8,89,0.0,0
1,06/06/23,00:00,10.4,90,0.0,0
1,06/06/23,0:30,10.6,91,0.0,0
1,06/06/23,1:00,10.5,90,0.0,0
1,06/06/23,1:30,10.5,91,0.0,0
1,06/06/23,2:00,10.1,92,0.0,0
1,06/06/23,2:30,9.9,93,0.0,0
1,06/06/23,3:00,9.8,94,0.0,0
1,06/06/23,3:30,9.6,95,0.0,0
1,06/06/23,4:00,9.4,94,0.0,0
1,06/06/23,4:30,9.6,95,0.0,0
1,06/06/23,5:00,10.1,95,0.0,0
1,06/06/23,5:30,10.6,95,0.0,0
1,06/06/23,6:00,10.5,96,0.0,0
1,06/06/23,6:30,10.7,96,0.0,0
1,06/06/23,7:00,10.1,96,0.0,0
1,06/06/23,7:30,10.3,95,0.0,1
1,06/06/23,8:00,10.3,95,0.0,17
1,06/06/23,8:30,11.7,96,0.0,41
1,06/06/23,9:00,11.6,96,0.0,95
1,06/06/23,9:30,11.6,97,0.0,110
1,06/06/23,10:00,11.8,97,0.0,139
1,06/06/23,10:30,12.0,97,0.0,244
1,06/06/23,11:00,12.1,97,0.0,226
1,06/06/23,11:30,12.3,97,0.0,274
1,06/06/23,12:00,13.2,96,0.0,385
1,06/06/23,12:30,13.9,95,0.0,526
1,06/06/23,13:00,14.7,93,0.0,552
1,06/06/23,13:30,15.7,89,0.0,556
1,06/06/23,14:00,16.6,87,0.0,519
1,06/06/23,14:30,17.7,85,0.0,467
1,06/06/23,15:00,17.8,85,0.0,357
1,06/06/23,15:30,18.3,83,0.0,340
1,06/06/23,16:00,18.5,83,0.0,230
1,06/06/23,16:30,18.1,85,0.0,155
1,06/06/23,17:00,17.8,86,0.0,70
1,06/06/23,17:30,17.2,88,0.0,22
1,06/06/23,18:00,16.6,89,0.0,4
1,06/06/23,18:30,16.1,91,0.0,0
1,06/06/23,19:00,15.9,92,0.0,0
1,06/06/23,19:30,15.7,92,0.0,0
1,06/06/23,20:00,16.0,92,0.0,0
1,06/06/23,20:30,15.7,93,0.0,0
1,06/06/23,21:00,15.7,93,0.0,0
1,06/06/23,21:30,15.8,93,0.0,0
1,06/06/23,22:00,15.4,94,0.0,0
1,06/06/23,22:30,15.4,94,0.0,0
1,06/06/23,23:00,15.6,94,0.0,0
1,06/06/23,23:30,15.8,93,0.0,0
1,07/06/23,00:00,15.8,93,0.0,0
1,07/06/23,0:30,15.9,93,0.0,0
1,07/06/23,1:00,16.0,92,0.0,0
1,07/06/23,1:30,15.6,92,0.0,0
1,07/06/23,2:00,15.6,94,0.0,0
1,07/06/23,2:30,15.8,92,0.0,0
1,07/06/23,3:00,15.8,93,0.0,0
1,07/06/23,3:30,16.6,91,0.0,0
1,07/06/23,4:00,16.7,90,0.0,0
1,07/06/23,4:30,16.5,90,0.0,0
1,07/06/23,5:00,16.7,90,0.0,0
1,07/06/23,5:30,16.9,89,0.0,0
1,07/06/23,6:00,16.6,90,0.0,0
1,07/06/23,6:30,16.6,90,0.0,0
1,07/06/23,7:00,16.7,90,0.0,0
1,07/06/23,7:30,16.8,90,0.0,0
1,07/06/23,8:00,17.1,89,0.0,19
1,07/06/23,8:30,17.2,88,0.0,46
1,07/06/23,9:00,16.9,89,0.0,88
1,07/06/23,9:30,18.6,86,0.0,266
1,07/06/23,10:00,18.8,87,0.0,199
1,07/06/23,10:30,19.1,86,0.0,166
1,07/06/23,11:00,19.7,85,0.0,190
1,07/06/23,11:30,20.1,85,0.0,207
1,07/06/23,12:00,20.6,84,0.0,230
1,07/06/23,12:30,21.2,81,0.0,313
1,07/06/23,13:00,21.8,78,0.0,334
1,07/06/23,13:30,21.6,80,0.0,246
1,07/06/23,14:00,22.3,78,0.0,367
1,07/06/23,14:30,21.9,79,0.0,290
1,07/06/23,15:00,22.1,77,0.0,261
1,07/06/23,15:30,22.6,79,0.0,274
1,07/06/23,16:00,22.3,76,0.0,224
1,07/06/23,16:30,21.8,79,0.0,148
1,07/06/23,17:00,21.1,82,0.0,62
1,07/06/23,17:30,20.8,83,0.0,18
1,07/06/23,18:00,20.4,85,0.0,0
1,07/06/23,18:30,20.1,86,0.0,0
1,07/06/23,19:00,19.7,86,0.0,0
1,07/06/23,19:30,19.3,86,0.0,0
1,07/06/23,20:00,19.4,86,0.0,0
1,07/06/23,20:30,19.1,87,0.0,0
1,07/06/23,21:00,18.6,89,0.0,0
1,07/06/23,21:30,18.4,90,0.0,0
1,07/06/23,22:00,18.3,91,0.0,0
1,07/06/23,22:30,18.1,92,0.0,0
1,07/06/23,23:00,17.8,93,0.0,0
1,07/06/23,23:30,17.7,94,0.0,0
1,08/06/23,00:00,17.5,94,0.0,0
1,08/06/23,0:30,17.3,95,0.0,0
1,08/06/23,1:00,17.2,95,0.0,0
1,08/06/23,1:30,17.2,95,0.0,0
1,08/06/23,2:00,17.0,95,0.0,0
1,08/06/23,2:30,17.1,94,0.0,0
1,08/06/23,3:00,17.3,94,0.0,0
1,08/06/23,3:30,17.7,92,0.0,0
1,08/06/23,4:00,17.3,93,0.0,0
1,08/06/23,4:30,16.9,94,0.0,0
1,08/06/23,5:00,17.3,93,0.0,0
1,08/06/23,5:30,17.3,93,0.0,0
1,08/06/23,6:00,16.9,93,0.0,0
1,08/06/23,6:30,17.1,94,0.0,0
1,08/06/23,7:00,16.8,94,0.0,0
1,08/06/23,7:30,16.8,95,0.0,5
1,08/06/23,8:00,17.4,94,0.0,27
1,08/06/23,8:30,17.3,94,0.0,45
1,12/06/23,8:00,0.9,94,0.0,47
1,12/06/23,8:30,1.6,94,0.0,94
1,12/06/23,9:00,1.4,94,0.0,178
1,12/06/23,9:30,2.2,94,0.0,287
1,12/06/23,10:00,3.1,94,0.0,381
1,12/06/23,10:30,4.4,87,0.0,450
1,12/06/23,11:00,5.6,79,0.0,511
1,12/06/23,11:30,6.3,74,0.0,558
1,12/06/23,12:00,6.8,72,0.0,585
1,12/06/23,12:30,7.5,68,0.0,598
1,12/06/23,13:00,7.8,64,0.0,595
1,12/06/23,13:30,8.3,67,0.0,575
1,12/06/23,14:00,8.6,63,0.0,543
1,12/06/23,14:30,8.7,61,0.0,496
1,12/06/23,15:00,9.1,63,0.0,433
1,12/06/23,15:30,9.2,57,0.0,359
1,12/06/23,16:30,8.9,60,0.0,143
1,12/06/23,17:00,8.4,62,0.0,84
1,12/06/23,17:30,7.3,69,0.0,16
1,12/06/23,18:00,6.4,72,0.0,2
1,12/06/23,18:30,5.2,74,0.0,0
1,12/06/23,19:00,5.2,72,0.0,0
1,12/06/23,19:30,5.0,72,0.0,0
1,12/06/23,20:00,4.8,73,0.0,0
1,12/06/23,20:30,4.9,73,0.0,0
1,12/06/23,21:00,4.3,75,0.0,0
1,12/06/23,21:30,4.1,76,0.0,0
1,12/06/23,22:00,3.7,76,0.0,0
1,12/06/23,22:30,3.8,76,0.0,0
1,12/06/23,23:00,3.6,77,0.0,0
1,12/06/23,23:30,3.6,79,0.0,0
1,13/06/23,00:00,3.8,78,0.0,0
1,13/06/23,0:30,3.9,77,0.0,0
1,13/06/23,1:00,3.5,79,0.0,0
1,13/06/23,1:30,3.9,82,0.0,0
1,13/06/23,2:00,4.9,80,0.0,0
1,13/06/23,2:30,4.3,82,0.0,0
1,13/06/23,3:00,4.3,83,0.0,0
1,13/06/23,3:30,2.8,83,0.0,0
1,13/06/23,4:00,2.8,86,0.0,0
1,13/06/23,4:30,2.9,86,0.0,0
1,13/06/23,5:00,2.6,87,0.0,0
1,13/06/23,5:30,1.7,87,0.0,0
1,13/06/23,6:00,2.1,89,0.0,0
1,13/06/23,6:30,2.3,88,0.0,0
1,13/06/23,7:00,1.8,89,0.0,0
1,13/06/23,7:30,1.9,89,0.0,0
1,13/06/23,8:00,1.7,90,0.0,21
1,13/06/23,8:30,2.3,90,0.0,94
1,13/06/23,9:00,3.1,90,0.0,164
1,13/06/23,9:30,3.4,89,0.0,276
1,13/06/23,10:00,7.6,85,0.0,359
1,13/06/23,10:30,7.9,80,0.0,342
1,13/06/23,11:00,9.0,78,0.0,398
1,13/06/23,11:30,9.8,75,0.0,449
1,13/06/23,12:00,10.2,70,0.0,554
1,13/06/23,12:30,10.6,69,0.0,606
1,13/06/23,13:00,10.7,68,0.0,565
1,13/06/23,13:30,10.8,68,0.0,577
1,13/06/23,14:00,10.7,66,0.0,448
1,13/06/23,14:30,10.8,67,0.0,297
1,13/06/23,15:00,10.8,65,0.0,314
1,13/06/23,15:30,10.8,66,0.0,346
1,13/06/23,16:00,10.4,68,0.0,126
1,13/06/23,16:30,10.6,70,0.0,162
1,13/06/23,17:00,10.2,70,0.0,78
1,13/06/23,17:30,9.2,75,0.0,21
1,13/06/23,18:00,7.7,80,0.0,1
1,13/06/23,18:30,7.0,83,0.0,0
1,13/06/23,19:00,7.1,83,0.0,0
1,13/06/23,19:30,6.8,84,0.0,0
1,13/06/23,20:00,6.4,85,0.0,0
1,13/06/23,20:30,5.8,86,0.0,0
1,13/06/23,21:00,6.4,85,0.0,0
1,13/06/23,21:30,6.8,84,0.0,0
1,13/06/23,22:00,7.3,81,0.0,0
1,13/06/23,22:30,7.3,80,0.0,0
1,13/06/23,23:00,6.1,83,0.0,0
1,13/06/23,23:30,5.6,86,0.0,0
1,14/06/23,00:00,6.1,84,0.0,0
1,14/06/23,0:30,5.8,84,0.0,0
1,14/06/23,1:00,5.9,83,0.0,0
1,14/06/23,1:30,6.0,84,0.0,0
1,14/06/23,2:00,6.6,82,0.0,0
1,14/06/23,2:30,6.8,85,0.0,0
1,14/06/23,3:00,6.9,86,0.0,0
1,14/06/23,3:30,7.3,85,0.0,0
1,14/06/23,4:00,7.1,85,0.0,0
1,14/06/23,4:30,7.1,86,0.0,0
1,14/06/23,5:00,7.3,87,0.0,0
1,14/06/23,5:30,6.7,87,0.0,0
1,14/06/23,6:00,6.2,87,0.0,0
1,14/06/23,6:30,6.5,87,0.0,0
1,14/06/23,7:00,6.5,89,0.0,0
1,14/06/23,7:30,6.5,89,0.0,0
1,14/06/23,8:00,6.3,89,0.0,17
1,14/06/23,8:30,6.9,87,0.0,79
1,14/06/23,9:00,7.9,82,0.0,182
1,14/06/23,9:30,8.7,80,0.0,273
1,14/06/23,10:00,9.7,78,0.0,359
1,14/06/23,10:30,10.5,79,0.0,425
1,14/06/23,11:00,11.4,77,0.0,480
1,14/06/23,11:30,11.8,75,0.0,528
1,14/06/23,12:00,12.4,74,0.0,554
1,14/06/23,12:30,12.7,74,0.0,566
1,14/06/23,13:00,12.9,72,0.0,575
1,14/06/23,13:30,12.8,75,0.0,601
1,14/06/23,14:00,12.9,74,0.0,432
1,14/06/23,14:30,13.2,75,0.0,493
1,14/06/23,15:00,13.2,74,0.0,445
1,14/06/23,15:30,12.6,77,0.0,227
1,14/06/23,16:00,12.6,77,0.0,217
1,14/06/23,16:30,12.2,78,0.0,162
1,14/06/23,17:00,11.8,80,0.0,69
1,14/06/23,17:30,11.2,81,0.0,17
1,14/06/23,18:00,10.7,83,0.0,1
1,14/06/23,18:30,10.4,84,0.0,0
1,14/06/23,19:00,9.9,86,0.0,0
1,14/06/23,19:30,9.7,86,0.0,0
1,14/06/23,20:00,9.6,83,0.0,0
1,14/06/23,20:30,9.4,83,0.0,0
1,14/06/23,21:00,9.3,83,0.0,0
1,14/06/23,21:30,9.2,83,0.0,0
1,14/06/23,22:00,9.3,84,0.0,0
1,14/06/23,22:30,9.4,85,0.0,0
1,14/06/23,23:00,9.3,86,0.0,0
1,14/06/23,23:30,9.6,87,0.0,0
1,15/06/23,00:00,9.7,87,0.0,0
1,15/06/23,0:30,9.6,88,0.0,0
1,15/06/23,1:00,9.5,89,0.0,0
1,15/06/23,1:30,9.5,89,0.0,0
1,15/06/23,2:00,9.5,89,0.0,0
1,15/06/23,2:30,10.8,87,0.0,0
1,15/06/23,3:00,10.9,87,0.0,0
1,15/06/23,3:30,11.1,87,0.0,0
1,15/06/23,4:00,11.1,88,0.0,0
1,15/06/23,4:30,11.3,89,0.0,0
1,15/06/23,5:00,11.3,90,0.0,0
1,15/06/23,5:30,11.3,90,0.0,0
1,15/06/23,6:00,11.2,90,0.0,0
1,15/06/23,6:30,11.4,90,0.0,0
1,15/06/23,7:00,11.7,90,0.0,0
1,15/06/23,7:30,11.8,91,0.0,0
1,15/06/23,8:00,12.2,91,0.0,1
1,15/06/23,8:30,12.6,91,0.0,23
1,15/06/23,9:00,12.7,91,0.0,58
1,15/06/23,9:30,12.8,91,0.0,88
1,15/06/23,10:00,12.8,91,0.0,101
1,15/06/23,10:30,12.9,92,0.0,161
1,15/06/23,11:00,13.7,91,0.0,173
1,15/06/23,11:30,13.9,90,0.0,200
1,15/06/23,12:00,14.1,89,0.0,254
1,15/06/23,12:30,14.3,89,0.0,266
1,15/06/23,13:00,13.9,91,0.0,217
1,15/06/23,13:30,13.7,93,0.0,127
1,15/06/23,14:00,13.8,93,0.0,100
1,15/06/23,14:30,13.7,93,0.0,89
1,15/06/23,15:00,13.7,94,0.2,74
1,15/06/23,15:30,13.7,94,0.2,83
1,15/06/23,16:00,13.8,92,0.2,68
1,15/06/23,16:30,13.7,92,0.0,47
1,15/06/23,17:00,13.4,92,0.2,29
1,15/06/23,17:30,13.4,91,0.0,8
1,15/06/23,18:00,13.5,90,0.0,0
1,15/06/23,18:30,13.5,90,0.0,0
1,15/06/23,19:00,13.6,90,0.0,0
1,15/06/23,19:30,13.6,90,0.0,0
1,15/06/23,20:00,13.4,91,0.0,0
1,15/06/23,20:30,13.2,91,0.0,0
1,15/06/23,21:00,12.8,92,0.0,0
1,15/06/23,21:30,12.7,93,0.2,0
1,15/06/23,22:00,12.4,93,0.4,0
1,15/06/23,22:30,12.3,94,0.2,0
1,15/06/23,23:00,12.5,94,0.0,0
1,15/06/23,23:30,12.5,94,0.0,0
1,16/06/23,00:00,12.6,93,0.0,0
1,16/06/23,0:30,12.6,93,0.0,0
1,16/06/23,1:00,12.6,93,0.0,0
1,16/06/23,1:30,12.8,93,0.0,0
1,16/06/23,2:00,12.9,92,0.0,0
1,16/06/23,2:30,12.8,92,0.0,0
1,16/06/23,3:00,12.6,92,0.0,0
1,16/06/23,3:30,12.7,92,0.0,0
1,16/06/23,4:00,12.7,92,0.0,0
1,16/06/23,4:30,12.7,91,0.0,0
1,16/06/23,5:00,12.7,90,0.0,0
1,16/06/23,5:30,12.7,90,0.0,0
1,16/06/23,6:00,12.4,90,0.0,0
1,16/06/23,6:30,12.4,90,0.0,0
1,16/06/23,7:00,12.2,91,0.0,0
1,16/06/23,7:30,12.1,91,0.0,0
1,16/06/23,8:00,12.0,92,0.0,3
1,16/06/23,8:30,12.0,92,0.0,20
1,16/06/23,9:00,12.1,90,0.0,75
1,16/06/23,9:30,12.4,88,0.0,131
1,16/06/23,10:00,12.9,86,0.0,242
1,16/06/23,10:30,13.4,85,0.0,299
1,16/06/23,11:00,13.7,83,0.0,399
1,16/06/23,11:30,13.5,85,0.0,201
1,16/06/23,12:00,14.1,83,0.0,247
1,16/06/23,12:30,14.1,84,0.0,263
1,16/06/23,13:00,13.7,85,0.0,351
1,16/06/23,13:30,13.7,83,0.0,253
1,16/06/23,14:00,14.1,78,0.0,179
1,16/06/23,14:30,14.0,79,0.0,184
1,16/06/23,15:00,13.4,83,0.0,62
1,16/06/23,15:30,13.4,84,0.0,107
1,16/06/23,16:00,12.9,85,0.0,107
1,16/06/23,16:30,12.9,85,0.0,59
1,16/06/23,17:00,13.1,87,0.0,68
1,16/06/23,17:30,12.8,86,0.0,39
1,16/06/23,18:00,12.1,88,0.0,6
1,16/06/23,18:30,11.4,90,0.0,0
1,16/06/23,19:00,11.2,92,0.0,0
1,16/06/23,19:30,10.9,93,0.0,0
1,16/06/23,20:00,11.1,93,0.0,0
1,16/06/23,20:30,11.2,92,0.0,0
1,16/06/23,21:00,10.9,92,0.0,0
1,16/06/23,21:30,10.2,92,0.0,0
1,16/06/23,22:00,9.2,93,0.0,0
1,16/06/23,22:30,8.5,93,0.0,0
1,16/06/23,23:00,8.7,94,0.0,0
1,16/06/23,23:30,8.8,94,0.0,0
1,17/06/23,00:00,8.9,95,0.0,0
1,17/06/23,0:30,8.7,94,0.0,0
1,17/06/23,1:00,8.1,94,0.0,0
1,17/06/23,1:30,7.9,95,0.0,0
1,17/06/23,2:00,7.9,94,0.0,0
1,17/06/23,2:30,7.2,95,0.0,0
1,17/06/23,3:00,7.4,95,0.0,0
1,17/06/23,3:30,6.7,95,0.0,0
1,17/06/23,4:00,6.9,96,0.0,0
1,17/06/23,4:30,6.7,96,0.0,0
1,17/06/23,5:00,6.5,96,0.0,0
1,17/06/23,5:30,6.5,96,0.0,0
1,17/06/23,6:00,6.5,96,0.0,0
1,17/06/23,6:30,6.3,96,0.0,0
1,17/06/23,7:00,5.9,96,0.0,0
1,17/06/23,7:30,5.7,97,0.0,0
1,17/06/23,8:00,6.2,97,0.0,18
1,17/06/23,8:30,6.6,96,0.0,66
1,17/06/23,9:00,6.8,97,0.0,110
1,17/06/23,9:30,7.0,97,0.0,152
1,17/06/23,10:00,7.3,97,0.0,170
1,17/06/23,10:30,7.9,97,0.0,212
1,17/06/23,11:00,8.6,97,0.0,284
1,17/06/23,11:30,9.4,96,0.0,248
1,17/06/23,12:00,10.5,92,0.0,344
1,17/06/23,12:30,11.4,83,0.0,352
1,17/06/23,13:00,12.6,76,0.0,620
1,17/06/23,13:30,12.6,75,0.0,561
1,17/06/23,14:00,13.3,70,0.0,560
1,17/06/23,14:30,12.8,70,0.0,238
1,17/06/23,15:00,13.3,67,0.0,427
1,17/06/23,15:30,12.8,69,0.0,223
1,17/06/23,16:00,13.4,63,0.0,307
1,17/06/23,16:30,12.2,69,0.0,120
1,17/06/23,17:00,11.4,73,0.0,32
1,17/06/23,17:30,10.7,76,0.0,17
1,17/06/23,18:00,10.1,79,0.0,1
1,17/06/23,18:30,9.7,80,0.0,0
1,17/06/23,19:00,9.4,82,0.0,0
1,17/06/23,19:30,8.7,85,0.0,0
1,17/06/23,20:00,8.7,86,0.0,0
1,17/06/23,20:30,8.2,86,0.0,0
1,17/06/23,21:00,7.9,88,0.0,0
1,17/06/23,21:30,7.7,88,0.0,0
1,17/06/23,22:00,7.5,89,0.0,0
1,17/06/23,22:30,7.1,90,0.0,0
1,17/06/23,23:00,6.4,90,0.0,0
1,17/06/23,23:30,6.7,91,0.0,0
1,18/06/23,00:00,6.5,91,0.0,0
1,18/06/23,0:30,6.2,92,0.0,0
1,18/06/23,1:00,5.9,92,0.0,0
1,18/06/23,1:30,5.7,93,0.0,0
1,18/06/23,2:00,5.3,93,0.0,0
1,18/06/23,2:30,5.1,93,0.0,0
1,18/06/23,3:00,4.9,93,0.0,0
1,18/06/23,3:30,4.5,94,0.0,0
1,18/06/23,4:00,4.5,95,0.0,0
1,18/06/23,4:30,4.3,94,0.0,0
1,18/06/23,5:00,4.1,94,0.2,0
1,18/06/23,5:30,3.3,94,0.0,0
1,18/06/23,6:00,3.4,95,0.0,0
1,18/06/23,6:30,3.6,95,0.0,0
1,18/06/23,7:00,2.8,95,0.0,0
1,18/06/23,7:30,2.9,95,0.0,0
1,18/06/23,8:00,2.9,96,0.0,14
1,18/06/23,8:30,2.6,96,0.0,35
1,18/06/23,9:00,2.6,96,0.0,73
1,18/06/23,9:30,3.2,96,0.0,138
1,18/06/23,10:00,4.6,96,0.0,352
1,18/06/23,10:30,4.7,96,0.0,356
1,18/06/23,11:00,5.3,96,0.0,485
1,18/06/23,11:30,6.4,90,0.0,547
1,18/06/23,12:00,7.7,83,0.0,580
1,18/06/23,12:30,8.2,74,0.0,596
1,18/06/23,13:00,8.6,69,0.0,596
1,18/06/23,13:30,9.3,70,0.0,576
1,18/06/23,14:00,9.8,67,0.0,542
1,18/06/23,14:30,10.2,69,0.0,495
1,18/06/23,15:00,10.1,67,0.0,433
1,18/06/23,15:30,10.6,67,0.0,358
1,18/06/23,16:00,10.6,64,0.0,276
1,18/06/23,16:30,10.4,64,0.0,178
1,18/06/23,17:00,9.9,65,0.0,77
1,18/06/23,17:30,9.5,67,0.0,18
1,18/06/23,18:00,8.7,67,0.0,2
1,18/06/23,18:30,8.2,69,0.0,0
1,18/06/23,19:00,8.1,69,0.0,0
1,18/06/23,19:30,7.6,76,0.0,0
1,18/06/23,20:00,7.3,73,0.0,0
1,18/06/23,20:30,7.0,77,0.0,0
1,18/06/23,21:00,7.1,77,0.0,0
1,18/06/23,21:30,6.6,75,0.0,0
1,18/06/23,22:00,5.7,78,0.0,0
1,18/06/23,22:30,6.3,76,0.0,0
1,18/06/23,23:00,6.0,77,0.0,0
1,18/06/23,23:30,6.4,76,0.0,0
1,19/06/23,00:00,6.1,77,0.0,0
1,19/06/23,0:30,6.2,77,0.0,0
1,19/06/23,1:00,6.8,74,0.0,0
1,19/06/23,1:30,5.1,81,0.0,0
1,19/06/23,2:00,5.9,79,0.0,0
1,19/06/23,2:30,5.9,78,0.0,0
1,19/06/23,3:00,5.8,79,0.0,0
1,19/06/23,3:30,5.6,80,0.0,0
1,19/06/23,4:00,4.5,85,0.0,0
1,19/06/23,4:30,4.5,84,0.0,0
1,19/06/23,5:00,3.3,86,0.0,0
1,19/06/23,5:30,4.1,87,0.0,0
1,19/06/23,6:00,4.4,88,0.0,0
1,19/06/23,6:30,4.5,88,0.0,0
1,19/06/23,7:00,5.1,87,0.0,0
1,19/06/23,7:30,5.2,87,0.0,0
1,19/06/23,8:00,4.8,87,0.0,14
1,19/06/23,8:30,5.3,86,0.0,83
1,19/06/23,9:00,6.4,84,0.0,190
1,19/06/23,9:30,7.6,83,0.0,288
1,19/06/23,10:00,8.7,82,0.0,366
1,19/06/23,10:30,10.0,81,0.0,443
1,19/06/23,11:00,11.3,77,0.0,483
1,19/06/23,11:30,11.4,74,0.0,534
1,19/06/23,12:00,12.1,70,0.0,523
1,19/06/23,12:30,12.4,73,0.0,559
1,19/06/23,13:00,12.8,69,0.0,551
1,19/06/23,13:30,13.4,63,0.0,572
1,19/06/23,14:00,13.8,58,0.0,529
1,19/06/23,14:30,13.9,59,0.0,376
1,19/06/23,15:00,13.7,62,0.0,285
1,19/06/23,15:30,13.3,65,0.0,172
1,19/06/23,16:00,13.2,66,0.0,164
1,19/06/23,16:30,13.3,65,0.0,120
1,19/06/23,17:00,12.4,72,0.0,66
1,19/06/23,17:30,11.7,73,0.0,22
1,19/06/23,18:00,10.6,79,0.0,0
1,19/06/23,18:30,10.3,79,0.0,0
1,19/06/23,19:00,10.3,79,0.0,0
1,19/06/23,19:30,9.9,82,0.0,0
1,19/06/23,20:00,9.8,84,0.0,0
1,19/06/23,20:30,9.9,84,0.0,0
1,19/06/23,21:00,9.4,87,0.0,0
1,19/06/23,21:30,9.6,87,0.0,0
1,19/06/23,22:00,9.4,88,0.0,0
1,19/06/23,22:30,9.2,90,0.0,0
1,19/06/23,23:00,9.2,91,0.0,0
1,19/06/23,23:30,8.2,91,0.0,0
1,20/06/23,00:00,8.2,93,0.0,0
1,20/06/23,0:30,8.9,93,0.0,0
1,20/06/23,1:00,9.7,93,0.0,0
1,20/06/23,1:30,9.4,93,0.0,0
1,20/06/23,2:00,9.1,94,0.0,0
1,20/06/23,2:30,9.4,94,1.4,0
1,20/06/23,3:00,9.8,95,1.2,0
1,20/06/23,3:30,10.1,94,0.4,0
1,20/06/23,4:00,10.2,92,0.2,0
1,20/06/23,4:30,10.4,92,0.0,0
1,20/06/23,5:00,10.4,92,0.0,0
1,20/06/23,5:30,10.3,92,0.0,0
1,20/06/23,6:00,10.2,93,0.0,0
1,20/06/23,6:30,10.1,94,0.0,0
1,20/06/23,7:00,10.1,94,0.0,0
1,20/06/23,7:30,9.7,94,0.0,0
1,20/06/23,8:00,9.4,94,0.0,8
1,20/06/23,8:30,9.8,94,0.0,63
1,20/06/23,9:00,10.8,92,0.0,132
1,20/06/23,9:30,11.9,91,0.0,259
1,20/06/23,10:00,12.3,90,0.0,331
1,20/06/23,10:30,13.4,86,0.0,432
1,20/06/23,11:00,13.7,86,0.0,499
1,20/06/23,11:30,14.0,86,0.0,496
1,20/06/23,12:00,13.8,86,0.0,353
1,20/06/23,12:30,14.7,81,0.0,492
1,20/06/23,13:00,15.6,76,0.0,480
1,20/06/23,13:30,16.3,76,0.0,561
1,20/06/23,14:00,16.3,76,0.0,457
1,20/06/23,14:30,16.4,77,0.0,279
1,20/06/23,15:00,16.6,78,0.0,314
1,20/06/23,15:30,16.4,77,0.0,331
1,20/06/23,16:00,16.6,76,0.0,190
1,20/06/23,16:30,15.6,80,0.0,64
1,20/06/23,17:00,15.8,80,0.0,64
1,20/06/23,17:30,15.2,82,0.0,22
1,20/06/23,18:00,14.2,85,0.0,1
1,20/06/23,18:30,13.8,85,0.0,0
1,20/06/23,19:00,13.4,84,0.0,0
1,20/06/23,19:30,13.4,85,0.0,0
1,20/06/23,20:00,13.1,87,0.0,0
1,20/06/23,20:30,13.1,87,0.0,0
1,20/06/23,21:00,13.0,86,0.0,0
1,20/06/23,21:30,13.3,82,0.0,0
1,20/06/23,22:00,13.4,81,0.0,0
1,20/06/23,22:30,13.4,81,0.0,0
1,20/06/23,23:00,13.2,82,0.0,0
1,20/06/23,23:30,13.2,81,0.0,0
1,21/06/23,00:00,13.3,82,0.0,0
1,21/06/23,0:30,13.1,84,0.0,0
1,21/06/23,1:00,12.6,86,0.0,0
1,21/06/23,1:30,13.1,85,0.0,0
1,21/06/23,2:00,12.6,85,0.0,0
1,21/06/23,2:30,12.2,89,0.0,0
1,21/06/23,3:00,13.5,85,0.0,0
1,21/06/23,3:30,13.4,85,0.0,0
1,21/06/23,4:00,13.0,86,0.0,0
1,21/06/23,4:30,12.5,89,0.0,0
1,21/06/23,5:00,12.1,89,0.0,0
1,21/06/23,5:30,11.7,92,0.0,0
1,21/06/23,6:00,11.6,92,0.0,0
1,21/06/23,6:30,11.7,93,0.0,0
1,21/06/23,7:00,11.9,92,0.0,0
1,21/06/23,7:30,11.8,92,0.0,0
1,21/06/23,8:00,11.7,92,0.0,12
1,21/06/23,8:30,11.9,93,0.0,40
1,21/06/23,9:00,12.8,92,0.0,63
1,21/06/23,9:30,13.9,90,0.0,137
1,21/06/23,10:00,14.7,87,0.0,303
1,21/06/23,10:30,14.7,87,0.0,324
1,21/06/23,11:00,15.2,88,0.0,325
1,21/06/23,11:30,16.1,85,0.0,365
1,21/06/23,12:00,15.9,86,0.0,361
1,21/06/23,12:30,16.1,85,0.0,328
1,21/06/23,13:00,15.8,86,0.0,227
1,21/06/23,13:30,15.7,86,0.0,189
1,21/06/23,14:00,15.7,85,0.0,181
1,21/06/23,14:30,15.7,85,0.0,191
1,21/06/23,15:00,15.3,86,0.0,137
1,21/06/23,15:30,14.9,88,0.0,34
